"arm","error","term","method","batch","replicate","data_seed","resample_seed","n","p_features","rank","B","p","reject_005"
"gaussian_global_null","gaussian","group","rotation",1,1,1700001,1751001,20,24,2,399,0.7875,FALSE
"gaussian_global_null","gaussian","trait","rotation",1,1,1700001,1752001,20,24,2,399,0.605,FALSE
"gaussian_global_null","gaussian","group:trait","rotation",1,1,1700001,1753001,20,24,2,399,0.215,FALSE
"gaussian_global_null","gaussian","group","rotation",1,2,1700002,1751002,20,24,2,399,0.11,FALSE
"gaussian_global_null","gaussian","trait","rotation",1,2,1700002,1752002,20,24,2,399,0.0375,TRUE
"gaussian_global_null","gaussian","group:trait","rotation",1,2,1700002,1753002,20,24,2,399,0.7725,FALSE
"gaussian_global_null","gaussian","group","rotation",1,3,1700003,1751003,20,24,2,399,0.675,FALSE
"gaussian_global_null","gaussian","trait","rotation",1,3,1700003,1752003,20,24,2,399,0.2875,FALSE
"gaussian_global_null","gaussian","group:trait","rotation",1,3,1700003,1753003,20,24,2,399,0.4725,FALSE
"gaussian_global_null","gaussian","group","rotation",1,4,1700004,1751004,20,24,2,399,0.18,FALSE
"gaussian_global_null","gaussian","trait","rotation",1,4,1700004,1752004,20,24,2,399,0.0775,FALSE
"gaussian_global_null","gaussian","group:trait","rotation",1,4,1700004,1753004,20,24,2,399,0.2425,FALSE
"gaussian_global_null","gaussian","group","rotation",1,5,1700005,1751005,20,24,2,399,0.6325,FALSE
"gaussian_global_null","gaussian","trait","rotation",1,5,1700005,1752005,20,24,2,399,0.8725,FALSE
"gaussian_global_null","gaussian","group:trait","rotation",1,5,1700005,1753005,20,24,2,399,0.415,FALSE
"gaussian_global_null","gaussian","group","rotation",1,6,1700006,1751006,20,24,2,399,0.0675,FALSE
"gaussian_global_null","gaussian","trait","rotation",1,6,1700006,1752006,20,24,2,399,0.62,FALSE
"gaussian_global_null","gaussian","group:trait","rotation",1,6,1700006,1753006,20,24,2,399,0.4975,FALSE
"gaussian_global_null","gaussian","group","rotation",1,7,1700007,1751007,20,24,2,399,0.2375,FALSE
"gaussian_global_null","gaussian","trait","rotation",1,7,1700007,1752007,20,24,2,399,0.81,FALSE
"gaussian_global_null","gaussian","group:trait","rotation",1,7,1700007,1753007,20,24,2,399,0.4225,FALSE
"gaussian_global_null","gaussian","group","rotation",1,8,1700008,1751008,20,24,2,399,0.45,FALSE
"gaussian_global_null","gaussian","trait","rotation",1,8,1700008,1752008,20,24,2,399,0.4275,FALSE
"gaussian_global_null","gaussian","group:trait","rotation",1,8,1700008,1753008,20,24,2,399,0.4725,FALSE
"gaussian_global_null","gaussian","group","rotation",1,9,1700009,1751009,20,24,2,399,0.2975,FALSE
"gaussian_global_null","gaussian","trait","rotation",1,9,1700009,1752009,20,24,2,399,0.205,FALSE
"gaussian_global_null","gaussian","group:trait","rotation",1,9,1700009,1753009,20,24,2,399,0.3575,FALSE
"gaussian_global_null","gaussian","group","rotation",1,10,1700010,1751010,20,24,2,399,0.73,FALSE
"gaussian_global_null","gaussian","trait","rotation",1,10,1700010,1752010,20,24,2,399,0.815,FALSE
"gaussian_global_null","gaussian","group:trait","rotation",1,10,1700010,1753010,20,24,2,399,0.955,FALSE
"gaussian_global_null","gaussian","group","rotation",1,11,1700011,1751011,20,24,2,399,0.935,FALSE
"gaussian_global_null","gaussian","trait","rotation",1,11,1700011,1752011,20,24,2,399,0.2025,FALSE
"gaussian_global_null","gaussian","group:trait","rotation",1,11,1700011,1753011,20,24,2,399,0.37,FALSE
"gaussian_global_null","gaussian","group","rotation",1,12,1700012,1751012,20,24,2,399,0.495,FALSE
"gaussian_global_null","gaussian","trait","rotation",1,12,1700012,1752012,20,24,2,399,0.895,FALSE
"gaussian_global_null","gaussian","group:trait","rotation",1,12,1700012,1753012,20,24,2,399,0.6825,FALSE
"gaussian_global_null","gaussian","group","rotation",1,13,1700013,1751013,20,24,2,399,0.3375,FALSE
"gaussian_global_null","gaussian","trait","rotation",1,13,1700013,1752013,20,24,2,399,0.69,FALSE
"gaussian_global_null","gaussian","group:trait","rotation",1,13,1700013,1753013,20,24,2,399,0.835,FALSE
"gaussian_global_null","gaussian","group","rotation",1,14,1700014,1751014,20,24,2,399,0.0625,FALSE
"gaussian_global_null","gaussian","trait","rotation",1,14,1700014,1752014,20,24,2,399,0.345,FALSE
"gaussian_global_null","gaussian","group:trait","rotation",1,14,1700014,1753014,20,24,2,399,0.0475,TRUE
"gaussian_global_null","gaussian","group","rotation",1,15,1700015,1751015,20,24,2,399,0.3325,FALSE
"gaussian_global_null","gaussian","trait","rotation",1,15,1700015,1752015,20,24,2,399,0.65,FALSE
"gaussian_global_null","gaussian","group:trait","rotation",1,15,1700015,1753015,20,24,2,399,0.93,FALSE
"gaussian_global_null","gaussian","group","rotation",1,16,1700016,1751016,20,24,2,399,0.7175,FALSE
"gaussian_global_null","gaussian","trait","rotation",1,16,1700016,1752016,20,24,2,399,0.8575,FALSE
"gaussian_global_null","gaussian","group:trait","rotation",1,16,1700016,1753016,20,24,2,399,0.68,FALSE
"gaussian_global_null","gaussian","group","rotation",1,17,1700017,1751017,20,24,2,399,0.58,FALSE
"gaussian_global_null","gaussian","trait","rotation",1,17,1700017,1752017,20,24,2,399,0.855,FALSE
"gaussian_global_null","gaussian","group:trait","rotation",1,17,1700017,1753017,20,24,2,399,0.765,FALSE
"gaussian_global_null","gaussian","group","rotation",1,18,1700018,1751018,20,24,2,399,0.295,FALSE
"gaussian_global_null","gaussian","trait","rotation",1,18,1700018,1752018,20,24,2,399,0.7275,FALSE
"gaussian_global_null","gaussian","group:trait","rotation",1,18,1700018,1753018,20,24,2,399,0.2275,FALSE
"gaussian_global_null","gaussian","group","rotation",1,19,1700019,1751019,20,24,2,399,0.26,FALSE
"gaussian_global_null","gaussian","trait","rotation",1,19,1700019,1752019,20,24,2,399,0.385,FALSE
"gaussian_global_null","gaussian","group:trait","rotation",1,19,1700019,1753019,20,24,2,399,0.6775,FALSE
"gaussian_global_null","gaussian","group","rotation",1,20,1700020,1751020,20,24,2,399,0.0625,FALSE
"gaussian_global_null","gaussian","trait","rotation",1,20,1700020,1752020,20,24,2,399,0.4075,FALSE
"gaussian_global_null","gaussian","group:trait","rotation",1,20,1700020,1753020,20,24,2,399,0.4,FALSE
"gaussian_global_null","gaussian","group","rotation",1,21,1700021,1751021,20,24,2,399,0.8675,FALSE
"gaussian_global_null","gaussian","trait","rotation",1,21,1700021,1752021,20,24,2,399,0.3475,FALSE
"gaussian_global_null","gaussian","group:trait","rotation",1,21,1700021,1753021,20,24,2,399,0.175,FALSE
"gaussian_global_null","gaussian","group","rotation",1,22,1700022,1751022,20,24,2,399,0.045,TRUE
"gaussian_global_null","gaussian","trait","rotation",1,22,1700022,1752022,20,24,2,399,0.445,FALSE
"gaussian_global_null","gaussian","group:trait","rotation",1,22,1700022,1753022,20,24,2,399,0.2325,FALSE
"gaussian_global_null","gaussian","group","rotation",1,23,1700023,1751023,20,24,2,399,0.475,FALSE
"gaussian_global_null","gaussian","trait","rotation",1,23,1700023,1752023,20,24,2,399,0.7975,FALSE
"gaussian_global_null","gaussian","group:trait","rotation",1,23,1700023,1753023,20,24,2,399,0.7075,FALSE
"gaussian_global_null","gaussian","group","rotation",1,24,1700024,1751024,20,24,2,399,0.035,TRUE
"gaussian_global_null","gaussian","trait","rotation",1,24,1700024,1752024,20,24,2,399,0.71,FALSE
"gaussian_global_null","gaussian","group:trait","rotation",1,24,1700024,1753024,20,24,2,399,0.9225,FALSE
"gaussian_global_null","gaussian","group","rotation",1,25,1700025,1751025,20,24,2,399,0.5675,FALSE
"gaussian_global_null","gaussian","trait","rotation",1,25,1700025,1752025,20,24,2,399,0.495,FALSE
"gaussian_global_null","gaussian","group:trait","rotation",1,25,1700025,1753025,20,24,2,399,0.64,FALSE
"gaussian_global_null","gaussian","group","rotation",1,26,1700026,1751026,20,24,2,399,0.265,FALSE
"gaussian_global_null","gaussian","trait","rotation",1,26,1700026,1752026,20,24,2,399,0.045,TRUE
"gaussian_global_null","gaussian","group:trait","rotation",1,26,1700026,1753026,20,24,2,399,0.1375,FALSE
"gaussian_global_null","gaussian","group","rotation",1,27,1700027,1751027,20,24,2,399,0.145,FALSE
"gaussian_global_null","gaussian","trait","rotation",1,27,1700027,1752027,20,24,2,399,0.5575,FALSE
"gaussian_global_null","gaussian","group:trait","rotation",1,27,1700027,1753027,20,24,2,399,0.3375,FALSE
"gaussian_global_null","gaussian","group","rotation",1,28,1700028,1751028,20,24,2,399,0.27,FALSE
"gaussian_global_null","gaussian","trait","rotation",1,28,1700028,1752028,20,24,2,399,0.0875,FALSE
"gaussian_global_null","gaussian","group:trait","rotation",1,28,1700028,1753028,20,24,2,399,0.68,FALSE
"gaussian_global_null","gaussian","group","rotation",1,29,1700029,1751029,20,24,2,399,0.8375,FALSE
"gaussian_global_null","gaussian","trait","rotation",1,29,1700029,1752029,20,24,2,399,0.52,FALSE
"gaussian_global_null","gaussian","group:trait","rotation",1,29,1700029,1753029,20,24,2,399,0.3875,FALSE
"gaussian_global_null","gaussian","group","rotation",1,30,1700030,1751030,20,24,2,399,0.9825,FALSE
"gaussian_global_null","gaussian","trait","rotation",1,30,1700030,1752030,20,24,2,399,0.7025,FALSE
"gaussian_global_null","gaussian","group:trait","rotation",1,30,1700030,1753030,20,24,2,399,0.905,FALSE
"gaussian_global_null","gaussian","group","rotation",1,31,1700031,1751031,20,24,2,399,0.6125,FALSE
"gaussian_global_null","gaussian","trait","rotation",1,31,1700031,1752031,20,24,2,399,0.5675,FALSE
"gaussian_global_null","gaussian","group:trait","rotation",1,31,1700031,1753031,20,24,2,399,0.3375,FALSE
"gaussian_global_null","gaussian","group","rotation",1,32,1700032,1751032,20,24,2,399,0.2725,FALSE
"gaussian_global_null","gaussian","trait","rotation",1,32,1700032,1752032,20,24,2,399,0.87,FALSE
"gaussian_global_null","gaussian","group:trait","rotation",1,32,1700032,1753032,20,24,2,399,0.225,FALSE
"gaussian_global_null","gaussian","group","rotation",1,33,1700033,1751033,20,24,2,399,0.795,FALSE
"gaussian_global_null","gaussian","trait","rotation",1,33,1700033,1752033,20,24,2,399,0.255,FALSE
"gaussian_global_null","gaussian","group:trait","rotation",1,33,1700033,1753033,20,24,2,399,0.9875,FALSE
"gaussian_global_null","gaussian","group","rotation",1,34,1700034,1751034,20,24,2,399,0.1425,FALSE
"gaussian_global_null","gaussian","trait","rotation",1,34,1700034,1752034,20,24,2,399,0.6,FALSE
"gaussian_global_null","gaussian","group:trait","rotation",1,34,1700034,1753034,20,24,2,399,0.9175,FALSE
"gaussian_global_null","gaussian","group","rotation",1,35,1700035,1751035,20,24,2,399,0.61,FALSE
"gaussian_global_null","gaussian","trait","rotation",1,35,1700035,1752035,20,24,2,399,0.035,TRUE
"gaussian_global_null","gaussian","group:trait","rotation",1,35,1700035,1753035,20,24,2,399,0.03,TRUE
"gaussian_global_null","gaussian","group","rotation",1,36,1700036,1751036,20,24,2,399,0.0725,FALSE
"gaussian_global_null","gaussian","trait","rotation",1,36,1700036,1752036,20,24,2,399,0.5725,FALSE
"gaussian_global_null","gaussian","group:trait","rotation",1,36,1700036,1753036,20,24,2,399,0.4075,FALSE
"gaussian_global_null","gaussian","group","rotation",1,37,1700037,1751037,20,24,2,399,0.83,FALSE
"gaussian_global_null","gaussian","trait","rotation",1,37,1700037,1752037,20,24,2,399,0.825,FALSE
"gaussian_global_null","gaussian","group:trait","rotation",1,37,1700037,1753037,20,24,2,399,0.73,FALSE
"gaussian_global_null","gaussian","group","rotation",1,38,1700038,1751038,20,24,2,399,0.3625,FALSE
"gaussian_global_null","gaussian","trait","rotation",1,38,1700038,1752038,20,24,2,399,0.105,FALSE
"gaussian_global_null","gaussian","group:trait","rotation",1,38,1700038,1753038,20,24,2,399,0.96,FALSE
"gaussian_global_null","gaussian","group","rotation",1,39,1700039,1751039,20,24,2,399,0.2925,FALSE
"gaussian_global_null","gaussian","trait","rotation",1,39,1700039,1752039,20,24,2,399,0.155,FALSE
"gaussian_global_null","gaussian","group:trait","rotation",1,39,1700039,1753039,20,24,2,399,0.215,FALSE
"gaussian_global_null","gaussian","group","rotation",1,40,1700040,1751040,20,24,2,399,0.635,FALSE
"gaussian_global_null","gaussian","trait","rotation",1,40,1700040,1752040,20,24,2,399,0.8425,FALSE
"gaussian_global_null","gaussian","group:trait","rotation",1,40,1700040,1753040,20,24,2,399,0.56,FALSE
"gaussian_global_null","gaussian","group","rotation",1,41,1700041,1751041,20,24,2,399,0.59,FALSE
"gaussian_global_null","gaussian","trait","rotation",1,41,1700041,1752041,20,24,2,399,0.9675,FALSE
"gaussian_global_null","gaussian","group:trait","rotation",1,41,1700041,1753041,20,24,2,399,0.465,FALSE
"gaussian_global_null","gaussian","group","rotation",1,42,1700042,1751042,20,24,2,399,0.605,FALSE
"gaussian_global_null","gaussian","trait","rotation",1,42,1700042,1752042,20,24,2,399,0.43,FALSE
"gaussian_global_null","gaussian","group:trait","rotation",1,42,1700042,1753042,20,24,2,399,0.9475,FALSE
"gaussian_global_null","gaussian","group","rotation",1,43,1700043,1751043,20,24,2,399,0.325,FALSE
"gaussian_global_null","gaussian","trait","rotation",1,43,1700043,1752043,20,24,2,399,0.9025,FALSE
"gaussian_global_null","gaussian","group:trait","rotation",1,43,1700043,1753043,20,24,2,399,0.9225,FALSE
"gaussian_global_null","gaussian","group","rotation",1,44,1700044,1751044,20,24,2,399,0.19,FALSE
"gaussian_global_null","gaussian","trait","rotation",1,44,1700044,1752044,20,24,2,399,0.47,FALSE
"gaussian_global_null","gaussian","group:trait","rotation",1,44,1700044,1753044,20,24,2,399,0.21,FALSE
"gaussian_global_null","gaussian","group","rotation",1,45,1700045,1751045,20,24,2,399,0.8775,FALSE
"gaussian_global_null","gaussian","trait","rotation",1,45,1700045,1752045,20,24,2,399,0.38,FALSE
"gaussian_global_null","gaussian","group:trait","rotation",1,45,1700045,1753045,20,24,2,399,0.55,FALSE
"gaussian_global_null","gaussian","group","rotation",1,46,1700046,1751046,20,24,2,399,0.665,FALSE
"gaussian_global_null","gaussian","trait","rotation",1,46,1700046,1752046,20,24,2,399,0.07,FALSE
"gaussian_global_null","gaussian","group:trait","rotation",1,46,1700046,1753046,20,24,2,399,0.17,FALSE
"gaussian_global_null","gaussian","group","rotation",1,47,1700047,1751047,20,24,2,399,0.0525,FALSE
"gaussian_global_null","gaussian","trait","rotation",1,47,1700047,1752047,20,24,2,399,0.54,FALSE
"gaussian_global_null","gaussian","group:trait","rotation",1,47,1700047,1753047,20,24,2,399,0.0975,FALSE
"gaussian_global_null","gaussian","group","rotation",1,48,1700048,1751048,20,24,2,399,0.2,FALSE
"gaussian_global_null","gaussian","trait","rotation",1,48,1700048,1752048,20,24,2,399,0.0975,FALSE
"gaussian_global_null","gaussian","group:trait","rotation",1,48,1700048,1753048,20,24,2,399,0.66,FALSE
"gaussian_global_null","gaussian","group","rotation",1,49,1700049,1751049,20,24,2,399,0.9125,FALSE
"gaussian_global_null","gaussian","trait","rotation",1,49,1700049,1752049,20,24,2,399,0.0525,FALSE
"gaussian_global_null","gaussian","group:trait","rotation",1,49,1700049,1753049,20,24,2,399,0.035,TRUE
"gaussian_global_null","gaussian","group","rotation",1,50,1700050,1751050,20,24,2,399,0.08,FALSE
"gaussian_global_null","gaussian","trait","rotation",1,50,1700050,1752050,20,24,2,399,0.9875,FALSE
"gaussian_global_null","gaussian","group:trait","rotation",1,50,1700050,1753050,20,24,2,399,0.9025,FALSE
"gaussian_global_null","gaussian","group","rotation",1,51,1700051,1751051,20,24,2,399,0.4325,FALSE
"gaussian_global_null","gaussian","trait","rotation",1,51,1700051,1752051,20,24,2,399,0.925,FALSE
"gaussian_global_null","gaussian","group:trait","rotation",1,51,1700051,1753051,20,24,2,399,0.85,FALSE
"gaussian_global_null","gaussian","group","rotation",1,52,1700052,1751052,20,24,2,399,0.895,FALSE
"gaussian_global_null","gaussian","trait","rotation",1,52,1700052,1752052,20,24,2,399,0.335,FALSE
"gaussian_global_null","gaussian","group:trait","rotation",1,52,1700052,1753052,20,24,2,399,0.3575,FALSE
"gaussian_global_null","gaussian","group","rotation",1,53,1700053,1751053,20,24,2,399,0.89,FALSE
"gaussian_global_null","gaussian","trait","rotation",1,53,1700053,1752053,20,24,2,399,0.14,FALSE
"gaussian_global_null","gaussian","group:trait","rotation",1,53,1700053,1753053,20,24,2,399,0.745,FALSE
"gaussian_global_null","gaussian","group","rotation",1,54,1700054,1751054,20,24,2,399,0.775,FALSE
"gaussian_global_null","gaussian","trait","rotation",1,54,1700054,1752054,20,24,2,399,0.5025,FALSE
"gaussian_global_null","gaussian","group:trait","rotation",1,54,1700054,1753054,20,24,2,399,0.8425,FALSE
"gaussian_global_null","gaussian","group","rotation",1,55,1700055,1751055,20,24,2,399,0.0325,TRUE
"gaussian_global_null","gaussian","trait","rotation",1,55,1700055,1752055,20,24,2,399,0.6,FALSE
"gaussian_global_null","gaussian","group:trait","rotation",1,55,1700055,1753055,20,24,2,399,0.3225,FALSE
"gaussian_global_null","gaussian","group","rotation",1,56,1700056,1751056,20,24,2,399,0.0875,FALSE
"gaussian_global_null","gaussian","trait","rotation",1,56,1700056,1752056,20,24,2,399,0.0175,TRUE
"gaussian_global_null","gaussian","group:trait","rotation",1,56,1700056,1753056,20,24,2,399,0.0225,TRUE
"gaussian_global_null","gaussian","group","rotation",1,57,1700057,1751057,20,24,2,399,0.9525,FALSE
"gaussian_global_null","gaussian","trait","rotation",1,57,1700057,1752057,20,24,2,399,0.365,FALSE
"gaussian_global_null","gaussian","group:trait","rotation",1,57,1700057,1753057,20,24,2,399,0.785,FALSE
"gaussian_global_null","gaussian","group","rotation",1,58,1700058,1751058,20,24,2,399,0.3275,FALSE
"gaussian_global_null","gaussian","trait","rotation",1,58,1700058,1752058,20,24,2,399,0.545,FALSE
"gaussian_global_null","gaussian","group:trait","rotation",1,58,1700058,1753058,20,24,2,399,0.665,FALSE
"gaussian_global_null","gaussian","group","rotation",1,59,1700059,1751059,20,24,2,399,0.6125,FALSE
"gaussian_global_null","gaussian","trait","rotation",1,59,1700059,1752059,20,24,2,399,0.665,FALSE
"gaussian_global_null","gaussian","group:trait","rotation",1,59,1700059,1753059,20,24,2,399,0.645,FALSE
"gaussian_global_null","gaussian","group","rotation",1,60,1700060,1751060,20,24,2,399,0.3175,FALSE
"gaussian_global_null","gaussian","trait","rotation",1,60,1700060,1752060,20,24,2,399,0.2825,FALSE
"gaussian_global_null","gaussian","group:trait","rotation",1,60,1700060,1753060,20,24,2,399,0.3075,FALSE
"gaussian_global_null","gaussian","group","rotation",1,61,1700061,1751061,20,24,2,399,0.425,FALSE
"gaussian_global_null","gaussian","trait","rotation",1,61,1700061,1752061,20,24,2,399,0.9325,FALSE
"gaussian_global_null","gaussian","group:trait","rotation",1,61,1700061,1753061,20,24,2,399,0.995,FALSE
"gaussian_global_null","gaussian","group","rotation",1,62,1700062,1751062,20,24,2,399,0.62,FALSE
"gaussian_global_null","gaussian","trait","rotation",1,62,1700062,1752062,20,24,2,399,0.75,FALSE
"gaussian_global_null","gaussian","group:trait","rotation",1,62,1700062,1753062,20,24,2,399,0.4875,FALSE
"gaussian_global_null","gaussian","group","rotation",1,63,1700063,1751063,20,24,2,399,0.555,FALSE
"gaussian_global_null","gaussian","trait","rotation",1,63,1700063,1752063,20,24,2,399,0.1425,FALSE
"gaussian_global_null","gaussian","group:trait","rotation",1,63,1700063,1753063,20,24,2,399,0.2525,FALSE
"gaussian_global_null","gaussian","group","rotation",1,64,1700064,1751064,20,24,2,399,0.21,FALSE
"gaussian_global_null","gaussian","trait","rotation",1,64,1700064,1752064,20,24,2,399,0.6,FALSE
"gaussian_global_null","gaussian","group:trait","rotation",1,64,1700064,1753064,20,24,2,399,0.255,FALSE
"gaussian_global_null","gaussian","group","rotation",1,65,1700065,1751065,20,24,2,399,0.695,FALSE
"gaussian_global_null","gaussian","trait","rotation",1,65,1700065,1752065,20,24,2,399,0.8375,FALSE
"gaussian_global_null","gaussian","group:trait","rotation",1,65,1700065,1753065,20,24,2,399,0.565,FALSE
"gaussian_global_null","gaussian","group","rotation",1,66,1700066,1751066,20,24,2,399,0.5725,FALSE
"gaussian_global_null","gaussian","trait","rotation",1,66,1700066,1752066,20,24,2,399,0.705,FALSE
"gaussian_global_null","gaussian","group:trait","rotation",1,66,1700066,1753066,20,24,2,399,0.245,FALSE
"gaussian_global_null","gaussian","group","rotation",1,67,1700067,1751067,20,24,2,399,0.1275,FALSE
"gaussian_global_null","gaussian","trait","rotation",1,67,1700067,1752067,20,24,2,399,0.64,FALSE
"gaussian_global_null","gaussian","group:trait","rotation",1,67,1700067,1753067,20,24,2,399,0.8325,FALSE
"gaussian_global_null","gaussian","group","rotation",1,68,1700068,1751068,20,24,2,399,0.5275,FALSE
"gaussian_global_null","gaussian","trait","rotation",1,68,1700068,1752068,20,24,2,399,0.72,FALSE
"gaussian_global_null","gaussian","group:trait","rotation",1,68,1700068,1753068,20,24,2,399,0.27,FALSE
"gaussian_global_null","gaussian","group","rotation",1,69,1700069,1751069,20,24,2,399,0.32,FALSE
"gaussian_global_null","gaussian","trait","rotation",1,69,1700069,1752069,20,24,2,399,0.9,FALSE
"gaussian_global_null","gaussian","group:trait","rotation",1,69,1700069,1753069,20,24,2,399,0.6675,FALSE
"gaussian_global_null","gaussian","group","rotation",1,70,1700070,1751070,20,24,2,399,0.8125,FALSE
"gaussian_global_null","gaussian","trait","rotation",1,70,1700070,1752070,20,24,2,399,0.7475,FALSE
"gaussian_global_null","gaussian","group:trait","rotation",1,70,1700070,1753070,20,24,2,399,0.33,FALSE
"gaussian_global_null","gaussian","group","rotation",1,71,1700071,1751071,20,24,2,399,0.4025,FALSE
"gaussian_global_null","gaussian","trait","rotation",1,71,1700071,1752071,20,24,2,399,0.515,FALSE
"gaussian_global_null","gaussian","group:trait","rotation",1,71,1700071,1753071,20,24,2,399,0.575,FALSE
"gaussian_global_null","gaussian","group","rotation",1,72,1700072,1751072,20,24,2,399,0.73,FALSE
"gaussian_global_null","gaussian","trait","rotation",1,72,1700072,1752072,20,24,2,399,0.76,FALSE
"gaussian_global_null","gaussian","group:trait","rotation",1,72,1700072,1753072,20,24,2,399,0.235,FALSE
"gaussian_global_null","gaussian","group","rotation",1,73,1700073,1751073,20,24,2,399,0.36,FALSE
"gaussian_global_null","gaussian","trait","rotation",1,73,1700073,1752073,20,24,2,399,0.0575,FALSE
"gaussian_global_null","gaussian","group:trait","rotation",1,73,1700073,1753073,20,24,2,399,0.3125,FALSE
"gaussian_global_null","gaussian","group","rotation",1,74,1700074,1751074,20,24,2,399,0.565,FALSE
"gaussian_global_null","gaussian","trait","rotation",1,74,1700074,1752074,20,24,2,399,0.8225,FALSE
"gaussian_global_null","gaussian","group:trait","rotation",1,74,1700074,1753074,20,24,2,399,0.645,FALSE
"gaussian_global_null","gaussian","group","rotation",1,75,1700075,1751075,20,24,2,399,0.5425,FALSE
"gaussian_global_null","gaussian","trait","rotation",1,75,1700075,1752075,20,24,2,399,0.695,FALSE
"gaussian_global_null","gaussian","group:trait","rotation",1,75,1700075,1753075,20,24,2,399,0.7475,FALSE
"gaussian_global_null","gaussian","group","rotation",1,76,1700076,1751076,20,24,2,399,0.215,FALSE
"gaussian_global_null","gaussian","trait","rotation",1,76,1700076,1752076,20,24,2,399,0.785,FALSE
"gaussian_global_null","gaussian","group:trait","rotation",1,76,1700076,1753076,20,24,2,399,0.82,FALSE
"gaussian_global_null","gaussian","group","rotation",1,77,1700077,1751077,20,24,2,399,0.525,FALSE
"gaussian_global_null","gaussian","trait","rotation",1,77,1700077,1752077,20,24,2,399,0.8775,FALSE
"gaussian_global_null","gaussian","group:trait","rotation",1,77,1700077,1753077,20,24,2,399,0.485,FALSE
"gaussian_global_null","gaussian","group","rotation",1,78,1700078,1751078,20,24,2,399,0.3825,FALSE
"gaussian_global_null","gaussian","trait","rotation",1,78,1700078,1752078,20,24,2,399,0.72,FALSE
"gaussian_global_null","gaussian","group:trait","rotation",1,78,1700078,1753078,20,24,2,399,0.84,FALSE
"gaussian_global_null","gaussian","group","rotation",1,79,1700079,1751079,20,24,2,399,0.6225,FALSE
"gaussian_global_null","gaussian","trait","rotation",1,79,1700079,1752079,20,24,2,399,0.0325,TRUE
"gaussian_global_null","gaussian","group:trait","rotation",1,79,1700079,1753079,20,24,2,399,0.0225,TRUE
"gaussian_global_null","gaussian","group","rotation",1,80,1700080,1751080,20,24,2,399,0.315,FALSE
"gaussian_global_null","gaussian","trait","rotation",1,80,1700080,1752080,20,24,2,399,0.2325,FALSE
"gaussian_global_null","gaussian","group:trait","rotation",1,80,1700080,1753080,20,24,2,399,0.07,FALSE
"gaussian_global_null","gaussian","group","rotation",1,81,1700081,1751081,20,24,2,399,0.99,FALSE
"gaussian_global_null","gaussian","trait","rotation",1,81,1700081,1752081,20,24,2,399,0.235,FALSE
"gaussian_global_null","gaussian","group:trait","rotation",1,81,1700081,1753081,20,24,2,399,0.3275,FALSE
"gaussian_global_null","gaussian","group","rotation",1,82,1700082,1751082,20,24,2,399,0.9425,FALSE
"gaussian_global_null","gaussian","trait","rotation",1,82,1700082,1752082,20,24,2,399,0.635,FALSE
"gaussian_global_null","gaussian","group:trait","rotation",1,82,1700082,1753082,20,24,2,399,0.6125,FALSE
"gaussian_global_null","gaussian","group","rotation",1,83,1700083,1751083,20,24,2,399,0.6025,FALSE
"gaussian_global_null","gaussian","trait","rotation",1,83,1700083,1752083,20,24,2,399,0.72,FALSE
"gaussian_global_null","gaussian","group:trait","rotation",1,83,1700083,1753083,20,24,2,399,0.2675,FALSE
"gaussian_global_null","gaussian","group","rotation",1,84,1700084,1751084,20,24,2,399,0.1075,FALSE
"gaussian_global_null","gaussian","trait","rotation",1,84,1700084,1752084,20,24,2,399,0.75,FALSE
"gaussian_global_null","gaussian","group:trait","rotation",1,84,1700084,1753084,20,24,2,399,0.21,FALSE
"gaussian_global_null","gaussian","group","rotation",1,85,1700085,1751085,20,24,2,399,0.5875,FALSE
"gaussian_global_null","gaussian","trait","rotation",1,85,1700085,1752085,20,24,2,399,0.5075,FALSE
"gaussian_global_null","gaussian","group:trait","rotation",1,85,1700085,1753085,20,24,2,399,0.875,FALSE
"gaussian_global_null","gaussian","group","rotation",1,86,1700086,1751086,20,24,2,399,0.0625,FALSE
"gaussian_global_null","gaussian","trait","rotation",1,86,1700086,1752086,20,24,2,399,0.425,FALSE
"gaussian_global_null","gaussian","group:trait","rotation",1,86,1700086,1753086,20,24,2,399,0.145,FALSE
"gaussian_global_null","gaussian","group","rotation",1,87,1700087,1751087,20,24,2,399,0.1,FALSE
"gaussian_global_null","gaussian","trait","rotation",1,87,1700087,1752087,20,24,2,399,0.7575,FALSE
"gaussian_global_null","gaussian","group:trait","rotation",1,87,1700087,1753087,20,24,2,399,0.955,FALSE
"gaussian_global_null","gaussian","group","rotation",1,88,1700088,1751088,20,24,2,399,0.2625,FALSE
"gaussian_global_null","gaussian","trait","rotation",1,88,1700088,1752088,20,24,2,399,0.13,FALSE
"gaussian_global_null","gaussian","group:trait","rotation",1,88,1700088,1753088,20,24,2,399,0.0225,TRUE
"gaussian_global_null","gaussian","group","rotation",1,89,1700089,1751089,20,24,2,399,0.39,FALSE
"gaussian_global_null","gaussian","trait","rotation",1,89,1700089,1752089,20,24,2,399,0.175,FALSE
"gaussian_global_null","gaussian","group:trait","rotation",1,89,1700089,1753089,20,24,2,399,0.1575,FALSE
"gaussian_global_null","gaussian","group","rotation",1,90,1700090,1751090,20,24,2,399,0.0275,TRUE
"gaussian_global_null","gaussian","trait","rotation",1,90,1700090,1752090,20,24,2,399,0.0625,FALSE
"gaussian_global_null","gaussian","group:trait","rotation",1,90,1700090,1753090,20,24,2,399,0.5875,FALSE
"gaussian_global_null","gaussian","group","rotation",1,91,1700091,1751091,20,24,2,399,0.2775,FALSE
"gaussian_global_null","gaussian","trait","rotation",1,91,1700091,1752091,20,24,2,399,0.645,FALSE
"gaussian_global_null","gaussian","group:trait","rotation",1,91,1700091,1753091,20,24,2,399,0.24,FALSE
"gaussian_global_null","gaussian","group","rotation",1,92,1700092,1751092,20,24,2,399,0.135,FALSE
"gaussian_global_null","gaussian","trait","rotation",1,92,1700092,1752092,20,24,2,399,0.13,FALSE
"gaussian_global_null","gaussian","group:trait","rotation",1,92,1700092,1753092,20,24,2,399,0.08,FALSE
"gaussian_global_null","gaussian","group","rotation",1,93,1700093,1751093,20,24,2,399,0.59,FALSE
"gaussian_global_null","gaussian","trait","rotation",1,93,1700093,1752093,20,24,2,399,0.54,FALSE
"gaussian_global_null","gaussian","group:trait","rotation",1,93,1700093,1753093,20,24,2,399,0.4825,FALSE
"gaussian_global_null","gaussian","group","rotation",1,94,1700094,1751094,20,24,2,399,0.5925,FALSE
"gaussian_global_null","gaussian","trait","rotation",1,94,1700094,1752094,20,24,2,399,0.5025,FALSE
"gaussian_global_null","gaussian","group:trait","rotation",1,94,1700094,1753094,20,24,2,399,0.86,FALSE
"gaussian_global_null","gaussian","group","rotation",1,95,1700095,1751095,20,24,2,399,0.7775,FALSE
"gaussian_global_null","gaussian","trait","rotation",1,95,1700095,1752095,20,24,2,399,0.7825,FALSE
"gaussian_global_null","gaussian","group:trait","rotation",1,95,1700095,1753095,20,24,2,399,0.8825,FALSE
"gaussian_global_null","gaussian","group","rotation",1,96,1700096,1751096,20,24,2,399,0.0375,TRUE
"gaussian_global_null","gaussian","trait","rotation",1,96,1700096,1752096,20,24,2,399,0.77,FALSE
"gaussian_global_null","gaussian","group:trait","rotation",1,96,1700096,1753096,20,24,2,399,0.655,FALSE
"gaussian_global_null","gaussian","group","rotation",1,97,1700097,1751097,20,24,2,399,0.685,FALSE
"gaussian_global_null","gaussian","trait","rotation",1,97,1700097,1752097,20,24,2,399,0.8675,FALSE
"gaussian_global_null","gaussian","group:trait","rotation",1,97,1700097,1753097,20,24,2,399,0.5775,FALSE
"gaussian_global_null","gaussian","group","rotation",1,98,1700098,1751098,20,24,2,399,0.4475,FALSE
"gaussian_global_null","gaussian","trait","rotation",1,98,1700098,1752098,20,24,2,399,0.67,FALSE
"gaussian_global_null","gaussian","group:trait","rotation",1,98,1700098,1753098,20,24,2,399,0.305,FALSE
"gaussian_global_null","gaussian","group","rotation",1,99,1700099,1751099,20,24,2,399,0.7775,FALSE
"gaussian_global_null","gaussian","trait","rotation",1,99,1700099,1752099,20,24,2,399,0.42,FALSE
"gaussian_global_null","gaussian","group:trait","rotation",1,99,1700099,1753099,20,24,2,399,0.6125,FALSE
"gaussian_global_null","gaussian","group","rotation",1,100,1700100,1751100,20,24,2,399,0.0475,TRUE
"gaussian_global_null","gaussian","trait","rotation",1,100,1700100,1752100,20,24,2,399,0.745,FALSE
"gaussian_global_null","gaussian","group:trait","rotation",1,100,1700100,1753100,20,24,2,399,0.5075,FALSE
"gaussian_global_null","gaussian","group","rotation",1,101,1700101,1751101,20,24,2,399,0.9775,FALSE
"gaussian_global_null","gaussian","trait","rotation",1,101,1700101,1752101,20,24,2,399,0.7975,FALSE
"gaussian_global_null","gaussian","group:trait","rotation",1,101,1700101,1753101,20,24,2,399,0.7125,FALSE
"gaussian_global_null","gaussian","group","rotation",1,102,1700102,1751102,20,24,2,399,0.5925,FALSE
"gaussian_global_null","gaussian","trait","rotation",1,102,1700102,1752102,20,24,2,399,0.7675,FALSE
"gaussian_global_null","gaussian","group:trait","rotation",1,102,1700102,1753102,20,24,2,399,0.3625,FALSE
"gaussian_global_null","gaussian","group","rotation",1,103,1700103,1751103,20,24,2,399,0.3175,FALSE
"gaussian_global_null","gaussian","trait","rotation",1,103,1700103,1752103,20,24,2,399,0.08,FALSE
"gaussian_global_null","gaussian","group:trait","rotation",1,103,1700103,1753103,20,24,2,399,0.475,FALSE
"gaussian_global_null","gaussian","group","rotation",1,104,1700104,1751104,20,24,2,399,0.46,FALSE
"gaussian_global_null","gaussian","trait","rotation",1,104,1700104,1752104,20,24,2,399,0.46,FALSE
"gaussian_global_null","gaussian","group:trait","rotation",1,104,1700104,1753104,20,24,2,399,0.835,FALSE
"gaussian_global_null","gaussian","group","rotation",1,105,1700105,1751105,20,24,2,399,0.6275,FALSE
"gaussian_global_null","gaussian","trait","rotation",1,105,1700105,1752105,20,24,2,399,0.4,FALSE
"gaussian_global_null","gaussian","group:trait","rotation",1,105,1700105,1753105,20,24,2,399,0.285,FALSE
"gaussian_global_null","gaussian","group","rotation",1,106,1700106,1751106,20,24,2,399,0.985,FALSE
"gaussian_global_null","gaussian","trait","rotation",1,106,1700106,1752106,20,24,2,399,0.63,FALSE
"gaussian_global_null","gaussian","group:trait","rotation",1,106,1700106,1753106,20,24,2,399,0.8675,FALSE
"gaussian_global_null","gaussian","group","rotation",1,107,1700107,1751107,20,24,2,399,0.7375,FALSE
"gaussian_global_null","gaussian","trait","rotation",1,107,1700107,1752107,20,24,2,399,0.445,FALSE
"gaussian_global_null","gaussian","group:trait","rotation",1,107,1700107,1753107,20,24,2,399,0.5525,FALSE
"gaussian_global_null","gaussian","group","rotation",1,108,1700108,1751108,20,24,2,399,0.7675,FALSE
"gaussian_global_null","gaussian","trait","rotation",1,108,1700108,1752108,20,24,2,399,0.8075,FALSE
"gaussian_global_null","gaussian","group:trait","rotation",1,108,1700108,1753108,20,24,2,399,0.8675,FALSE
"gaussian_global_null","gaussian","group","rotation",1,109,1700109,1751109,20,24,2,399,0.69,FALSE
"gaussian_global_null","gaussian","trait","rotation",1,109,1700109,1752109,20,24,2,399,0.3625,FALSE
"gaussian_global_null","gaussian","group:trait","rotation",1,109,1700109,1753109,20,24,2,399,0.8875,FALSE
"gaussian_global_null","gaussian","group","rotation",1,110,1700110,1751110,20,24,2,399,0.4425,FALSE
"gaussian_global_null","gaussian","trait","rotation",1,110,1700110,1752110,20,24,2,399,0.9925,FALSE
"gaussian_global_null","gaussian","group:trait","rotation",1,110,1700110,1753110,20,24,2,399,0.975,FALSE
"gaussian_global_null","gaussian","group","rotation",1,111,1700111,1751111,20,24,2,399,0.4875,FALSE
"gaussian_global_null","gaussian","trait","rotation",1,111,1700111,1752111,20,24,2,399,0.62,FALSE
"gaussian_global_null","gaussian","group:trait","rotation",1,111,1700111,1753111,20,24,2,399,0.58,FALSE
"gaussian_global_null","gaussian","group","rotation",1,112,1700112,1751112,20,24,2,399,0.4475,FALSE
"gaussian_global_null","gaussian","trait","rotation",1,112,1700112,1752112,20,24,2,399,0.095,FALSE
"gaussian_global_null","gaussian","group:trait","rotation",1,112,1700112,1753112,20,24,2,399,0.0425,TRUE
"gaussian_global_null","gaussian","group","rotation",1,113,1700113,1751113,20,24,2,399,0.25,FALSE
"gaussian_global_null","gaussian","trait","rotation",1,113,1700113,1752113,20,24,2,399,0.64,FALSE
"gaussian_global_null","gaussian","group:trait","rotation",1,113,1700113,1753113,20,24,2,399,0.7575,FALSE
"gaussian_global_null","gaussian","group","rotation",1,114,1700114,1751114,20,24,2,399,0.73,FALSE
"gaussian_global_null","gaussian","trait","rotation",1,114,1700114,1752114,20,24,2,399,0.9825,FALSE
"gaussian_global_null","gaussian","group:trait","rotation",1,114,1700114,1753114,20,24,2,399,0.3125,FALSE
"gaussian_global_null","gaussian","group","rotation",1,115,1700115,1751115,20,24,2,399,0.69,FALSE
"gaussian_global_null","gaussian","trait","rotation",1,115,1700115,1752115,20,24,2,399,0.14,FALSE
"gaussian_global_null","gaussian","group:trait","rotation",1,115,1700115,1753115,20,24,2,399,0.2475,FALSE
"gaussian_global_null","gaussian","group","rotation",1,116,1700116,1751116,20,24,2,399,0.3125,FALSE
"gaussian_global_null","gaussian","trait","rotation",1,116,1700116,1752116,20,24,2,399,0.085,FALSE
"gaussian_global_null","gaussian","group:trait","rotation",1,116,1700116,1753116,20,24,2,399,0.065,FALSE
"gaussian_global_null","gaussian","group","rotation",1,117,1700117,1751117,20,24,2,399,0.8925,FALSE
"gaussian_global_null","gaussian","trait","rotation",1,117,1700117,1752117,20,24,2,399,0.92,FALSE
"gaussian_global_null","gaussian","group:trait","rotation",1,117,1700117,1753117,20,24,2,399,0.9225,FALSE
"gaussian_global_null","gaussian","group","rotation",1,118,1700118,1751118,20,24,2,399,0.71,FALSE
"gaussian_global_null","gaussian","trait","rotation",1,118,1700118,1752118,20,24,2,399,0.84,FALSE
"gaussian_global_null","gaussian","group:trait","rotation",1,118,1700118,1753118,20,24,2,399,0.425,FALSE
"gaussian_global_null","gaussian","group","rotation",1,119,1700119,1751119,20,24,2,399,0.3825,FALSE
"gaussian_global_null","gaussian","trait","rotation",1,119,1700119,1752119,20,24,2,399,0.735,FALSE
"gaussian_global_null","gaussian","group:trait","rotation",1,119,1700119,1753119,20,24,2,399,0.685,FALSE
"gaussian_global_null","gaussian","group","rotation",1,120,1700120,1751120,20,24,2,399,0.1525,FALSE
"gaussian_global_null","gaussian","trait","rotation",1,120,1700120,1752120,20,24,2,399,0.1375,FALSE
"gaussian_global_null","gaussian","group:trait","rotation",1,120,1700120,1753120,20,24,2,399,0.7125,FALSE
"gaussian_global_null","gaussian","group","rotation",1,121,1700121,1751121,20,24,2,399,0.655,FALSE
"gaussian_global_null","gaussian","trait","rotation",1,121,1700121,1752121,20,24,2,399,0.7175,FALSE
"gaussian_global_null","gaussian","group:trait","rotation",1,121,1700121,1753121,20,24,2,399,0.365,FALSE
"gaussian_global_null","gaussian","group","rotation",1,122,1700122,1751122,20,24,2,399,0.5325,FALSE
"gaussian_global_null","gaussian","trait","rotation",1,122,1700122,1752122,20,24,2,399,0.7225,FALSE
"gaussian_global_null","gaussian","group:trait","rotation",1,122,1700122,1753122,20,24,2,399,0.625,FALSE
"gaussian_global_null","gaussian","group","rotation",1,123,1700123,1751123,20,24,2,399,0.5625,FALSE
"gaussian_global_null","gaussian","trait","rotation",1,123,1700123,1752123,20,24,2,399,0.0625,FALSE
"gaussian_global_null","gaussian","group:trait","rotation",1,123,1700123,1753123,20,24,2,399,0.14,FALSE
"gaussian_global_null","gaussian","group","rotation",1,124,1700124,1751124,20,24,2,399,0.5325,FALSE
"gaussian_global_null","gaussian","trait","rotation",1,124,1700124,1752124,20,24,2,399,0.925,FALSE
"gaussian_global_null","gaussian","group:trait","rotation",1,124,1700124,1753124,20,24,2,399,0.7575,FALSE
"gaussian_global_null","gaussian","group","rotation",1,125,1700125,1751125,20,24,2,399,0.615,FALSE
"gaussian_global_null","gaussian","trait","rotation",1,125,1700125,1752125,20,24,2,399,0.275,FALSE
"gaussian_global_null","gaussian","group:trait","rotation",1,125,1700125,1753125,20,24,2,399,0.135,FALSE
"gaussian_global_null","gaussian","group","rotation",1,126,1700126,1751126,20,24,2,399,0.2825,FALSE
"gaussian_global_null","gaussian","trait","rotation",1,126,1700126,1752126,20,24,2,399,0.3475,FALSE
"gaussian_global_null","gaussian","group:trait","rotation",1,126,1700126,1753126,20,24,2,399,0.905,FALSE
"gaussian_global_null","gaussian","group","rotation",1,127,1700127,1751127,20,24,2,399,0.9325,FALSE
"gaussian_global_null","gaussian","trait","rotation",1,127,1700127,1752127,20,24,2,399,0.06,FALSE
"gaussian_global_null","gaussian","group:trait","rotation",1,127,1700127,1753127,20,24,2,399,0.06,FALSE
"gaussian_global_null","gaussian","group","rotation",1,128,1700128,1751128,20,24,2,399,0.6525,FALSE
"gaussian_global_null","gaussian","trait","rotation",1,128,1700128,1752128,20,24,2,399,0.465,FALSE
"gaussian_global_null","gaussian","group:trait","rotation",1,128,1700128,1753128,20,24,2,399,0.37,FALSE
"gaussian_global_null","gaussian","group","rotation",1,129,1700129,1751129,20,24,2,399,0.14,FALSE
"gaussian_global_null","gaussian","trait","rotation",1,129,1700129,1752129,20,24,2,399,0.845,FALSE
"gaussian_global_null","gaussian","group:trait","rotation",1,129,1700129,1753129,20,24,2,399,0.9575,FALSE
"gaussian_global_null","gaussian","group","rotation",1,130,1700130,1751130,20,24,2,399,0.505,FALSE
"gaussian_global_null","gaussian","trait","rotation",1,130,1700130,1752130,20,24,2,399,0.2475,FALSE
"gaussian_global_null","gaussian","group:trait","rotation",1,130,1700130,1753130,20,24,2,399,0.8425,FALSE
"gaussian_global_null","gaussian","group","rotation",1,131,1700131,1751131,20,24,2,399,0.1225,FALSE
"gaussian_global_null","gaussian","trait","rotation",1,131,1700131,1752131,20,24,2,399,0.185,FALSE
"gaussian_global_null","gaussian","group:trait","rotation",1,131,1700131,1753131,20,24,2,399,0.1,FALSE
"gaussian_global_null","gaussian","group","rotation",1,132,1700132,1751132,20,24,2,399,0.505,FALSE
"gaussian_global_null","gaussian","trait","rotation",1,132,1700132,1752132,20,24,2,399,0.5575,FALSE
"gaussian_global_null","gaussian","group:trait","rotation",1,132,1700132,1753132,20,24,2,399,0.4275,FALSE
"gaussian_global_null","gaussian","group","rotation",1,133,1700133,1751133,20,24,2,399,0.6125,FALSE
"gaussian_global_null","gaussian","trait","rotation",1,133,1700133,1752133,20,24,2,399,0.3925,FALSE
"gaussian_global_null","gaussian","group:trait","rotation",1,133,1700133,1753133,20,24,2,399,0.4075,FALSE
"gaussian_global_null","gaussian","group","rotation",1,134,1700134,1751134,20,24,2,399,0.5925,FALSE
"gaussian_global_null","gaussian","trait","rotation",1,134,1700134,1752134,20,24,2,399,0.185,FALSE
"gaussian_global_null","gaussian","group:trait","rotation",1,134,1700134,1753134,20,24,2,399,0.2575,FALSE
"gaussian_global_null","gaussian","group","rotation",1,135,1700135,1751135,20,24,2,399,0.845,FALSE
"gaussian_global_null","gaussian","trait","rotation",1,135,1700135,1752135,20,24,2,399,0.2025,FALSE
"gaussian_global_null","gaussian","group:trait","rotation",1,135,1700135,1753135,20,24,2,399,0.325,FALSE
"gaussian_global_null","gaussian","group","rotation",1,136,1700136,1751136,20,24,2,399,0.5575,FALSE
"gaussian_global_null","gaussian","trait","rotation",1,136,1700136,1752136,20,24,2,399,0.365,FALSE
"gaussian_global_null","gaussian","group:trait","rotation",1,136,1700136,1753136,20,24,2,399,0.3375,FALSE
"gaussian_global_null","gaussian","group","rotation",1,137,1700137,1751137,20,24,2,399,0.215,FALSE
"gaussian_global_null","gaussian","trait","rotation",1,137,1700137,1752137,20,24,2,399,0.67,FALSE
"gaussian_global_null","gaussian","group:trait","rotation",1,137,1700137,1753137,20,24,2,399,0.765,FALSE
"gaussian_global_null","gaussian","group","rotation",1,138,1700138,1751138,20,24,2,399,0.8425,FALSE
"gaussian_global_null","gaussian","trait","rotation",1,138,1700138,1752138,20,24,2,399,0.6375,FALSE
"gaussian_global_null","gaussian","group:trait","rotation",1,138,1700138,1753138,20,24,2,399,0.92,FALSE
"gaussian_global_null","gaussian","group","rotation",1,139,1700139,1751139,20,24,2,399,0.535,FALSE
"gaussian_global_null","gaussian","trait","rotation",1,139,1700139,1752139,20,24,2,399,0.3625,FALSE
"gaussian_global_null","gaussian","group:trait","rotation",1,139,1700139,1753139,20,24,2,399,0.2525,FALSE
"gaussian_global_null","gaussian","group","rotation",1,140,1700140,1751140,20,24,2,399,0.455,FALSE
"gaussian_global_null","gaussian","trait","rotation",1,140,1700140,1752140,20,24,2,399,0.085,FALSE
"gaussian_global_null","gaussian","group:trait","rotation",1,140,1700140,1753140,20,24,2,399,0.3525,FALSE
"gaussian_global_null","gaussian","group","rotation",1,141,1700141,1751141,20,24,2,399,0.42,FALSE
"gaussian_global_null","gaussian","trait","rotation",1,141,1700141,1752141,20,24,2,399,0.3125,FALSE
"gaussian_global_null","gaussian","group:trait","rotation",1,141,1700141,1753141,20,24,2,399,0.4375,FALSE
"gaussian_global_null","gaussian","group","rotation",1,142,1700142,1751142,20,24,2,399,0.655,FALSE
"gaussian_global_null","gaussian","trait","rotation",1,142,1700142,1752142,20,24,2,399,0.6775,FALSE
"gaussian_global_null","gaussian","group:trait","rotation",1,142,1700142,1753142,20,24,2,399,0.41,FALSE
"gaussian_global_null","gaussian","group","rotation",1,143,1700143,1751143,20,24,2,399,0.61,FALSE
"gaussian_global_null","gaussian","trait","rotation",1,143,1700143,1752143,20,24,2,399,0.295,FALSE
"gaussian_global_null","gaussian","group:trait","rotation",1,143,1700143,1753143,20,24,2,399,0.345,FALSE
"gaussian_global_null","gaussian","group","rotation",1,144,1700144,1751144,20,24,2,399,0.1425,FALSE
"gaussian_global_null","gaussian","trait","rotation",1,144,1700144,1752144,20,24,2,399,0.0225,TRUE
"gaussian_global_null","gaussian","group:trait","rotation",1,144,1700144,1753144,20,24,2,399,0.0125,TRUE
"gaussian_global_null","gaussian","group","rotation",1,145,1700145,1751145,20,24,2,399,0.105,FALSE
"gaussian_global_null","gaussian","trait","rotation",1,145,1700145,1752145,20,24,2,399,0.0175,TRUE
"gaussian_global_null","gaussian","group:trait","rotation",1,145,1700145,1753145,20,24,2,399,0.15,FALSE
"gaussian_global_null","gaussian","group","rotation",1,146,1700146,1751146,20,24,2,399,0.295,FALSE
"gaussian_global_null","gaussian","trait","rotation",1,146,1700146,1752146,20,24,2,399,0.26,FALSE
"gaussian_global_null","gaussian","group:trait","rotation",1,146,1700146,1753146,20,24,2,399,0.02,TRUE
"gaussian_global_null","gaussian","group","rotation",1,147,1700147,1751147,20,24,2,399,0.385,FALSE
"gaussian_global_null","gaussian","trait","rotation",1,147,1700147,1752147,20,24,2,399,0.4575,FALSE
"gaussian_global_null","gaussian","group:trait","rotation",1,147,1700147,1753147,20,24,2,399,0.3025,FALSE
"gaussian_global_null","gaussian","group","rotation",1,148,1700148,1751148,20,24,2,399,0.605,FALSE
"gaussian_global_null","gaussian","trait","rotation",1,148,1700148,1752148,20,24,2,399,0.9,FALSE
"gaussian_global_null","gaussian","group:trait","rotation",1,148,1700148,1753148,20,24,2,399,0.925,FALSE
"gaussian_global_null","gaussian","group","rotation",1,149,1700149,1751149,20,24,2,399,0.845,FALSE
"gaussian_global_null","gaussian","trait","rotation",1,149,1700149,1752149,20,24,2,399,0.425,FALSE
"gaussian_global_null","gaussian","group:trait","rotation",1,149,1700149,1753149,20,24,2,399,0.5725,FALSE
"gaussian_global_null","gaussian","group","rotation",1,150,1700150,1751150,20,24,2,399,0.76,FALSE
"gaussian_global_null","gaussian","trait","rotation",1,150,1700150,1752150,20,24,2,399,0.9175,FALSE
"gaussian_global_null","gaussian","group:trait","rotation",1,150,1700150,1753150,20,24,2,399,0.2625,FALSE
"gaussian_global_null","gaussian","group","rotation",1,151,1700151,1751151,20,24,2,399,0.3925,FALSE
"gaussian_global_null","gaussian","trait","rotation",1,151,1700151,1752151,20,24,2,399,0.31,FALSE
"gaussian_global_null","gaussian","group:trait","rotation",1,151,1700151,1753151,20,24,2,399,0.1575,FALSE
"gaussian_global_null","gaussian","group","rotation",1,152,1700152,1751152,20,24,2,399,0.7725,FALSE
"gaussian_global_null","gaussian","trait","rotation",1,152,1700152,1752152,20,24,2,399,0.7075,FALSE
"gaussian_global_null","gaussian","group:trait","rotation",1,152,1700152,1753152,20,24,2,399,0.6675,FALSE
"gaussian_global_null","gaussian","group","rotation",1,153,1700153,1751153,20,24,2,399,0.495,FALSE
"gaussian_global_null","gaussian","trait","rotation",1,153,1700153,1752153,20,24,2,399,0.8175,FALSE
"gaussian_global_null","gaussian","group:trait","rotation",1,153,1700153,1753153,20,24,2,399,0.96,FALSE
"gaussian_global_null","gaussian","group","rotation",1,154,1700154,1751154,20,24,2,399,0.895,FALSE
"gaussian_global_null","gaussian","trait","rotation",1,154,1700154,1752154,20,24,2,399,0.86,FALSE
"gaussian_global_null","gaussian","group:trait","rotation",1,154,1700154,1753154,20,24,2,399,0.5725,FALSE
"gaussian_global_null","gaussian","group","rotation",1,155,1700155,1751155,20,24,2,399,0.895,FALSE
"gaussian_global_null","gaussian","trait","rotation",1,155,1700155,1752155,20,24,2,399,0.56,FALSE
"gaussian_global_null","gaussian","group:trait","rotation",1,155,1700155,1753155,20,24,2,399,0.4475,FALSE
"gaussian_global_null","gaussian","group","rotation",1,156,1700156,1751156,20,24,2,399,0.035,TRUE
"gaussian_global_null","gaussian","trait","rotation",1,156,1700156,1752156,20,24,2,399,0.72,FALSE
"gaussian_global_null","gaussian","group:trait","rotation",1,156,1700156,1753156,20,24,2,399,0.7575,FALSE
"gaussian_global_null","gaussian","group","rotation",1,157,1700157,1751157,20,24,2,399,0.4275,FALSE
"gaussian_global_null","gaussian","trait","rotation",1,157,1700157,1752157,20,24,2,399,0.175,FALSE
"gaussian_global_null","gaussian","group:trait","rotation",1,157,1700157,1753157,20,24,2,399,0.805,FALSE
"gaussian_global_null","gaussian","group","rotation",1,158,1700158,1751158,20,24,2,399,0.05,TRUE
"gaussian_global_null","gaussian","trait","rotation",1,158,1700158,1752158,20,24,2,399,0.1225,FALSE
"gaussian_global_null","gaussian","group:trait","rotation",1,158,1700158,1753158,20,24,2,399,0.375,FALSE
"gaussian_global_null","gaussian","group","rotation",1,159,1700159,1751159,20,24,2,399,0.145,FALSE
"gaussian_global_null","gaussian","trait","rotation",1,159,1700159,1752159,20,24,2,399,0.6825,FALSE
"gaussian_global_null","gaussian","group:trait","rotation",1,159,1700159,1753159,20,24,2,399,0.8725,FALSE
"gaussian_global_null","gaussian","group","rotation",1,160,1700160,1751160,20,24,2,399,0.9775,FALSE
"gaussian_global_null","gaussian","trait","rotation",1,160,1700160,1752160,20,24,2,399,0.77,FALSE
"gaussian_global_null","gaussian","group:trait","rotation",1,160,1700160,1753160,20,24,2,399,0.65,FALSE
"gaussian_global_null","gaussian","group","rotation",1,161,1700161,1751161,20,24,2,399,0.7075,FALSE
"gaussian_global_null","gaussian","trait","rotation",1,161,1700161,1752161,20,24,2,399,0.39,FALSE
"gaussian_global_null","gaussian","group:trait","rotation",1,161,1700161,1753161,20,24,2,399,0.9425,FALSE
"gaussian_global_null","gaussian","group","rotation",1,162,1700162,1751162,20,24,2,399,0.2125,FALSE
"gaussian_global_null","gaussian","trait","rotation",1,162,1700162,1752162,20,24,2,399,0.18,FALSE
"gaussian_global_null","gaussian","group:trait","rotation",1,162,1700162,1753162,20,24,2,399,0.1475,FALSE
"gaussian_global_null","gaussian","group","rotation",1,163,1700163,1751163,20,24,2,399,0.7425,FALSE
"gaussian_global_null","gaussian","trait","rotation",1,163,1700163,1752163,20,24,2,399,0.7725,FALSE
"gaussian_global_null","gaussian","group:trait","rotation",1,163,1700163,1753163,20,24,2,399,0.6125,FALSE
"gaussian_global_null","gaussian","group","rotation",1,164,1700164,1751164,20,24,2,399,0.45,FALSE
"gaussian_global_null","gaussian","trait","rotation",1,164,1700164,1752164,20,24,2,399,0.02,TRUE
"gaussian_global_null","gaussian","group:trait","rotation",1,164,1700164,1753164,20,24,2,399,0.205,FALSE
"gaussian_global_null","gaussian","group","rotation",1,165,1700165,1751165,20,24,2,399,0.82,FALSE
"gaussian_global_null","gaussian","trait","rotation",1,165,1700165,1752165,20,24,2,399,0.0325,TRUE
"gaussian_global_null","gaussian","group:trait","rotation",1,165,1700165,1753165,20,24,2,399,0.03,TRUE
"gaussian_global_null","gaussian","group","rotation",1,166,1700166,1751166,20,24,2,399,0.945,FALSE
"gaussian_global_null","gaussian","trait","rotation",1,166,1700166,1752166,20,24,2,399,0.2275,FALSE
"gaussian_global_null","gaussian","group:trait","rotation",1,166,1700166,1753166,20,24,2,399,0.8075,FALSE
"gaussian_global_null","gaussian","group","rotation",1,167,1700167,1751167,20,24,2,399,0.3775,FALSE
"gaussian_global_null","gaussian","trait","rotation",1,167,1700167,1752167,20,24,2,399,0.705,FALSE
"gaussian_global_null","gaussian","group:trait","rotation",1,167,1700167,1753167,20,24,2,399,0.71,FALSE
"gaussian_global_null","gaussian","group","rotation",1,168,1700168,1751168,20,24,2,399,0.17,FALSE
"gaussian_global_null","gaussian","trait","rotation",1,168,1700168,1752168,20,24,2,399,0.765,FALSE
"gaussian_global_null","gaussian","group:trait","rotation",1,168,1700168,1753168,20,24,2,399,0.87,FALSE
"gaussian_global_null","gaussian","group","rotation",1,169,1700169,1751169,20,24,2,399,0.0125,TRUE
"gaussian_global_null","gaussian","trait","rotation",1,169,1700169,1752169,20,24,2,399,0.4225,FALSE
"gaussian_global_null","gaussian","group:trait","rotation",1,169,1700169,1753169,20,24,2,399,0.865,FALSE
"gaussian_global_null","gaussian","group","rotation",1,170,1700170,1751170,20,24,2,399,0.6025,FALSE
"gaussian_global_null","gaussian","trait","rotation",1,170,1700170,1752170,20,24,2,399,0.2125,FALSE
"gaussian_global_null","gaussian","group:trait","rotation",1,170,1700170,1753170,20,24,2,399,0.1225,FALSE
"gaussian_global_null","gaussian","group","rotation",1,171,1700171,1751171,20,24,2,399,0.32,FALSE
"gaussian_global_null","gaussian","trait","rotation",1,171,1700171,1752171,20,24,2,399,0.9575,FALSE
"gaussian_global_null","gaussian","group:trait","rotation",1,171,1700171,1753171,20,24,2,399,0.4025,FALSE
"gaussian_global_null","gaussian","group","rotation",1,172,1700172,1751172,20,24,2,399,0.095,FALSE
"gaussian_global_null","gaussian","trait","rotation",1,172,1700172,1752172,20,24,2,399,0.3975,FALSE
"gaussian_global_null","gaussian","group:trait","rotation",1,172,1700172,1753172,20,24,2,399,0.1925,FALSE
"gaussian_global_null","gaussian","group","rotation",1,173,1700173,1751173,20,24,2,399,0.0375,TRUE
"gaussian_global_null","gaussian","trait","rotation",1,173,1700173,1752173,20,24,2,399,0.0025,TRUE
"gaussian_global_null","gaussian","group:trait","rotation",1,173,1700173,1753173,20,24,2,399,0.005,TRUE
"gaussian_global_null","gaussian","group","rotation",1,174,1700174,1751174,20,24,2,399,0.96,FALSE
"gaussian_global_null","gaussian","trait","rotation",1,174,1700174,1752174,20,24,2,399,0.4825,FALSE
"gaussian_global_null","gaussian","group:trait","rotation",1,174,1700174,1753174,20,24,2,399,0.1125,FALSE
"gaussian_global_null","gaussian","group","rotation",1,175,1700175,1751175,20,24,2,399,0.915,FALSE
"gaussian_global_null","gaussian","trait","rotation",1,175,1700175,1752175,20,24,2,399,0.2675,FALSE
"gaussian_global_null","gaussian","group:trait","rotation",1,175,1700175,1753175,20,24,2,399,0.3375,FALSE
"gaussian_global_null","gaussian","group","rotation",1,176,1700176,1751176,20,24,2,399,0.4225,FALSE
"gaussian_global_null","gaussian","trait","rotation",1,176,1700176,1752176,20,24,2,399,0.8475,FALSE
"gaussian_global_null","gaussian","group:trait","rotation",1,176,1700176,1753176,20,24,2,399,0.97,FALSE
"gaussian_global_null","gaussian","group","rotation",1,177,1700177,1751177,20,24,2,399,0.47,FALSE
"gaussian_global_null","gaussian","trait","rotation",1,177,1700177,1752177,20,24,2,399,0.5625,FALSE
"gaussian_global_null","gaussian","group:trait","rotation",1,177,1700177,1753177,20,24,2,399,0.2625,FALSE
"gaussian_global_null","gaussian","group","rotation",1,178,1700178,1751178,20,24,2,399,0.0525,FALSE
"gaussian_global_null","gaussian","trait","rotation",1,178,1700178,1752178,20,24,2,399,0.0975,FALSE
"gaussian_global_null","gaussian","group:trait","rotation",1,178,1700178,1753178,20,24,2,399,0.0475,TRUE
"gaussian_global_null","gaussian","group","rotation",1,179,1700179,1751179,20,24,2,399,0.3725,FALSE
"gaussian_global_null","gaussian","trait","rotation",1,179,1700179,1752179,20,24,2,399,0.2925,FALSE
"gaussian_global_null","gaussian","group:trait","rotation",1,179,1700179,1753179,20,24,2,399,0.4975,FALSE
"gaussian_global_null","gaussian","group","rotation",1,180,1700180,1751180,20,24,2,399,0.98,FALSE
"gaussian_global_null","gaussian","trait","rotation",1,180,1700180,1752180,20,24,2,399,0.595,FALSE
"gaussian_global_null","gaussian","group:trait","rotation",1,180,1700180,1753180,20,24,2,399,0.2175,FALSE
"gaussian_global_null","gaussian","group","rotation",1,181,1700181,1751181,20,24,2,399,0.9825,FALSE
"gaussian_global_null","gaussian","trait","rotation",1,181,1700181,1752181,20,24,2,399,0.445,FALSE
"gaussian_global_null","gaussian","group:trait","rotation",1,181,1700181,1753181,20,24,2,399,0.705,FALSE
"gaussian_global_null","gaussian","group","rotation",1,182,1700182,1751182,20,24,2,399,0.5025,FALSE
"gaussian_global_null","gaussian","trait","rotation",1,182,1700182,1752182,20,24,2,399,0.115,FALSE
"gaussian_global_null","gaussian","group:trait","rotation",1,182,1700182,1753182,20,24,2,399,0.0025,TRUE
"gaussian_global_null","gaussian","group","rotation",1,183,1700183,1751183,20,24,2,399,0.245,FALSE
"gaussian_global_null","gaussian","trait","rotation",1,183,1700183,1752183,20,24,2,399,0.075,FALSE
"gaussian_global_null","gaussian","group:trait","rotation",1,183,1700183,1753183,20,24,2,399,0.2925,FALSE
"gaussian_global_null","gaussian","group","rotation",1,184,1700184,1751184,20,24,2,399,0.01,TRUE
"gaussian_global_null","gaussian","trait","rotation",1,184,1700184,1752184,20,24,2,399,0.2175,FALSE
"gaussian_global_null","gaussian","group:trait","rotation",1,184,1700184,1753184,20,24,2,399,0.0425,TRUE
"gaussian_global_null","gaussian","group","rotation",1,185,1700185,1751185,20,24,2,399,0.615,FALSE
"gaussian_global_null","gaussian","trait","rotation",1,185,1700185,1752185,20,24,2,399,0.665,FALSE
"gaussian_global_null","gaussian","group:trait","rotation",1,185,1700185,1753185,20,24,2,399,0.805,FALSE
"gaussian_global_null","gaussian","group","rotation",1,186,1700186,1751186,20,24,2,399,0.0075,TRUE
"gaussian_global_null","gaussian","trait","rotation",1,186,1700186,1752186,20,24,2,399,0.84,FALSE
"gaussian_global_null","gaussian","group:trait","rotation",1,186,1700186,1753186,20,24,2,399,0.23,FALSE
"gaussian_global_null","gaussian","group","rotation",1,187,1700187,1751187,20,24,2,399,0.0675,FALSE
"gaussian_global_null","gaussian","trait","rotation",1,187,1700187,1752187,20,24,2,399,0.09,FALSE
"gaussian_global_null","gaussian","group:trait","rotation",1,187,1700187,1753187,20,24,2,399,0.085,FALSE
"gaussian_global_null","gaussian","group","rotation",1,188,1700188,1751188,20,24,2,399,0.9725,FALSE
"gaussian_global_null","gaussian","trait","rotation",1,188,1700188,1752188,20,24,2,399,0.365,FALSE
"gaussian_global_null","gaussian","group:trait","rotation",1,188,1700188,1753188,20,24,2,399,0.0375,TRUE
"gaussian_global_null","gaussian","group","rotation",1,189,1700189,1751189,20,24,2,399,0.015,TRUE
"gaussian_global_null","gaussian","trait","rotation",1,189,1700189,1752189,20,24,2,399,0.7275,FALSE
"gaussian_global_null","gaussian","group:trait","rotation",1,189,1700189,1753189,20,24,2,399,0.6025,FALSE
"gaussian_global_null","gaussian","group","rotation",1,190,1700190,1751190,20,24,2,399,0.8775,FALSE
"gaussian_global_null","gaussian","trait","rotation",1,190,1700190,1752190,20,24,2,399,0.32,FALSE
"gaussian_global_null","gaussian","group:trait","rotation",1,190,1700190,1753190,20,24,2,399,0.56,FALSE
"gaussian_global_null","gaussian","group","rotation",1,191,1700191,1751191,20,24,2,399,0.3925,FALSE
"gaussian_global_null","gaussian","trait","rotation",1,191,1700191,1752191,20,24,2,399,0.2,FALSE
"gaussian_global_null","gaussian","group:trait","rotation",1,191,1700191,1753191,20,24,2,399,0.79,FALSE
"gaussian_global_null","gaussian","group","rotation",1,192,1700192,1751192,20,24,2,399,0.0975,FALSE
"gaussian_global_null","gaussian","trait","rotation",1,192,1700192,1752192,20,24,2,399,0.985,FALSE
"gaussian_global_null","gaussian","group:trait","rotation",1,192,1700192,1753192,20,24,2,399,0.8725,FALSE
"gaussian_global_null","gaussian","group","rotation",1,193,1700193,1751193,20,24,2,399,0.9525,FALSE
"gaussian_global_null","gaussian","trait","rotation",1,193,1700193,1752193,20,24,2,399,0.0975,FALSE
"gaussian_global_null","gaussian","group:trait","rotation",1,193,1700193,1753193,20,24,2,399,0.3675,FALSE
"gaussian_global_null","gaussian","group","rotation",1,194,1700194,1751194,20,24,2,399,0.625,FALSE
"gaussian_global_null","gaussian","trait","rotation",1,194,1700194,1752194,20,24,2,399,0.6475,FALSE
"gaussian_global_null","gaussian","group:trait","rotation",1,194,1700194,1753194,20,24,2,399,0.77,FALSE
"gaussian_global_null","gaussian","group","rotation",1,195,1700195,1751195,20,24,2,399,0.935,FALSE
"gaussian_global_null","gaussian","trait","rotation",1,195,1700195,1752195,20,24,2,399,0.5275,FALSE
"gaussian_global_null","gaussian","group:trait","rotation",1,195,1700195,1753195,20,24,2,399,0.2975,FALSE
"gaussian_global_null","gaussian","group","rotation",1,196,1700196,1751196,20,24,2,399,0.2725,FALSE
"gaussian_global_null","gaussian","trait","rotation",1,196,1700196,1752196,20,24,2,399,0.42,FALSE
"gaussian_global_null","gaussian","group:trait","rotation",1,196,1700196,1753196,20,24,2,399,0.2175,FALSE
"gaussian_global_null","gaussian","group","rotation",1,197,1700197,1751197,20,24,2,399,0.6525,FALSE
"gaussian_global_null","gaussian","trait","rotation",1,197,1700197,1752197,20,24,2,399,0.2975,FALSE
"gaussian_global_null","gaussian","group:trait","rotation",1,197,1700197,1753197,20,24,2,399,0.23,FALSE
"gaussian_global_null","gaussian","group","rotation",1,198,1700198,1751198,20,24,2,399,0.105,FALSE
"gaussian_global_null","gaussian","trait","rotation",1,198,1700198,1752198,20,24,2,399,0.7525,FALSE
"gaussian_global_null","gaussian","group:trait","rotation",1,198,1700198,1753198,20,24,2,399,0.725,FALSE
"gaussian_global_null","gaussian","group","rotation",1,199,1700199,1751199,20,24,2,399,0.5275,FALSE
"gaussian_global_null","gaussian","trait","rotation",1,199,1700199,1752199,20,24,2,399,0.9125,FALSE
"gaussian_global_null","gaussian","group:trait","rotation",1,199,1700199,1753199,20,24,2,399,0.045,TRUE
"gaussian_global_null","gaussian","group","rotation",1,200,1700200,1751200,20,24,2,399,0.0125,TRUE
"gaussian_global_null","gaussian","trait","rotation",1,200,1700200,1752200,20,24,2,399,0.725,FALSE
"gaussian_global_null","gaussian","group:trait","rotation",1,200,1700200,1753200,20,24,2,399,0.4825,FALSE
"gaussian_global_null","gaussian","group","rotation",2,1,1800001,1851001,20,24,2,399,0.3125,FALSE
"gaussian_global_null","gaussian","trait","rotation",2,1,1800001,1852001,20,24,2,399,0.915,FALSE
"gaussian_global_null","gaussian","group:trait","rotation",2,1,1800001,1853001,20,24,2,399,0.3175,FALSE
"gaussian_global_null","gaussian","group","rotation",2,2,1800002,1851002,20,24,2,399,0.37,FALSE
"gaussian_global_null","gaussian","trait","rotation",2,2,1800002,1852002,20,24,2,399,0.4125,FALSE
"gaussian_global_null","gaussian","group:trait","rotation",2,2,1800002,1853002,20,24,2,399,0.3475,FALSE
"gaussian_global_null","gaussian","group","rotation",2,3,1800003,1851003,20,24,2,399,0.5775,FALSE
"gaussian_global_null","gaussian","trait","rotation",2,3,1800003,1852003,20,24,2,399,0.37,FALSE
"gaussian_global_null","gaussian","group:trait","rotation",2,3,1800003,1853003,20,24,2,399,0.3075,FALSE
"gaussian_global_null","gaussian","group","rotation",2,4,1800004,1851004,20,24,2,399,0.8425,FALSE
"gaussian_global_null","gaussian","trait","rotation",2,4,1800004,1852004,20,24,2,399,0.7025,FALSE
"gaussian_global_null","gaussian","group:trait","rotation",2,4,1800004,1853004,20,24,2,399,0.52,FALSE
"gaussian_global_null","gaussian","group","rotation",2,5,1800005,1851005,20,24,2,399,0.8175,FALSE
"gaussian_global_null","gaussian","trait","rotation",2,5,1800005,1852005,20,24,2,399,0.965,FALSE
"gaussian_global_null","gaussian","group:trait","rotation",2,5,1800005,1853005,20,24,2,399,0.935,FALSE
"gaussian_global_null","gaussian","group","rotation",2,6,1800006,1851006,20,24,2,399,0.41,FALSE
"gaussian_global_null","gaussian","trait","rotation",2,6,1800006,1852006,20,24,2,399,0.9375,FALSE
"gaussian_global_null","gaussian","group:trait","rotation",2,6,1800006,1853006,20,24,2,399,0.26,FALSE
"gaussian_global_null","gaussian","group","rotation",2,7,1800007,1851007,20,24,2,399,0.63,FALSE
"gaussian_global_null","gaussian","trait","rotation",2,7,1800007,1852007,20,24,2,399,0.7825,FALSE
"gaussian_global_null","gaussian","group:trait","rotation",2,7,1800007,1853007,20,24,2,399,0.5925,FALSE
"gaussian_global_null","gaussian","group","rotation",2,8,1800008,1851008,20,24,2,399,0.5275,FALSE
"gaussian_global_null","gaussian","trait","rotation",2,8,1800008,1852008,20,24,2,399,0.6125,FALSE
"gaussian_global_null","gaussian","group:trait","rotation",2,8,1800008,1853008,20,24,2,399,0.7625,FALSE
"gaussian_global_null","gaussian","group","rotation",2,9,1800009,1851009,20,24,2,399,0.4475,FALSE
"gaussian_global_null","gaussian","trait","rotation",2,9,1800009,1852009,20,24,2,399,0.1875,FALSE
"gaussian_global_null","gaussian","group:trait","rotation",2,9,1800009,1853009,20,24,2,399,0.3775,FALSE
"gaussian_global_null","gaussian","group","rotation",2,10,1800010,1851010,20,24,2,399,0.345,FALSE
"gaussian_global_null","gaussian","trait","rotation",2,10,1800010,1852010,20,24,2,399,0.295,FALSE
"gaussian_global_null","gaussian","group:trait","rotation",2,10,1800010,1853010,20,24,2,399,0.26,FALSE
"gaussian_global_null","gaussian","group","rotation",2,11,1800011,1851011,20,24,2,399,0.605,FALSE
"gaussian_global_null","gaussian","trait","rotation",2,11,1800011,1852011,20,24,2,399,0.1725,FALSE
"gaussian_global_null","gaussian","group:trait","rotation",2,11,1800011,1853011,20,24,2,399,0.13,FALSE
"gaussian_global_null","gaussian","group","rotation",2,12,1800012,1851012,20,24,2,399,0.9325,FALSE
"gaussian_global_null","gaussian","trait","rotation",2,12,1800012,1852012,20,24,2,399,0.0075,TRUE
"gaussian_global_null","gaussian","group:trait","rotation",2,12,1800012,1853012,20,24,2,399,0.0275,TRUE
"gaussian_global_null","gaussian","group","rotation",2,13,1800013,1851013,20,24,2,399,0.0125,TRUE
"gaussian_global_null","gaussian","trait","rotation",2,13,1800013,1852013,20,24,2,399,0.1625,FALSE
"gaussian_global_null","gaussian","group:trait","rotation",2,13,1800013,1853013,20,24,2,399,0.8625,FALSE
"gaussian_global_null","gaussian","group","rotation",2,14,1800014,1851014,20,24,2,399,0.2375,FALSE
"gaussian_global_null","gaussian","trait","rotation",2,14,1800014,1852014,20,24,2,399,0.87,FALSE
"gaussian_global_null","gaussian","group:trait","rotation",2,14,1800014,1853014,20,24,2,399,0.365,FALSE
"gaussian_global_null","gaussian","group","rotation",2,15,1800015,1851015,20,24,2,399,0.6275,FALSE
"gaussian_global_null","gaussian","trait","rotation",2,15,1800015,1852015,20,24,2,399,0.3625,FALSE
"gaussian_global_null","gaussian","group:trait","rotation",2,15,1800015,1853015,20,24,2,399,0.0325,TRUE
"gaussian_global_null","gaussian","group","rotation",2,16,1800016,1851016,20,24,2,399,0.11,FALSE
"gaussian_global_null","gaussian","trait","rotation",2,16,1800016,1852016,20,24,2,399,0.0425,TRUE
"gaussian_global_null","gaussian","group:trait","rotation",2,16,1800016,1853016,20,24,2,399,0.4475,FALSE
"gaussian_global_null","gaussian","group","rotation",2,17,1800017,1851017,20,24,2,399,0.54,FALSE
"gaussian_global_null","gaussian","trait","rotation",2,17,1800017,1852017,20,24,2,399,0.795,FALSE
"gaussian_global_null","gaussian","group:trait","rotation",2,17,1800017,1853017,20,24,2,399,0.335,FALSE
"gaussian_global_null","gaussian","group","rotation",2,18,1800018,1851018,20,24,2,399,0.8025,FALSE
"gaussian_global_null","gaussian","trait","rotation",2,18,1800018,1852018,20,24,2,399,0.54,FALSE
"gaussian_global_null","gaussian","group:trait","rotation",2,18,1800018,1853018,20,24,2,399,0.5625,FALSE
"gaussian_global_null","gaussian","group","rotation",2,19,1800019,1851019,20,24,2,399,0.2725,FALSE
"gaussian_global_null","gaussian","trait","rotation",2,19,1800019,1852019,20,24,2,399,0.3225,FALSE
"gaussian_global_null","gaussian","group:trait","rotation",2,19,1800019,1853019,20,24,2,399,0.565,FALSE
"gaussian_global_null","gaussian","group","rotation",2,20,1800020,1851020,20,24,2,399,0.45,FALSE
"gaussian_global_null","gaussian","trait","rotation",2,20,1800020,1852020,20,24,2,399,0.3075,FALSE
"gaussian_global_null","gaussian","group:trait","rotation",2,20,1800020,1853020,20,24,2,399,0.535,FALSE
"gaussian_global_null","gaussian","group","rotation",2,21,1800021,1851021,20,24,2,399,0.99,FALSE
"gaussian_global_null","gaussian","trait","rotation",2,21,1800021,1852021,20,24,2,399,0.8875,FALSE
"gaussian_global_null","gaussian","group:trait","rotation",2,21,1800021,1853021,20,24,2,399,0.7125,FALSE
"gaussian_global_null","gaussian","group","rotation",2,22,1800022,1851022,20,24,2,399,0.1675,FALSE
"gaussian_global_null","gaussian","trait","rotation",2,22,1800022,1852022,20,24,2,399,0.135,FALSE
"gaussian_global_null","gaussian","group:trait","rotation",2,22,1800022,1853022,20,24,2,399,0.095,FALSE
"gaussian_global_null","gaussian","group","rotation",2,23,1800023,1851023,20,24,2,399,0.4025,FALSE
"gaussian_global_null","gaussian","trait","rotation",2,23,1800023,1852023,20,24,2,399,0.8025,FALSE
"gaussian_global_null","gaussian","group:trait","rotation",2,23,1800023,1853023,20,24,2,399,0.0875,FALSE
"gaussian_global_null","gaussian","group","rotation",2,24,1800024,1851024,20,24,2,399,0.7175,FALSE
"gaussian_global_null","gaussian","trait","rotation",2,24,1800024,1852024,20,24,2,399,0.435,FALSE
"gaussian_global_null","gaussian","group:trait","rotation",2,24,1800024,1853024,20,24,2,399,0.7625,FALSE
"gaussian_global_null","gaussian","group","rotation",2,25,1800025,1851025,20,24,2,399,0.1425,FALSE
"gaussian_global_null","gaussian","trait","rotation",2,25,1800025,1852025,20,24,2,399,0.4325,FALSE
"gaussian_global_null","gaussian","group:trait","rotation",2,25,1800025,1853025,20,24,2,399,0.7125,FALSE
"gaussian_global_null","gaussian","group","rotation",2,26,1800026,1851026,20,24,2,399,0.2125,FALSE
"gaussian_global_null","gaussian","trait","rotation",2,26,1800026,1852026,20,24,2,399,0.6975,FALSE
"gaussian_global_null","gaussian","group:trait","rotation",2,26,1800026,1853026,20,24,2,399,0.895,FALSE
"gaussian_global_null","gaussian","group","rotation",2,27,1800027,1851027,20,24,2,399,0.725,FALSE
"gaussian_global_null","gaussian","trait","rotation",2,27,1800027,1852027,20,24,2,399,0.965,FALSE
"gaussian_global_null","gaussian","group:trait","rotation",2,27,1800027,1853027,20,24,2,399,0.595,FALSE
"gaussian_global_null","gaussian","group","rotation",2,28,1800028,1851028,20,24,2,399,0.4925,FALSE
"gaussian_global_null","gaussian","trait","rotation",2,28,1800028,1852028,20,24,2,399,0.1175,FALSE
"gaussian_global_null","gaussian","group:trait","rotation",2,28,1800028,1853028,20,24,2,399,0.085,FALSE
"gaussian_global_null","gaussian","group","rotation",2,29,1800029,1851029,20,24,2,399,0.005,TRUE
"gaussian_global_null","gaussian","trait","rotation",2,29,1800029,1852029,20,24,2,399,0.84,FALSE
"gaussian_global_null","gaussian","group:trait","rotation",2,29,1800029,1853029,20,24,2,399,0.45,FALSE
"gaussian_global_null","gaussian","group","rotation",2,30,1800030,1851030,20,24,2,399,0.0725,FALSE
"gaussian_global_null","gaussian","trait","rotation",2,30,1800030,1852030,20,24,2,399,0.62,FALSE
"gaussian_global_null","gaussian","group:trait","rotation",2,30,1800030,1853030,20,24,2,399,0.16,FALSE
"gaussian_global_null","gaussian","group","rotation",2,31,1800031,1851031,20,24,2,399,0.17,FALSE
"gaussian_global_null","gaussian","trait","rotation",2,31,1800031,1852031,20,24,2,399,0.965,FALSE
"gaussian_global_null","gaussian","group:trait","rotation",2,31,1800031,1853031,20,24,2,399,0.8875,FALSE
"gaussian_global_null","gaussian","group","rotation",2,32,1800032,1851032,20,24,2,399,0.4125,FALSE
"gaussian_global_null","gaussian","trait","rotation",2,32,1800032,1852032,20,24,2,399,0.88,FALSE
"gaussian_global_null","gaussian","group:trait","rotation",2,32,1800032,1853032,20,24,2,399,0.5425,FALSE
"gaussian_global_null","gaussian","group","rotation",2,33,1800033,1851033,20,24,2,399,0.365,FALSE
"gaussian_global_null","gaussian","trait","rotation",2,33,1800033,1852033,20,24,2,399,0.445,FALSE
"gaussian_global_null","gaussian","group:trait","rotation",2,33,1800033,1853033,20,24,2,399,0.9575,FALSE
"gaussian_global_null","gaussian","group","rotation",2,34,1800034,1851034,20,24,2,399,0.6,FALSE
"gaussian_global_null","gaussian","trait","rotation",2,34,1800034,1852034,20,24,2,399,0.0375,TRUE
"gaussian_global_null","gaussian","group:trait","rotation",2,34,1800034,1853034,20,24,2,399,0.1325,FALSE
"gaussian_global_null","gaussian","group","rotation",2,35,1800035,1851035,20,24,2,399,0.275,FALSE
"gaussian_global_null","gaussian","trait","rotation",2,35,1800035,1852035,20,24,2,399,0.235,FALSE
"gaussian_global_null","gaussian","group:trait","rotation",2,35,1800035,1853035,20,24,2,399,0.6375,FALSE
"gaussian_global_null","gaussian","group","rotation",2,36,1800036,1851036,20,24,2,399,0.105,FALSE
"gaussian_global_null","gaussian","trait","rotation",2,36,1800036,1852036,20,24,2,399,0.6675,FALSE
"gaussian_global_null","gaussian","group:trait","rotation",2,36,1800036,1853036,20,24,2,399,0.8575,FALSE
"gaussian_global_null","gaussian","group","rotation",2,37,1800037,1851037,20,24,2,399,0.91,FALSE
"gaussian_global_null","gaussian","trait","rotation",2,37,1800037,1852037,20,24,2,399,0.3925,FALSE
"gaussian_global_null","gaussian","group:trait","rotation",2,37,1800037,1853037,20,24,2,399,0.4925,FALSE
"gaussian_global_null","gaussian","group","rotation",2,38,1800038,1851038,20,24,2,399,0.8225,FALSE
"gaussian_global_null","gaussian","trait","rotation",2,38,1800038,1852038,20,24,2,399,0.155,FALSE
"gaussian_global_null","gaussian","group:trait","rotation",2,38,1800038,1853038,20,24,2,399,0.26,FALSE
"gaussian_global_null","gaussian","group","rotation",2,39,1800039,1851039,20,24,2,399,0.26,FALSE
"gaussian_global_null","gaussian","trait","rotation",2,39,1800039,1852039,20,24,2,399,0.47,FALSE
"gaussian_global_null","gaussian","group:trait","rotation",2,39,1800039,1853039,20,24,2,399,0.04,TRUE
"gaussian_global_null","gaussian","group","rotation",2,40,1800040,1851040,20,24,2,399,0.005,TRUE
"gaussian_global_null","gaussian","trait","rotation",2,40,1800040,1852040,20,24,2,399,0.3325,FALSE
"gaussian_global_null","gaussian","group:trait","rotation",2,40,1800040,1853040,20,24,2,399,0.2175,FALSE
"gaussian_global_null","gaussian","group","rotation",2,41,1800041,1851041,20,24,2,399,0.0875,FALSE
"gaussian_global_null","gaussian","trait","rotation",2,41,1800041,1852041,20,24,2,399,0.7225,FALSE
"gaussian_global_null","gaussian","group:trait","rotation",2,41,1800041,1853041,20,24,2,399,0.49,FALSE
"gaussian_global_null","gaussian","group","rotation",2,42,1800042,1851042,20,24,2,399,0.4675,FALSE
"gaussian_global_null","gaussian","trait","rotation",2,42,1800042,1852042,20,24,2,399,0.295,FALSE
"gaussian_global_null","gaussian","group:trait","rotation",2,42,1800042,1853042,20,24,2,399,0.295,FALSE
"gaussian_global_null","gaussian","group","rotation",2,43,1800043,1851043,20,24,2,399,0.875,FALSE
"gaussian_global_null","gaussian","trait","rotation",2,43,1800043,1852043,20,24,2,399,0.8975,FALSE
"gaussian_global_null","gaussian","group:trait","rotation",2,43,1800043,1853043,20,24,2,399,0.585,FALSE
"gaussian_global_null","gaussian","group","rotation",2,44,1800044,1851044,20,24,2,399,0.5275,FALSE
"gaussian_global_null","gaussian","trait","rotation",2,44,1800044,1852044,20,24,2,399,0.86,FALSE
"gaussian_global_null","gaussian","group:trait","rotation",2,44,1800044,1853044,20,24,2,399,0.955,FALSE
"gaussian_global_null","gaussian","group","rotation",2,45,1800045,1851045,20,24,2,399,0.98,FALSE
"gaussian_global_null","gaussian","trait","rotation",2,45,1800045,1852045,20,24,2,399,0.9325,FALSE
"gaussian_global_null","gaussian","group:trait","rotation",2,45,1800045,1853045,20,24,2,399,0.725,FALSE
"gaussian_global_null","gaussian","group","rotation",2,46,1800046,1851046,20,24,2,399,0.6125,FALSE
"gaussian_global_null","gaussian","trait","rotation",2,46,1800046,1852046,20,24,2,399,0.1575,FALSE
"gaussian_global_null","gaussian","group:trait","rotation",2,46,1800046,1853046,20,24,2,399,0.2575,FALSE
"gaussian_global_null","gaussian","group","rotation",2,47,1800047,1851047,20,24,2,399,0.67,FALSE
"gaussian_global_null","gaussian","trait","rotation",2,47,1800047,1852047,20,24,2,399,0.3725,FALSE
"gaussian_global_null","gaussian","group:trait","rotation",2,47,1800047,1853047,20,24,2,399,0.5925,FALSE
"gaussian_global_null","gaussian","group","rotation",2,48,1800048,1851048,20,24,2,399,0.9925,FALSE
"gaussian_global_null","gaussian","trait","rotation",2,48,1800048,1852048,20,24,2,399,0.2125,FALSE
"gaussian_global_null","gaussian","group:trait","rotation",2,48,1800048,1853048,20,24,2,399,0.4225,FALSE
"gaussian_global_null","gaussian","group","rotation",2,49,1800049,1851049,20,24,2,399,0.665,FALSE
"gaussian_global_null","gaussian","trait","rotation",2,49,1800049,1852049,20,24,2,399,0.535,FALSE
"gaussian_global_null","gaussian","group:trait","rotation",2,49,1800049,1853049,20,24,2,399,0.87,FALSE
"gaussian_global_null","gaussian","group","rotation",2,50,1800050,1851050,20,24,2,399,0.2075,FALSE
"gaussian_global_null","gaussian","trait","rotation",2,50,1800050,1852050,20,24,2,399,0.98,FALSE
"gaussian_global_null","gaussian","group:trait","rotation",2,50,1800050,1853050,20,24,2,399,0.3125,FALSE
"gaussian_global_null","gaussian","group","rotation",2,51,1800051,1851051,20,24,2,399,0.725,FALSE
"gaussian_global_null","gaussian","trait","rotation",2,51,1800051,1852051,20,24,2,399,0.1125,FALSE
"gaussian_global_null","gaussian","group:trait","rotation",2,51,1800051,1853051,20,24,2,399,0.9875,FALSE
"gaussian_global_null","gaussian","group","rotation",2,52,1800052,1851052,20,24,2,399,0.22,FALSE
"gaussian_global_null","gaussian","trait","rotation",2,52,1800052,1852052,20,24,2,399,0.6275,FALSE
"gaussian_global_null","gaussian","group:trait","rotation",2,52,1800052,1853052,20,24,2,399,0.93,FALSE
"gaussian_global_null","gaussian","group","rotation",2,53,1800053,1851053,20,24,2,399,0.155,FALSE
"gaussian_global_null","gaussian","trait","rotation",2,53,1800053,1852053,20,24,2,399,0.0125,TRUE
"gaussian_global_null","gaussian","group:trait","rotation",2,53,1800053,1853053,20,24,2,399,0.61,FALSE
"gaussian_global_null","gaussian","group","rotation",2,54,1800054,1851054,20,24,2,399,0.0125,TRUE
"gaussian_global_null","gaussian","trait","rotation",2,54,1800054,1852054,20,24,2,399,0.3325,FALSE
"gaussian_global_null","gaussian","group:trait","rotation",2,54,1800054,1853054,20,24,2,399,0.7075,FALSE
"gaussian_global_null","gaussian","group","rotation",2,55,1800055,1851055,20,24,2,399,0.19,FALSE
"gaussian_global_null","gaussian","trait","rotation",2,55,1800055,1852055,20,24,2,399,0.165,FALSE
"gaussian_global_null","gaussian","group:trait","rotation",2,55,1800055,1853055,20,24,2,399,0.375,FALSE
"gaussian_global_null","gaussian","group","rotation",2,56,1800056,1851056,20,24,2,399,0.0125,TRUE
"gaussian_global_null","gaussian","trait","rotation",2,56,1800056,1852056,20,24,2,399,0.4875,FALSE
"gaussian_global_null","gaussian","group:trait","rotation",2,56,1800056,1853056,20,24,2,399,0.925,FALSE
"gaussian_global_null","gaussian","group","rotation",2,57,1800057,1851057,20,24,2,399,0.2025,FALSE
"gaussian_global_null","gaussian","trait","rotation",2,57,1800057,1852057,20,24,2,399,0.0075,TRUE
"gaussian_global_null","gaussian","group:trait","rotation",2,57,1800057,1853057,20,24,2,399,0.1,FALSE
"gaussian_global_null","gaussian","group","rotation",2,58,1800058,1851058,20,24,2,399,0.9525,FALSE
"gaussian_global_null","gaussian","trait","rotation",2,58,1800058,1852058,20,24,2,399,0.685,FALSE
"gaussian_global_null","gaussian","group:trait","rotation",2,58,1800058,1853058,20,24,2,399,0.1575,FALSE
"gaussian_global_null","gaussian","group","rotation",2,59,1800059,1851059,20,24,2,399,0.9525,FALSE
"gaussian_global_null","gaussian","trait","rotation",2,59,1800059,1852059,20,24,2,399,0.15,FALSE
"gaussian_global_null","gaussian","group:trait","rotation",2,59,1800059,1853059,20,24,2,399,0.205,FALSE
"gaussian_global_null","gaussian","group","rotation",2,60,1800060,1851060,20,24,2,399,0.765,FALSE
"gaussian_global_null","gaussian","trait","rotation",2,60,1800060,1852060,20,24,2,399,0.83,FALSE
"gaussian_global_null","gaussian","group:trait","rotation",2,60,1800060,1853060,20,24,2,399,0.7125,FALSE
"gaussian_global_null","gaussian","group","rotation",2,61,1800061,1851061,20,24,2,399,0.4125,FALSE
"gaussian_global_null","gaussian","trait","rotation",2,61,1800061,1852061,20,24,2,399,0.6975,FALSE
"gaussian_global_null","gaussian","group:trait","rotation",2,61,1800061,1853061,20,24,2,399,0.72,FALSE
"gaussian_global_null","gaussian","group","rotation",2,62,1800062,1851062,20,24,2,399,0.015,TRUE
"gaussian_global_null","gaussian","trait","rotation",2,62,1800062,1852062,20,24,2,399,0.095,FALSE
"gaussian_global_null","gaussian","group:trait","rotation",2,62,1800062,1853062,20,24,2,399,0.15,FALSE
"gaussian_global_null","gaussian","group","rotation",2,63,1800063,1851063,20,24,2,399,0.9475,FALSE
"gaussian_global_null","gaussian","trait","rotation",2,63,1800063,1852063,20,24,2,399,0.605,FALSE
"gaussian_global_null","gaussian","group:trait","rotation",2,63,1800063,1853063,20,24,2,399,0.4375,FALSE
"gaussian_global_null","gaussian","group","rotation",2,64,1800064,1851064,20,24,2,399,0.45,FALSE
"gaussian_global_null","gaussian","trait","rotation",2,64,1800064,1852064,20,24,2,399,0.7175,FALSE
"gaussian_global_null","gaussian","group:trait","rotation",2,64,1800064,1853064,20,24,2,399,0.735,FALSE
"gaussian_global_null","gaussian","group","rotation",2,65,1800065,1851065,20,24,2,399,0.6,FALSE
"gaussian_global_null","gaussian","trait","rotation",2,65,1800065,1852065,20,24,2,399,0.9975,FALSE
"gaussian_global_null","gaussian","group:trait","rotation",2,65,1800065,1853065,20,24,2,399,0.5925,FALSE
"gaussian_global_null","gaussian","group","rotation",2,66,1800066,1851066,20,24,2,399,0.2475,FALSE
"gaussian_global_null","gaussian","trait","rotation",2,66,1800066,1852066,20,24,2,399,0.47,FALSE
"gaussian_global_null","gaussian","group:trait","rotation",2,66,1800066,1853066,20,24,2,399,0.65,FALSE
"gaussian_global_null","gaussian","group","rotation",2,67,1800067,1851067,20,24,2,399,0.2475,FALSE
"gaussian_global_null","gaussian","trait","rotation",2,67,1800067,1852067,20,24,2,399,0.5575,FALSE
"gaussian_global_null","gaussian","group:trait","rotation",2,67,1800067,1853067,20,24,2,399,0.1675,FALSE
"gaussian_global_null","gaussian","group","rotation",2,68,1800068,1851068,20,24,2,399,0.2375,FALSE
"gaussian_global_null","gaussian","trait","rotation",2,68,1800068,1852068,20,24,2,399,0.0325,TRUE
"gaussian_global_null","gaussian","group:trait","rotation",2,68,1800068,1853068,20,24,2,399,0.135,FALSE
"gaussian_global_null","gaussian","group","rotation",2,69,1800069,1851069,20,24,2,399,0.3725,FALSE
"gaussian_global_null","gaussian","trait","rotation",2,69,1800069,1852069,20,24,2,399,0.9775,FALSE
"gaussian_global_null","gaussian","group:trait","rotation",2,69,1800069,1853069,20,24,2,399,0.65,FALSE
"gaussian_global_null","gaussian","group","rotation",2,70,1800070,1851070,20,24,2,399,0.3425,FALSE
"gaussian_global_null","gaussian","trait","rotation",2,70,1800070,1852070,20,24,2,399,0.31,FALSE
"gaussian_global_null","gaussian","group:trait","rotation",2,70,1800070,1853070,20,24,2,399,0.6075,FALSE
"gaussian_global_null","gaussian","group","rotation",2,71,1800071,1851071,20,24,2,399,0.59,FALSE
"gaussian_global_null","gaussian","trait","rotation",2,71,1800071,1852071,20,24,2,399,0.945,FALSE
"gaussian_global_null","gaussian","group:trait","rotation",2,71,1800071,1853071,20,24,2,399,0.425,FALSE
"gaussian_global_null","gaussian","group","rotation",2,72,1800072,1851072,20,24,2,399,0.9525,FALSE
"gaussian_global_null","gaussian","trait","rotation",2,72,1800072,1852072,20,24,2,399,0.675,FALSE
"gaussian_global_null","gaussian","group:trait","rotation",2,72,1800072,1853072,20,24,2,399,0.665,FALSE
"gaussian_global_null","gaussian","group","rotation",2,73,1800073,1851073,20,24,2,399,0.84,FALSE
"gaussian_global_null","gaussian","trait","rotation",2,73,1800073,1852073,20,24,2,399,0.0375,TRUE
"gaussian_global_null","gaussian","group:trait","rotation",2,73,1800073,1853073,20,24,2,399,0.1375,FALSE
"gaussian_global_null","gaussian","group","rotation",2,74,1800074,1851074,20,24,2,399,0.99,FALSE
"gaussian_global_null","gaussian","trait","rotation",2,74,1800074,1852074,20,24,2,399,0.0825,FALSE
"gaussian_global_null","gaussian","group:trait","rotation",2,74,1800074,1853074,20,24,2,399,0.0525,FALSE
"gaussian_global_null","gaussian","group","rotation",2,75,1800075,1851075,20,24,2,399,0.2925,FALSE
"gaussian_global_null","gaussian","trait","rotation",2,75,1800075,1852075,20,24,2,399,0.9425,FALSE
"gaussian_global_null","gaussian","group:trait","rotation",2,75,1800075,1853075,20,24,2,399,0.755,FALSE
"gaussian_global_null","gaussian","group","rotation",2,76,1800076,1851076,20,24,2,399,0.99,FALSE
"gaussian_global_null","gaussian","trait","rotation",2,76,1800076,1852076,20,24,2,399,0.54,FALSE
"gaussian_global_null","gaussian","group:trait","rotation",2,76,1800076,1853076,20,24,2,399,0.4675,FALSE
"gaussian_global_null","gaussian","group","rotation",2,77,1800077,1851077,20,24,2,399,0.7325,FALSE
"gaussian_global_null","gaussian","trait","rotation",2,77,1800077,1852077,20,24,2,399,0.9225,FALSE
"gaussian_global_null","gaussian","group:trait","rotation",2,77,1800077,1853077,20,24,2,399,0.855,FALSE
"gaussian_global_null","gaussian","group","rotation",2,78,1800078,1851078,20,24,2,399,0.7475,FALSE
"gaussian_global_null","gaussian","trait","rotation",2,78,1800078,1852078,20,24,2,399,0.805,FALSE
"gaussian_global_null","gaussian","group:trait","rotation",2,78,1800078,1853078,20,24,2,399,0.0725,FALSE
"gaussian_global_null","gaussian","group","rotation",2,79,1800079,1851079,20,24,2,399,0.6675,FALSE
"gaussian_global_null","gaussian","trait","rotation",2,79,1800079,1852079,20,24,2,399,0.8775,FALSE
"gaussian_global_null","gaussian","group:trait","rotation",2,79,1800079,1853079,20,24,2,399,0.4975,FALSE
"gaussian_global_null","gaussian","group","rotation",2,80,1800080,1851080,20,24,2,399,0.1475,FALSE
"gaussian_global_null","gaussian","trait","rotation",2,80,1800080,1852080,20,24,2,399,0.05,TRUE
"gaussian_global_null","gaussian","group:trait","rotation",2,80,1800080,1853080,20,24,2,399,0.1675,FALSE
"gaussian_global_null","gaussian","group","rotation",2,81,1800081,1851081,20,24,2,399,0.1675,FALSE
"gaussian_global_null","gaussian","trait","rotation",2,81,1800081,1852081,20,24,2,399,0.71,FALSE
"gaussian_global_null","gaussian","group:trait","rotation",2,81,1800081,1853081,20,24,2,399,0.4525,FALSE
"gaussian_global_null","gaussian","group","rotation",2,82,1800082,1851082,20,24,2,399,0.065,FALSE
"gaussian_global_null","gaussian","trait","rotation",2,82,1800082,1852082,20,24,2,399,0.32,FALSE
"gaussian_global_null","gaussian","group:trait","rotation",2,82,1800082,1853082,20,24,2,399,0.4025,FALSE
"gaussian_global_null","gaussian","group","rotation",2,83,1800083,1851083,20,24,2,399,0.4975,FALSE
"gaussian_global_null","gaussian","trait","rotation",2,83,1800083,1852083,20,24,2,399,0.53,FALSE
"gaussian_global_null","gaussian","group:trait","rotation",2,83,1800083,1853083,20,24,2,399,0.9225,FALSE
"gaussian_global_null","gaussian","group","rotation",2,84,1800084,1851084,20,24,2,399,0.8675,FALSE
"gaussian_global_null","gaussian","trait","rotation",2,84,1800084,1852084,20,24,2,399,0.2275,FALSE
"gaussian_global_null","gaussian","group:trait","rotation",2,84,1800084,1853084,20,24,2,399,0.5825,FALSE
"gaussian_global_null","gaussian","group","rotation",2,85,1800085,1851085,20,24,2,399,0.8225,FALSE
"gaussian_global_null","gaussian","trait","rotation",2,85,1800085,1852085,20,24,2,399,0.4975,FALSE
"gaussian_global_null","gaussian","group:trait","rotation",2,85,1800085,1853085,20,24,2,399,0.9525,FALSE
"gaussian_global_null","gaussian","group","rotation",2,86,1800086,1851086,20,24,2,399,0.5225,FALSE
"gaussian_global_null","gaussian","trait","rotation",2,86,1800086,1852086,20,24,2,399,0.53,FALSE
"gaussian_global_null","gaussian","group:trait","rotation",2,86,1800086,1853086,20,24,2,399,0.2875,FALSE
"gaussian_global_null","gaussian","group","rotation",2,87,1800087,1851087,20,24,2,399,0.7025,FALSE
"gaussian_global_null","gaussian","trait","rotation",2,87,1800087,1852087,20,24,2,399,0.4375,FALSE
"gaussian_global_null","gaussian","group:trait","rotation",2,87,1800087,1853087,20,24,2,399,0.53,FALSE
"gaussian_global_null","gaussian","group","rotation",2,88,1800088,1851088,20,24,2,399,0.5775,FALSE
"gaussian_global_null","gaussian","trait","rotation",2,88,1800088,1852088,20,24,2,399,0.25,FALSE
"gaussian_global_null","gaussian","group:trait","rotation",2,88,1800088,1853088,20,24,2,399,0.21,FALSE
"gaussian_global_null","gaussian","group","rotation",2,89,1800089,1851089,20,24,2,399,0.425,FALSE
"gaussian_global_null","gaussian","trait","rotation",2,89,1800089,1852089,20,24,2,399,0.075,FALSE
"gaussian_global_null","gaussian","group:trait","rotation",2,89,1800089,1853089,20,24,2,399,0.0675,FALSE
"gaussian_global_null","gaussian","group","rotation",2,90,1800090,1851090,20,24,2,399,0.8275,FALSE
"gaussian_global_null","gaussian","trait","rotation",2,90,1800090,1852090,20,24,2,399,0.6475,FALSE
"gaussian_global_null","gaussian","group:trait","rotation",2,90,1800090,1853090,20,24,2,399,0.5175,FALSE
"gaussian_global_null","gaussian","group","rotation",2,91,1800091,1851091,20,24,2,399,0.1275,FALSE
"gaussian_global_null","gaussian","trait","rotation",2,91,1800091,1852091,20,24,2,399,0.79,FALSE
"gaussian_global_null","gaussian","group:trait","rotation",2,91,1800091,1853091,20,24,2,399,0.5325,FALSE
"gaussian_global_null","gaussian","group","rotation",2,92,1800092,1851092,20,24,2,399,0.645,FALSE
"gaussian_global_null","gaussian","trait","rotation",2,92,1800092,1852092,20,24,2,399,0.39,FALSE
"gaussian_global_null","gaussian","group:trait","rotation",2,92,1800092,1853092,20,24,2,399,0.3375,FALSE
"gaussian_global_null","gaussian","group","rotation",2,93,1800093,1851093,20,24,2,399,0.26,FALSE
"gaussian_global_null","gaussian","trait","rotation",2,93,1800093,1852093,20,24,2,399,0.0575,FALSE
"gaussian_global_null","gaussian","group:trait","rotation",2,93,1800093,1853093,20,24,2,399,0.04,TRUE
"gaussian_global_null","gaussian","group","rotation",2,94,1800094,1851094,20,24,2,399,0.2875,FALSE
"gaussian_global_null","gaussian","trait","rotation",2,94,1800094,1852094,20,24,2,399,0.2325,FALSE
"gaussian_global_null","gaussian","group:trait","rotation",2,94,1800094,1853094,20,24,2,399,0.365,FALSE
"gaussian_global_null","gaussian","group","rotation",2,95,1800095,1851095,20,24,2,399,0.31,FALSE
"gaussian_global_null","gaussian","trait","rotation",2,95,1800095,1852095,20,24,2,399,0.575,FALSE
"gaussian_global_null","gaussian","group:trait","rotation",2,95,1800095,1853095,20,24,2,399,0.2375,FALSE
"gaussian_global_null","gaussian","group","rotation",2,96,1800096,1851096,20,24,2,399,0.4975,FALSE
"gaussian_global_null","gaussian","trait","rotation",2,96,1800096,1852096,20,24,2,399,0.3575,FALSE
"gaussian_global_null","gaussian","group:trait","rotation",2,96,1800096,1853096,20,24,2,399,0.8675,FALSE
"gaussian_global_null","gaussian","group","rotation",2,97,1800097,1851097,20,24,2,399,0.2425,FALSE
"gaussian_global_null","gaussian","trait","rotation",2,97,1800097,1852097,20,24,2,399,0.275,FALSE
"gaussian_global_null","gaussian","group:trait","rotation",2,97,1800097,1853097,20,24,2,399,0.0275,TRUE
"gaussian_global_null","gaussian","group","rotation",2,98,1800098,1851098,20,24,2,399,0.025,TRUE
"gaussian_global_null","gaussian","trait","rotation",2,98,1800098,1852098,20,24,2,399,0.02,TRUE
"gaussian_global_null","gaussian","group:trait","rotation",2,98,1800098,1853098,20,24,2,399,0.0225,TRUE
"gaussian_global_null","gaussian","group","rotation",2,99,1800099,1851099,20,24,2,399,0.2125,FALSE
"gaussian_global_null","gaussian","trait","rotation",2,99,1800099,1852099,20,24,2,399,0.7625,FALSE
"gaussian_global_null","gaussian","group:trait","rotation",2,99,1800099,1853099,20,24,2,399,0.7325,FALSE
"gaussian_global_null","gaussian","group","rotation",2,100,1800100,1851100,20,24,2,399,0.605,FALSE
"gaussian_global_null","gaussian","trait","rotation",2,100,1800100,1852100,20,24,2,399,0.4075,FALSE
"gaussian_global_null","gaussian","group:trait","rotation",2,100,1800100,1853100,20,24,2,399,0.105,FALSE
"gaussian_global_null","gaussian","group","rotation",2,101,1800101,1851101,20,24,2,399,0.1,FALSE
"gaussian_global_null","gaussian","trait","rotation",2,101,1800101,1852101,20,24,2,399,0.09,FALSE
"gaussian_global_null","gaussian","group:trait","rotation",2,101,1800101,1853101,20,24,2,399,0.705,FALSE
"gaussian_global_null","gaussian","group","rotation",2,102,1800102,1851102,20,24,2,399,0.4325,FALSE
"gaussian_global_null","gaussian","trait","rotation",2,102,1800102,1852102,20,24,2,399,0.0025,TRUE
"gaussian_global_null","gaussian","group:trait","rotation",2,102,1800102,1853102,20,24,2,399,0.005,TRUE
"gaussian_global_null","gaussian","group","rotation",2,103,1800103,1851103,20,24,2,399,0.25,FALSE
"gaussian_global_null","gaussian","trait","rotation",2,103,1800103,1852103,20,24,2,399,0.5175,FALSE
"gaussian_global_null","gaussian","group:trait","rotation",2,103,1800103,1853103,20,24,2,399,0.3825,FALSE
"gaussian_global_null","gaussian","group","rotation",2,104,1800104,1851104,20,24,2,399,0.1425,FALSE
"gaussian_global_null","gaussian","trait","rotation",2,104,1800104,1852104,20,24,2,399,0.89,FALSE
"gaussian_global_null","gaussian","group:trait","rotation",2,104,1800104,1853104,20,24,2,399,0.8325,FALSE
"gaussian_global_null","gaussian","group","rotation",2,105,1800105,1851105,20,24,2,399,0.62,FALSE
"gaussian_global_null","gaussian","trait","rotation",2,105,1800105,1852105,20,24,2,399,0.315,FALSE
"gaussian_global_null","gaussian","group:trait","rotation",2,105,1800105,1853105,20,24,2,399,0.1425,FALSE
"gaussian_global_null","gaussian","group","rotation",2,106,1800106,1851106,20,24,2,399,0.4875,FALSE
"gaussian_global_null","gaussian","trait","rotation",2,106,1800106,1852106,20,24,2,399,0.165,FALSE
"gaussian_global_null","gaussian","group:trait","rotation",2,106,1800106,1853106,20,24,2,399,0.0525,FALSE
"gaussian_global_null","gaussian","group","rotation",2,107,1800107,1851107,20,24,2,399,0.88,FALSE
"gaussian_global_null","gaussian","trait","rotation",2,107,1800107,1852107,20,24,2,399,0.905,FALSE
"gaussian_global_null","gaussian","group:trait","rotation",2,107,1800107,1853107,20,24,2,399,0.7475,FALSE
"gaussian_global_null","gaussian","group","rotation",2,108,1800108,1851108,20,24,2,399,0.325,FALSE
"gaussian_global_null","gaussian","trait","rotation",2,108,1800108,1852108,20,24,2,399,0.7825,FALSE
"gaussian_global_null","gaussian","group:trait","rotation",2,108,1800108,1853108,20,24,2,399,0.7475,FALSE
"gaussian_global_null","gaussian","group","rotation",2,109,1800109,1851109,20,24,2,399,0.515,FALSE
"gaussian_global_null","gaussian","trait","rotation",2,109,1800109,1852109,20,24,2,399,0.5275,FALSE
"gaussian_global_null","gaussian","group:trait","rotation",2,109,1800109,1853109,20,24,2,399,0.5425,FALSE
"gaussian_global_null","gaussian","group","rotation",2,110,1800110,1851110,20,24,2,399,0.3275,FALSE
"gaussian_global_null","gaussian","trait","rotation",2,110,1800110,1852110,20,24,2,399,0.0075,TRUE
"gaussian_global_null","gaussian","group:trait","rotation",2,110,1800110,1853110,20,24,2,399,0.39,FALSE
"gaussian_global_null","gaussian","group","rotation",2,111,1800111,1851111,20,24,2,399,0.515,FALSE
"gaussian_global_null","gaussian","trait","rotation",2,111,1800111,1852111,20,24,2,399,0.15,FALSE
"gaussian_global_null","gaussian","group:trait","rotation",2,111,1800111,1853111,20,24,2,399,0.4775,FALSE
"gaussian_global_null","gaussian","group","rotation",2,112,1800112,1851112,20,24,2,399,0.515,FALSE
"gaussian_global_null","gaussian","trait","rotation",2,112,1800112,1852112,20,24,2,399,0.465,FALSE
"gaussian_global_null","gaussian","group:trait","rotation",2,112,1800112,1853112,20,24,2,399,0.6675,FALSE
"gaussian_global_null","gaussian","group","rotation",2,113,1800113,1851113,20,24,2,399,0.715,FALSE
"gaussian_global_null","gaussian","trait","rotation",2,113,1800113,1852113,20,24,2,399,0.1575,FALSE
"gaussian_global_null","gaussian","group:trait","rotation",2,113,1800113,1853113,20,24,2,399,0.9975,FALSE
"gaussian_global_null","gaussian","group","rotation",2,114,1800114,1851114,20,24,2,399,0.09,FALSE
"gaussian_global_null","gaussian","trait","rotation",2,114,1800114,1852114,20,24,2,399,0.975,FALSE
"gaussian_global_null","gaussian","group:trait","rotation",2,114,1800114,1853114,20,24,2,399,0.9925,FALSE
"gaussian_global_null","gaussian","group","rotation",2,115,1800115,1851115,20,24,2,399,0.2825,FALSE
"gaussian_global_null","gaussian","trait","rotation",2,115,1800115,1852115,20,24,2,399,0.2575,FALSE
"gaussian_global_null","gaussian","group:trait","rotation",2,115,1800115,1853115,20,24,2,399,0.35,FALSE
"gaussian_global_null","gaussian","group","rotation",2,116,1800116,1851116,20,24,2,399,0.325,FALSE
"gaussian_global_null","gaussian","trait","rotation",2,116,1800116,1852116,20,24,2,399,0.47,FALSE
"gaussian_global_null","gaussian","group:trait","rotation",2,116,1800116,1853116,20,24,2,399,0.065,FALSE
"gaussian_global_null","gaussian","group","rotation",2,117,1800117,1851117,20,24,2,399,0.085,FALSE
"gaussian_global_null","gaussian","trait","rotation",2,117,1800117,1852117,20,24,2,399,0.87,FALSE
"gaussian_global_null","gaussian","group:trait","rotation",2,117,1800117,1853117,20,24,2,399,0.9925,FALSE
"gaussian_global_null","gaussian","group","rotation",2,118,1800118,1851118,20,24,2,399,0.185,FALSE
"gaussian_global_null","gaussian","trait","rotation",2,118,1800118,1852118,20,24,2,399,0.795,FALSE
"gaussian_global_null","gaussian","group:trait","rotation",2,118,1800118,1853118,20,24,2,399,0.815,FALSE
"gaussian_global_null","gaussian","group","rotation",2,119,1800119,1851119,20,24,2,399,0.8125,FALSE
"gaussian_global_null","gaussian","trait","rotation",2,119,1800119,1852119,20,24,2,399,0.8275,FALSE
"gaussian_global_null","gaussian","group:trait","rotation",2,119,1800119,1853119,20,24,2,399,0.8175,FALSE
"gaussian_global_null","gaussian","group","rotation",2,120,1800120,1851120,20,24,2,399,0.485,FALSE
"gaussian_global_null","gaussian","trait","rotation",2,120,1800120,1852120,20,24,2,399,0.12,FALSE
"gaussian_global_null","gaussian","group:trait","rotation",2,120,1800120,1853120,20,24,2,399,0.0375,TRUE
"gaussian_global_null","gaussian","group","rotation",2,121,1800121,1851121,20,24,2,399,0.84,FALSE
"gaussian_global_null","gaussian","trait","rotation",2,121,1800121,1852121,20,24,2,399,0.9,FALSE
"gaussian_global_null","gaussian","group:trait","rotation",2,121,1800121,1853121,20,24,2,399,0.0075,TRUE
"gaussian_global_null","gaussian","group","rotation",2,122,1800122,1851122,20,24,2,399,0.4425,FALSE
"gaussian_global_null","gaussian","trait","rotation",2,122,1800122,1852122,20,24,2,399,0.5525,FALSE
"gaussian_global_null","gaussian","group:trait","rotation",2,122,1800122,1853122,20,24,2,399,0.6925,FALSE
"gaussian_global_null","gaussian","group","rotation",2,123,1800123,1851123,20,24,2,399,0.2675,FALSE
"gaussian_global_null","gaussian","trait","rotation",2,123,1800123,1852123,20,24,2,399,0.605,FALSE
"gaussian_global_null","gaussian","group:trait","rotation",2,123,1800123,1853123,20,24,2,399,0.6975,FALSE
"gaussian_global_null","gaussian","group","rotation",2,124,1800124,1851124,20,24,2,399,0.5975,FALSE
"gaussian_global_null","gaussian","trait","rotation",2,124,1800124,1852124,20,24,2,399,0.5025,FALSE
"gaussian_global_null","gaussian","group:trait","rotation",2,124,1800124,1853124,20,24,2,399,0.775,FALSE
"gaussian_global_null","gaussian","group","rotation",2,125,1800125,1851125,20,24,2,399,0.135,FALSE
"gaussian_global_null","gaussian","trait","rotation",2,125,1800125,1852125,20,24,2,399,0.495,FALSE
"gaussian_global_null","gaussian","group:trait","rotation",2,125,1800125,1853125,20,24,2,399,0.2075,FALSE
"gaussian_global_null","gaussian","group","rotation",2,126,1800126,1851126,20,24,2,399,0.1725,FALSE
"gaussian_global_null","gaussian","trait","rotation",2,126,1800126,1852126,20,24,2,399,0.9275,FALSE
"gaussian_global_null","gaussian","group:trait","rotation",2,126,1800126,1853126,20,24,2,399,0.775,FALSE
"gaussian_global_null","gaussian","group","rotation",2,127,1800127,1851127,20,24,2,399,0.2025,FALSE
"gaussian_global_null","gaussian","trait","rotation",2,127,1800127,1852127,20,24,2,399,0.1725,FALSE
"gaussian_global_null","gaussian","group:trait","rotation",2,127,1800127,1853127,20,24,2,399,0.5125,FALSE
"gaussian_global_null","gaussian","group","rotation",2,128,1800128,1851128,20,24,2,399,0.1075,FALSE
"gaussian_global_null","gaussian","trait","rotation",2,128,1800128,1852128,20,24,2,399,0.685,FALSE
"gaussian_global_null","gaussian","group:trait","rotation",2,128,1800128,1853128,20,24,2,399,0.4025,FALSE
"gaussian_global_null","gaussian","group","rotation",2,129,1800129,1851129,20,24,2,399,0.8775,FALSE
"gaussian_global_null","gaussian","trait","rotation",2,129,1800129,1852129,20,24,2,399,0.17,FALSE
"gaussian_global_null","gaussian","group:trait","rotation",2,129,1800129,1853129,20,24,2,399,0.18,FALSE
"gaussian_global_null","gaussian","group","rotation",2,130,1800130,1851130,20,24,2,399,0.2775,FALSE
"gaussian_global_null","gaussian","trait","rotation",2,130,1800130,1852130,20,24,2,399,0.1525,FALSE
"gaussian_global_null","gaussian","group:trait","rotation",2,130,1800130,1853130,20,24,2,399,0.7725,FALSE
"gaussian_global_null","gaussian","group","rotation",2,131,1800131,1851131,20,24,2,399,0.8425,FALSE
"gaussian_global_null","gaussian","trait","rotation",2,131,1800131,1852131,20,24,2,399,0.6325,FALSE
"gaussian_global_null","gaussian","group:trait","rotation",2,131,1800131,1853131,20,24,2,399,0.8875,FALSE
"gaussian_global_null","gaussian","group","rotation",2,132,1800132,1851132,20,24,2,399,0.41,FALSE
"gaussian_global_null","gaussian","trait","rotation",2,132,1800132,1852132,20,24,2,399,0.58,FALSE
"gaussian_global_null","gaussian","group:trait","rotation",2,132,1800132,1853132,20,24,2,399,0.4375,FALSE
"gaussian_global_null","gaussian","group","rotation",2,133,1800133,1851133,20,24,2,399,0.69,FALSE
"gaussian_global_null","gaussian","trait","rotation",2,133,1800133,1852133,20,24,2,399,0.6175,FALSE
"gaussian_global_null","gaussian","group:trait","rotation",2,133,1800133,1853133,20,24,2,399,0.7725,FALSE
"gaussian_global_null","gaussian","group","rotation",2,134,1800134,1851134,20,24,2,399,0.1325,FALSE
"gaussian_global_null","gaussian","trait","rotation",2,134,1800134,1852134,20,24,2,399,0.2,FALSE
"gaussian_global_null","gaussian","group:trait","rotation",2,134,1800134,1853134,20,24,2,399,0.115,FALSE
"gaussian_global_null","gaussian","group","rotation",2,135,1800135,1851135,20,24,2,399,0.5175,FALSE
"gaussian_global_null","gaussian","trait","rotation",2,135,1800135,1852135,20,24,2,399,0.555,FALSE
"gaussian_global_null","gaussian","group:trait","rotation",2,135,1800135,1853135,20,24,2,399,0.665,FALSE
"gaussian_global_null","gaussian","group","rotation",2,136,1800136,1851136,20,24,2,399,0.62,FALSE
"gaussian_global_null","gaussian","trait","rotation",2,136,1800136,1852136,20,24,2,399,0.3125,FALSE
"gaussian_global_null","gaussian","group:trait","rotation",2,136,1800136,1853136,20,24,2,399,0.395,FALSE
"gaussian_global_null","gaussian","group","rotation",2,137,1800137,1851137,20,24,2,399,0.0375,TRUE
"gaussian_global_null","gaussian","trait","rotation",2,137,1800137,1852137,20,24,2,399,0.7375,FALSE
"gaussian_global_null","gaussian","group:trait","rotation",2,137,1800137,1853137,20,24,2,399,0.935,FALSE
"gaussian_global_null","gaussian","group","rotation",2,138,1800138,1851138,20,24,2,399,0.2125,FALSE
"gaussian_global_null","gaussian","trait","rotation",2,138,1800138,1852138,20,24,2,399,0.62,FALSE
"gaussian_global_null","gaussian","group:trait","rotation",2,138,1800138,1853138,20,24,2,399,0.135,FALSE
"gaussian_global_null","gaussian","group","rotation",2,139,1800139,1851139,20,24,2,399,0.9025,FALSE
"gaussian_global_null","gaussian","trait","rotation",2,139,1800139,1852139,20,24,2,399,0.975,FALSE
"gaussian_global_null","gaussian","group:trait","rotation",2,139,1800139,1853139,20,24,2,399,0.66,FALSE
"gaussian_global_null","gaussian","group","rotation",2,140,1800140,1851140,20,24,2,399,0.3575,FALSE
"gaussian_global_null","gaussian","trait","rotation",2,140,1800140,1852140,20,24,2,399,0.035,TRUE
"gaussian_global_null","gaussian","group:trait","rotation",2,140,1800140,1853140,20,24,2,399,0.085,FALSE
"gaussian_global_null","gaussian","group","rotation",2,141,1800141,1851141,20,24,2,399,0.935,FALSE
"gaussian_global_null","gaussian","trait","rotation",2,141,1800141,1852141,20,24,2,399,0.64,FALSE
"gaussian_global_null","gaussian","group:trait","rotation",2,141,1800141,1853141,20,24,2,399,0.605,FALSE
"gaussian_global_null","gaussian","group","rotation",2,142,1800142,1851142,20,24,2,399,0.47,FALSE
"gaussian_global_null","gaussian","trait","rotation",2,142,1800142,1852142,20,24,2,399,0.8525,FALSE
"gaussian_global_null","gaussian","group:trait","rotation",2,142,1800142,1853142,20,24,2,399,0.9475,FALSE
"gaussian_global_null","gaussian","group","rotation",2,143,1800143,1851143,20,24,2,399,0.78,FALSE
"gaussian_global_null","gaussian","trait","rotation",2,143,1800143,1852143,20,24,2,399,0.6125,FALSE
"gaussian_global_null","gaussian","group:trait","rotation",2,143,1800143,1853143,20,24,2,399,0.3675,FALSE
"gaussian_global_null","gaussian","group","rotation",2,144,1800144,1851144,20,24,2,399,0.3025,FALSE
"gaussian_global_null","gaussian","trait","rotation",2,144,1800144,1852144,20,24,2,399,0.0225,TRUE
"gaussian_global_null","gaussian","group:trait","rotation",2,144,1800144,1853144,20,24,2,399,0.1625,FALSE
"gaussian_global_null","gaussian","group","rotation",2,145,1800145,1851145,20,24,2,399,0.845,FALSE
"gaussian_global_null","gaussian","trait","rotation",2,145,1800145,1852145,20,24,2,399,0.35,FALSE
"gaussian_global_null","gaussian","group:trait","rotation",2,145,1800145,1853145,20,24,2,399,0.2225,FALSE
"gaussian_global_null","gaussian","group","rotation",2,146,1800146,1851146,20,24,2,399,0.065,FALSE
"gaussian_global_null","gaussian","trait","rotation",2,146,1800146,1852146,20,24,2,399,0.3975,FALSE
"gaussian_global_null","gaussian","group:trait","rotation",2,146,1800146,1853146,20,24,2,399,0.785,FALSE
"gaussian_global_null","gaussian","group","rotation",2,147,1800147,1851147,20,24,2,399,0.33,FALSE
"gaussian_global_null","gaussian","trait","rotation",2,147,1800147,1852147,20,24,2,399,0.9125,FALSE
"gaussian_global_null","gaussian","group:trait","rotation",2,147,1800147,1853147,20,24,2,399,0.61,FALSE
"gaussian_global_null","gaussian","group","rotation",2,148,1800148,1851148,20,24,2,399,0.4675,FALSE
"gaussian_global_null","gaussian","trait","rotation",2,148,1800148,1852148,20,24,2,399,0.38,FALSE
"gaussian_global_null","gaussian","group:trait","rotation",2,148,1800148,1853148,20,24,2,399,0.1675,FALSE
"gaussian_global_null","gaussian","group","rotation",2,149,1800149,1851149,20,24,2,399,0.3925,FALSE
"gaussian_global_null","gaussian","trait","rotation",2,149,1800149,1852149,20,24,2,399,0.3425,FALSE
"gaussian_global_null","gaussian","group:trait","rotation",2,149,1800149,1853149,20,24,2,399,0.92,FALSE
"gaussian_global_null","gaussian","group","rotation",2,150,1800150,1851150,20,24,2,399,0.6,FALSE
"gaussian_global_null","gaussian","trait","rotation",2,150,1800150,1852150,20,24,2,399,0.8925,FALSE
"gaussian_global_null","gaussian","group:trait","rotation",2,150,1800150,1853150,20,24,2,399,0.71,FALSE
"gaussian_global_null","gaussian","group","rotation",2,151,1800151,1851151,20,24,2,399,0.34,FALSE
"gaussian_global_null","gaussian","trait","rotation",2,151,1800151,1852151,20,24,2,399,0.16,FALSE
"gaussian_global_null","gaussian","group:trait","rotation",2,151,1800151,1853151,20,24,2,399,0.2725,FALSE
"gaussian_global_null","gaussian","group","rotation",2,152,1800152,1851152,20,24,2,399,0.56,FALSE
"gaussian_global_null","gaussian","trait","rotation",2,152,1800152,1852152,20,24,2,399,0.7575,FALSE
"gaussian_global_null","gaussian","group:trait","rotation",2,152,1800152,1853152,20,24,2,399,0.6675,FALSE
"gaussian_global_null","gaussian","group","rotation",2,153,1800153,1851153,20,24,2,399,0.375,FALSE
"gaussian_global_null","gaussian","trait","rotation",2,153,1800153,1852153,20,24,2,399,0.6425,FALSE
"gaussian_global_null","gaussian","group:trait","rotation",2,153,1800153,1853153,20,24,2,399,0.2125,FALSE
"gaussian_global_null","gaussian","group","rotation",2,154,1800154,1851154,20,24,2,399,0.555,FALSE
"gaussian_global_null","gaussian","trait","rotation",2,154,1800154,1852154,20,24,2,399,0.6175,FALSE
"gaussian_global_null","gaussian","group:trait","rotation",2,154,1800154,1853154,20,24,2,399,0.22,FALSE
"gaussian_global_null","gaussian","group","rotation",2,155,1800155,1851155,20,24,2,399,0.3175,FALSE
"gaussian_global_null","gaussian","trait","rotation",2,155,1800155,1852155,20,24,2,399,0.7575,FALSE
"gaussian_global_null","gaussian","group:trait","rotation",2,155,1800155,1853155,20,24,2,399,0.5825,FALSE
"gaussian_global_null","gaussian","group","rotation",2,156,1800156,1851156,20,24,2,399,0.2,FALSE
"gaussian_global_null","gaussian","trait","rotation",2,156,1800156,1852156,20,24,2,399,0.3975,FALSE
"gaussian_global_null","gaussian","group:trait","rotation",2,156,1800156,1853156,20,24,2,399,0.5325,FALSE
"gaussian_global_null","gaussian","group","rotation",2,157,1800157,1851157,20,24,2,399,0.5375,FALSE
"gaussian_global_null","gaussian","trait","rotation",2,157,1800157,1852157,20,24,2,399,0.6875,FALSE
"gaussian_global_null","gaussian","group:trait","rotation",2,157,1800157,1853157,20,24,2,399,0.7525,FALSE
"gaussian_global_null","gaussian","group","rotation",2,158,1800158,1851158,20,24,2,399,0.9125,FALSE
"gaussian_global_null","gaussian","trait","rotation",2,158,1800158,1852158,20,24,2,399,0.5275,FALSE
"gaussian_global_null","gaussian","group:trait","rotation",2,158,1800158,1853158,20,24,2,399,0.215,FALSE
"gaussian_global_null","gaussian","group","rotation",2,159,1800159,1851159,20,24,2,399,0.14,FALSE
"gaussian_global_null","gaussian","trait","rotation",2,159,1800159,1852159,20,24,2,399,0.4025,FALSE
"gaussian_global_null","gaussian","group:trait","rotation",2,159,1800159,1853159,20,24,2,399,0.0625,FALSE
"gaussian_global_null","gaussian","group","rotation",2,160,1800160,1851160,20,24,2,399,0.975,FALSE
"gaussian_global_null","gaussian","trait","rotation",2,160,1800160,1852160,20,24,2,399,0.6225,FALSE
"gaussian_global_null","gaussian","group:trait","rotation",2,160,1800160,1853160,20,24,2,399,0.295,FALSE
"gaussian_global_null","gaussian","group","rotation",2,161,1800161,1851161,20,24,2,399,0.75,FALSE
"gaussian_global_null","gaussian","trait","rotation",2,161,1800161,1852161,20,24,2,399,0.6475,FALSE
"gaussian_global_null","gaussian","group:trait","rotation",2,161,1800161,1853161,20,24,2,399,0.0825,FALSE
"gaussian_global_null","gaussian","group","rotation",2,162,1800162,1851162,20,24,2,399,0.1825,FALSE
"gaussian_global_null","gaussian","trait","rotation",2,162,1800162,1852162,20,24,2,399,0.8425,FALSE
"gaussian_global_null","gaussian","group:trait","rotation",2,162,1800162,1853162,20,24,2,399,0.8375,FALSE
"gaussian_global_null","gaussian","group","rotation",2,163,1800163,1851163,20,24,2,399,0.7925,FALSE
"gaussian_global_null","gaussian","trait","rotation",2,163,1800163,1852163,20,24,2,399,0.9475,FALSE
"gaussian_global_null","gaussian","group:trait","rotation",2,163,1800163,1853163,20,24,2,399,0.685,FALSE
"gaussian_global_null","gaussian","group","rotation",2,164,1800164,1851164,20,24,2,399,0.655,FALSE
"gaussian_global_null","gaussian","trait","rotation",2,164,1800164,1852164,20,24,2,399,0.5675,FALSE
"gaussian_global_null","gaussian","group:trait","rotation",2,164,1800164,1853164,20,24,2,399,0.8525,FALSE
"gaussian_global_null","gaussian","group","rotation",2,165,1800165,1851165,20,24,2,399,0.9575,FALSE
"gaussian_global_null","gaussian","trait","rotation",2,165,1800165,1852165,20,24,2,399,0.9275,FALSE
"gaussian_global_null","gaussian","group:trait","rotation",2,165,1800165,1853165,20,24,2,399,0.5525,FALSE
"gaussian_global_null","gaussian","group","rotation",2,166,1800166,1851166,20,24,2,399,0.76,FALSE
"gaussian_global_null","gaussian","trait","rotation",2,166,1800166,1852166,20,24,2,399,0.2,FALSE
"gaussian_global_null","gaussian","group:trait","rotation",2,166,1800166,1853166,20,24,2,399,0.41,FALSE
"gaussian_global_null","gaussian","group","rotation",2,167,1800167,1851167,20,24,2,399,0.02,TRUE
"gaussian_global_null","gaussian","trait","rotation",2,167,1800167,1852167,20,24,2,399,0.0425,TRUE
"gaussian_global_null","gaussian","group:trait","rotation",2,167,1800167,1853167,20,24,2,399,0.2075,FALSE
"gaussian_global_null","gaussian","group","rotation",2,168,1800168,1851168,20,24,2,399,0.4725,FALSE
"gaussian_global_null","gaussian","trait","rotation",2,168,1800168,1852168,20,24,2,399,0.4975,FALSE
"gaussian_global_null","gaussian","group:trait","rotation",2,168,1800168,1853168,20,24,2,399,0.38,FALSE
"gaussian_global_null","gaussian","group","rotation",2,169,1800169,1851169,20,24,2,399,0.81,FALSE
"gaussian_global_null","gaussian","trait","rotation",2,169,1800169,1852169,20,24,2,399,0.275,FALSE
"gaussian_global_null","gaussian","group:trait","rotation",2,169,1800169,1853169,20,24,2,399,0.2675,FALSE
"gaussian_global_null","gaussian","group","rotation",2,170,1800170,1851170,20,24,2,399,0.36,FALSE
"gaussian_global_null","gaussian","trait","rotation",2,170,1800170,1852170,20,24,2,399,0.0675,FALSE
"gaussian_global_null","gaussian","group:trait","rotation",2,170,1800170,1853170,20,24,2,399,0.31,FALSE
"gaussian_global_null","gaussian","group","rotation",2,171,1800171,1851171,20,24,2,399,0.645,FALSE
"gaussian_global_null","gaussian","trait","rotation",2,171,1800171,1852171,20,24,2,399,0.0375,TRUE
"gaussian_global_null","gaussian","group:trait","rotation",2,171,1800171,1853171,20,24,2,399,0.195,FALSE
"gaussian_global_null","gaussian","group","rotation",2,172,1800172,1851172,20,24,2,399,0.5975,FALSE
"gaussian_global_null","gaussian","trait","rotation",2,172,1800172,1852172,20,24,2,399,0.2225,FALSE
"gaussian_global_null","gaussian","group:trait","rotation",2,172,1800172,1853172,20,24,2,399,0.8325,FALSE
"gaussian_global_null","gaussian","group","rotation",2,173,1800173,1851173,20,24,2,399,0.7625,FALSE
"gaussian_global_null","gaussian","trait","rotation",2,173,1800173,1852173,20,24,2,399,0.9525,FALSE
"gaussian_global_null","gaussian","group:trait","rotation",2,173,1800173,1853173,20,24,2,399,0.94,FALSE
"gaussian_global_null","gaussian","group","rotation",2,174,1800174,1851174,20,24,2,399,0.265,FALSE
"gaussian_global_null","gaussian","trait","rotation",2,174,1800174,1852174,20,24,2,399,0.86,FALSE
"gaussian_global_null","gaussian","group:trait","rotation",2,174,1800174,1853174,20,24,2,399,0.5825,FALSE
"gaussian_global_null","gaussian","group","rotation",2,175,1800175,1851175,20,24,2,399,0.9325,FALSE
"gaussian_global_null","gaussian","trait","rotation",2,175,1800175,1852175,20,24,2,399,0.0425,TRUE
"gaussian_global_null","gaussian","group:trait","rotation",2,175,1800175,1853175,20,24,2,399,0.405,FALSE
"gaussian_global_null","gaussian","group","rotation",2,176,1800176,1851176,20,24,2,399,0.935,FALSE
"gaussian_global_null","gaussian","trait","rotation",2,176,1800176,1852176,20,24,2,399,0.26,FALSE
"gaussian_global_null","gaussian","group:trait","rotation",2,176,1800176,1853176,20,24,2,399,0.6925,FALSE
"gaussian_global_null","gaussian","group","rotation",2,177,1800177,1851177,20,24,2,399,0.35,FALSE
"gaussian_global_null","gaussian","trait","rotation",2,177,1800177,1852177,20,24,2,399,0.6025,FALSE
"gaussian_global_null","gaussian","group:trait","rotation",2,177,1800177,1853177,20,24,2,399,0.5325,FALSE
"gaussian_global_null","gaussian","group","rotation",2,178,1800178,1851178,20,24,2,399,0.6575,FALSE
"gaussian_global_null","gaussian","trait","rotation",2,178,1800178,1852178,20,24,2,399,0.345,FALSE
"gaussian_global_null","gaussian","group:trait","rotation",2,178,1800178,1853178,20,24,2,399,0.6725,FALSE
"gaussian_global_null","gaussian","group","rotation",2,179,1800179,1851179,20,24,2,399,0.3875,FALSE
"gaussian_global_null","gaussian","trait","rotation",2,179,1800179,1852179,20,24,2,399,0.3525,FALSE
"gaussian_global_null","gaussian","group:trait","rotation",2,179,1800179,1853179,20,24,2,399,0.49,FALSE
"gaussian_global_null","gaussian","group","rotation",2,180,1800180,1851180,20,24,2,399,0.95,FALSE
"gaussian_global_null","gaussian","trait","rotation",2,180,1800180,1852180,20,24,2,399,0.96,FALSE
"gaussian_global_null","gaussian","group:trait","rotation",2,180,1800180,1853180,20,24,2,399,0.6425,FALSE
"gaussian_global_null","gaussian","group","rotation",2,181,1800181,1851181,20,24,2,399,0.8275,FALSE
"gaussian_global_null","gaussian","trait","rotation",2,181,1800181,1852181,20,24,2,399,0.8425,FALSE
"gaussian_global_null","gaussian","group:trait","rotation",2,181,1800181,1853181,20,24,2,399,0.9525,FALSE
"gaussian_global_null","gaussian","group","rotation",2,182,1800182,1851182,20,24,2,399,1,FALSE
"gaussian_global_null","gaussian","trait","rotation",2,182,1800182,1852182,20,24,2,399,0.8125,FALSE
"gaussian_global_null","gaussian","group:trait","rotation",2,182,1800182,1853182,20,24,2,399,0.9075,FALSE
"gaussian_global_null","gaussian","group","rotation",2,183,1800183,1851183,20,24,2,399,0.7675,FALSE
"gaussian_global_null","gaussian","trait","rotation",2,183,1800183,1852183,20,24,2,399,0.6425,FALSE
"gaussian_global_null","gaussian","group:trait","rotation",2,183,1800183,1853183,20,24,2,399,0.905,FALSE
"gaussian_global_null","gaussian","group","rotation",2,184,1800184,1851184,20,24,2,399,0.125,FALSE
"gaussian_global_null","gaussian","trait","rotation",2,184,1800184,1852184,20,24,2,399,0.3925,FALSE
"gaussian_global_null","gaussian","group:trait","rotation",2,184,1800184,1853184,20,24,2,399,0.4775,FALSE
"gaussian_global_null","gaussian","group","rotation",2,185,1800185,1851185,20,24,2,399,0.685,FALSE
"gaussian_global_null","gaussian","trait","rotation",2,185,1800185,1852185,20,24,2,399,0.6125,FALSE
"gaussian_global_null","gaussian","group:trait","rotation",2,185,1800185,1853185,20,24,2,399,0.685,FALSE
"gaussian_global_null","gaussian","group","rotation",2,186,1800186,1851186,20,24,2,399,0.73,FALSE
"gaussian_global_null","gaussian","trait","rotation",2,186,1800186,1852186,20,24,2,399,0.13,FALSE
"gaussian_global_null","gaussian","group:trait","rotation",2,186,1800186,1853186,20,24,2,399,0.2575,FALSE
"gaussian_global_null","gaussian","group","rotation",2,187,1800187,1851187,20,24,2,399,0.915,FALSE
"gaussian_global_null","gaussian","trait","rotation",2,187,1800187,1852187,20,24,2,399,0.3325,FALSE
"gaussian_global_null","gaussian","group:trait","rotation",2,187,1800187,1853187,20,24,2,399,0.91,FALSE
"gaussian_global_null","gaussian","group","rotation",2,188,1800188,1851188,20,24,2,399,0.845,FALSE
"gaussian_global_null","gaussian","trait","rotation",2,188,1800188,1852188,20,24,2,399,0.975,FALSE
"gaussian_global_null","gaussian","group:trait","rotation",2,188,1800188,1853188,20,24,2,399,0.6425,FALSE
"gaussian_global_null","gaussian","group","rotation",2,189,1800189,1851189,20,24,2,399,0.3525,FALSE
"gaussian_global_null","gaussian","trait","rotation",2,189,1800189,1852189,20,24,2,399,0.91,FALSE
"gaussian_global_null","gaussian","group:trait","rotation",2,189,1800189,1853189,20,24,2,399,0.725,FALSE
"gaussian_global_null","gaussian","group","rotation",2,190,1800190,1851190,20,24,2,399,0.9725,FALSE
"gaussian_global_null","gaussian","trait","rotation",2,190,1800190,1852190,20,24,2,399,0.715,FALSE
"gaussian_global_null","gaussian","group:trait","rotation",2,190,1800190,1853190,20,24,2,399,0.405,FALSE
"gaussian_global_null","gaussian","group","rotation",2,191,1800191,1851191,20,24,2,399,0.885,FALSE
"gaussian_global_null","gaussian","trait","rotation",2,191,1800191,1852191,20,24,2,399,0.265,FALSE
"gaussian_global_null","gaussian","group:trait","rotation",2,191,1800191,1853191,20,24,2,399,0.1975,FALSE
"gaussian_global_null","gaussian","group","rotation",2,192,1800192,1851192,20,24,2,399,0.2275,FALSE
"gaussian_global_null","gaussian","trait","rotation",2,192,1800192,1852192,20,24,2,399,0.695,FALSE
"gaussian_global_null","gaussian","group:trait","rotation",2,192,1800192,1853192,20,24,2,399,0.4575,FALSE
"gaussian_global_null","gaussian","group","rotation",2,193,1800193,1851193,20,24,2,399,0.0175,TRUE
"gaussian_global_null","gaussian","trait","rotation",2,193,1800193,1852193,20,24,2,399,0.2925,FALSE
"gaussian_global_null","gaussian","group:trait","rotation",2,193,1800193,1853193,20,24,2,399,0.53,FALSE
"gaussian_global_null","gaussian","group","rotation",2,194,1800194,1851194,20,24,2,399,0.555,FALSE
"gaussian_global_null","gaussian","trait","rotation",2,194,1800194,1852194,20,24,2,399,0.4975,FALSE
"gaussian_global_null","gaussian","group:trait","rotation",2,194,1800194,1853194,20,24,2,399,0.55,FALSE
"gaussian_global_null","gaussian","group","rotation",2,195,1800195,1851195,20,24,2,399,0.5075,FALSE
"gaussian_global_null","gaussian","trait","rotation",2,195,1800195,1852195,20,24,2,399,0.71,FALSE
"gaussian_global_null","gaussian","group:trait","rotation",2,195,1800195,1853195,20,24,2,399,0.9275,FALSE
"gaussian_global_null","gaussian","group","rotation",2,196,1800196,1851196,20,24,2,399,0.7425,FALSE
"gaussian_global_null","gaussian","trait","rotation",2,196,1800196,1852196,20,24,2,399,0.7225,FALSE
"gaussian_global_null","gaussian","group:trait","rotation",2,196,1800196,1853196,20,24,2,399,0.6275,FALSE
"gaussian_global_null","gaussian","group","rotation",2,197,1800197,1851197,20,24,2,399,0.4725,FALSE
"gaussian_global_null","gaussian","trait","rotation",2,197,1800197,1852197,20,24,2,399,0.2175,FALSE
"gaussian_global_null","gaussian","group:trait","rotation",2,197,1800197,1853197,20,24,2,399,0.1625,FALSE
"gaussian_global_null","gaussian","group","rotation",2,198,1800198,1851198,20,24,2,399,0.1025,FALSE
"gaussian_global_null","gaussian","trait","rotation",2,198,1800198,1852198,20,24,2,399,0.2075,FALSE
"gaussian_global_null","gaussian","group:trait","rotation",2,198,1800198,1853198,20,24,2,399,0.7375,FALSE
"gaussian_global_null","gaussian","group","rotation",2,199,1800199,1851199,20,24,2,399,0.0875,FALSE
"gaussian_global_null","gaussian","trait","rotation",2,199,1800199,1852199,20,24,2,399,0.0275,TRUE
"gaussian_global_null","gaussian","group:trait","rotation",2,199,1800199,1853199,20,24,2,399,0.315,FALSE
"gaussian_global_null","gaussian","group","rotation",2,200,1800200,1851200,20,24,2,399,0.5225,FALSE
"gaussian_global_null","gaussian","trait","rotation",2,200,1800200,1852200,20,24,2,399,0.43,FALSE
"gaussian_global_null","gaussian","group:trait","rotation",2,200,1800200,1853200,20,24,2,399,0.015,TRUE
"gaussian_global_null","gaussian","group","rotation",3,1,1900001,1951001,20,24,2,399,0.095,FALSE
"gaussian_global_null","gaussian","trait","rotation",3,1,1900001,1952001,20,24,2,399,0.1,FALSE
"gaussian_global_null","gaussian","group:trait","rotation",3,1,1900001,1953001,20,24,2,399,0.345,FALSE
"gaussian_global_null","gaussian","group","rotation",3,2,1900002,1951002,20,24,2,399,0.955,FALSE
"gaussian_global_null","gaussian","trait","rotation",3,2,1900002,1952002,20,24,2,399,0.7275,FALSE
"gaussian_global_null","gaussian","group:trait","rotation",3,2,1900002,1953002,20,24,2,399,0.8775,FALSE
"gaussian_global_null","gaussian","group","rotation",3,3,1900003,1951003,20,24,2,399,0.04,TRUE
"gaussian_global_null","gaussian","trait","rotation",3,3,1900003,1952003,20,24,2,399,0.555,FALSE
"gaussian_global_null","gaussian","group:trait","rotation",3,3,1900003,1953003,20,24,2,399,0.1225,FALSE
"gaussian_global_null","gaussian","group","rotation",3,4,1900004,1951004,20,24,2,399,0.67,FALSE
"gaussian_global_null","gaussian","trait","rotation",3,4,1900004,1952004,20,24,2,399,0.5575,FALSE
"gaussian_global_null","gaussian","group:trait","rotation",3,4,1900004,1953004,20,24,2,399,0.9825,FALSE
"gaussian_global_null","gaussian","group","rotation",3,5,1900005,1951005,20,24,2,399,0.41,FALSE
"gaussian_global_null","gaussian","trait","rotation",3,5,1900005,1952005,20,24,2,399,0.4975,FALSE
"gaussian_global_null","gaussian","group:trait","rotation",3,5,1900005,1953005,20,24,2,399,0.6425,FALSE
"gaussian_global_null","gaussian","group","rotation",3,6,1900006,1951006,20,24,2,399,0.74,FALSE
"gaussian_global_null","gaussian","trait","rotation",3,6,1900006,1952006,20,24,2,399,0.6775,FALSE
"gaussian_global_null","gaussian","group:trait","rotation",3,6,1900006,1953006,20,24,2,399,0.975,FALSE
"gaussian_global_null","gaussian","group","rotation",3,7,1900007,1951007,20,24,2,399,0.41,FALSE
"gaussian_global_null","gaussian","trait","rotation",3,7,1900007,1952007,20,24,2,399,0.86,FALSE
"gaussian_global_null","gaussian","group:trait","rotation",3,7,1900007,1953007,20,24,2,399,0.4175,FALSE
"gaussian_global_null","gaussian","group","rotation",3,8,1900008,1951008,20,24,2,399,0.375,FALSE
"gaussian_global_null","gaussian","trait","rotation",3,8,1900008,1952008,20,24,2,399,0.7425,FALSE
"gaussian_global_null","gaussian","group:trait","rotation",3,8,1900008,1953008,20,24,2,399,0.5775,FALSE
"gaussian_global_null","gaussian","group","rotation",3,9,1900009,1951009,20,24,2,399,0.385,FALSE
"gaussian_global_null","gaussian","trait","rotation",3,9,1900009,1952009,20,24,2,399,0.7125,FALSE
"gaussian_global_null","gaussian","group:trait","rotation",3,9,1900009,1953009,20,24,2,399,0.61,FALSE
"gaussian_global_null","gaussian","group","rotation",3,10,1900010,1951010,20,24,2,399,0.0225,TRUE
"gaussian_global_null","gaussian","trait","rotation",3,10,1900010,1952010,20,24,2,399,0.1025,FALSE
"gaussian_global_null","gaussian","group:trait","rotation",3,10,1900010,1953010,20,24,2,399,0.01,TRUE
"gaussian_global_null","gaussian","group","rotation",3,11,1900011,1951011,20,24,2,399,0.3025,FALSE
"gaussian_global_null","gaussian","trait","rotation",3,11,1900011,1952011,20,24,2,399,0.62,FALSE
"gaussian_global_null","gaussian","group:trait","rotation",3,11,1900011,1953011,20,24,2,399,0.9825,FALSE
"gaussian_global_null","gaussian","group","rotation",3,12,1900012,1951012,20,24,2,399,0.9175,FALSE
"gaussian_global_null","gaussian","trait","rotation",3,12,1900012,1952012,20,24,2,399,0.7425,FALSE
"gaussian_global_null","gaussian","group:trait","rotation",3,12,1900012,1953012,20,24,2,399,0.615,FALSE
"gaussian_global_null","gaussian","group","rotation",3,13,1900013,1951013,20,24,2,399,0.99,FALSE
"gaussian_global_null","gaussian","trait","rotation",3,13,1900013,1952013,20,24,2,399,0.14,FALSE
"gaussian_global_null","gaussian","group:trait","rotation",3,13,1900013,1953013,20,24,2,399,0.55,FALSE
"gaussian_global_null","gaussian","group","rotation",3,14,1900014,1951014,20,24,2,399,0.11,FALSE
"gaussian_global_null","gaussian","trait","rotation",3,14,1900014,1952014,20,24,2,399,0.5075,FALSE
"gaussian_global_null","gaussian","group:trait","rotation",3,14,1900014,1953014,20,24,2,399,0.3025,FALSE
"gaussian_global_null","gaussian","group","rotation",3,15,1900015,1951015,20,24,2,399,0.06,FALSE
"gaussian_global_null","gaussian","trait","rotation",3,15,1900015,1952015,20,24,2,399,0.075,FALSE
"gaussian_global_null","gaussian","group:trait","rotation",3,15,1900015,1953015,20,24,2,399,0.2425,FALSE
"gaussian_global_null","gaussian","group","rotation",3,16,1900016,1951016,20,24,2,399,0.12,FALSE
"gaussian_global_null","gaussian","trait","rotation",3,16,1900016,1952016,20,24,2,399,0.2575,FALSE
"gaussian_global_null","gaussian","group:trait","rotation",3,16,1900016,1953016,20,24,2,399,0.0925,FALSE
"gaussian_global_null","gaussian","group","rotation",3,17,1900017,1951017,20,24,2,399,0.235,FALSE
"gaussian_global_null","gaussian","trait","rotation",3,17,1900017,1952017,20,24,2,399,0.9575,FALSE
"gaussian_global_null","gaussian","group:trait","rotation",3,17,1900017,1953017,20,24,2,399,0.2525,FALSE
"gaussian_global_null","gaussian","group","rotation",3,18,1900018,1951018,20,24,2,399,0.4025,FALSE
"gaussian_global_null","gaussian","trait","rotation",3,18,1900018,1952018,20,24,2,399,0.8275,FALSE
"gaussian_global_null","gaussian","group:trait","rotation",3,18,1900018,1953018,20,24,2,399,0.8375,FALSE
"gaussian_global_null","gaussian","group","rotation",3,19,1900019,1951019,20,24,2,399,0.6225,FALSE
"gaussian_global_null","gaussian","trait","rotation",3,19,1900019,1952019,20,24,2,399,0.2925,FALSE
"gaussian_global_null","gaussian","group:trait","rotation",3,19,1900019,1953019,20,24,2,399,0.5725,FALSE
"gaussian_global_null","gaussian","group","rotation",3,20,1900020,1951020,20,24,2,399,0.35,FALSE
"gaussian_global_null","gaussian","trait","rotation",3,20,1900020,1952020,20,24,2,399,0.83,FALSE
"gaussian_global_null","gaussian","group:trait","rotation",3,20,1900020,1953020,20,24,2,399,0.9775,FALSE
"gaussian_global_null","gaussian","group","rotation",3,21,1900021,1951021,20,24,2,399,0.2375,FALSE
"gaussian_global_null","gaussian","trait","rotation",3,21,1900021,1952021,20,24,2,399,0.6975,FALSE
"gaussian_global_null","gaussian","group:trait","rotation",3,21,1900021,1953021,20,24,2,399,0.2775,FALSE
"gaussian_global_null","gaussian","group","rotation",3,22,1900022,1951022,20,24,2,399,0.195,FALSE
"gaussian_global_null","gaussian","trait","rotation",3,22,1900022,1952022,20,24,2,399,0.685,FALSE
"gaussian_global_null","gaussian","group:trait","rotation",3,22,1900022,1953022,20,24,2,399,0.59,FALSE
"gaussian_global_null","gaussian","group","rotation",3,23,1900023,1951023,20,24,2,399,0.7225,FALSE
"gaussian_global_null","gaussian","trait","rotation",3,23,1900023,1952023,20,24,2,399,0.1225,FALSE
"gaussian_global_null","gaussian","group:trait","rotation",3,23,1900023,1953023,20,24,2,399,0.2575,FALSE
"gaussian_global_null","gaussian","group","rotation",3,24,1900024,1951024,20,24,2,399,0.3825,FALSE
"gaussian_global_null","gaussian","trait","rotation",3,24,1900024,1952024,20,24,2,399,0.7625,FALSE
"gaussian_global_null","gaussian","group:trait","rotation",3,24,1900024,1953024,20,24,2,399,0.9125,FALSE
"gaussian_global_null","gaussian","group","rotation",3,25,1900025,1951025,20,24,2,399,0.2125,FALSE
"gaussian_global_null","gaussian","trait","rotation",3,25,1900025,1952025,20,24,2,399,0.0775,FALSE
"gaussian_global_null","gaussian","group:trait","rotation",3,25,1900025,1953025,20,24,2,399,0.2825,FALSE
"gaussian_global_null","gaussian","group","rotation",3,26,1900026,1951026,20,24,2,399,0.4925,FALSE
"gaussian_global_null","gaussian","trait","rotation",3,26,1900026,1952026,20,24,2,399,0.275,FALSE
"gaussian_global_null","gaussian","group:trait","rotation",3,26,1900026,1953026,20,24,2,399,0.7275,FALSE
"gaussian_global_null","gaussian","group","rotation",3,27,1900027,1951027,20,24,2,399,0.2875,FALSE
"gaussian_global_null","gaussian","trait","rotation",3,27,1900027,1952027,20,24,2,399,0.9075,FALSE
"gaussian_global_null","gaussian","group:trait","rotation",3,27,1900027,1953027,20,24,2,399,0.97,FALSE
"gaussian_global_null","gaussian","group","rotation",3,28,1900028,1951028,20,24,2,399,0.1125,FALSE
"gaussian_global_null","gaussian","trait","rotation",3,28,1900028,1952028,20,24,2,399,0.3475,FALSE
"gaussian_global_null","gaussian","group:trait","rotation",3,28,1900028,1953028,20,24,2,399,0.6625,FALSE
"gaussian_global_null","gaussian","group","rotation",3,29,1900029,1951029,20,24,2,399,0.7775,FALSE
"gaussian_global_null","gaussian","trait","rotation",3,29,1900029,1952029,20,24,2,399,0.26,FALSE
"gaussian_global_null","gaussian","group:trait","rotation",3,29,1900029,1953029,20,24,2,399,0.3825,FALSE
"gaussian_global_null","gaussian","group","rotation",3,30,1900030,1951030,20,24,2,399,0.8525,FALSE
"gaussian_global_null","gaussian","trait","rotation",3,30,1900030,1952030,20,24,2,399,0.72,FALSE
"gaussian_global_null","gaussian","group:trait","rotation",3,30,1900030,1953030,20,24,2,399,0.5225,FALSE
"gaussian_global_null","gaussian","group","rotation",3,31,1900031,1951031,20,24,2,399,0.695,FALSE
"gaussian_global_null","gaussian","trait","rotation",3,31,1900031,1952031,20,24,2,399,0.1225,FALSE
"gaussian_global_null","gaussian","group:trait","rotation",3,31,1900031,1953031,20,24,2,399,0.6075,FALSE
"gaussian_global_null","gaussian","group","rotation",3,32,1900032,1951032,20,24,2,399,0.825,FALSE
"gaussian_global_null","gaussian","trait","rotation",3,32,1900032,1952032,20,24,2,399,0.995,FALSE
"gaussian_global_null","gaussian","group:trait","rotation",3,32,1900032,1953032,20,24,2,399,0.995,FALSE
"gaussian_global_null","gaussian","group","rotation",3,33,1900033,1951033,20,24,2,399,0.53,FALSE
"gaussian_global_null","gaussian","trait","rotation",3,33,1900033,1952033,20,24,2,399,0.435,FALSE
"gaussian_global_null","gaussian","group:trait","rotation",3,33,1900033,1953033,20,24,2,399,0.4225,FALSE
"gaussian_global_null","gaussian","group","rotation",3,34,1900034,1951034,20,24,2,399,0.9975,FALSE
"gaussian_global_null","gaussian","trait","rotation",3,34,1900034,1952034,20,24,2,399,0.24,FALSE
"gaussian_global_null","gaussian","group:trait","rotation",3,34,1900034,1953034,20,24,2,399,0.5625,FALSE
"gaussian_global_null","gaussian","group","rotation",3,35,1900035,1951035,20,24,2,399,0.7625,FALSE
"gaussian_global_null","gaussian","trait","rotation",3,35,1900035,1952035,20,24,2,399,0.44,FALSE
"gaussian_global_null","gaussian","group:trait","rotation",3,35,1900035,1953035,20,24,2,399,0.77,FALSE
"gaussian_global_null","gaussian","group","rotation",3,36,1900036,1951036,20,24,2,399,0.775,FALSE
"gaussian_global_null","gaussian","trait","rotation",3,36,1900036,1952036,20,24,2,399,0.515,FALSE
"gaussian_global_null","gaussian","group:trait","rotation",3,36,1900036,1953036,20,24,2,399,0.59,FALSE
"gaussian_global_null","gaussian","group","rotation",3,37,1900037,1951037,20,24,2,399,0.75,FALSE
"gaussian_global_null","gaussian","trait","rotation",3,37,1900037,1952037,20,24,2,399,0.605,FALSE
"gaussian_global_null","gaussian","group:trait","rotation",3,37,1900037,1953037,20,24,2,399,0.7775,FALSE
"gaussian_global_null","gaussian","group","rotation",3,38,1900038,1951038,20,24,2,399,0.2075,FALSE
"gaussian_global_null","gaussian","trait","rotation",3,38,1900038,1952038,20,24,2,399,0.445,FALSE
"gaussian_global_null","gaussian","group:trait","rotation",3,38,1900038,1953038,20,24,2,399,0.375,FALSE
"gaussian_global_null","gaussian","group","rotation",3,39,1900039,1951039,20,24,2,399,0.09,FALSE
"gaussian_global_null","gaussian","trait","rotation",3,39,1900039,1952039,20,24,2,399,0.9425,FALSE
"gaussian_global_null","gaussian","group:trait","rotation",3,39,1900039,1953039,20,24,2,399,0.9775,FALSE
"gaussian_global_null","gaussian","group","rotation",3,40,1900040,1951040,20,24,2,399,0.74,FALSE
"gaussian_global_null","gaussian","trait","rotation",3,40,1900040,1952040,20,24,2,399,0.0725,FALSE
"gaussian_global_null","gaussian","group:trait","rotation",3,40,1900040,1953040,20,24,2,399,0.0425,TRUE
"gaussian_global_null","gaussian","group","rotation",3,41,1900041,1951041,20,24,2,399,0.9125,FALSE
"gaussian_global_null","gaussian","trait","rotation",3,41,1900041,1952041,20,24,2,399,0.7575,FALSE
"gaussian_global_null","gaussian","group:trait","rotation",3,41,1900041,1953041,20,24,2,399,0.7875,FALSE
"gaussian_global_null","gaussian","group","rotation",3,42,1900042,1951042,20,24,2,399,0.17,FALSE
"gaussian_global_null","gaussian","trait","rotation",3,42,1900042,1952042,20,24,2,399,0.5675,FALSE
"gaussian_global_null","gaussian","group:trait","rotation",3,42,1900042,1953042,20,24,2,399,0.425,FALSE
"gaussian_global_null","gaussian","group","rotation",3,43,1900043,1951043,20,24,2,399,0.0425,TRUE
"gaussian_global_null","gaussian","trait","rotation",3,43,1900043,1952043,20,24,2,399,0.38,FALSE
"gaussian_global_null","gaussian","group:trait","rotation",3,43,1900043,1953043,20,24,2,399,0.1025,FALSE
"gaussian_global_null","gaussian","group","rotation",3,44,1900044,1951044,20,24,2,399,0.785,FALSE
"gaussian_global_null","gaussian","trait","rotation",3,44,1900044,1952044,20,24,2,399,0.705,FALSE
"gaussian_global_null","gaussian","group:trait","rotation",3,44,1900044,1953044,20,24,2,399,0.5925,FALSE
"gaussian_global_null","gaussian","group","rotation",3,45,1900045,1951045,20,24,2,399,0.9525,FALSE
"gaussian_global_null","gaussian","trait","rotation",3,45,1900045,1952045,20,24,2,399,0.285,FALSE
"gaussian_global_null","gaussian","group:trait","rotation",3,45,1900045,1953045,20,24,2,399,0.51,FALSE
"gaussian_global_null","gaussian","group","rotation",3,46,1900046,1951046,20,24,2,399,0.7,FALSE
"gaussian_global_null","gaussian","trait","rotation",3,46,1900046,1952046,20,24,2,399,0.595,FALSE
"gaussian_global_null","gaussian","group:trait","rotation",3,46,1900046,1953046,20,24,2,399,0.99,FALSE
"gaussian_global_null","gaussian","group","rotation",3,47,1900047,1951047,20,24,2,399,0.79,FALSE
"gaussian_global_null","gaussian","trait","rotation",3,47,1900047,1952047,20,24,2,399,0.0675,FALSE
"gaussian_global_null","gaussian","group:trait","rotation",3,47,1900047,1953047,20,24,2,399,0.66,FALSE
"gaussian_global_null","gaussian","group","rotation",3,48,1900048,1951048,20,24,2,399,0.845,FALSE
"gaussian_global_null","gaussian","trait","rotation",3,48,1900048,1952048,20,24,2,399,0.0425,TRUE
"gaussian_global_null","gaussian","group:trait","rotation",3,48,1900048,1953048,20,24,2,399,0.0775,FALSE
"gaussian_global_null","gaussian","group","rotation",3,49,1900049,1951049,20,24,2,399,0.245,FALSE
"gaussian_global_null","gaussian","trait","rotation",3,49,1900049,1952049,20,24,2,399,0.33,FALSE
"gaussian_global_null","gaussian","group:trait","rotation",3,49,1900049,1953049,20,24,2,399,0.2775,FALSE
"gaussian_global_null","gaussian","group","rotation",3,50,1900050,1951050,20,24,2,399,0.02,TRUE
"gaussian_global_null","gaussian","trait","rotation",3,50,1900050,1952050,20,24,2,399,0.51,FALSE
"gaussian_global_null","gaussian","group:trait","rotation",3,50,1900050,1953050,20,24,2,399,0.6775,FALSE
"gaussian_global_null","gaussian","group","rotation",3,51,1900051,1951051,20,24,2,399,0.4925,FALSE
"gaussian_global_null","gaussian","trait","rotation",3,51,1900051,1952051,20,24,2,399,0.235,FALSE
"gaussian_global_null","gaussian","group:trait","rotation",3,51,1900051,1953051,20,24,2,399,0.735,FALSE
"gaussian_global_null","gaussian","group","rotation",3,52,1900052,1951052,20,24,2,399,0.565,FALSE
"gaussian_global_null","gaussian","trait","rotation",3,52,1900052,1952052,20,24,2,399,0.8775,FALSE
"gaussian_global_null","gaussian","group:trait","rotation",3,52,1900052,1953052,20,24,2,399,0.63,FALSE
"gaussian_global_null","gaussian","group","rotation",3,53,1900053,1951053,20,24,2,399,0.4675,FALSE
"gaussian_global_null","gaussian","trait","rotation",3,53,1900053,1952053,20,24,2,399,0.845,FALSE
"gaussian_global_null","gaussian","group:trait","rotation",3,53,1900053,1953053,20,24,2,399,0.5575,FALSE
"gaussian_global_null","gaussian","group","rotation",3,54,1900054,1951054,20,24,2,399,0.3825,FALSE
"gaussian_global_null","gaussian","trait","rotation",3,54,1900054,1952054,20,24,2,399,0.58,FALSE
"gaussian_global_null","gaussian","group:trait","rotation",3,54,1900054,1953054,20,24,2,399,0.9925,FALSE
"gaussian_global_null","gaussian","group","rotation",3,55,1900055,1951055,20,24,2,399,0.9275,FALSE
"gaussian_global_null","gaussian","trait","rotation",3,55,1900055,1952055,20,24,2,399,0.6575,FALSE
"gaussian_global_null","gaussian","group:trait","rotation",3,55,1900055,1953055,20,24,2,399,0.3575,FALSE
"gaussian_global_null","gaussian","group","rotation",3,56,1900056,1951056,20,24,2,399,0.96,FALSE
"gaussian_global_null","gaussian","trait","rotation",3,56,1900056,1952056,20,24,2,399,0.725,FALSE
"gaussian_global_null","gaussian","group:trait","rotation",3,56,1900056,1953056,20,24,2,399,0.4375,FALSE
"gaussian_global_null","gaussian","group","rotation",3,57,1900057,1951057,20,24,2,399,0.595,FALSE
"gaussian_global_null","gaussian","trait","rotation",3,57,1900057,1952057,20,24,2,399,0.0675,FALSE
"gaussian_global_null","gaussian","group:trait","rotation",3,57,1900057,1953057,20,24,2,399,0.1025,FALSE
"gaussian_global_null","gaussian","group","rotation",3,58,1900058,1951058,20,24,2,399,0.9275,FALSE
"gaussian_global_null","gaussian","trait","rotation",3,58,1900058,1952058,20,24,2,399,0.5725,FALSE
"gaussian_global_null","gaussian","group:trait","rotation",3,58,1900058,1953058,20,24,2,399,0.415,FALSE
"gaussian_global_null","gaussian","group","rotation",3,59,1900059,1951059,20,24,2,399,0.62,FALSE
"gaussian_global_null","gaussian","trait","rotation",3,59,1900059,1952059,20,24,2,399,0.465,FALSE
"gaussian_global_null","gaussian","group:trait","rotation",3,59,1900059,1953059,20,24,2,399,0.5,FALSE
"gaussian_global_null","gaussian","group","rotation",3,60,1900060,1951060,20,24,2,399,0.8475,FALSE
"gaussian_global_null","gaussian","trait","rotation",3,60,1900060,1952060,20,24,2,399,0.4625,FALSE
"gaussian_global_null","gaussian","group:trait","rotation",3,60,1900060,1953060,20,24,2,399,0.285,FALSE
"gaussian_global_null","gaussian","group","rotation",3,61,1900061,1951061,20,24,2,399,0.2275,FALSE
"gaussian_global_null","gaussian","trait","rotation",3,61,1900061,1952061,20,24,2,399,0.3275,FALSE
"gaussian_global_null","gaussian","group:trait","rotation",3,61,1900061,1953061,20,24,2,399,0.85,FALSE
"gaussian_global_null","gaussian","group","rotation",3,62,1900062,1951062,20,24,2,399,0.285,FALSE
"gaussian_global_null","gaussian","trait","rotation",3,62,1900062,1952062,20,24,2,399,0.4025,FALSE
"gaussian_global_null","gaussian","group:trait","rotation",3,62,1900062,1953062,20,24,2,399,0.1675,FALSE
"gaussian_global_null","gaussian","group","rotation",3,63,1900063,1951063,20,24,2,399,0.9425,FALSE
"gaussian_global_null","gaussian","trait","rotation",3,63,1900063,1952063,20,24,2,399,0.9875,FALSE
"gaussian_global_null","gaussian","group:trait","rotation",3,63,1900063,1953063,20,24,2,399,0.7825,FALSE
"gaussian_global_null","gaussian","group","rotation",3,64,1900064,1951064,20,24,2,399,0.7825,FALSE
"gaussian_global_null","gaussian","trait","rotation",3,64,1900064,1952064,20,24,2,399,0.265,FALSE
"gaussian_global_null","gaussian","group:trait","rotation",3,64,1900064,1953064,20,24,2,399,0.455,FALSE
"gaussian_global_null","gaussian","group","rotation",3,65,1900065,1951065,20,24,2,399,0.18,FALSE
"gaussian_global_null","gaussian","trait","rotation",3,65,1900065,1952065,20,24,2,399,0.21,FALSE
"gaussian_global_null","gaussian","group:trait","rotation",3,65,1900065,1953065,20,24,2,399,0.505,FALSE
"gaussian_global_null","gaussian","group","rotation",3,66,1900066,1951066,20,24,2,399,0.6775,FALSE
"gaussian_global_null","gaussian","trait","rotation",3,66,1900066,1952066,20,24,2,399,0.205,FALSE
"gaussian_global_null","gaussian","group:trait","rotation",3,66,1900066,1953066,20,24,2,399,0.01,TRUE
"gaussian_global_null","gaussian","group","rotation",3,67,1900067,1951067,20,24,2,399,0.4375,FALSE
"gaussian_global_null","gaussian","trait","rotation",3,67,1900067,1952067,20,24,2,399,0.1325,FALSE
"gaussian_global_null","gaussian","group:trait","rotation",3,67,1900067,1953067,20,24,2,399,0.6175,FALSE
"gaussian_global_null","gaussian","group","rotation",3,68,1900068,1951068,20,24,2,399,0.7375,FALSE
"gaussian_global_null","gaussian","trait","rotation",3,68,1900068,1952068,20,24,2,399,0.0075,TRUE
"gaussian_global_null","gaussian","group:trait","rotation",3,68,1900068,1953068,20,24,2,399,0.025,TRUE
"gaussian_global_null","gaussian","group","rotation",3,69,1900069,1951069,20,24,2,399,0.59,FALSE
"gaussian_global_null","gaussian","trait","rotation",3,69,1900069,1952069,20,24,2,399,0.4475,FALSE
"gaussian_global_null","gaussian","group:trait","rotation",3,69,1900069,1953069,20,24,2,399,0.71,FALSE
"gaussian_global_null","gaussian","group","rotation",3,70,1900070,1951070,20,24,2,399,0.8175,FALSE
"gaussian_global_null","gaussian","trait","rotation",3,70,1900070,1952070,20,24,2,399,0.8175,FALSE
"gaussian_global_null","gaussian","group:trait","rotation",3,70,1900070,1953070,20,24,2,399,0.9975,FALSE
"gaussian_global_null","gaussian","group","rotation",3,71,1900071,1951071,20,24,2,399,0.495,FALSE
"gaussian_global_null","gaussian","trait","rotation",3,71,1900071,1952071,20,24,2,399,0.5425,FALSE
"gaussian_global_null","gaussian","group:trait","rotation",3,71,1900071,1953071,20,24,2,399,0.5875,FALSE
"gaussian_global_null","gaussian","group","rotation",3,72,1900072,1951072,20,24,2,399,0.7675,FALSE
"gaussian_global_null","gaussian","trait","rotation",3,72,1900072,1952072,20,24,2,399,0.34,FALSE
"gaussian_global_null","gaussian","group:trait","rotation",3,72,1900072,1953072,20,24,2,399,0.13,FALSE
"gaussian_global_null","gaussian","group","rotation",3,73,1900073,1951073,20,24,2,399,0.185,FALSE
"gaussian_global_null","gaussian","trait","rotation",3,73,1900073,1952073,20,24,2,399,0.49,FALSE
"gaussian_global_null","gaussian","group:trait","rotation",3,73,1900073,1953073,20,24,2,399,0.1125,FALSE
"gaussian_global_null","gaussian","group","rotation",3,74,1900074,1951074,20,24,2,399,0.265,FALSE
"gaussian_global_null","gaussian","trait","rotation",3,74,1900074,1952074,20,24,2,399,0.18,FALSE
"gaussian_global_null","gaussian","group:trait","rotation",3,74,1900074,1953074,20,24,2,399,0.365,FALSE
"gaussian_global_null","gaussian","group","rotation",3,75,1900075,1951075,20,24,2,399,0.6275,FALSE
"gaussian_global_null","gaussian","trait","rotation",3,75,1900075,1952075,20,24,2,399,0.0475,TRUE
"gaussian_global_null","gaussian","group:trait","rotation",3,75,1900075,1953075,20,24,2,399,0.135,FALSE
"gaussian_global_null","gaussian","group","rotation",3,76,1900076,1951076,20,24,2,399,0.8475,FALSE
"gaussian_global_null","gaussian","trait","rotation",3,76,1900076,1952076,20,24,2,399,0.4875,FALSE
"gaussian_global_null","gaussian","group:trait","rotation",3,76,1900076,1953076,20,24,2,399,0.7475,FALSE
"gaussian_global_null","gaussian","group","rotation",3,77,1900077,1951077,20,24,2,399,0.155,FALSE
"gaussian_global_null","gaussian","trait","rotation",3,77,1900077,1952077,20,24,2,399,0.7225,FALSE
"gaussian_global_null","gaussian","group:trait","rotation",3,77,1900077,1953077,20,24,2,399,0.2925,FALSE
"gaussian_global_null","gaussian","group","rotation",3,78,1900078,1951078,20,24,2,399,0.7125,FALSE
"gaussian_global_null","gaussian","trait","rotation",3,78,1900078,1952078,20,24,2,399,0.7025,FALSE
"gaussian_global_null","gaussian","group:trait","rotation",3,78,1900078,1953078,20,24,2,399,0.89,FALSE
"gaussian_global_null","gaussian","group","rotation",3,79,1900079,1951079,20,24,2,399,0.8025,FALSE
"gaussian_global_null","gaussian","trait","rotation",3,79,1900079,1952079,20,24,2,399,0.9975,FALSE
"gaussian_global_null","gaussian","group:trait","rotation",3,79,1900079,1953079,20,24,2,399,0.9825,FALSE
"gaussian_global_null","gaussian","group","rotation",3,80,1900080,1951080,20,24,2,399,0.83,FALSE
"gaussian_global_null","gaussian","trait","rotation",3,80,1900080,1952080,20,24,2,399,0.1175,FALSE
"gaussian_global_null","gaussian","group:trait","rotation",3,80,1900080,1953080,20,24,2,399,0.0975,FALSE
"gaussian_global_null","gaussian","group","rotation",3,81,1900081,1951081,20,24,2,399,0.5825,FALSE
"gaussian_global_null","gaussian","trait","rotation",3,81,1900081,1952081,20,24,2,399,0.32,FALSE
"gaussian_global_null","gaussian","group:trait","rotation",3,81,1900081,1953081,20,24,2,399,0.6725,FALSE
"gaussian_global_null","gaussian","group","rotation",3,82,1900082,1951082,20,24,2,399,0.4375,FALSE
"gaussian_global_null","gaussian","trait","rotation",3,82,1900082,1952082,20,24,2,399,0.2675,FALSE
"gaussian_global_null","gaussian","group:trait","rotation",3,82,1900082,1953082,20,24,2,399,0.5725,FALSE
"gaussian_global_null","gaussian","group","rotation",3,83,1900083,1951083,20,24,2,399,0.3525,FALSE
"gaussian_global_null","gaussian","trait","rotation",3,83,1900083,1952083,20,24,2,399,0.9625,FALSE
"gaussian_global_null","gaussian","group:trait","rotation",3,83,1900083,1953083,20,24,2,399,0.52,FALSE
"gaussian_global_null","gaussian","group","rotation",3,84,1900084,1951084,20,24,2,399,0.5175,FALSE
"gaussian_global_null","gaussian","trait","rotation",3,84,1900084,1952084,20,24,2,399,0.3875,FALSE
"gaussian_global_null","gaussian","group:trait","rotation",3,84,1900084,1953084,20,24,2,399,0.7175,FALSE
"gaussian_global_null","gaussian","group","rotation",3,85,1900085,1951085,20,24,2,399,0.6625,FALSE
"gaussian_global_null","gaussian","trait","rotation",3,85,1900085,1952085,20,24,2,399,0.945,FALSE
"gaussian_global_null","gaussian","group:trait","rotation",3,85,1900085,1953085,20,24,2,399,1,FALSE
"gaussian_global_null","gaussian","group","rotation",3,86,1900086,1951086,20,24,2,399,0.8925,FALSE
"gaussian_global_null","gaussian","trait","rotation",3,86,1900086,1952086,20,24,2,399,0.37,FALSE
"gaussian_global_null","gaussian","group:trait","rotation",3,86,1900086,1953086,20,24,2,399,0.4125,FALSE
"gaussian_global_null","gaussian","group","rotation",3,87,1900087,1951087,20,24,2,399,0.9725,FALSE
"gaussian_global_null","gaussian","trait","rotation",3,87,1900087,1952087,20,24,2,399,0.965,FALSE
"gaussian_global_null","gaussian","group:trait","rotation",3,87,1900087,1953087,20,24,2,399,0.7875,FALSE
"gaussian_global_null","gaussian","group","rotation",3,88,1900088,1951088,20,24,2,399,0.6475,FALSE
"gaussian_global_null","gaussian","trait","rotation",3,88,1900088,1952088,20,24,2,399,0.7,FALSE
"gaussian_global_null","gaussian","group:trait","rotation",3,88,1900088,1953088,20,24,2,399,0.925,FALSE
"gaussian_global_null","gaussian","group","rotation",3,89,1900089,1951089,20,24,2,399,0.835,FALSE
"gaussian_global_null","gaussian","trait","rotation",3,89,1900089,1952089,20,24,2,399,0.6725,FALSE
"gaussian_global_null","gaussian","group:trait","rotation",3,89,1900089,1953089,20,24,2,399,0.4525,FALSE
"gaussian_global_null","gaussian","group","rotation",3,90,1900090,1951090,20,24,2,399,0.7425,FALSE
"gaussian_global_null","gaussian","trait","rotation",3,90,1900090,1952090,20,24,2,399,0.2675,FALSE
"gaussian_global_null","gaussian","group:trait","rotation",3,90,1900090,1953090,20,24,2,399,0.48,FALSE
"gaussian_global_null","gaussian","group","rotation",3,91,1900091,1951091,20,24,2,399,0.1725,FALSE
"gaussian_global_null","gaussian","trait","rotation",3,91,1900091,1952091,20,24,2,399,0.6075,FALSE
"gaussian_global_null","gaussian","group:trait","rotation",3,91,1900091,1953091,20,24,2,399,0.49,FALSE
"gaussian_global_null","gaussian","group","rotation",3,92,1900092,1951092,20,24,2,399,0.855,FALSE
"gaussian_global_null","gaussian","trait","rotation",3,92,1900092,1952092,20,24,2,399,0.165,FALSE
"gaussian_global_null","gaussian","group:trait","rotation",3,92,1900092,1953092,20,24,2,399,0.8975,FALSE
"gaussian_global_null","gaussian","group","rotation",3,93,1900093,1951093,20,24,2,399,0.42,FALSE
"gaussian_global_null","gaussian","trait","rotation",3,93,1900093,1952093,20,24,2,399,0.285,FALSE
"gaussian_global_null","gaussian","group:trait","rotation",3,93,1900093,1953093,20,24,2,399,0.065,FALSE
"gaussian_global_null","gaussian","group","rotation",3,94,1900094,1951094,20,24,2,399,0.2825,FALSE
"gaussian_global_null","gaussian","trait","rotation",3,94,1900094,1952094,20,24,2,399,0.685,FALSE
"gaussian_global_null","gaussian","group:trait","rotation",3,94,1900094,1953094,20,24,2,399,0.7775,FALSE
"gaussian_global_null","gaussian","group","rotation",3,95,1900095,1951095,20,24,2,399,0.075,FALSE
"gaussian_global_null","gaussian","trait","rotation",3,95,1900095,1952095,20,24,2,399,0.2225,FALSE
"gaussian_global_null","gaussian","group:trait","rotation",3,95,1900095,1953095,20,24,2,399,0.36,FALSE
"gaussian_global_null","gaussian","group","rotation",3,96,1900096,1951096,20,24,2,399,0.755,FALSE
"gaussian_global_null","gaussian","trait","rotation",3,96,1900096,1952096,20,24,2,399,0.7375,FALSE
"gaussian_global_null","gaussian","group:trait","rotation",3,96,1900096,1953096,20,24,2,399,0.9975,FALSE
"gaussian_global_null","gaussian","group","rotation",3,97,1900097,1951097,20,24,2,399,0.86,FALSE
"gaussian_global_null","gaussian","trait","rotation",3,97,1900097,1952097,20,24,2,399,0.205,FALSE
"gaussian_global_null","gaussian","group:trait","rotation",3,97,1900097,1953097,20,24,2,399,0.5575,FALSE
"gaussian_global_null","gaussian","group","rotation",3,98,1900098,1951098,20,24,2,399,0.69,FALSE
"gaussian_global_null","gaussian","trait","rotation",3,98,1900098,1952098,20,24,2,399,0.5025,FALSE
"gaussian_global_null","gaussian","group:trait","rotation",3,98,1900098,1953098,20,24,2,399,0.915,FALSE
"gaussian_global_null","gaussian","group","rotation",3,99,1900099,1951099,20,24,2,399,0.47,FALSE
"gaussian_global_null","gaussian","trait","rotation",3,99,1900099,1952099,20,24,2,399,0.325,FALSE
"gaussian_global_null","gaussian","group:trait","rotation",3,99,1900099,1953099,20,24,2,399,0.5225,FALSE
"gaussian_global_null","gaussian","group","rotation",3,100,1900100,1951100,20,24,2,399,0.88,FALSE
"gaussian_global_null","gaussian","trait","rotation",3,100,1900100,1952100,20,24,2,399,0.9775,FALSE
"gaussian_global_null","gaussian","group:trait","rotation",3,100,1900100,1953100,20,24,2,399,0.9175,FALSE
"gaussian_global_null","gaussian","group","rotation",3,101,1900101,1951101,20,24,2,399,0.3675,FALSE
"gaussian_global_null","gaussian","trait","rotation",3,101,1900101,1952101,20,24,2,399,0.4825,FALSE
"gaussian_global_null","gaussian","group:trait","rotation",3,101,1900101,1953101,20,24,2,399,0.4575,FALSE
"gaussian_global_null","gaussian","group","rotation",3,102,1900102,1951102,20,24,2,399,0.1975,FALSE
"gaussian_global_null","gaussian","trait","rotation",3,102,1900102,1952102,20,24,2,399,0.9475,FALSE
"gaussian_global_null","gaussian","group:trait","rotation",3,102,1900102,1953102,20,24,2,399,0.995,FALSE
"gaussian_global_null","gaussian","group","rotation",3,103,1900103,1951103,20,24,2,399,0.3025,FALSE
"gaussian_global_null","gaussian","trait","rotation",3,103,1900103,1952103,20,24,2,399,0.495,FALSE
"gaussian_global_null","gaussian","group:trait","rotation",3,103,1900103,1953103,20,24,2,399,0.2,FALSE
"gaussian_global_null","gaussian","group","rotation",3,104,1900104,1951104,20,24,2,399,0.495,FALSE
"gaussian_global_null","gaussian","trait","rotation",3,104,1900104,1952104,20,24,2,399,0.6675,FALSE
"gaussian_global_null","gaussian","group:trait","rotation",3,104,1900104,1953104,20,24,2,399,0.6775,FALSE
"gaussian_global_null","gaussian","group","rotation",3,105,1900105,1951105,20,24,2,399,0.6975,FALSE
"gaussian_global_null","gaussian","trait","rotation",3,105,1900105,1952105,20,24,2,399,0.6475,FALSE
"gaussian_global_null","gaussian","group:trait","rotation",3,105,1900105,1953105,20,24,2,399,0.69,FALSE
"gaussian_global_null","gaussian","group","rotation",3,106,1900106,1951106,20,24,2,399,0.03,TRUE
"gaussian_global_null","gaussian","trait","rotation",3,106,1900106,1952106,20,24,2,399,0.6125,FALSE
"gaussian_global_null","gaussian","group:trait","rotation",3,106,1900106,1953106,20,24,2,399,0.6225,FALSE
"gaussian_global_null","gaussian","group","rotation",3,107,1900107,1951107,20,24,2,399,0.53,FALSE
"gaussian_global_null","gaussian","trait","rotation",3,107,1900107,1952107,20,24,2,399,0.1425,FALSE
"gaussian_global_null","gaussian","group:trait","rotation",3,107,1900107,1953107,20,24,2,399,0.06,FALSE
"gaussian_global_null","gaussian","group","rotation",3,108,1900108,1951108,20,24,2,399,0.4475,FALSE
"gaussian_global_null","gaussian","trait","rotation",3,108,1900108,1952108,20,24,2,399,0.9825,FALSE
"gaussian_global_null","gaussian","group:trait","rotation",3,108,1900108,1953108,20,24,2,399,0.9925,FALSE
"gaussian_global_null","gaussian","group","rotation",3,109,1900109,1951109,20,24,2,399,0.03,TRUE
"gaussian_global_null","gaussian","trait","rotation",3,109,1900109,1952109,20,24,2,399,0.0175,TRUE
"gaussian_global_null","gaussian","group:trait","rotation",3,109,1900109,1953109,20,24,2,399,0.0025,TRUE
"gaussian_global_null","gaussian","group","rotation",3,110,1900110,1951110,20,24,2,399,0.9375,FALSE
"gaussian_global_null","gaussian","trait","rotation",3,110,1900110,1952110,20,24,2,399,0.6,FALSE
"gaussian_global_null","gaussian","group:trait","rotation",3,110,1900110,1953110,20,24,2,399,0.195,FALSE
"gaussian_global_null","gaussian","group","rotation",3,111,1900111,1951111,20,24,2,399,0.6375,FALSE
"gaussian_global_null","gaussian","trait","rotation",3,111,1900111,1952111,20,24,2,399,0.01,TRUE
"gaussian_global_null","gaussian","group:trait","rotation",3,111,1900111,1953111,20,24,2,399,0.9525,FALSE
"gaussian_global_null","gaussian","group","rotation",3,112,1900112,1951112,20,24,2,399,0.45,FALSE
"gaussian_global_null","gaussian","trait","rotation",3,112,1900112,1952112,20,24,2,399,0.1275,FALSE
"gaussian_global_null","gaussian","group:trait","rotation",3,112,1900112,1953112,20,24,2,399,0.815,FALSE
"gaussian_global_null","gaussian","group","rotation",3,113,1900113,1951113,20,24,2,399,0.18,FALSE
"gaussian_global_null","gaussian","trait","rotation",3,113,1900113,1952113,20,24,2,399,0.8375,FALSE
"gaussian_global_null","gaussian","group:trait","rotation",3,113,1900113,1953113,20,24,2,399,0.56,FALSE
"gaussian_global_null","gaussian","group","rotation",3,114,1900114,1951114,20,24,2,399,0.08,FALSE
"gaussian_global_null","gaussian","trait","rotation",3,114,1900114,1952114,20,24,2,399,0.255,FALSE
"gaussian_global_null","gaussian","group:trait","rotation",3,114,1900114,1953114,20,24,2,399,0.5,FALSE
"gaussian_global_null","gaussian","group","rotation",3,115,1900115,1951115,20,24,2,399,0.87,FALSE
"gaussian_global_null","gaussian","trait","rotation",3,115,1900115,1952115,20,24,2,399,0.17,FALSE
"gaussian_global_null","gaussian","group:trait","rotation",3,115,1900115,1953115,20,24,2,399,0.2875,FALSE
"gaussian_global_null","gaussian","group","rotation",3,116,1900116,1951116,20,24,2,399,0.245,FALSE
"gaussian_global_null","gaussian","trait","rotation",3,116,1900116,1952116,20,24,2,399,0.71,FALSE
"gaussian_global_null","gaussian","group:trait","rotation",3,116,1900116,1953116,20,24,2,399,0.205,FALSE
"gaussian_global_null","gaussian","group","rotation",3,117,1900117,1951117,20,24,2,399,0.3625,FALSE
"gaussian_global_null","gaussian","trait","rotation",3,117,1900117,1952117,20,24,2,399,0.9,FALSE
"gaussian_global_null","gaussian","group:trait","rotation",3,117,1900117,1953117,20,24,2,399,0.9425,FALSE
"gaussian_global_null","gaussian","group","rotation",3,118,1900118,1951118,20,24,2,399,0.0825,FALSE
"gaussian_global_null","gaussian","trait","rotation",3,118,1900118,1952118,20,24,2,399,0.17,FALSE
"gaussian_global_null","gaussian","group:trait","rotation",3,118,1900118,1953118,20,24,2,399,0.18,FALSE
"gaussian_global_null","gaussian","group","rotation",3,119,1900119,1951119,20,24,2,399,0.3775,FALSE
"gaussian_global_null","gaussian","trait","rotation",3,119,1900119,1952119,20,24,2,399,0.4125,FALSE
"gaussian_global_null","gaussian","group:trait","rotation",3,119,1900119,1953119,20,24,2,399,0.895,FALSE
"gaussian_global_null","gaussian","group","rotation",3,120,1900120,1951120,20,24,2,399,0.3575,FALSE
"gaussian_global_null","gaussian","trait","rotation",3,120,1900120,1952120,20,24,2,399,0.0875,FALSE
"gaussian_global_null","gaussian","group:trait","rotation",3,120,1900120,1953120,20,24,2,399,0.9075,FALSE
"gaussian_global_null","gaussian","group","rotation",3,121,1900121,1951121,20,24,2,399,0.4075,FALSE
"gaussian_global_null","gaussian","trait","rotation",3,121,1900121,1952121,20,24,2,399,0.2675,FALSE
"gaussian_global_null","gaussian","group:trait","rotation",3,121,1900121,1953121,20,24,2,399,0.0825,FALSE
"gaussian_global_null","gaussian","group","rotation",3,122,1900122,1951122,20,24,2,399,0.7425,FALSE
"gaussian_global_null","gaussian","trait","rotation",3,122,1900122,1952122,20,24,2,399,0.4325,FALSE
"gaussian_global_null","gaussian","group:trait","rotation",3,122,1900122,1953122,20,24,2,399,0.4425,FALSE
"gaussian_global_null","gaussian","group","rotation",3,123,1900123,1951123,20,24,2,399,0.1275,FALSE
"gaussian_global_null","gaussian","trait","rotation",3,123,1900123,1952123,20,24,2,399,0.9875,FALSE
"gaussian_global_null","gaussian","group:trait","rotation",3,123,1900123,1953123,20,24,2,399,0.8975,FALSE
"gaussian_global_null","gaussian","group","rotation",3,124,1900124,1951124,20,24,2,399,0.4625,FALSE
"gaussian_global_null","gaussian","trait","rotation",3,124,1900124,1952124,20,24,2,399,0.37,FALSE
"gaussian_global_null","gaussian","group:trait","rotation",3,124,1900124,1953124,20,24,2,399,0.2875,FALSE
"gaussian_global_null","gaussian","group","rotation",3,125,1900125,1951125,20,24,2,399,0.6125,FALSE
"gaussian_global_null","gaussian","trait","rotation",3,125,1900125,1952125,20,24,2,399,0.5175,FALSE
"gaussian_global_null","gaussian","group:trait","rotation",3,125,1900125,1953125,20,24,2,399,0.805,FALSE
"gaussian_global_null","gaussian","group","rotation",3,126,1900126,1951126,20,24,2,399,0.865,FALSE
"gaussian_global_null","gaussian","trait","rotation",3,126,1900126,1952126,20,24,2,399,0.9325,FALSE
"gaussian_global_null","gaussian","group:trait","rotation",3,126,1900126,1953126,20,24,2,399,0.93,FALSE
"gaussian_global_null","gaussian","group","rotation",3,127,1900127,1951127,20,24,2,399,0.26,FALSE
"gaussian_global_null","gaussian","trait","rotation",3,127,1900127,1952127,20,24,2,399,0.945,FALSE
"gaussian_global_null","gaussian","group:trait","rotation",3,127,1900127,1953127,20,24,2,399,0.59,FALSE
"gaussian_global_null","gaussian","group","rotation",3,128,1900128,1951128,20,24,2,399,0.7275,FALSE
"gaussian_global_null","gaussian","trait","rotation",3,128,1900128,1952128,20,24,2,399,0.6175,FALSE
"gaussian_global_null","gaussian","group:trait","rotation",3,128,1900128,1953128,20,24,2,399,0.7875,FALSE
"gaussian_global_null","gaussian","group","rotation",3,129,1900129,1951129,20,24,2,399,0.3225,FALSE
"gaussian_global_null","gaussian","trait","rotation",3,129,1900129,1952129,20,24,2,399,0.115,FALSE
"gaussian_global_null","gaussian","group:trait","rotation",3,129,1900129,1953129,20,24,2,399,0.155,FALSE
"gaussian_global_null","gaussian","group","rotation",3,130,1900130,1951130,20,24,2,399,0.76,FALSE
"gaussian_global_null","gaussian","trait","rotation",3,130,1900130,1952130,20,24,2,399,0.655,FALSE
"gaussian_global_null","gaussian","group:trait","rotation",3,130,1900130,1953130,20,24,2,399,0.8225,FALSE
"gaussian_global_null","gaussian","group","rotation",3,131,1900131,1951131,20,24,2,399,0.9825,FALSE
"gaussian_global_null","gaussian","trait","rotation",3,131,1900131,1952131,20,24,2,399,0.975,FALSE
"gaussian_global_null","gaussian","group:trait","rotation",3,131,1900131,1953131,20,24,2,399,0.905,FALSE
"gaussian_global_null","gaussian","group","rotation",3,132,1900132,1951132,20,24,2,399,0.815,FALSE
"gaussian_global_null","gaussian","trait","rotation",3,132,1900132,1952132,20,24,2,399,0.09,FALSE
"gaussian_global_null","gaussian","group:trait","rotation",3,132,1900132,1953132,20,24,2,399,0.1575,FALSE
"gaussian_global_null","gaussian","group","rotation",3,133,1900133,1951133,20,24,2,399,0.425,FALSE
"gaussian_global_null","gaussian","trait","rotation",3,133,1900133,1952133,20,24,2,399,0.68,FALSE
"gaussian_global_null","gaussian","group:trait","rotation",3,133,1900133,1953133,20,24,2,399,0.385,FALSE
"gaussian_global_null","gaussian","group","rotation",3,134,1900134,1951134,20,24,2,399,0.7425,FALSE
"gaussian_global_null","gaussian","trait","rotation",3,134,1900134,1952134,20,24,2,399,0.4225,FALSE
"gaussian_global_null","gaussian","group:trait","rotation",3,134,1900134,1953134,20,24,2,399,0.9425,FALSE
"gaussian_global_null","gaussian","group","rotation",3,135,1900135,1951135,20,24,2,399,0.2825,FALSE
"gaussian_global_null","gaussian","trait","rotation",3,135,1900135,1952135,20,24,2,399,0.72,FALSE
"gaussian_global_null","gaussian","group:trait","rotation",3,135,1900135,1953135,20,24,2,399,0.785,FALSE
"gaussian_global_null","gaussian","group","rotation",3,136,1900136,1951136,20,24,2,399,0.125,FALSE
"gaussian_global_null","gaussian","trait","rotation",3,136,1900136,1952136,20,24,2,399,0.3775,FALSE
"gaussian_global_null","gaussian","group:trait","rotation",3,136,1900136,1953136,20,24,2,399,0.9425,FALSE
"gaussian_global_null","gaussian","group","rotation",3,137,1900137,1951137,20,24,2,399,0.78,FALSE
"gaussian_global_null","gaussian","trait","rotation",3,137,1900137,1952137,20,24,2,399,0.75,FALSE
"gaussian_global_null","gaussian","group:trait","rotation",3,137,1900137,1953137,20,24,2,399,0.8275,FALSE
"gaussian_global_null","gaussian","group","rotation",3,138,1900138,1951138,20,24,2,399,0.4175,FALSE
"gaussian_global_null","gaussian","trait","rotation",3,138,1900138,1952138,20,24,2,399,0.37,FALSE
"gaussian_global_null","gaussian","group:trait","rotation",3,138,1900138,1953138,20,24,2,399,0.695,FALSE
"gaussian_global_null","gaussian","group","rotation",3,139,1900139,1951139,20,24,2,399,0.3175,FALSE
"gaussian_global_null","gaussian","trait","rotation",3,139,1900139,1952139,20,24,2,399,0.3225,FALSE
"gaussian_global_null","gaussian","group:trait","rotation",3,139,1900139,1953139,20,24,2,399,0.5825,FALSE
"gaussian_global_null","gaussian","group","rotation",3,140,1900140,1951140,20,24,2,399,0.6975,FALSE
"gaussian_global_null","gaussian","trait","rotation",3,140,1900140,1952140,20,24,2,399,0.01,TRUE
"gaussian_global_null","gaussian","group:trait","rotation",3,140,1900140,1953140,20,24,2,399,0.01,TRUE
"gaussian_global_null","gaussian","group","rotation",3,141,1900141,1951141,20,24,2,399,0.8975,FALSE
"gaussian_global_null","gaussian","trait","rotation",3,141,1900141,1952141,20,24,2,399,0.645,FALSE
"gaussian_global_null","gaussian","group:trait","rotation",3,141,1900141,1953141,20,24,2,399,0.3825,FALSE
"gaussian_global_null","gaussian","group","rotation",3,142,1900142,1951142,20,24,2,399,0.1975,FALSE
"gaussian_global_null","gaussian","trait","rotation",3,142,1900142,1952142,20,24,2,399,0.6175,FALSE
"gaussian_global_null","gaussian","group:trait","rotation",3,142,1900142,1953142,20,24,2,399,0.465,FALSE
"gaussian_global_null","gaussian","group","rotation",3,143,1900143,1951143,20,24,2,399,0.195,FALSE
"gaussian_global_null","gaussian","trait","rotation",3,143,1900143,1952143,20,24,2,399,0.125,FALSE
"gaussian_global_null","gaussian","group:trait","rotation",3,143,1900143,1953143,20,24,2,399,0.125,FALSE
"gaussian_global_null","gaussian","group","rotation",3,144,1900144,1951144,20,24,2,399,0.4025,FALSE
"gaussian_global_null","gaussian","trait","rotation",3,144,1900144,1952144,20,24,2,399,0.4825,FALSE
"gaussian_global_null","gaussian","group:trait","rotation",3,144,1900144,1953144,20,24,2,399,0.7725,FALSE
"gaussian_global_null","gaussian","group","rotation",3,145,1900145,1951145,20,24,2,399,0.205,FALSE
"gaussian_global_null","gaussian","trait","rotation",3,145,1900145,1952145,20,24,2,399,0.1275,FALSE
"gaussian_global_null","gaussian","group:trait","rotation",3,145,1900145,1953145,20,24,2,399,0.05,TRUE
"gaussian_global_null","gaussian","group","rotation",3,146,1900146,1951146,20,24,2,399,0.1475,FALSE
"gaussian_global_null","gaussian","trait","rotation",3,146,1900146,1952146,20,24,2,399,0.875,FALSE
"gaussian_global_null","gaussian","group:trait","rotation",3,146,1900146,1953146,20,24,2,399,0.7825,FALSE
"gaussian_global_null","gaussian","group","rotation",3,147,1900147,1951147,20,24,2,399,0.77,FALSE
"gaussian_global_null","gaussian","trait","rotation",3,147,1900147,1952147,20,24,2,399,0.5125,FALSE
"gaussian_global_null","gaussian","group:trait","rotation",3,147,1900147,1953147,20,24,2,399,0.4275,FALSE
"gaussian_global_null","gaussian","group","rotation",3,148,1900148,1951148,20,24,2,399,0.755,FALSE
"gaussian_global_null","gaussian","trait","rotation",3,148,1900148,1952148,20,24,2,399,0.9825,FALSE
"gaussian_global_null","gaussian","group:trait","rotation",3,148,1900148,1953148,20,24,2,399,0.6575,FALSE
"gaussian_global_null","gaussian","group","rotation",3,149,1900149,1951149,20,24,2,399,0.18,FALSE
"gaussian_global_null","gaussian","trait","rotation",3,149,1900149,1952149,20,24,2,399,0.2425,FALSE
"gaussian_global_null","gaussian","group:trait","rotation",3,149,1900149,1953149,20,24,2,399,0.36,FALSE
"gaussian_global_null","gaussian","group","rotation",3,150,1900150,1951150,20,24,2,399,0.2325,FALSE
"gaussian_global_null","gaussian","trait","rotation",3,150,1900150,1952150,20,24,2,399,0.625,FALSE
"gaussian_global_null","gaussian","group:trait","rotation",3,150,1900150,1953150,20,24,2,399,0.685,FALSE
"gaussian_global_null","gaussian","group","rotation",3,151,1900151,1951151,20,24,2,399,0.55,FALSE
"gaussian_global_null","gaussian","trait","rotation",3,151,1900151,1952151,20,24,2,399,0.71,FALSE
"gaussian_global_null","gaussian","group:trait","rotation",3,151,1900151,1953151,20,24,2,399,0.8225,FALSE
"gaussian_global_null","gaussian","group","rotation",3,152,1900152,1951152,20,24,2,399,0.5525,FALSE
"gaussian_global_null","gaussian","trait","rotation",3,152,1900152,1952152,20,24,2,399,0.535,FALSE
"gaussian_global_null","gaussian","group:trait","rotation",3,152,1900152,1953152,20,24,2,399,0.885,FALSE
"gaussian_global_null","gaussian","group","rotation",3,153,1900153,1951153,20,24,2,399,0.8525,FALSE
"gaussian_global_null","gaussian","trait","rotation",3,153,1900153,1952153,20,24,2,399,0.575,FALSE
"gaussian_global_null","gaussian","group:trait","rotation",3,153,1900153,1953153,20,24,2,399,0.53,FALSE
"gaussian_global_null","gaussian","group","rotation",3,154,1900154,1951154,20,24,2,399,0.9525,FALSE
"gaussian_global_null","gaussian","trait","rotation",3,154,1900154,1952154,20,24,2,399,0.0625,FALSE
"gaussian_global_null","gaussian","group:trait","rotation",3,154,1900154,1953154,20,24,2,399,0.1175,FALSE
"gaussian_global_null","gaussian","group","rotation",3,155,1900155,1951155,20,24,2,399,0.1625,FALSE
"gaussian_global_null","gaussian","trait","rotation",3,155,1900155,1952155,20,24,2,399,0.745,FALSE
"gaussian_global_null","gaussian","group:trait","rotation",3,155,1900155,1953155,20,24,2,399,0.5025,FALSE
"gaussian_global_null","gaussian","group","rotation",3,156,1900156,1951156,20,24,2,399,0.485,FALSE
"gaussian_global_null","gaussian","trait","rotation",3,156,1900156,1952156,20,24,2,399,0.7125,FALSE
"gaussian_global_null","gaussian","group:trait","rotation",3,156,1900156,1953156,20,24,2,399,0.9325,FALSE
"gaussian_global_null","gaussian","group","rotation",3,157,1900157,1951157,20,24,2,399,0.785,FALSE
"gaussian_global_null","gaussian","trait","rotation",3,157,1900157,1952157,20,24,2,399,0.7775,FALSE
"gaussian_global_null","gaussian","group:trait","rotation",3,157,1900157,1953157,20,24,2,399,0.3725,FALSE
"gaussian_global_null","gaussian","group","rotation",3,158,1900158,1951158,20,24,2,399,0.7175,FALSE
"gaussian_global_null","gaussian","trait","rotation",3,158,1900158,1952158,20,24,2,399,0.4925,FALSE
"gaussian_global_null","gaussian","group:trait","rotation",3,158,1900158,1953158,20,24,2,399,0.3625,FALSE
"gaussian_global_null","gaussian","group","rotation",3,159,1900159,1951159,20,24,2,399,0.8475,FALSE
"gaussian_global_null","gaussian","trait","rotation",3,159,1900159,1952159,20,24,2,399,0.0525,FALSE
"gaussian_global_null","gaussian","group:trait","rotation",3,159,1900159,1953159,20,24,2,399,0.4525,FALSE
"gaussian_global_null","gaussian","group","rotation",3,160,1900160,1951160,20,24,2,399,0.43,FALSE
"gaussian_global_null","gaussian","trait","rotation",3,160,1900160,1952160,20,24,2,399,0.6125,FALSE
"gaussian_global_null","gaussian","group:trait","rotation",3,160,1900160,1953160,20,24,2,399,0.2575,FALSE
"gaussian_global_null","gaussian","group","rotation",3,161,1900161,1951161,20,24,2,399,0.9075,FALSE
"gaussian_global_null","gaussian","trait","rotation",3,161,1900161,1952161,20,24,2,399,0.47,FALSE
"gaussian_global_null","gaussian","group:trait","rotation",3,161,1900161,1953161,20,24,2,399,0.75,FALSE
"gaussian_global_null","gaussian","group","rotation",3,162,1900162,1951162,20,24,2,399,0.9975,FALSE
"gaussian_global_null","gaussian","trait","rotation",3,162,1900162,1952162,20,24,2,399,0.8475,FALSE
"gaussian_global_null","gaussian","group:trait","rotation",3,162,1900162,1953162,20,24,2,399,0.7275,FALSE
"gaussian_global_null","gaussian","group","rotation",3,163,1900163,1951163,20,24,2,399,0.285,FALSE
"gaussian_global_null","gaussian","trait","rotation",3,163,1900163,1952163,20,24,2,399,0.2775,FALSE
"gaussian_global_null","gaussian","group:trait","rotation",3,163,1900163,1953163,20,24,2,399,0.6125,FALSE
"gaussian_global_null","gaussian","group","rotation",3,164,1900164,1951164,20,24,2,399,0.4,FALSE
"gaussian_global_null","gaussian","trait","rotation",3,164,1900164,1952164,20,24,2,399,0.1675,FALSE
"gaussian_global_null","gaussian","group:trait","rotation",3,164,1900164,1953164,20,24,2,399,0.1325,FALSE
"gaussian_global_null","gaussian","group","rotation",3,165,1900165,1951165,20,24,2,399,0.255,FALSE
"gaussian_global_null","gaussian","trait","rotation",3,165,1900165,1952165,20,24,2,399,0.0825,FALSE
"gaussian_global_null","gaussian","group:trait","rotation",3,165,1900165,1953165,20,24,2,399,0.1075,FALSE
"gaussian_global_null","gaussian","group","rotation",3,166,1900166,1951166,20,24,2,399,0.2,FALSE
"gaussian_global_null","gaussian","trait","rotation",3,166,1900166,1952166,20,24,2,399,0.7775,FALSE
"gaussian_global_null","gaussian","group:trait","rotation",3,166,1900166,1953166,20,24,2,399,0.35,FALSE
"gaussian_global_null","gaussian","group","rotation",3,167,1900167,1951167,20,24,2,399,0.995,FALSE
"gaussian_global_null","gaussian","trait","rotation",3,167,1900167,1952167,20,24,2,399,0.4575,FALSE
"gaussian_global_null","gaussian","group:trait","rotation",3,167,1900167,1953167,20,24,2,399,0.14,FALSE
"gaussian_global_null","gaussian","group","rotation",3,168,1900168,1951168,20,24,2,399,0.2075,FALSE
"gaussian_global_null","gaussian","trait","rotation",3,168,1900168,1952168,20,24,2,399,0.615,FALSE
"gaussian_global_null","gaussian","group:trait","rotation",3,168,1900168,1953168,20,24,2,399,0.7025,FALSE
"gaussian_global_null","gaussian","group","rotation",3,169,1900169,1951169,20,24,2,399,0.155,FALSE
"gaussian_global_null","gaussian","trait","rotation",3,169,1900169,1952169,20,24,2,399,0.05,TRUE
"gaussian_global_null","gaussian","group:trait","rotation",3,169,1900169,1953169,20,24,2,399,0.1975,FALSE
"gaussian_global_null","gaussian","group","rotation",3,170,1900170,1951170,20,24,2,399,0.0725,FALSE
"gaussian_global_null","gaussian","trait","rotation",3,170,1900170,1952170,20,24,2,399,0.0475,TRUE
"gaussian_global_null","gaussian","group:trait","rotation",3,170,1900170,1953170,20,24,2,399,0.685,FALSE
"gaussian_global_null","gaussian","group","rotation",3,171,1900171,1951171,20,24,2,399,0.225,FALSE
"gaussian_global_null","gaussian","trait","rotation",3,171,1900171,1952171,20,24,2,399,0.28,FALSE
"gaussian_global_null","gaussian","group:trait","rotation",3,171,1900171,1953171,20,24,2,399,0.1925,FALSE
"gaussian_global_null","gaussian","group","rotation",3,172,1900172,1951172,20,24,2,399,0.9675,FALSE
"gaussian_global_null","gaussian","trait","rotation",3,172,1900172,1952172,20,24,2,399,0.6475,FALSE
"gaussian_global_null","gaussian","group:trait","rotation",3,172,1900172,1953172,20,24,2,399,0.8825,FALSE
"gaussian_global_null","gaussian","group","rotation",3,173,1900173,1951173,20,24,2,399,0.6925,FALSE
"gaussian_global_null","gaussian","trait","rotation",3,173,1900173,1952173,20,24,2,399,0.61,FALSE
"gaussian_global_null","gaussian","group:trait","rotation",3,173,1900173,1953173,20,24,2,399,0.8925,FALSE
"gaussian_global_null","gaussian","group","rotation",3,174,1900174,1951174,20,24,2,399,0.575,FALSE
"gaussian_global_null","gaussian","trait","rotation",3,174,1900174,1952174,20,24,2,399,0.2975,FALSE
"gaussian_global_null","gaussian","group:trait","rotation",3,174,1900174,1953174,20,24,2,399,0.185,FALSE
"gaussian_global_null","gaussian","group","rotation",3,175,1900175,1951175,20,24,2,399,0.1475,FALSE
"gaussian_global_null","gaussian","trait","rotation",3,175,1900175,1952175,20,24,2,399,0.2275,FALSE
"gaussian_global_null","gaussian","group:trait","rotation",3,175,1900175,1953175,20,24,2,399,0.785,FALSE
"gaussian_global_null","gaussian","group","rotation",3,176,1900176,1951176,20,24,2,399,0.44,FALSE
"gaussian_global_null","gaussian","trait","rotation",3,176,1900176,1952176,20,24,2,399,0.4225,FALSE
"gaussian_global_null","gaussian","group:trait","rotation",3,176,1900176,1953176,20,24,2,399,0.845,FALSE
"gaussian_global_null","gaussian","group","rotation",3,177,1900177,1951177,20,24,2,399,0.155,FALSE
"gaussian_global_null","gaussian","trait","rotation",3,177,1900177,1952177,20,24,2,399,0.45,FALSE
"gaussian_global_null","gaussian","group:trait","rotation",3,177,1900177,1953177,20,24,2,399,0.74,FALSE
"gaussian_global_null","gaussian","group","rotation",3,178,1900178,1951178,20,24,2,399,0.515,FALSE
"gaussian_global_null","gaussian","trait","rotation",3,178,1900178,1952178,20,24,2,399,0.47,FALSE
"gaussian_global_null","gaussian","group:trait","rotation",3,178,1900178,1953178,20,24,2,399,0.5625,FALSE
"gaussian_global_null","gaussian","group","rotation",3,179,1900179,1951179,20,24,2,399,0.0775,FALSE
"gaussian_global_null","gaussian","trait","rotation",3,179,1900179,1952179,20,24,2,399,0.2,FALSE
"gaussian_global_null","gaussian","group:trait","rotation",3,179,1900179,1953179,20,24,2,399,0.8575,FALSE
"gaussian_global_null","gaussian","group","rotation",3,180,1900180,1951180,20,24,2,399,0.2725,FALSE
"gaussian_global_null","gaussian","trait","rotation",3,180,1900180,1952180,20,24,2,399,0.3925,FALSE
"gaussian_global_null","gaussian","group:trait","rotation",3,180,1900180,1953180,20,24,2,399,0.3525,FALSE
"gaussian_global_null","gaussian","group","rotation",3,181,1900181,1951181,20,24,2,399,0.2625,FALSE
"gaussian_global_null","gaussian","trait","rotation",3,181,1900181,1952181,20,24,2,399,0.8475,FALSE
"gaussian_global_null","gaussian","group:trait","rotation",3,181,1900181,1953181,20,24,2,399,0.94,FALSE
"gaussian_global_null","gaussian","group","rotation",3,182,1900182,1951182,20,24,2,399,0.435,FALSE
"gaussian_global_null","gaussian","trait","rotation",3,182,1900182,1952182,20,24,2,399,0.27,FALSE
"gaussian_global_null","gaussian","group:trait","rotation",3,182,1900182,1953182,20,24,2,399,0.1625,FALSE
"gaussian_global_null","gaussian","group","rotation",3,183,1900183,1951183,20,24,2,399,0.9225,FALSE
"gaussian_global_null","gaussian","trait","rotation",3,183,1900183,1952183,20,24,2,399,0.5775,FALSE
"gaussian_global_null","gaussian","group:trait","rotation",3,183,1900183,1953183,20,24,2,399,0.4675,FALSE
"gaussian_global_null","gaussian","group","rotation",3,184,1900184,1951184,20,24,2,399,0.7075,FALSE
"gaussian_global_null","gaussian","trait","rotation",3,184,1900184,1952184,20,24,2,399,0.4475,FALSE
"gaussian_global_null","gaussian","group:trait","rotation",3,184,1900184,1953184,20,24,2,399,0.215,FALSE
"gaussian_global_null","gaussian","group","rotation",3,185,1900185,1951185,20,24,2,399,0.475,FALSE
"gaussian_global_null","gaussian","trait","rotation",3,185,1900185,1952185,20,24,2,399,0.3675,FALSE
"gaussian_global_null","gaussian","group:trait","rotation",3,185,1900185,1953185,20,24,2,399,0.4175,FALSE
"gaussian_global_null","gaussian","group","rotation",3,186,1900186,1951186,20,24,2,399,0.41,FALSE
"gaussian_global_null","gaussian","trait","rotation",3,186,1900186,1952186,20,24,2,399,0.2525,FALSE
"gaussian_global_null","gaussian","group:trait","rotation",3,186,1900186,1953186,20,24,2,399,0.2675,FALSE
"gaussian_global_null","gaussian","group","rotation",3,187,1900187,1951187,20,24,2,399,0.1075,FALSE
"gaussian_global_null","gaussian","trait","rotation",3,187,1900187,1952187,20,24,2,399,0.4825,FALSE
"gaussian_global_null","gaussian","group:trait","rotation",3,187,1900187,1953187,20,24,2,399,0.385,FALSE
"gaussian_global_null","gaussian","group","rotation",3,188,1900188,1951188,20,24,2,399,0.15,FALSE
"gaussian_global_null","gaussian","trait","rotation",3,188,1900188,1952188,20,24,2,399,0.025,TRUE
"gaussian_global_null","gaussian","group:trait","rotation",3,188,1900188,1953188,20,24,2,399,0.035,TRUE
"gaussian_global_null","gaussian","group","rotation",3,189,1900189,1951189,20,24,2,399,0.9325,FALSE
"gaussian_global_null","gaussian","trait","rotation",3,189,1900189,1952189,20,24,2,399,0.17,FALSE
"gaussian_global_null","gaussian","group:trait","rotation",3,189,1900189,1953189,20,24,2,399,0.2625,FALSE
"gaussian_global_null","gaussian","group","rotation",3,190,1900190,1951190,20,24,2,399,0.9975,FALSE
"gaussian_global_null","gaussian","trait","rotation",3,190,1900190,1952190,20,24,2,399,0.0575,FALSE
"gaussian_global_null","gaussian","group:trait","rotation",3,190,1900190,1953190,20,24,2,399,0.0475,TRUE
"gaussian_global_null","gaussian","group","rotation",3,191,1900191,1951191,20,24,2,399,0.205,FALSE
"gaussian_global_null","gaussian","trait","rotation",3,191,1900191,1952191,20,24,2,399,0.355,FALSE
"gaussian_global_null","gaussian","group:trait","rotation",3,191,1900191,1953191,20,24,2,399,0.435,FALSE
"gaussian_global_null","gaussian","group","rotation",3,192,1900192,1951192,20,24,2,399,0.3975,FALSE
"gaussian_global_null","gaussian","trait","rotation",3,192,1900192,1952192,20,24,2,399,0.84,FALSE
"gaussian_global_null","gaussian","group:trait","rotation",3,192,1900192,1953192,20,24,2,399,0.4825,FALSE
"gaussian_global_null","gaussian","group","rotation",3,193,1900193,1951193,20,24,2,399,0.1025,FALSE
"gaussian_global_null","gaussian","trait","rotation",3,193,1900193,1952193,20,24,2,399,0.345,FALSE
"gaussian_global_null","gaussian","group:trait","rotation",3,193,1900193,1953193,20,24,2,399,0.4475,FALSE
"gaussian_global_null","gaussian","group","rotation",3,194,1900194,1951194,20,24,2,399,0.1925,FALSE
"gaussian_global_null","gaussian","trait","rotation",3,194,1900194,1952194,20,24,2,399,0.08,FALSE
"gaussian_global_null","gaussian","group:trait","rotation",3,194,1900194,1953194,20,24,2,399,0.2075,FALSE
"gaussian_global_null","gaussian","group","rotation",3,195,1900195,1951195,20,24,2,399,0.7275,FALSE
"gaussian_global_null","gaussian","trait","rotation",3,195,1900195,1952195,20,24,2,399,0.865,FALSE
"gaussian_global_null","gaussian","group:trait","rotation",3,195,1900195,1953195,20,24,2,399,0.1925,FALSE
"gaussian_global_null","gaussian","group","rotation",3,196,1900196,1951196,20,24,2,399,0.8475,FALSE
"gaussian_global_null","gaussian","trait","rotation",3,196,1900196,1952196,20,24,2,399,0.965,FALSE
"gaussian_global_null","gaussian","group:trait","rotation",3,196,1900196,1953196,20,24,2,399,0.3975,FALSE
"gaussian_global_null","gaussian","group","rotation",3,197,1900197,1951197,20,24,2,399,0.115,FALSE
"gaussian_global_null","gaussian","trait","rotation",3,197,1900197,1952197,20,24,2,399,0.545,FALSE
"gaussian_global_null","gaussian","group:trait","rotation",3,197,1900197,1953197,20,24,2,399,0.13,FALSE
"gaussian_global_null","gaussian","group","rotation",3,198,1900198,1951198,20,24,2,399,0.03,TRUE
"gaussian_global_null","gaussian","trait","rotation",3,198,1900198,1952198,20,24,2,399,0.005,TRUE
"gaussian_global_null","gaussian","group:trait","rotation",3,198,1900198,1953198,20,24,2,399,0.185,FALSE
"gaussian_global_null","gaussian","group","rotation",3,199,1900199,1951199,20,24,2,399,0.55,FALSE
"gaussian_global_null","gaussian","trait","rotation",3,199,1900199,1952199,20,24,2,399,0.47,FALSE
"gaussian_global_null","gaussian","group:trait","rotation",3,199,1900199,1953199,20,24,2,399,0.83,FALSE
"gaussian_global_null","gaussian","group","rotation",3,200,1900200,1951200,20,24,2,399,0.8675,FALSE
"gaussian_global_null","gaussian","trait","rotation",3,200,1900200,1952200,20,24,2,399,0.0025,TRUE
"gaussian_global_null","gaussian","group:trait","rotation",3,200,1900200,1953200,20,24,2,399,0.0425,TRUE
"gaussian_global_null","gaussian","group","rotation",4,1,2000001,2051001,20,24,2,399,0.2225,FALSE
"gaussian_global_null","gaussian","trait","rotation",4,1,2000001,2052001,20,24,2,399,0.085,FALSE
"gaussian_global_null","gaussian","group:trait","rotation",4,1,2000001,2053001,20,24,2,399,0.1425,FALSE
"gaussian_global_null","gaussian","group","rotation",4,2,2000002,2051002,20,24,2,399,0.93,FALSE
"gaussian_global_null","gaussian","trait","rotation",4,2,2000002,2052002,20,24,2,399,0.6675,FALSE
"gaussian_global_null","gaussian","group:trait","rotation",4,2,2000002,2053002,20,24,2,399,0.9925,FALSE
"gaussian_global_null","gaussian","group","rotation",4,3,2000003,2051003,20,24,2,399,0.675,FALSE
"gaussian_global_null","gaussian","trait","rotation",4,3,2000003,2052003,20,24,2,399,0.535,FALSE
"gaussian_global_null","gaussian","group:trait","rotation",4,3,2000003,2053003,20,24,2,399,0.68,FALSE
"gaussian_global_null","gaussian","group","rotation",4,4,2000004,2051004,20,24,2,399,0.8975,FALSE
"gaussian_global_null","gaussian","trait","rotation",4,4,2000004,2052004,20,24,2,399,0.185,FALSE
"gaussian_global_null","gaussian","group:trait","rotation",4,4,2000004,2053004,20,24,2,399,0.29,FALSE
"gaussian_global_null","gaussian","group","rotation",4,5,2000005,2051005,20,24,2,399,0.16,FALSE
"gaussian_global_null","gaussian","trait","rotation",4,5,2000005,2052005,20,24,2,399,0.5525,FALSE
"gaussian_global_null","gaussian","group:trait","rotation",4,5,2000005,2053005,20,24,2,399,0.585,FALSE
"gaussian_global_null","gaussian","group","rotation",4,6,2000006,2051006,20,24,2,399,0.8175,FALSE
"gaussian_global_null","gaussian","trait","rotation",4,6,2000006,2052006,20,24,2,399,0.995,FALSE
"gaussian_global_null","gaussian","group:trait","rotation",4,6,2000006,2053006,20,24,2,399,0.48,FALSE
"gaussian_global_null","gaussian","group","rotation",4,7,2000007,2051007,20,24,2,399,0.0375,TRUE
"gaussian_global_null","gaussian","trait","rotation",4,7,2000007,2052007,20,24,2,399,0.58,FALSE
"gaussian_global_null","gaussian","group:trait","rotation",4,7,2000007,2053007,20,24,2,399,0.185,FALSE
"gaussian_global_null","gaussian","group","rotation",4,8,2000008,2051008,20,24,2,399,0.655,FALSE
"gaussian_global_null","gaussian","trait","rotation",4,8,2000008,2052008,20,24,2,399,0.64,FALSE
"gaussian_global_null","gaussian","group:trait","rotation",4,8,2000008,2053008,20,24,2,399,0.56,FALSE
"gaussian_global_null","gaussian","group","rotation",4,9,2000009,2051009,20,24,2,399,0.295,FALSE
"gaussian_global_null","gaussian","trait","rotation",4,9,2000009,2052009,20,24,2,399,0.945,FALSE
"gaussian_global_null","gaussian","group:trait","rotation",4,9,2000009,2053009,20,24,2,399,0.6375,FALSE
"gaussian_global_null","gaussian","group","rotation",4,10,2000010,2051010,20,24,2,399,0.9475,FALSE
"gaussian_global_null","gaussian","trait","rotation",4,10,2000010,2052010,20,24,2,399,0.935,FALSE
"gaussian_global_null","gaussian","group:trait","rotation",4,10,2000010,2053010,20,24,2,399,0.73,FALSE
"gaussian_global_null","gaussian","group","rotation",4,11,2000011,2051011,20,24,2,399,0.265,FALSE
"gaussian_global_null","gaussian","trait","rotation",4,11,2000011,2052011,20,24,2,399,0.38,FALSE
"gaussian_global_null","gaussian","group:trait","rotation",4,11,2000011,2053011,20,24,2,399,0.9775,FALSE
"gaussian_global_null","gaussian","group","rotation",4,12,2000012,2051012,20,24,2,399,0.6925,FALSE
"gaussian_global_null","gaussian","trait","rotation",4,12,2000012,2052012,20,24,2,399,0.7475,FALSE
"gaussian_global_null","gaussian","group:trait","rotation",4,12,2000012,2053012,20,24,2,399,0.535,FALSE
"gaussian_global_null","gaussian","group","rotation",4,13,2000013,2051013,20,24,2,399,0.4575,FALSE
"gaussian_global_null","gaussian","trait","rotation",4,13,2000013,2052013,20,24,2,399,0.1525,FALSE
"gaussian_global_null","gaussian","group:trait","rotation",4,13,2000013,2053013,20,24,2,399,0.13,FALSE
"gaussian_global_null","gaussian","group","rotation",4,14,2000014,2051014,20,24,2,399,0.9075,FALSE
"gaussian_global_null","gaussian","trait","rotation",4,14,2000014,2052014,20,24,2,399,0.2075,FALSE
"gaussian_global_null","gaussian","group:trait","rotation",4,14,2000014,2053014,20,24,2,399,0.6875,FALSE
"gaussian_global_null","gaussian","group","rotation",4,15,2000015,2051015,20,24,2,399,0.75,FALSE
"gaussian_global_null","gaussian","trait","rotation",4,15,2000015,2052015,20,24,2,399,0.53,FALSE
"gaussian_global_null","gaussian","group:trait","rotation",4,15,2000015,2053015,20,24,2,399,0.975,FALSE
"gaussian_global_null","gaussian","group","rotation",4,16,2000016,2051016,20,24,2,399,0.9675,FALSE
"gaussian_global_null","gaussian","trait","rotation",4,16,2000016,2052016,20,24,2,399,0.805,FALSE
"gaussian_global_null","gaussian","group:trait","rotation",4,16,2000016,2053016,20,24,2,399,0.9925,FALSE
"gaussian_global_null","gaussian","group","rotation",4,17,2000017,2051017,20,24,2,399,0.3225,FALSE
"gaussian_global_null","gaussian","trait","rotation",4,17,2000017,2052017,20,24,2,399,0.5375,FALSE
"gaussian_global_null","gaussian","group:trait","rotation",4,17,2000017,2053017,20,24,2,399,0.445,FALSE
"gaussian_global_null","gaussian","group","rotation",4,18,2000018,2051018,20,24,2,399,0.14,FALSE
"gaussian_global_null","gaussian","trait","rotation",4,18,2000018,2052018,20,24,2,399,0.4025,FALSE
"gaussian_global_null","gaussian","group:trait","rotation",4,18,2000018,2053018,20,24,2,399,0.0825,FALSE
"gaussian_global_null","gaussian","group","rotation",4,19,2000019,2051019,20,24,2,399,0.605,FALSE
"gaussian_global_null","gaussian","trait","rotation",4,19,2000019,2052019,20,24,2,399,0.4925,FALSE
"gaussian_global_null","gaussian","group:trait","rotation",4,19,2000019,2053019,20,24,2,399,0.5025,FALSE
"gaussian_global_null","gaussian","group","rotation",4,20,2000020,2051020,20,24,2,399,0.3775,FALSE
"gaussian_global_null","gaussian","trait","rotation",4,20,2000020,2052020,20,24,2,399,0.49,FALSE
"gaussian_global_null","gaussian","group:trait","rotation",4,20,2000020,2053020,20,24,2,399,0.765,FALSE
"gaussian_global_null","gaussian","group","rotation",4,21,2000021,2051021,20,24,2,399,1,FALSE
"gaussian_global_null","gaussian","trait","rotation",4,21,2000021,2052021,20,24,2,399,0.9675,FALSE
"gaussian_global_null","gaussian","group:trait","rotation",4,21,2000021,2053021,20,24,2,399,0.725,FALSE
"gaussian_global_null","gaussian","group","rotation",4,22,2000022,2051022,20,24,2,399,0.3675,FALSE
"gaussian_global_null","gaussian","trait","rotation",4,22,2000022,2052022,20,24,2,399,0.8025,FALSE
"gaussian_global_null","gaussian","group:trait","rotation",4,22,2000022,2053022,20,24,2,399,0.7525,FALSE
"gaussian_global_null","gaussian","group","rotation",4,23,2000023,2051023,20,24,2,399,0.7375,FALSE
"gaussian_global_null","gaussian","trait","rotation",4,23,2000023,2052023,20,24,2,399,0.78,FALSE
"gaussian_global_null","gaussian","group:trait","rotation",4,23,2000023,2053023,20,24,2,399,0.9825,FALSE
"gaussian_global_null","gaussian","group","rotation",4,24,2000024,2051024,20,24,2,399,0.09,FALSE
"gaussian_global_null","gaussian","trait","rotation",4,24,2000024,2052024,20,24,2,399,0.6925,FALSE
"gaussian_global_null","gaussian","group:trait","rotation",4,24,2000024,2053024,20,24,2,399,0.85,FALSE
"gaussian_global_null","gaussian","group","rotation",4,25,2000025,2051025,20,24,2,399,0.265,FALSE
"gaussian_global_null","gaussian","trait","rotation",4,25,2000025,2052025,20,24,2,399,0.27,FALSE
"gaussian_global_null","gaussian","group:trait","rotation",4,25,2000025,2053025,20,24,2,399,0.63,FALSE
"gaussian_global_null","gaussian","group","rotation",4,26,2000026,2051026,20,24,2,399,0.645,FALSE
"gaussian_global_null","gaussian","trait","rotation",4,26,2000026,2052026,20,24,2,399,0.48,FALSE
"gaussian_global_null","gaussian","group:trait","rotation",4,26,2000026,2053026,20,24,2,399,0.275,FALSE
"gaussian_global_null","gaussian","group","rotation",4,27,2000027,2051027,20,24,2,399,0.555,FALSE
"gaussian_global_null","gaussian","trait","rotation",4,27,2000027,2052027,20,24,2,399,0.5025,FALSE
"gaussian_global_null","gaussian","group:trait","rotation",4,27,2000027,2053027,20,24,2,399,0.795,FALSE
"gaussian_global_null","gaussian","group","rotation",4,28,2000028,2051028,20,24,2,399,0.395,FALSE
"gaussian_global_null","gaussian","trait","rotation",4,28,2000028,2052028,20,24,2,399,0.2375,FALSE
"gaussian_global_null","gaussian","group:trait","rotation",4,28,2000028,2053028,20,24,2,399,0.935,FALSE
"gaussian_global_null","gaussian","group","rotation",4,29,2000029,2051029,20,24,2,399,0.325,FALSE
"gaussian_global_null","gaussian","trait","rotation",4,29,2000029,2052029,20,24,2,399,0.1275,FALSE
"gaussian_global_null","gaussian","group:trait","rotation",4,29,2000029,2053029,20,24,2,399,0.165,FALSE
"gaussian_global_null","gaussian","group","rotation",4,30,2000030,2051030,20,24,2,399,0.01,TRUE
"gaussian_global_null","gaussian","trait","rotation",4,30,2000030,2052030,20,24,2,399,0.2975,FALSE
"gaussian_global_null","gaussian","group:trait","rotation",4,30,2000030,2053030,20,24,2,399,0.6675,FALSE
"gaussian_global_null","gaussian","group","rotation",4,31,2000031,2051031,20,24,2,399,0.765,FALSE
"gaussian_global_null","gaussian","trait","rotation",4,31,2000031,2052031,20,24,2,399,0.8475,FALSE
"gaussian_global_null","gaussian","group:trait","rotation",4,31,2000031,2053031,20,24,2,399,0.7325,FALSE
"gaussian_global_null","gaussian","group","rotation",4,32,2000032,2051032,20,24,2,399,0.7475,FALSE
"gaussian_global_null","gaussian","trait","rotation",4,32,2000032,2052032,20,24,2,399,0.4775,FALSE
"gaussian_global_null","gaussian","group:trait","rotation",4,32,2000032,2053032,20,24,2,399,0.68,FALSE
"gaussian_global_null","gaussian","group","rotation",4,33,2000033,2051033,20,24,2,399,0.9625,FALSE
"gaussian_global_null","gaussian","trait","rotation",4,33,2000033,2052033,20,24,2,399,0.145,FALSE
"gaussian_global_null","gaussian","group:trait","rotation",4,33,2000033,2053033,20,24,2,399,0.5875,FALSE
"gaussian_global_null","gaussian","group","rotation",4,34,2000034,2051034,20,24,2,399,0.8725,FALSE
"gaussian_global_null","gaussian","trait","rotation",4,34,2000034,2052034,20,24,2,399,0.8625,FALSE
"gaussian_global_null","gaussian","group:trait","rotation",4,34,2000034,2053034,20,24,2,399,0.7,FALSE
"gaussian_global_null","gaussian","group","rotation",4,35,2000035,2051035,20,24,2,399,0.85,FALSE
"gaussian_global_null","gaussian","trait","rotation",4,35,2000035,2052035,20,24,2,399,0.82,FALSE
"gaussian_global_null","gaussian","group:trait","rotation",4,35,2000035,2053035,20,24,2,399,0.945,FALSE
"gaussian_global_null","gaussian","group","rotation",4,36,2000036,2051036,20,24,2,399,0.7325,FALSE
"gaussian_global_null","gaussian","trait","rotation",4,36,2000036,2052036,20,24,2,399,0.4675,FALSE
"gaussian_global_null","gaussian","group:trait","rotation",4,36,2000036,2053036,20,24,2,399,0.775,FALSE
"gaussian_global_null","gaussian","group","rotation",4,37,2000037,2051037,20,24,2,399,0.87,FALSE
"gaussian_global_null","gaussian","trait","rotation",4,37,2000037,2052037,20,24,2,399,0.79,FALSE
"gaussian_global_null","gaussian","group:trait","rotation",4,37,2000037,2053037,20,24,2,399,0.365,FALSE
"gaussian_global_null","gaussian","group","rotation",4,38,2000038,2051038,20,24,2,399,0.74,FALSE
"gaussian_global_null","gaussian","trait","rotation",4,38,2000038,2052038,20,24,2,399,0.7625,FALSE
"gaussian_global_null","gaussian","group:trait","rotation",4,38,2000038,2053038,20,24,2,399,0.75,FALSE
"gaussian_global_null","gaussian","group","rotation",4,39,2000039,2051039,20,24,2,399,0.8125,FALSE
"gaussian_global_null","gaussian","trait","rotation",4,39,2000039,2052039,20,24,2,399,0.135,FALSE
"gaussian_global_null","gaussian","group:trait","rotation",4,39,2000039,2053039,20,24,2,399,0.445,FALSE
"gaussian_global_null","gaussian","group","rotation",4,40,2000040,2051040,20,24,2,399,0.7975,FALSE
"gaussian_global_null","gaussian","trait","rotation",4,40,2000040,2052040,20,24,2,399,0.8075,FALSE
"gaussian_global_null","gaussian","group:trait","rotation",4,40,2000040,2053040,20,24,2,399,0.8175,FALSE
"gaussian_global_null","gaussian","group","rotation",4,41,2000041,2051041,20,24,2,399,0.6475,FALSE
"gaussian_global_null","gaussian","trait","rotation",4,41,2000041,2052041,20,24,2,399,0.5475,FALSE
"gaussian_global_null","gaussian","group:trait","rotation",4,41,2000041,2053041,20,24,2,399,0.88,FALSE
"gaussian_global_null","gaussian","group","rotation",4,42,2000042,2051042,20,24,2,399,0.3775,FALSE
"gaussian_global_null","gaussian","trait","rotation",4,42,2000042,2052042,20,24,2,399,0.9475,FALSE
"gaussian_global_null","gaussian","group:trait","rotation",4,42,2000042,2053042,20,24,2,399,0.555,FALSE
"gaussian_global_null","gaussian","group","rotation",4,43,2000043,2051043,20,24,2,399,0.2525,FALSE
"gaussian_global_null","gaussian","trait","rotation",4,43,2000043,2052043,20,24,2,399,0.025,TRUE
"gaussian_global_null","gaussian","group:trait","rotation",4,43,2000043,2053043,20,24,2,399,0.04,TRUE
"gaussian_global_null","gaussian","group","rotation",4,44,2000044,2051044,20,24,2,399,0.5775,FALSE
"gaussian_global_null","gaussian","trait","rotation",4,44,2000044,2052044,20,24,2,399,0.3075,FALSE
"gaussian_global_null","gaussian","group:trait","rotation",4,44,2000044,2053044,20,24,2,399,0.0475,TRUE
"gaussian_global_null","gaussian","group","rotation",4,45,2000045,2051045,20,24,2,399,0.1075,FALSE
"gaussian_global_null","gaussian","trait","rotation",4,45,2000045,2052045,20,24,2,399,0.06,FALSE
"gaussian_global_null","gaussian","group:trait","rotation",4,45,2000045,2053045,20,24,2,399,0.48,FALSE
"gaussian_global_null","gaussian","group","rotation",4,46,2000046,2051046,20,24,2,399,0.65,FALSE
"gaussian_global_null","gaussian","trait","rotation",4,46,2000046,2052046,20,24,2,399,0.175,FALSE
"gaussian_global_null","gaussian","group:trait","rotation",4,46,2000046,2053046,20,24,2,399,0.1775,FALSE
"gaussian_global_null","gaussian","group","rotation",4,47,2000047,2051047,20,24,2,399,0.1975,FALSE
"gaussian_global_null","gaussian","trait","rotation",4,47,2000047,2052047,20,24,2,399,0.775,FALSE
"gaussian_global_null","gaussian","group:trait","rotation",4,47,2000047,2053047,20,24,2,399,0.695,FALSE
"gaussian_global_null","gaussian","group","rotation",4,48,2000048,2051048,20,24,2,399,0.2725,FALSE
"gaussian_global_null","gaussian","trait","rotation",4,48,2000048,2052048,20,24,2,399,0.2325,FALSE
"gaussian_global_null","gaussian","group:trait","rotation",4,48,2000048,2053048,20,24,2,399,0.165,FALSE
"gaussian_global_null","gaussian","group","rotation",4,49,2000049,2051049,20,24,2,399,0.535,FALSE
"gaussian_global_null","gaussian","trait","rotation",4,49,2000049,2052049,20,24,2,399,0.765,FALSE
"gaussian_global_null","gaussian","group:trait","rotation",4,49,2000049,2053049,20,24,2,399,0.7775,FALSE
"gaussian_global_null","gaussian","group","rotation",4,50,2000050,2051050,20,24,2,399,0.7,FALSE
"gaussian_global_null","gaussian","trait","rotation",4,50,2000050,2052050,20,24,2,399,0.565,FALSE
"gaussian_global_null","gaussian","group:trait","rotation",4,50,2000050,2053050,20,24,2,399,0.43,FALSE
"gaussian_global_null","gaussian","group","rotation",4,51,2000051,2051051,20,24,2,399,0.8625,FALSE
"gaussian_global_null","gaussian","trait","rotation",4,51,2000051,2052051,20,24,2,399,0.59,FALSE
"gaussian_global_null","gaussian","group:trait","rotation",4,51,2000051,2053051,20,24,2,399,0.6175,FALSE
"gaussian_global_null","gaussian","group","rotation",4,52,2000052,2051052,20,24,2,399,0.705,FALSE
"gaussian_global_null","gaussian","trait","rotation",4,52,2000052,2052052,20,24,2,399,0.9,FALSE
"gaussian_global_null","gaussian","group:trait","rotation",4,52,2000052,2053052,20,24,2,399,0.9625,FALSE
"gaussian_global_null","gaussian","group","rotation",4,53,2000053,2051053,20,24,2,399,0.85,FALSE
"gaussian_global_null","gaussian","trait","rotation",4,53,2000053,2052053,20,24,2,399,0.9525,FALSE
"gaussian_global_null","gaussian","group:trait","rotation",4,53,2000053,2053053,20,24,2,399,0.6825,FALSE
"gaussian_global_null","gaussian","group","rotation",4,54,2000054,2051054,20,24,2,399,0.03,TRUE
"gaussian_global_null","gaussian","trait","rotation",4,54,2000054,2052054,20,24,2,399,0.515,FALSE
"gaussian_global_null","gaussian","group:trait","rotation",4,54,2000054,2053054,20,24,2,399,0.2075,FALSE
"gaussian_global_null","gaussian","group","rotation",4,55,2000055,2051055,20,24,2,399,0.155,FALSE
"gaussian_global_null","gaussian","trait","rotation",4,55,2000055,2052055,20,24,2,399,0.5475,FALSE
"gaussian_global_null","gaussian","group:trait","rotation",4,55,2000055,2053055,20,24,2,399,0.91,FALSE
"gaussian_global_null","gaussian","group","rotation",4,56,2000056,2051056,20,24,2,399,0.5625,FALSE
"gaussian_global_null","gaussian","trait","rotation",4,56,2000056,2052056,20,24,2,399,0.8575,FALSE
"gaussian_global_null","gaussian","group:trait","rotation",4,56,2000056,2053056,20,24,2,399,0.915,FALSE
"gaussian_global_null","gaussian","group","rotation",4,57,2000057,2051057,20,24,2,399,0.09,FALSE
"gaussian_global_null","gaussian","trait","rotation",4,57,2000057,2052057,20,24,2,399,0.5,FALSE
"gaussian_global_null","gaussian","group:trait","rotation",4,57,2000057,2053057,20,24,2,399,0.585,FALSE
"gaussian_global_null","gaussian","group","rotation",4,58,2000058,2051058,20,24,2,399,0.755,FALSE
"gaussian_global_null","gaussian","trait","rotation",4,58,2000058,2052058,20,24,2,399,0.9575,FALSE
"gaussian_global_null","gaussian","group:trait","rotation",4,58,2000058,2053058,20,24,2,399,0.76,FALSE
"gaussian_global_null","gaussian","group","rotation",4,59,2000059,2051059,20,24,2,399,0.4825,FALSE
"gaussian_global_null","gaussian","trait","rotation",4,59,2000059,2052059,20,24,2,399,0.96,FALSE
"gaussian_global_null","gaussian","group:trait","rotation",4,59,2000059,2053059,20,24,2,399,0.895,FALSE
"gaussian_global_null","gaussian","group","rotation",4,60,2000060,2051060,20,24,2,399,0.185,FALSE
"gaussian_global_null","gaussian","trait","rotation",4,60,2000060,2052060,20,24,2,399,0.8325,FALSE
"gaussian_global_null","gaussian","group:trait","rotation",4,60,2000060,2053060,20,24,2,399,0.845,FALSE
"gaussian_global_null","gaussian","group","rotation",4,61,2000061,2051061,20,24,2,399,0.7875,FALSE
"gaussian_global_null","gaussian","trait","rotation",4,61,2000061,2052061,20,24,2,399,0.7275,FALSE
"gaussian_global_null","gaussian","group:trait","rotation",4,61,2000061,2053061,20,24,2,399,0.725,FALSE
"gaussian_global_null","gaussian","group","rotation",4,62,2000062,2051062,20,24,2,399,0.8375,FALSE
"gaussian_global_null","gaussian","trait","rotation",4,62,2000062,2052062,20,24,2,399,0.86,FALSE
"gaussian_global_null","gaussian","group:trait","rotation",4,62,2000062,2053062,20,24,2,399,0.2325,FALSE
"gaussian_global_null","gaussian","group","rotation",4,63,2000063,2051063,20,24,2,399,0.485,FALSE
"gaussian_global_null","gaussian","trait","rotation",4,63,2000063,2052063,20,24,2,399,0.965,FALSE
"gaussian_global_null","gaussian","group:trait","rotation",4,63,2000063,2053063,20,24,2,399,0.52,FALSE
"gaussian_global_null","gaussian","group","rotation",4,64,2000064,2051064,20,24,2,399,0.13,FALSE
"gaussian_global_null","gaussian","trait","rotation",4,64,2000064,2052064,20,24,2,399,0.9525,FALSE
"gaussian_global_null","gaussian","group:trait","rotation",4,64,2000064,2053064,20,24,2,399,0.5225,FALSE
"gaussian_global_null","gaussian","group","rotation",4,65,2000065,2051065,20,24,2,399,0.75,FALSE
"gaussian_global_null","gaussian","trait","rotation",4,65,2000065,2052065,20,24,2,399,0.1325,FALSE
"gaussian_global_null","gaussian","group:trait","rotation",4,65,2000065,2053065,20,24,2,399,0.105,FALSE
"gaussian_global_null","gaussian","group","rotation",4,66,2000066,2051066,20,24,2,399,0.7725,FALSE
"gaussian_global_null","gaussian","trait","rotation",4,66,2000066,2052066,20,24,2,399,0.4975,FALSE
"gaussian_global_null","gaussian","group:trait","rotation",4,66,2000066,2053066,20,24,2,399,0.505,FALSE
"gaussian_global_null","gaussian","group","rotation",4,67,2000067,2051067,20,24,2,399,0.4725,FALSE
"gaussian_global_null","gaussian","trait","rotation",4,67,2000067,2052067,20,24,2,399,0.94,FALSE
"gaussian_global_null","gaussian","group:trait","rotation",4,67,2000067,2053067,20,24,2,399,0.6,FALSE
"gaussian_global_null","gaussian","group","rotation",4,68,2000068,2051068,20,24,2,399,0.835,FALSE
"gaussian_global_null","gaussian","trait","rotation",4,68,2000068,2052068,20,24,2,399,0.525,FALSE
"gaussian_global_null","gaussian","group:trait","rotation",4,68,2000068,2053068,20,24,2,399,0.805,FALSE
"gaussian_global_null","gaussian","group","rotation",4,69,2000069,2051069,20,24,2,399,0.735,FALSE
"gaussian_global_null","gaussian","trait","rotation",4,69,2000069,2052069,20,24,2,399,0.27,FALSE
"gaussian_global_null","gaussian","group:trait","rotation",4,69,2000069,2053069,20,24,2,399,0.4025,FALSE
"gaussian_global_null","gaussian","group","rotation",4,70,2000070,2051070,20,24,2,399,0.975,FALSE
"gaussian_global_null","gaussian","trait","rotation",4,70,2000070,2052070,20,24,2,399,0.77,FALSE
"gaussian_global_null","gaussian","group:trait","rotation",4,70,2000070,2053070,20,24,2,399,0.81,FALSE
"gaussian_global_null","gaussian","group","rotation",4,71,2000071,2051071,20,24,2,399,0.0825,FALSE
"gaussian_global_null","gaussian","trait","rotation",4,71,2000071,2052071,20,24,2,399,0.335,FALSE
"gaussian_global_null","gaussian","group:trait","rotation",4,71,2000071,2053071,20,24,2,399,0.205,FALSE
"gaussian_global_null","gaussian","group","rotation",4,72,2000072,2051072,20,24,2,399,0.1525,FALSE
"gaussian_global_null","gaussian","trait","rotation",4,72,2000072,2052072,20,24,2,399,0.285,FALSE
"gaussian_global_null","gaussian","group:trait","rotation",4,72,2000072,2053072,20,24,2,399,0.1925,FALSE
"gaussian_global_null","gaussian","group","rotation",4,73,2000073,2051073,20,24,2,399,0.6225,FALSE
"gaussian_global_null","gaussian","trait","rotation",4,73,2000073,2052073,20,24,2,399,0.475,FALSE
"gaussian_global_null","gaussian","group:trait","rotation",4,73,2000073,2053073,20,24,2,399,0.1325,FALSE
"gaussian_global_null","gaussian","group","rotation",4,74,2000074,2051074,20,24,2,399,0.0975,FALSE
"gaussian_global_null","gaussian","trait","rotation",4,74,2000074,2052074,20,24,2,399,0.51,FALSE
"gaussian_global_null","gaussian","group:trait","rotation",4,74,2000074,2053074,20,24,2,399,0.665,FALSE
"gaussian_global_null","gaussian","group","rotation",4,75,2000075,2051075,20,24,2,399,0.59,FALSE
"gaussian_global_null","gaussian","trait","rotation",4,75,2000075,2052075,20,24,2,399,0.855,FALSE
"gaussian_global_null","gaussian","group:trait","rotation",4,75,2000075,2053075,20,24,2,399,0.9825,FALSE
"gaussian_global_null","gaussian","group","rotation",4,76,2000076,2051076,20,24,2,399,0.84,FALSE
"gaussian_global_null","gaussian","trait","rotation",4,76,2000076,2052076,20,24,2,399,0.71,FALSE
"gaussian_global_null","gaussian","group:trait","rotation",4,76,2000076,2053076,20,24,2,399,0.6125,FALSE
"gaussian_global_null","gaussian","group","rotation",4,77,2000077,2051077,20,24,2,399,0.8575,FALSE
"gaussian_global_null","gaussian","trait","rotation",4,77,2000077,2052077,20,24,2,399,0.8875,FALSE
"gaussian_global_null","gaussian","group:trait","rotation",4,77,2000077,2053077,20,24,2,399,0.88,FALSE
"gaussian_global_null","gaussian","group","rotation",4,78,2000078,2051078,20,24,2,399,0.04,TRUE
"gaussian_global_null","gaussian","trait","rotation",4,78,2000078,2052078,20,24,2,399,0.755,FALSE
"gaussian_global_null","gaussian","group:trait","rotation",4,78,2000078,2053078,20,24,2,399,0.11,FALSE
"gaussian_global_null","gaussian","group","rotation",4,79,2000079,2051079,20,24,2,399,0.4125,FALSE
"gaussian_global_null","gaussian","trait","rotation",4,79,2000079,2052079,20,24,2,399,0.515,FALSE
"gaussian_global_null","gaussian","group:trait","rotation",4,79,2000079,2053079,20,24,2,399,0.0825,FALSE
"gaussian_global_null","gaussian","group","rotation",4,80,2000080,2051080,20,24,2,399,0.0775,FALSE
"gaussian_global_null","gaussian","trait","rotation",4,80,2000080,2052080,20,24,2,399,0.56,FALSE
"gaussian_global_null","gaussian","group:trait","rotation",4,80,2000080,2053080,20,24,2,399,0.615,FALSE
"gaussian_global_null","gaussian","group","rotation",4,81,2000081,2051081,20,24,2,399,0.4075,FALSE
"gaussian_global_null","gaussian","trait","rotation",4,81,2000081,2052081,20,24,2,399,0.405,FALSE
"gaussian_global_null","gaussian","group:trait","rotation",4,81,2000081,2053081,20,24,2,399,0.4125,FALSE
"gaussian_global_null","gaussian","group","rotation",4,82,2000082,2051082,20,24,2,399,0.1075,FALSE
"gaussian_global_null","gaussian","trait","rotation",4,82,2000082,2052082,20,24,2,399,0.7925,FALSE
"gaussian_global_null","gaussian","group:trait","rotation",4,82,2000082,2053082,20,24,2,399,0.5425,FALSE
"gaussian_global_null","gaussian","group","rotation",4,83,2000083,2051083,20,24,2,399,0.3075,FALSE
"gaussian_global_null","gaussian","trait","rotation",4,83,2000083,2052083,20,24,2,399,0.1,FALSE
"gaussian_global_null","gaussian","group:trait","rotation",4,83,2000083,2053083,20,24,2,399,0.0375,TRUE
"gaussian_global_null","gaussian","group","rotation",4,84,2000084,2051084,20,24,2,399,0.095,FALSE
"gaussian_global_null","gaussian","trait","rotation",4,84,2000084,2052084,20,24,2,399,0.0075,TRUE
"gaussian_global_null","gaussian","group:trait","rotation",4,84,2000084,2053084,20,24,2,399,0.0475,TRUE
"gaussian_global_null","gaussian","group","rotation",4,85,2000085,2051085,20,24,2,399,0.2875,FALSE
"gaussian_global_null","gaussian","trait","rotation",4,85,2000085,2052085,20,24,2,399,0.0875,FALSE
"gaussian_global_null","gaussian","group:trait","rotation",4,85,2000085,2053085,20,24,2,399,0.225,FALSE
"gaussian_global_null","gaussian","group","rotation",4,86,2000086,2051086,20,24,2,399,0.3475,FALSE
"gaussian_global_null","gaussian","trait","rotation",4,86,2000086,2052086,20,24,2,399,0.92,FALSE
"gaussian_global_null","gaussian","group:trait","rotation",4,86,2000086,2053086,20,24,2,399,0.8675,FALSE
"gaussian_global_null","gaussian","group","rotation",4,87,2000087,2051087,20,24,2,399,0.885,FALSE
"gaussian_global_null","gaussian","trait","rotation",4,87,2000087,2052087,20,24,2,399,0.015,TRUE
"gaussian_global_null","gaussian","group:trait","rotation",4,87,2000087,2053087,20,24,2,399,0.06,FALSE
"gaussian_global_null","gaussian","group","rotation",4,88,2000088,2051088,20,24,2,399,0.5125,FALSE
"gaussian_global_null","gaussian","trait","rotation",4,88,2000088,2052088,20,24,2,399,0.0425,TRUE
"gaussian_global_null","gaussian","group:trait","rotation",4,88,2000088,2053088,20,24,2,399,0.155,FALSE
"gaussian_global_null","gaussian","group","rotation",4,89,2000089,2051089,20,24,2,399,0.045,TRUE
"gaussian_global_null","gaussian","trait","rotation",4,89,2000089,2052089,20,24,2,399,0.0475,TRUE
"gaussian_global_null","gaussian","group:trait","rotation",4,89,2000089,2053089,20,24,2,399,0.26,FALSE
"gaussian_global_null","gaussian","group","rotation",4,90,2000090,2051090,20,24,2,399,0.56,FALSE
"gaussian_global_null","gaussian","trait","rotation",4,90,2000090,2052090,20,24,2,399,0.6,FALSE
"gaussian_global_null","gaussian","group:trait","rotation",4,90,2000090,2053090,20,24,2,399,0.575,FALSE
"gaussian_global_null","gaussian","group","rotation",4,91,2000091,2051091,20,24,2,399,0.785,FALSE
"gaussian_global_null","gaussian","trait","rotation",4,91,2000091,2052091,20,24,2,399,0.1375,FALSE
"gaussian_global_null","gaussian","group:trait","rotation",4,91,2000091,2053091,20,24,2,399,0.755,FALSE
"gaussian_global_null","gaussian","group","rotation",4,92,2000092,2051092,20,24,2,399,0.42,FALSE
"gaussian_global_null","gaussian","trait","rotation",4,92,2000092,2052092,20,24,2,399,0.9575,FALSE
"gaussian_global_null","gaussian","group:trait","rotation",4,92,2000092,2053092,20,24,2,399,0.9075,FALSE
"gaussian_global_null","gaussian","group","rotation",4,93,2000093,2051093,20,24,2,399,0.105,FALSE
"gaussian_global_null","gaussian","trait","rotation",4,93,2000093,2052093,20,24,2,399,0.7225,FALSE
"gaussian_global_null","gaussian","group:trait","rotation",4,93,2000093,2053093,20,24,2,399,0.9175,FALSE
"gaussian_global_null","gaussian","group","rotation",4,94,2000094,2051094,20,24,2,399,0.4025,FALSE
"gaussian_global_null","gaussian","trait","rotation",4,94,2000094,2052094,20,24,2,399,0.855,FALSE
"gaussian_global_null","gaussian","group:trait","rotation",4,94,2000094,2053094,20,24,2,399,0.73,FALSE
"gaussian_global_null","gaussian","group","rotation",4,95,2000095,2051095,20,24,2,399,0.1825,FALSE
"gaussian_global_null","gaussian","trait","rotation",4,95,2000095,2052095,20,24,2,399,0.705,FALSE
"gaussian_global_null","gaussian","group:trait","rotation",4,95,2000095,2053095,20,24,2,399,0.5975,FALSE
"gaussian_global_null","gaussian","group","rotation",4,96,2000096,2051096,20,24,2,399,0.48,FALSE
"gaussian_global_null","gaussian","trait","rotation",4,96,2000096,2052096,20,24,2,399,0.255,FALSE
"gaussian_global_null","gaussian","group:trait","rotation",4,96,2000096,2053096,20,24,2,399,0.46,FALSE
"gaussian_global_null","gaussian","group","rotation",4,97,2000097,2051097,20,24,2,399,0.12,FALSE
"gaussian_global_null","gaussian","trait","rotation",4,97,2000097,2052097,20,24,2,399,0.445,FALSE
"gaussian_global_null","gaussian","group:trait","rotation",4,97,2000097,2053097,20,24,2,399,0.885,FALSE
"gaussian_global_null","gaussian","group","rotation",4,98,2000098,2051098,20,24,2,399,0.185,FALSE
"gaussian_global_null","gaussian","trait","rotation",4,98,2000098,2052098,20,24,2,399,0.6175,FALSE
"gaussian_global_null","gaussian","group:trait","rotation",4,98,2000098,2053098,20,24,2,399,0.9325,FALSE
"gaussian_global_null","gaussian","group","rotation",4,99,2000099,2051099,20,24,2,399,0.4825,FALSE
"gaussian_global_null","gaussian","trait","rotation",4,99,2000099,2052099,20,24,2,399,0.6425,FALSE
"gaussian_global_null","gaussian","group:trait","rotation",4,99,2000099,2053099,20,24,2,399,0.07,FALSE
"gaussian_global_null","gaussian","group","rotation",4,100,2000100,2051100,20,24,2,399,0.1975,FALSE
"gaussian_global_null","gaussian","trait","rotation",4,100,2000100,2052100,20,24,2,399,0.06,FALSE
"gaussian_global_null","gaussian","group:trait","rotation",4,100,2000100,2053100,20,24,2,399,0.1325,FALSE
"gaussian_global_null","gaussian","group","rotation",4,101,2000101,2051101,20,24,2,399,0.41,FALSE
"gaussian_global_null","gaussian","trait","rotation",4,101,2000101,2052101,20,24,2,399,0.555,FALSE
"gaussian_global_null","gaussian","group:trait","rotation",4,101,2000101,2053101,20,24,2,399,0.3875,FALSE
"gaussian_global_null","gaussian","group","rotation",4,102,2000102,2051102,20,24,2,399,0.3125,FALSE
"gaussian_global_null","gaussian","trait","rotation",4,102,2000102,2052102,20,24,2,399,0.56,FALSE
"gaussian_global_null","gaussian","group:trait","rotation",4,102,2000102,2053102,20,24,2,399,0.385,FALSE
"gaussian_global_null","gaussian","group","rotation",4,103,2000103,2051103,20,24,2,399,0.125,FALSE
"gaussian_global_null","gaussian","trait","rotation",4,103,2000103,2052103,20,24,2,399,0.725,FALSE
"gaussian_global_null","gaussian","group:trait","rotation",4,103,2000103,2053103,20,24,2,399,0.7525,FALSE
"gaussian_global_null","gaussian","group","rotation",4,104,2000104,2051104,20,24,2,399,0.72,FALSE
"gaussian_global_null","gaussian","trait","rotation",4,104,2000104,2052104,20,24,2,399,0.995,FALSE
"gaussian_global_null","gaussian","group:trait","rotation",4,104,2000104,2053104,20,24,2,399,0.12,FALSE
"gaussian_global_null","gaussian","group","rotation",4,105,2000105,2051105,20,24,2,399,0.4525,FALSE
"gaussian_global_null","gaussian","trait","rotation",4,105,2000105,2052105,20,24,2,399,0.585,FALSE
"gaussian_global_null","gaussian","group:trait","rotation",4,105,2000105,2053105,20,24,2,399,0.7475,FALSE
"gaussian_global_null","gaussian","group","rotation",4,106,2000106,2051106,20,24,2,399,0.8725,FALSE
"gaussian_global_null","gaussian","trait","rotation",4,106,2000106,2052106,20,24,2,399,0.4325,FALSE
"gaussian_global_null","gaussian","group:trait","rotation",4,106,2000106,2053106,20,24,2,399,0.98,FALSE
"gaussian_global_null","gaussian","group","rotation",4,107,2000107,2051107,20,24,2,399,0.73,FALSE
"gaussian_global_null","gaussian","trait","rotation",4,107,2000107,2052107,20,24,2,399,0.5925,FALSE
"gaussian_global_null","gaussian","group:trait","rotation",4,107,2000107,2053107,20,24,2,399,0.825,FALSE
"gaussian_global_null","gaussian","group","rotation",4,108,2000108,2051108,20,24,2,399,0.2325,FALSE
"gaussian_global_null","gaussian","trait","rotation",4,108,2000108,2052108,20,24,2,399,0.125,FALSE
"gaussian_global_null","gaussian","group:trait","rotation",4,108,2000108,2053108,20,24,2,399,0.3825,FALSE
"gaussian_global_null","gaussian","group","rotation",4,109,2000109,2051109,20,24,2,399,0.015,TRUE
"gaussian_global_null","gaussian","trait","rotation",4,109,2000109,2052109,20,24,2,399,0.13,FALSE
"gaussian_global_null","gaussian","group:trait","rotation",4,109,2000109,2053109,20,24,2,399,0.63,FALSE
"gaussian_global_null","gaussian","group","rotation",4,110,2000110,2051110,20,24,2,399,0.3375,FALSE
"gaussian_global_null","gaussian","trait","rotation",4,110,2000110,2052110,20,24,2,399,0.02,TRUE
"gaussian_global_null","gaussian","group:trait","rotation",4,110,2000110,2053110,20,24,2,399,0.035,TRUE
"gaussian_global_null","gaussian","group","rotation",4,111,2000111,2051111,20,24,2,399,0.5925,FALSE
"gaussian_global_null","gaussian","trait","rotation",4,111,2000111,2052111,20,24,2,399,0.8375,FALSE
"gaussian_global_null","gaussian","group:trait","rotation",4,111,2000111,2053111,20,24,2,399,0.6475,FALSE
"gaussian_global_null","gaussian","group","rotation",4,112,2000112,2051112,20,24,2,399,0.1,FALSE
"gaussian_global_null","gaussian","trait","rotation",4,112,2000112,2052112,20,24,2,399,0.785,FALSE
"gaussian_global_null","gaussian","group:trait","rotation",4,112,2000112,2053112,20,24,2,399,0.9975,FALSE
"gaussian_global_null","gaussian","group","rotation",4,113,2000113,2051113,20,24,2,399,0.4175,FALSE
"gaussian_global_null","gaussian","trait","rotation",4,113,2000113,2052113,20,24,2,399,0.395,FALSE
"gaussian_global_null","gaussian","group:trait","rotation",4,113,2000113,2053113,20,24,2,399,0.18,FALSE
"gaussian_global_null","gaussian","group","rotation",4,114,2000114,2051114,20,24,2,399,0.58,FALSE
"gaussian_global_null","gaussian","trait","rotation",4,114,2000114,2052114,20,24,2,399,0.4475,FALSE
"gaussian_global_null","gaussian","group:trait","rotation",4,114,2000114,2053114,20,24,2,399,0.445,FALSE
"gaussian_global_null","gaussian","group","rotation",4,115,2000115,2051115,20,24,2,399,0.21,FALSE
"gaussian_global_null","gaussian","trait","rotation",4,115,2000115,2052115,20,24,2,399,0.8425,FALSE
"gaussian_global_null","gaussian","group:trait","rotation",4,115,2000115,2053115,20,24,2,399,0.855,FALSE
"gaussian_global_null","gaussian","group","rotation",4,116,2000116,2051116,20,24,2,399,0.39,FALSE
"gaussian_global_null","gaussian","trait","rotation",4,116,2000116,2052116,20,24,2,399,0.5125,FALSE
"gaussian_global_null","gaussian","group:trait","rotation",4,116,2000116,2053116,20,24,2,399,0.4125,FALSE
"gaussian_global_null","gaussian","group","rotation",4,117,2000117,2051117,20,24,2,399,0.745,FALSE
"gaussian_global_null","gaussian","trait","rotation",4,117,2000117,2052117,20,24,2,399,0.15,FALSE
"gaussian_global_null","gaussian","group:trait","rotation",4,117,2000117,2053117,20,24,2,399,0.005,TRUE
"gaussian_global_null","gaussian","group","rotation",4,118,2000118,2051118,20,24,2,399,0.3875,FALSE
"gaussian_global_null","gaussian","trait","rotation",4,118,2000118,2052118,20,24,2,399,0.96,FALSE
"gaussian_global_null","gaussian","group:trait","rotation",4,118,2000118,2053118,20,24,2,399,0.5475,FALSE
"gaussian_global_null","gaussian","group","rotation",4,119,2000119,2051119,20,24,2,399,0.4525,FALSE
"gaussian_global_null","gaussian","trait","rotation",4,119,2000119,2052119,20,24,2,399,0.515,FALSE
"gaussian_global_null","gaussian","group:trait","rotation",4,119,2000119,2053119,20,24,2,399,0.1625,FALSE
"gaussian_global_null","gaussian","group","rotation",4,120,2000120,2051120,20,24,2,399,0.35,FALSE
"gaussian_global_null","gaussian","trait","rotation",4,120,2000120,2052120,20,24,2,399,0.2725,FALSE
"gaussian_global_null","gaussian","group:trait","rotation",4,120,2000120,2053120,20,24,2,399,0.545,FALSE
"gaussian_global_null","gaussian","group","rotation",4,121,2000121,2051121,20,24,2,399,0.415,FALSE
"gaussian_global_null","gaussian","trait","rotation",4,121,2000121,2052121,20,24,2,399,0.87,FALSE
"gaussian_global_null","gaussian","group:trait","rotation",4,121,2000121,2053121,20,24,2,399,0.3125,FALSE
"gaussian_global_null","gaussian","group","rotation",4,122,2000122,2051122,20,24,2,399,0.9975,FALSE
"gaussian_global_null","gaussian","trait","rotation",4,122,2000122,2052122,20,24,2,399,0.66,FALSE
"gaussian_global_null","gaussian","group:trait","rotation",4,122,2000122,2053122,20,24,2,399,0.8275,FALSE
"gaussian_global_null","gaussian","group","rotation",4,123,2000123,2051123,20,24,2,399,0.125,FALSE
"gaussian_global_null","gaussian","trait","rotation",4,123,2000123,2052123,20,24,2,399,0.785,FALSE
"gaussian_global_null","gaussian","group:trait","rotation",4,123,2000123,2053123,20,24,2,399,0.9375,FALSE
"gaussian_global_null","gaussian","group","rotation",4,124,2000124,2051124,20,24,2,399,0.5275,FALSE
"gaussian_global_null","gaussian","trait","rotation",4,124,2000124,2052124,20,24,2,399,0.36,FALSE
"gaussian_global_null","gaussian","group:trait","rotation",4,124,2000124,2053124,20,24,2,399,0.3425,FALSE
"gaussian_global_null","gaussian","group","rotation",4,125,2000125,2051125,20,24,2,399,0.9725,FALSE
"gaussian_global_null","gaussian","trait","rotation",4,125,2000125,2052125,20,24,2,399,0.555,FALSE
"gaussian_global_null","gaussian","group:trait","rotation",4,125,2000125,2053125,20,24,2,399,0.6575,FALSE
"gaussian_global_null","gaussian","group","rotation",4,126,2000126,2051126,20,24,2,399,0.0075,TRUE
"gaussian_global_null","gaussian","trait","rotation",4,126,2000126,2052126,20,24,2,399,0.225,FALSE
"gaussian_global_null","gaussian","group:trait","rotation",4,126,2000126,2053126,20,24,2,399,0.545,FALSE
"gaussian_global_null","gaussian","group","rotation",4,127,2000127,2051127,20,24,2,399,0.6375,FALSE
"gaussian_global_null","gaussian","trait","rotation",4,127,2000127,2052127,20,24,2,399,0.115,FALSE
"gaussian_global_null","gaussian","group:trait","rotation",4,127,2000127,2053127,20,24,2,399,0.09,FALSE
"gaussian_global_null","gaussian","group","rotation",4,128,2000128,2051128,20,24,2,399,0.1325,FALSE
"gaussian_global_null","gaussian","trait","rotation",4,128,2000128,2052128,20,24,2,399,0.865,FALSE
"gaussian_global_null","gaussian","group:trait","rotation",4,128,2000128,2053128,20,24,2,399,0.22,FALSE
"gaussian_global_null","gaussian","group","rotation",4,129,2000129,2051129,20,24,2,399,0.49,FALSE
"gaussian_global_null","gaussian","trait","rotation",4,129,2000129,2052129,20,24,2,399,0.3925,FALSE
"gaussian_global_null","gaussian","group:trait","rotation",4,129,2000129,2053129,20,24,2,399,0.7075,FALSE
"gaussian_global_null","gaussian","group","rotation",4,130,2000130,2051130,20,24,2,399,0.49,FALSE
"gaussian_global_null","gaussian","trait","rotation",4,130,2000130,2052130,20,24,2,399,0.4925,FALSE
"gaussian_global_null","gaussian","group:trait","rotation",4,130,2000130,2053130,20,24,2,399,0.3575,FALSE
"gaussian_global_null","gaussian","group","rotation",4,131,2000131,2051131,20,24,2,399,0.315,FALSE
"gaussian_global_null","gaussian","trait","rotation",4,131,2000131,2052131,20,24,2,399,0.3575,FALSE
"gaussian_global_null","gaussian","group:trait","rotation",4,131,2000131,2053131,20,24,2,399,0.4325,FALSE
"gaussian_global_null","gaussian","group","rotation",4,132,2000132,2051132,20,24,2,399,0.02,TRUE
"gaussian_global_null","gaussian","trait","rotation",4,132,2000132,2052132,20,24,2,399,0.425,FALSE
"gaussian_global_null","gaussian","group:trait","rotation",4,132,2000132,2053132,20,24,2,399,0.085,FALSE
"gaussian_global_null","gaussian","group","rotation",4,133,2000133,2051133,20,24,2,399,0.5675,FALSE
"gaussian_global_null","gaussian","trait","rotation",4,133,2000133,2052133,20,24,2,399,0.67,FALSE
"gaussian_global_null","gaussian","group:trait","rotation",4,133,2000133,2053133,20,24,2,399,0.245,FALSE
"gaussian_global_null","gaussian","group","rotation",4,134,2000134,2051134,20,24,2,399,0.8025,FALSE
"gaussian_global_null","gaussian","trait","rotation",4,134,2000134,2052134,20,24,2,399,0.9375,FALSE
"gaussian_global_null","gaussian","group:trait","rotation",4,134,2000134,2053134,20,24,2,399,0.205,FALSE
"gaussian_global_null","gaussian","group","rotation",4,135,2000135,2051135,20,24,2,399,0.91,FALSE
"gaussian_global_null","gaussian","trait","rotation",4,135,2000135,2052135,20,24,2,399,0.1825,FALSE
"gaussian_global_null","gaussian","group:trait","rotation",4,135,2000135,2053135,20,24,2,399,0.54,FALSE
"gaussian_global_null","gaussian","group","rotation",4,136,2000136,2051136,20,24,2,399,0.0725,FALSE
"gaussian_global_null","gaussian","trait","rotation",4,136,2000136,2052136,20,24,2,399,0.6625,FALSE
"gaussian_global_null","gaussian","group:trait","rotation",4,136,2000136,2053136,20,24,2,399,0.8175,FALSE
"gaussian_global_null","gaussian","group","rotation",4,137,2000137,2051137,20,24,2,399,0.1275,FALSE
"gaussian_global_null","gaussian","trait","rotation",4,137,2000137,2052137,20,24,2,399,0.0475,TRUE
"gaussian_global_null","gaussian","group:trait","rotation",4,137,2000137,2053137,20,24,2,399,0.0275,TRUE
"gaussian_global_null","gaussian","group","rotation",4,138,2000138,2051138,20,24,2,399,0.59,FALSE
"gaussian_global_null","gaussian","trait","rotation",4,138,2000138,2052138,20,24,2,399,0.2725,FALSE
"gaussian_global_null","gaussian","group:trait","rotation",4,138,2000138,2053138,20,24,2,399,0.32,FALSE
"gaussian_global_null","gaussian","group","rotation",4,139,2000139,2051139,20,24,2,399,0.1,FALSE
"gaussian_global_null","gaussian","trait","rotation",4,139,2000139,2052139,20,24,2,399,0.1825,FALSE
"gaussian_global_null","gaussian","group:trait","rotation",4,139,2000139,2053139,20,24,2,399,0.785,FALSE
"gaussian_global_null","gaussian","group","rotation",4,140,2000140,2051140,20,24,2,399,0.4725,FALSE
"gaussian_global_null","gaussian","trait","rotation",4,140,2000140,2052140,20,24,2,399,0.6725,FALSE
"gaussian_global_null","gaussian","group:trait","rotation",4,140,2000140,2053140,20,24,2,399,0.5025,FALSE
"gaussian_global_null","gaussian","group","rotation",4,141,2000141,2051141,20,24,2,399,0.96,FALSE
"gaussian_global_null","gaussian","trait","rotation",4,141,2000141,2052141,20,24,2,399,0.995,FALSE
"gaussian_global_null","gaussian","group:trait","rotation",4,141,2000141,2053141,20,24,2,399,0.9475,FALSE
"gaussian_global_null","gaussian","group","rotation",4,142,2000142,2051142,20,24,2,399,0.075,FALSE
"gaussian_global_null","gaussian","trait","rotation",4,142,2000142,2052142,20,24,2,399,0.8,FALSE
"gaussian_global_null","gaussian","group:trait","rotation",4,142,2000142,2053142,20,24,2,399,0.525,FALSE
"gaussian_global_null","gaussian","group","rotation",4,143,2000143,2051143,20,24,2,399,0.5475,FALSE
"gaussian_global_null","gaussian","trait","rotation",4,143,2000143,2052143,20,24,2,399,0.985,FALSE
"gaussian_global_null","gaussian","group:trait","rotation",4,143,2000143,2053143,20,24,2,399,0.85,FALSE
"gaussian_global_null","gaussian","group","rotation",4,144,2000144,2051144,20,24,2,399,0.5025,FALSE
"gaussian_global_null","gaussian","trait","rotation",4,144,2000144,2052144,20,24,2,399,0.3125,FALSE
"gaussian_global_null","gaussian","group:trait","rotation",4,144,2000144,2053144,20,24,2,399,0.99,FALSE
"gaussian_global_null","gaussian","group","rotation",4,145,2000145,2051145,20,24,2,399,0.95,FALSE
"gaussian_global_null","gaussian","trait","rotation",4,145,2000145,2052145,20,24,2,399,0.9425,FALSE
"gaussian_global_null","gaussian","group:trait","rotation",4,145,2000145,2053145,20,24,2,399,0.11,FALSE
"gaussian_global_null","gaussian","group","rotation",4,146,2000146,2051146,20,24,2,399,0.2175,FALSE
"gaussian_global_null","gaussian","trait","rotation",4,146,2000146,2052146,20,24,2,399,0.7575,FALSE
"gaussian_global_null","gaussian","group:trait","rotation",4,146,2000146,2053146,20,24,2,399,0.6325,FALSE
"gaussian_global_null","gaussian","group","rotation",4,147,2000147,2051147,20,24,2,399,0.81,FALSE
"gaussian_global_null","gaussian","trait","rotation",4,147,2000147,2052147,20,24,2,399,0.43,FALSE
"gaussian_global_null","gaussian","group:trait","rotation",4,147,2000147,2053147,20,24,2,399,0.2075,FALSE
"gaussian_global_null","gaussian","group","rotation",4,148,2000148,2051148,20,24,2,399,0.26,FALSE
"gaussian_global_null","gaussian","trait","rotation",4,148,2000148,2052148,20,24,2,399,0.745,FALSE
"gaussian_global_null","gaussian","group:trait","rotation",4,148,2000148,2053148,20,24,2,399,0.885,FALSE
"gaussian_global_null","gaussian","group","rotation",4,149,2000149,2051149,20,24,2,399,0.295,FALSE
"gaussian_global_null","gaussian","trait","rotation",4,149,2000149,2052149,20,24,2,399,0.105,FALSE
"gaussian_global_null","gaussian","group:trait","rotation",4,149,2000149,2053149,20,24,2,399,0.4925,FALSE
"gaussian_global_null","gaussian","group","rotation",4,150,2000150,2051150,20,24,2,399,0.3075,FALSE
"gaussian_global_null","gaussian","trait","rotation",4,150,2000150,2052150,20,24,2,399,0.715,FALSE
"gaussian_global_null","gaussian","group:trait","rotation",4,150,2000150,2053150,20,24,2,399,0.4375,FALSE
"gaussian_global_null","gaussian","group","rotation",4,151,2000151,2051151,20,24,2,399,0.805,FALSE
"gaussian_global_null","gaussian","trait","rotation",4,151,2000151,2052151,20,24,2,399,0.595,FALSE
"gaussian_global_null","gaussian","group:trait","rotation",4,151,2000151,2053151,20,24,2,399,0.765,FALSE
"gaussian_global_null","gaussian","group","rotation",4,152,2000152,2051152,20,24,2,399,0.5075,FALSE
"gaussian_global_null","gaussian","trait","rotation",4,152,2000152,2052152,20,24,2,399,0.1025,FALSE
"gaussian_global_null","gaussian","group:trait","rotation",4,152,2000152,2053152,20,24,2,399,0.12,FALSE
"gaussian_global_null","gaussian","group","rotation",4,153,2000153,2051153,20,24,2,399,0.595,FALSE
"gaussian_global_null","gaussian","trait","rotation",4,153,2000153,2052153,20,24,2,399,0.585,FALSE
"gaussian_global_null","gaussian","group:trait","rotation",4,153,2000153,2053153,20,24,2,399,0.395,FALSE
"gaussian_global_null","gaussian","group","rotation",4,154,2000154,2051154,20,24,2,399,0.445,FALSE
"gaussian_global_null","gaussian","trait","rotation",4,154,2000154,2052154,20,24,2,399,0.3725,FALSE
"gaussian_global_null","gaussian","group:trait","rotation",4,154,2000154,2053154,20,24,2,399,0.68,FALSE
"gaussian_global_null","gaussian","group","rotation",4,155,2000155,2051155,20,24,2,399,0.7875,FALSE
"gaussian_global_null","gaussian","trait","rotation",4,155,2000155,2052155,20,24,2,399,0.135,FALSE
"gaussian_global_null","gaussian","group:trait","rotation",4,155,2000155,2053155,20,24,2,399,0.7225,FALSE
"gaussian_global_null","gaussian","group","rotation",4,156,2000156,2051156,20,24,2,399,0.6225,FALSE
"gaussian_global_null","gaussian","trait","rotation",4,156,2000156,2052156,20,24,2,399,0.8675,FALSE
"gaussian_global_null","gaussian","group:trait","rotation",4,156,2000156,2053156,20,24,2,399,0.925,FALSE
"gaussian_global_null","gaussian","group","rotation",4,157,2000157,2051157,20,24,2,399,0.8375,FALSE
"gaussian_global_null","gaussian","trait","rotation",4,157,2000157,2052157,20,24,2,399,0.2525,FALSE
"gaussian_global_null","gaussian","group:trait","rotation",4,157,2000157,2053157,20,24,2,399,0.2725,FALSE
"gaussian_global_null","gaussian","group","rotation",4,158,2000158,2051158,20,24,2,399,0.32,FALSE
"gaussian_global_null","gaussian","trait","rotation",4,158,2000158,2052158,20,24,2,399,0.505,FALSE
"gaussian_global_null","gaussian","group:trait","rotation",4,158,2000158,2053158,20,24,2,399,0.4,FALSE
"gaussian_global_null","gaussian","group","rotation",4,159,2000159,2051159,20,24,2,399,0.505,FALSE
"gaussian_global_null","gaussian","trait","rotation",4,159,2000159,2052159,20,24,2,399,0.825,FALSE
"gaussian_global_null","gaussian","group:trait","rotation",4,159,2000159,2053159,20,24,2,399,0.685,FALSE
"gaussian_global_null","gaussian","group","rotation",4,160,2000160,2051160,20,24,2,399,0.2625,FALSE
"gaussian_global_null","gaussian","trait","rotation",4,160,2000160,2052160,20,24,2,399,0.2525,FALSE
"gaussian_global_null","gaussian","group:trait","rotation",4,160,2000160,2053160,20,24,2,399,0.6825,FALSE
"gaussian_global_null","gaussian","group","rotation",4,161,2000161,2051161,20,24,2,399,0.02,TRUE
"gaussian_global_null","gaussian","trait","rotation",4,161,2000161,2052161,20,24,2,399,0.485,FALSE
"gaussian_global_null","gaussian","group:trait","rotation",4,161,2000161,2053161,20,24,2,399,0.2925,FALSE
"gaussian_global_null","gaussian","group","rotation",4,162,2000162,2051162,20,24,2,399,0.49,FALSE
"gaussian_global_null","gaussian","trait","rotation",4,162,2000162,2052162,20,24,2,399,0.9525,FALSE
"gaussian_global_null","gaussian","group:trait","rotation",4,162,2000162,2053162,20,24,2,399,0.9675,FALSE
"gaussian_global_null","gaussian","group","rotation",4,163,2000163,2051163,20,24,2,399,0.7825,FALSE
"gaussian_global_null","gaussian","trait","rotation",4,163,2000163,2052163,20,24,2,399,0.4925,FALSE
"gaussian_global_null","gaussian","group:trait","rotation",4,163,2000163,2053163,20,24,2,399,0.16,FALSE
"gaussian_global_null","gaussian","group","rotation",4,164,2000164,2051164,20,24,2,399,0.7125,FALSE
"gaussian_global_null","gaussian","trait","rotation",4,164,2000164,2052164,20,24,2,399,0.7825,FALSE
"gaussian_global_null","gaussian","group:trait","rotation",4,164,2000164,2053164,20,24,2,399,0.3375,FALSE
"gaussian_global_null","gaussian","group","rotation",4,165,2000165,2051165,20,24,2,399,0.0825,FALSE
"gaussian_global_null","gaussian","trait","rotation",4,165,2000165,2052165,20,24,2,399,0.3825,FALSE
"gaussian_global_null","gaussian","group:trait","rotation",4,165,2000165,2053165,20,24,2,399,0.85,FALSE
"gaussian_global_null","gaussian","group","rotation",4,166,2000166,2051166,20,24,2,399,0.5425,FALSE
"gaussian_global_null","gaussian","trait","rotation",4,166,2000166,2052166,20,24,2,399,0.4,FALSE
"gaussian_global_null","gaussian","group:trait","rotation",4,166,2000166,2053166,20,24,2,399,0.0275,TRUE
"gaussian_global_null","gaussian","group","rotation",4,167,2000167,2051167,20,24,2,399,0.0175,TRUE
"gaussian_global_null","gaussian","trait","rotation",4,167,2000167,2052167,20,24,2,399,0.105,FALSE
"gaussian_global_null","gaussian","group:trait","rotation",4,167,2000167,2053167,20,24,2,399,0.7075,FALSE
"gaussian_global_null","gaussian","group","rotation",4,168,2000168,2051168,20,24,2,399,0.835,FALSE
"gaussian_global_null","gaussian","trait","rotation",4,168,2000168,2052168,20,24,2,399,0.64,FALSE
"gaussian_global_null","gaussian","group:trait","rotation",4,168,2000168,2053168,20,24,2,399,0.8325,FALSE
"gaussian_global_null","gaussian","group","rotation",4,169,2000169,2051169,20,24,2,399,0.21,FALSE
"gaussian_global_null","gaussian","trait","rotation",4,169,2000169,2052169,20,24,2,399,0.0975,FALSE
"gaussian_global_null","gaussian","group:trait","rotation",4,169,2000169,2053169,20,24,2,399,0.2125,FALSE
"gaussian_global_null","gaussian","group","rotation",4,170,2000170,2051170,20,24,2,399,0.8575,FALSE
"gaussian_global_null","gaussian","trait","rotation",4,170,2000170,2052170,20,24,2,399,0.195,FALSE
"gaussian_global_null","gaussian","group:trait","rotation",4,170,2000170,2053170,20,24,2,399,0.2325,FALSE
"gaussian_global_null","gaussian","group","rotation",4,171,2000171,2051171,20,24,2,399,0.275,FALSE
"gaussian_global_null","gaussian","trait","rotation",4,171,2000171,2052171,20,24,2,399,0.28,FALSE
"gaussian_global_null","gaussian","group:trait","rotation",4,171,2000171,2053171,20,24,2,399,0.885,FALSE
"gaussian_global_null","gaussian","group","rotation",4,172,2000172,2051172,20,24,2,399,0.9475,FALSE
"gaussian_global_null","gaussian","trait","rotation",4,172,2000172,2052172,20,24,2,399,0.095,FALSE
"gaussian_global_null","gaussian","group:trait","rotation",4,172,2000172,2053172,20,24,2,399,0.725,FALSE
"gaussian_global_null","gaussian","group","rotation",4,173,2000173,2051173,20,24,2,399,0.845,FALSE
"gaussian_global_null","gaussian","trait","rotation",4,173,2000173,2052173,20,24,2,399,0.0475,TRUE
"gaussian_global_null","gaussian","group:trait","rotation",4,173,2000173,2053173,20,24,2,399,0.2025,FALSE
"gaussian_global_null","gaussian","group","rotation",4,174,2000174,2051174,20,24,2,399,0.965,FALSE
"gaussian_global_null","gaussian","trait","rotation",4,174,2000174,2052174,20,24,2,399,0.1325,FALSE
"gaussian_global_null","gaussian","group:trait","rotation",4,174,2000174,2053174,20,24,2,399,0.19,FALSE
"gaussian_global_null","gaussian","group","rotation",4,175,2000175,2051175,20,24,2,399,0.0925,FALSE
"gaussian_global_null","gaussian","trait","rotation",4,175,2000175,2052175,20,24,2,399,0.86,FALSE
"gaussian_global_null","gaussian","group:trait","rotation",4,175,2000175,2053175,20,24,2,399,0.6,FALSE
"gaussian_global_null","gaussian","group","rotation",4,176,2000176,2051176,20,24,2,399,0.38,FALSE
"gaussian_global_null","gaussian","trait","rotation",4,176,2000176,2052176,20,24,2,399,0.2125,FALSE
"gaussian_global_null","gaussian","group:trait","rotation",4,176,2000176,2053176,20,24,2,399,0.5325,FALSE
"gaussian_global_null","gaussian","group","rotation",4,177,2000177,2051177,20,24,2,399,0.6225,FALSE
"gaussian_global_null","gaussian","trait","rotation",4,177,2000177,2052177,20,24,2,399,0.365,FALSE
"gaussian_global_null","gaussian","group:trait","rotation",4,177,2000177,2053177,20,24,2,399,0.085,FALSE
"gaussian_global_null","gaussian","group","rotation",4,178,2000178,2051178,20,24,2,399,0.845,FALSE
"gaussian_global_null","gaussian","trait","rotation",4,178,2000178,2052178,20,24,2,399,0.1175,FALSE
"gaussian_global_null","gaussian","group:trait","rotation",4,178,2000178,2053178,20,24,2,399,0.1,FALSE
"gaussian_global_null","gaussian","group","rotation",4,179,2000179,2051179,20,24,2,399,0.4875,FALSE
"gaussian_global_null","gaussian","trait","rotation",4,179,2000179,2052179,20,24,2,399,0.98,FALSE
"gaussian_global_null","gaussian","group:trait","rotation",4,179,2000179,2053179,20,24,2,399,0.94,FALSE
"gaussian_global_null","gaussian","group","rotation",4,180,2000180,2051180,20,24,2,399,0.8975,FALSE
"gaussian_global_null","gaussian","trait","rotation",4,180,2000180,2052180,20,24,2,399,0.05,TRUE
"gaussian_global_null","gaussian","group:trait","rotation",4,180,2000180,2053180,20,24,2,399,0.185,FALSE
"gaussian_global_null","gaussian","group","rotation",4,181,2000181,2051181,20,24,2,399,0.3525,FALSE
"gaussian_global_null","gaussian","trait","rotation",4,181,2000181,2052181,20,24,2,399,0.96,FALSE
"gaussian_global_null","gaussian","group:trait","rotation",4,181,2000181,2053181,20,24,2,399,0.73,FALSE
"gaussian_global_null","gaussian","group","rotation",4,182,2000182,2051182,20,24,2,399,0.27,FALSE
"gaussian_global_null","gaussian","trait","rotation",4,182,2000182,2052182,20,24,2,399,0.81,FALSE
"gaussian_global_null","gaussian","group:trait","rotation",4,182,2000182,2053182,20,24,2,399,0.7425,FALSE
"gaussian_global_null","gaussian","group","rotation",4,183,2000183,2051183,20,24,2,399,0.3975,FALSE
"gaussian_global_null","gaussian","trait","rotation",4,183,2000183,2052183,20,24,2,399,0.7,FALSE
"gaussian_global_null","gaussian","group:trait","rotation",4,183,2000183,2053183,20,24,2,399,0.5075,FALSE
"gaussian_global_null","gaussian","group","rotation",4,184,2000184,2051184,20,24,2,399,0.8425,FALSE
"gaussian_global_null","gaussian","trait","rotation",4,184,2000184,2052184,20,24,2,399,0.2025,FALSE
"gaussian_global_null","gaussian","group:trait","rotation",4,184,2000184,2053184,20,24,2,399,0.8825,FALSE
"gaussian_global_null","gaussian","group","rotation",4,185,2000185,2051185,20,24,2,399,0.24,FALSE
"gaussian_global_null","gaussian","trait","rotation",4,185,2000185,2052185,20,24,2,399,0.425,FALSE
"gaussian_global_null","gaussian","group:trait","rotation",4,185,2000185,2053185,20,24,2,399,0.6075,FALSE
"gaussian_global_null","gaussian","group","rotation",4,186,2000186,2051186,20,24,2,399,0.4625,FALSE
"gaussian_global_null","gaussian","trait","rotation",4,186,2000186,2052186,20,24,2,399,0.7075,FALSE
"gaussian_global_null","gaussian","group:trait","rotation",4,186,2000186,2053186,20,24,2,399,0.81,FALSE
"gaussian_global_null","gaussian","group","rotation",4,187,2000187,2051187,20,24,2,399,0.75,FALSE
"gaussian_global_null","gaussian","trait","rotation",4,187,2000187,2052187,20,24,2,399,0.375,FALSE
"gaussian_global_null","gaussian","group:trait","rotation",4,187,2000187,2053187,20,24,2,399,0.745,FALSE
"gaussian_global_null","gaussian","group","rotation",4,188,2000188,2051188,20,24,2,399,0.095,FALSE
"gaussian_global_null","gaussian","trait","rotation",4,188,2000188,2052188,20,24,2,399,0.44,FALSE
"gaussian_global_null","gaussian","group:trait","rotation",4,188,2000188,2053188,20,24,2,399,0.9525,FALSE
"gaussian_global_null","gaussian","group","rotation",4,189,2000189,2051189,20,24,2,399,0.8325,FALSE
"gaussian_global_null","gaussian","trait","rotation",4,189,2000189,2052189,20,24,2,399,0.1075,FALSE
"gaussian_global_null","gaussian","group:trait","rotation",4,189,2000189,2053189,20,24,2,399,0.2225,FALSE
"gaussian_global_null","gaussian","group","rotation",4,190,2000190,2051190,20,24,2,399,0.7825,FALSE
"gaussian_global_null","gaussian","trait","rotation",4,190,2000190,2052190,20,24,2,399,0.7525,FALSE
"gaussian_global_null","gaussian","group:trait","rotation",4,190,2000190,2053190,20,24,2,399,0.51,FALSE
"gaussian_global_null","gaussian","group","rotation",4,191,2000191,2051191,20,24,2,399,0.0625,FALSE
"gaussian_global_null","gaussian","trait","rotation",4,191,2000191,2052191,20,24,2,399,0.17,FALSE
"gaussian_global_null","gaussian","group:trait","rotation",4,191,2000191,2053191,20,24,2,399,0.015,TRUE
"gaussian_global_null","gaussian","group","rotation",4,192,2000192,2051192,20,24,2,399,0.3725,FALSE
"gaussian_global_null","gaussian","trait","rotation",4,192,2000192,2052192,20,24,2,399,0.9975,FALSE
"gaussian_global_null","gaussian","group:trait","rotation",4,192,2000192,2053192,20,24,2,399,0.3475,FALSE
"gaussian_global_null","gaussian","group","rotation",4,193,2000193,2051193,20,24,2,399,0.4475,FALSE
"gaussian_global_null","gaussian","trait","rotation",4,193,2000193,2052193,20,24,2,399,0.37,FALSE
"gaussian_global_null","gaussian","group:trait","rotation",4,193,2000193,2053193,20,24,2,399,0.93,FALSE
"gaussian_global_null","gaussian","group","rotation",4,194,2000194,2051194,20,24,2,399,0.2025,FALSE
"gaussian_global_null","gaussian","trait","rotation",4,194,2000194,2052194,20,24,2,399,0.5475,FALSE
"gaussian_global_null","gaussian","group:trait","rotation",4,194,2000194,2053194,20,24,2,399,0.0375,TRUE
"gaussian_global_null","gaussian","group","rotation",4,195,2000195,2051195,20,24,2,399,0.5175,FALSE
"gaussian_global_null","gaussian","trait","rotation",4,195,2000195,2052195,20,24,2,399,0.815,FALSE
"gaussian_global_null","gaussian","group:trait","rotation",4,195,2000195,2053195,20,24,2,399,0.34,FALSE
"gaussian_global_null","gaussian","group","rotation",4,196,2000196,2051196,20,24,2,399,0.67,FALSE
"gaussian_global_null","gaussian","trait","rotation",4,196,2000196,2052196,20,24,2,399,0.1825,FALSE
"gaussian_global_null","gaussian","group:trait","rotation",4,196,2000196,2053196,20,24,2,399,0.9225,FALSE
"gaussian_global_null","gaussian","group","rotation",4,197,2000197,2051197,20,24,2,399,0.7425,FALSE
"gaussian_global_null","gaussian","trait","rotation",4,197,2000197,2052197,20,24,2,399,0.845,FALSE
"gaussian_global_null","gaussian","group:trait","rotation",4,197,2000197,2053197,20,24,2,399,0.95,FALSE
"gaussian_global_null","gaussian","group","rotation",4,198,2000198,2051198,20,24,2,399,0.0475,TRUE
"gaussian_global_null","gaussian","trait","rotation",4,198,2000198,2052198,20,24,2,399,0.1925,FALSE
"gaussian_global_null","gaussian","group:trait","rotation",4,198,2000198,2053198,20,24,2,399,0.695,FALSE
"gaussian_global_null","gaussian","group","rotation",4,199,2000199,2051199,20,24,2,399,0.7675,FALSE
"gaussian_global_null","gaussian","trait","rotation",4,199,2000199,2052199,20,24,2,399,0.73,FALSE
"gaussian_global_null","gaussian","group:trait","rotation",4,199,2000199,2053199,20,24,2,399,0.6575,FALSE
"gaussian_global_null","gaussian","group","rotation",4,200,2000200,2051200,20,24,2,399,0.0775,FALSE
"gaussian_global_null","gaussian","trait","rotation",4,200,2000200,2052200,20,24,2,399,0.1525,FALSE
"gaussian_global_null","gaussian","group:trait","rotation",4,200,2000200,2053200,20,24,2,399,0.985,FALSE
"gaussian_global_null","gaussian","group","rotation",5,1,2100001,2151001,20,24,2,399,0.7525,FALSE
"gaussian_global_null","gaussian","trait","rotation",5,1,2100001,2152001,20,24,2,399,0.88,FALSE
"gaussian_global_null","gaussian","group:trait","rotation",5,1,2100001,2153001,20,24,2,399,0.3725,FALSE
"gaussian_global_null","gaussian","group","rotation",5,2,2100002,2151002,20,24,2,399,0.7625,FALSE
"gaussian_global_null","gaussian","trait","rotation",5,2,2100002,2152002,20,24,2,399,0.9675,FALSE
"gaussian_global_null","gaussian","group:trait","rotation",5,2,2100002,2153002,20,24,2,399,0.9925,FALSE
"gaussian_global_null","gaussian","group","rotation",5,3,2100003,2151003,20,24,2,399,0.3775,FALSE
"gaussian_global_null","gaussian","trait","rotation",5,3,2100003,2152003,20,24,2,399,0.6725,FALSE
"gaussian_global_null","gaussian","group:trait","rotation",5,3,2100003,2153003,20,24,2,399,0.51,FALSE
"gaussian_global_null","gaussian","group","rotation",5,4,2100004,2151004,20,24,2,399,0.2575,FALSE
"gaussian_global_null","gaussian","trait","rotation",5,4,2100004,2152004,20,24,2,399,0.7825,FALSE
"gaussian_global_null","gaussian","group:trait","rotation",5,4,2100004,2153004,20,24,2,399,0.8575,FALSE
"gaussian_global_null","gaussian","group","rotation",5,5,2100005,2151005,20,24,2,399,0.525,FALSE
"gaussian_global_null","gaussian","trait","rotation",5,5,2100005,2152005,20,24,2,399,0.4375,FALSE
"gaussian_global_null","gaussian","group:trait","rotation",5,5,2100005,2153005,20,24,2,399,0.0225,TRUE
"gaussian_global_null","gaussian","group","rotation",5,6,2100006,2151006,20,24,2,399,0.065,FALSE
"gaussian_global_null","gaussian","trait","rotation",5,6,2100006,2152006,20,24,2,399,0.9375,FALSE
"gaussian_global_null","gaussian","group:trait","rotation",5,6,2100006,2153006,20,24,2,399,0.705,FALSE
"gaussian_global_null","gaussian","group","rotation",5,7,2100007,2151007,20,24,2,399,0.215,FALSE
"gaussian_global_null","gaussian","trait","rotation",5,7,2100007,2152007,20,24,2,399,0.3475,FALSE
"gaussian_global_null","gaussian","group:trait","rotation",5,7,2100007,2153007,20,24,2,399,0.6,FALSE
"gaussian_global_null","gaussian","group","rotation",5,8,2100008,2151008,20,24,2,399,0.9125,FALSE
"gaussian_global_null","gaussian","trait","rotation",5,8,2100008,2152008,20,24,2,399,0.4175,FALSE
"gaussian_global_null","gaussian","group:trait","rotation",5,8,2100008,2153008,20,24,2,399,0.025,TRUE
"gaussian_global_null","gaussian","group","rotation",5,9,2100009,2151009,20,24,2,399,0.815,FALSE
"gaussian_global_null","gaussian","trait","rotation",5,9,2100009,2152009,20,24,2,399,0.8575,FALSE
"gaussian_global_null","gaussian","group:trait","rotation",5,9,2100009,2153009,20,24,2,399,0.135,FALSE
"gaussian_global_null","gaussian","group","rotation",5,10,2100010,2151010,20,24,2,399,0.4725,FALSE
"gaussian_global_null","gaussian","trait","rotation",5,10,2100010,2152010,20,24,2,399,0.8725,FALSE
"gaussian_global_null","gaussian","group:trait","rotation",5,10,2100010,2153010,20,24,2,399,0.8475,FALSE
"gaussian_global_null","gaussian","group","rotation",5,11,2100011,2151011,20,24,2,399,0.5925,FALSE
"gaussian_global_null","gaussian","trait","rotation",5,11,2100011,2152011,20,24,2,399,0.2625,FALSE
"gaussian_global_null","gaussian","group:trait","rotation",5,11,2100011,2153011,20,24,2,399,0.4825,FALSE
"gaussian_global_null","gaussian","group","rotation",5,12,2100012,2151012,20,24,2,399,0.71,FALSE
"gaussian_global_null","gaussian","trait","rotation",5,12,2100012,2152012,20,24,2,399,0.2725,FALSE
"gaussian_global_null","gaussian","group:trait","rotation",5,12,2100012,2153012,20,24,2,399,0.425,FALSE
"gaussian_global_null","gaussian","group","rotation",5,13,2100013,2151013,20,24,2,399,0.675,FALSE
"gaussian_global_null","gaussian","trait","rotation",5,13,2100013,2152013,20,24,2,399,0.7275,FALSE
"gaussian_global_null","gaussian","group:trait","rotation",5,13,2100013,2153013,20,24,2,399,0.745,FALSE
"gaussian_global_null","gaussian","group","rotation",5,14,2100014,2151014,20,24,2,399,0.695,FALSE
"gaussian_global_null","gaussian","trait","rotation",5,14,2100014,2152014,20,24,2,399,0.4125,FALSE
"gaussian_global_null","gaussian","group:trait","rotation",5,14,2100014,2153014,20,24,2,399,0.525,FALSE
"gaussian_global_null","gaussian","group","rotation",5,15,2100015,2151015,20,24,2,399,0.8475,FALSE
"gaussian_global_null","gaussian","trait","rotation",5,15,2100015,2152015,20,24,2,399,0.7475,FALSE
"gaussian_global_null","gaussian","group:trait","rotation",5,15,2100015,2153015,20,24,2,399,0.9075,FALSE
"gaussian_global_null","gaussian","group","rotation",5,16,2100016,2151016,20,24,2,399,0.1725,FALSE
"gaussian_global_null","gaussian","trait","rotation",5,16,2100016,2152016,20,24,2,399,0.2625,FALSE
"gaussian_global_null","gaussian","group:trait","rotation",5,16,2100016,2153016,20,24,2,399,0.3875,FALSE
"gaussian_global_null","gaussian","group","rotation",5,17,2100017,2151017,20,24,2,399,0.4375,FALSE
"gaussian_global_null","gaussian","trait","rotation",5,17,2100017,2152017,20,24,2,399,0.405,FALSE
"gaussian_global_null","gaussian","group:trait","rotation",5,17,2100017,2153017,20,24,2,399,0.66,FALSE
"gaussian_global_null","gaussian","group","rotation",5,18,2100018,2151018,20,24,2,399,0.3725,FALSE
"gaussian_global_null","gaussian","trait","rotation",5,18,2100018,2152018,20,24,2,399,0.3775,FALSE
"gaussian_global_null","gaussian","group:trait","rotation",5,18,2100018,2153018,20,24,2,399,0.8125,FALSE
"gaussian_global_null","gaussian","group","rotation",5,19,2100019,2151019,20,24,2,399,0.01,TRUE
"gaussian_global_null","gaussian","trait","rotation",5,19,2100019,2152019,20,24,2,399,0.57,FALSE
"gaussian_global_null","gaussian","group:trait","rotation",5,19,2100019,2153019,20,24,2,399,0.3975,FALSE
"gaussian_global_null","gaussian","group","rotation",5,20,2100020,2151020,20,24,2,399,0.7375,FALSE
"gaussian_global_null","gaussian","trait","rotation",5,20,2100020,2152020,20,24,2,399,0.28,FALSE
"gaussian_global_null","gaussian","group:trait","rotation",5,20,2100020,2153020,20,24,2,399,0.6375,FALSE
"gaussian_global_null","gaussian","group","rotation",5,21,2100021,2151021,20,24,2,399,0.5375,FALSE
"gaussian_global_null","gaussian","trait","rotation",5,21,2100021,2152021,20,24,2,399,0.8825,FALSE
"gaussian_global_null","gaussian","group:trait","rotation",5,21,2100021,2153021,20,24,2,399,0.7125,FALSE
"gaussian_global_null","gaussian","group","rotation",5,22,2100022,2151022,20,24,2,399,0.7425,FALSE
"gaussian_global_null","gaussian","trait","rotation",5,22,2100022,2152022,20,24,2,399,0.9925,FALSE
"gaussian_global_null","gaussian","group:trait","rotation",5,22,2100022,2153022,20,24,2,399,0.655,FALSE
"gaussian_global_null","gaussian","group","rotation",5,23,2100023,2151023,20,24,2,399,0.7425,FALSE
"gaussian_global_null","gaussian","trait","rotation",5,23,2100023,2152023,20,24,2,399,0.895,FALSE
"gaussian_global_null","gaussian","group:trait","rotation",5,23,2100023,2153023,20,24,2,399,0.695,FALSE
"gaussian_global_null","gaussian","group","rotation",5,24,2100024,2151024,20,24,2,399,0.2675,FALSE
"gaussian_global_null","gaussian","trait","rotation",5,24,2100024,2152024,20,24,2,399,0.4625,FALSE
"gaussian_global_null","gaussian","group:trait","rotation",5,24,2100024,2153024,20,24,2,399,0.41,FALSE
"gaussian_global_null","gaussian","group","rotation",5,25,2100025,2151025,20,24,2,399,0.18,FALSE
"gaussian_global_null","gaussian","trait","rotation",5,25,2100025,2152025,20,24,2,399,0.555,FALSE
"gaussian_global_null","gaussian","group:trait","rotation",5,25,2100025,2153025,20,24,2,399,0.29,FALSE
"gaussian_global_null","gaussian","group","rotation",5,26,2100026,2151026,20,24,2,399,0.105,FALSE
"gaussian_global_null","gaussian","trait","rotation",5,26,2100026,2152026,20,24,2,399,0.61,FALSE
"gaussian_global_null","gaussian","group:trait","rotation",5,26,2100026,2153026,20,24,2,399,0.48,FALSE
"gaussian_global_null","gaussian","group","rotation",5,27,2100027,2151027,20,24,2,399,0.6325,FALSE
"gaussian_global_null","gaussian","trait","rotation",5,27,2100027,2152027,20,24,2,399,0.745,FALSE
"gaussian_global_null","gaussian","group:trait","rotation",5,27,2100027,2153027,20,24,2,399,0.905,FALSE
"gaussian_global_null","gaussian","group","rotation",5,28,2100028,2151028,20,24,2,399,0.57,FALSE
"gaussian_global_null","gaussian","trait","rotation",5,28,2100028,2152028,20,24,2,399,0.6125,FALSE
"gaussian_global_null","gaussian","group:trait","rotation",5,28,2100028,2153028,20,24,2,399,0.97,FALSE
"gaussian_global_null","gaussian","group","rotation",5,29,2100029,2151029,20,24,2,399,0.99,FALSE
"gaussian_global_null","gaussian","trait","rotation",5,29,2100029,2152029,20,24,2,399,0.8725,FALSE
"gaussian_global_null","gaussian","group:trait","rotation",5,29,2100029,2153029,20,24,2,399,0.8575,FALSE
"gaussian_global_null","gaussian","group","rotation",5,30,2100030,2151030,20,24,2,399,0.63,FALSE
"gaussian_global_null","gaussian","trait","rotation",5,30,2100030,2152030,20,24,2,399,0.9825,FALSE
"gaussian_global_null","gaussian","group:trait","rotation",5,30,2100030,2153030,20,24,2,399,0.675,FALSE
"gaussian_global_null","gaussian","group","rotation",5,31,2100031,2151031,20,24,2,399,0.0275,TRUE
"gaussian_global_null","gaussian","trait","rotation",5,31,2100031,2152031,20,24,2,399,0.25,FALSE
"gaussian_global_null","gaussian","group:trait","rotation",5,31,2100031,2153031,20,24,2,399,0.5525,FALSE
"gaussian_global_null","gaussian","group","rotation",5,32,2100032,2151032,20,24,2,399,0.965,FALSE
"gaussian_global_null","gaussian","trait","rotation",5,32,2100032,2152032,20,24,2,399,0.855,FALSE
"gaussian_global_null","gaussian","group:trait","rotation",5,32,2100032,2153032,20,24,2,399,0.88,FALSE
"gaussian_global_null","gaussian","group","rotation",5,33,2100033,2151033,20,24,2,399,0.0625,FALSE
"gaussian_global_null","gaussian","trait","rotation",5,33,2100033,2152033,20,24,2,399,0.045,TRUE
"gaussian_global_null","gaussian","group:trait","rotation",5,33,2100033,2153033,20,24,2,399,0.7125,FALSE
"gaussian_global_null","gaussian","group","rotation",5,34,2100034,2151034,20,24,2,399,0.9875,FALSE
"gaussian_global_null","gaussian","trait","rotation",5,34,2100034,2152034,20,24,2,399,0.465,FALSE
"gaussian_global_null","gaussian","group:trait","rotation",5,34,2100034,2153034,20,24,2,399,0.5425,FALSE
"gaussian_global_null","gaussian","group","rotation",5,35,2100035,2151035,20,24,2,399,0.92,FALSE
"gaussian_global_null","gaussian","trait","rotation",5,35,2100035,2152035,20,24,2,399,0.2375,FALSE
"gaussian_global_null","gaussian","group:trait","rotation",5,35,2100035,2153035,20,24,2,399,0.0925,FALSE
"gaussian_global_null","gaussian","group","rotation",5,36,2100036,2151036,20,24,2,399,0.7725,FALSE
"gaussian_global_null","gaussian","trait","rotation",5,36,2100036,2152036,20,24,2,399,0.0025,TRUE
"gaussian_global_null","gaussian","group:trait","rotation",5,36,2100036,2153036,20,24,2,399,0.0075,TRUE
"gaussian_global_null","gaussian","group","rotation",5,37,2100037,2151037,20,24,2,399,0.53,FALSE
"gaussian_global_null","gaussian","trait","rotation",5,37,2100037,2152037,20,24,2,399,0.5375,FALSE
"gaussian_global_null","gaussian","group:trait","rotation",5,37,2100037,2153037,20,24,2,399,0.165,FALSE
"gaussian_global_null","gaussian","group","rotation",5,38,2100038,2151038,20,24,2,399,0.7825,FALSE
"gaussian_global_null","gaussian","trait","rotation",5,38,2100038,2152038,20,24,2,399,0.8575,FALSE
"gaussian_global_null","gaussian","group:trait","rotation",5,38,2100038,2153038,20,24,2,399,0.7925,FALSE
"gaussian_global_null","gaussian","group","rotation",5,39,2100039,2151039,20,24,2,399,0.625,FALSE
"gaussian_global_null","gaussian","trait","rotation",5,39,2100039,2152039,20,24,2,399,0.4275,FALSE
"gaussian_global_null","gaussian","group:trait","rotation",5,39,2100039,2153039,20,24,2,399,0.765,FALSE
"gaussian_global_null","gaussian","group","rotation",5,40,2100040,2151040,20,24,2,399,0.1125,FALSE
"gaussian_global_null","gaussian","trait","rotation",5,40,2100040,2152040,20,24,2,399,0.0075,TRUE
"gaussian_global_null","gaussian","group:trait","rotation",5,40,2100040,2153040,20,24,2,399,0.005,TRUE
"gaussian_global_null","gaussian","group","rotation",5,41,2100041,2151041,20,24,2,399,0.5025,FALSE
"gaussian_global_null","gaussian","trait","rotation",5,41,2100041,2152041,20,24,2,399,0.745,FALSE
"gaussian_global_null","gaussian","group:trait","rotation",5,41,2100041,2153041,20,24,2,399,0.3475,FALSE
"gaussian_global_null","gaussian","group","rotation",5,42,2100042,2151042,20,24,2,399,0.4825,FALSE
"gaussian_global_null","gaussian","trait","rotation",5,42,2100042,2152042,20,24,2,399,0.555,FALSE
"gaussian_global_null","gaussian","group:trait","rotation",5,42,2100042,2153042,20,24,2,399,0.535,FALSE
"gaussian_global_null","gaussian","group","rotation",5,43,2100043,2151043,20,24,2,399,0.2,FALSE
"gaussian_global_null","gaussian","trait","rotation",5,43,2100043,2152043,20,24,2,399,0.1775,FALSE
"gaussian_global_null","gaussian","group:trait","rotation",5,43,2100043,2153043,20,24,2,399,0.13,FALSE
"gaussian_global_null","gaussian","group","rotation",5,44,2100044,2151044,20,24,2,399,0.8675,FALSE
"gaussian_global_null","gaussian","trait","rotation",5,44,2100044,2152044,20,24,2,399,0.13,FALSE
"gaussian_global_null","gaussian","group:trait","rotation",5,44,2100044,2153044,20,24,2,399,0.22,FALSE
"gaussian_global_null","gaussian","group","rotation",5,45,2100045,2151045,20,24,2,399,0.2775,FALSE
"gaussian_global_null","gaussian","trait","rotation",5,45,2100045,2152045,20,24,2,399,0.4225,FALSE
"gaussian_global_null","gaussian","group:trait","rotation",5,45,2100045,2153045,20,24,2,399,0.3875,FALSE
"gaussian_global_null","gaussian","group","rotation",5,46,2100046,2151046,20,24,2,399,0.08,FALSE
"gaussian_global_null","gaussian","trait","rotation",5,46,2100046,2152046,20,24,2,399,0.1275,FALSE
"gaussian_global_null","gaussian","group:trait","rotation",5,46,2100046,2153046,20,24,2,399,0.1025,FALSE
"gaussian_global_null","gaussian","group","rotation",5,47,2100047,2151047,20,24,2,399,0.965,FALSE
"gaussian_global_null","gaussian","trait","rotation",5,47,2100047,2152047,20,24,2,399,0.645,FALSE
"gaussian_global_null","gaussian","group:trait","rotation",5,47,2100047,2153047,20,24,2,399,0.9675,FALSE
"gaussian_global_null","gaussian","group","rotation",5,48,2100048,2151048,20,24,2,399,0.81,FALSE
"gaussian_global_null","gaussian","trait","rotation",5,48,2100048,2152048,20,24,2,399,0.0025,TRUE
"gaussian_global_null","gaussian","group:trait","rotation",5,48,2100048,2153048,20,24,2,399,0.0025,TRUE
"gaussian_global_null","gaussian","group","rotation",5,49,2100049,2151049,20,24,2,399,0.145,FALSE
"gaussian_global_null","gaussian","trait","rotation",5,49,2100049,2152049,20,24,2,399,0.39,FALSE
"gaussian_global_null","gaussian","group:trait","rotation",5,49,2100049,2153049,20,24,2,399,0.3575,FALSE
"gaussian_global_null","gaussian","group","rotation",5,50,2100050,2151050,20,24,2,399,0.6075,FALSE
"gaussian_global_null","gaussian","trait","rotation",5,50,2100050,2152050,20,24,2,399,0.445,FALSE
"gaussian_global_null","gaussian","group:trait","rotation",5,50,2100050,2153050,20,24,2,399,0.445,FALSE
"gaussian_global_null","gaussian","group","rotation",5,51,2100051,2151051,20,24,2,399,0.28,FALSE
"gaussian_global_null","gaussian","trait","rotation",5,51,2100051,2152051,20,24,2,399,0.265,FALSE
"gaussian_global_null","gaussian","group:trait","rotation",5,51,2100051,2153051,20,24,2,399,0.4175,FALSE
"gaussian_global_null","gaussian","group","rotation",5,52,2100052,2151052,20,24,2,399,0.1375,FALSE
"gaussian_global_null","gaussian","trait","rotation",5,52,2100052,2152052,20,24,2,399,0.62,FALSE
"gaussian_global_null","gaussian","group:trait","rotation",5,52,2100052,2153052,20,24,2,399,0.1175,FALSE
"gaussian_global_null","gaussian","group","rotation",5,53,2100053,2151053,20,24,2,399,0.795,FALSE
"gaussian_global_null","gaussian","trait","rotation",5,53,2100053,2152053,20,24,2,399,0.835,FALSE
"gaussian_global_null","gaussian","group:trait","rotation",5,53,2100053,2153053,20,24,2,399,0.5375,FALSE
"gaussian_global_null","gaussian","group","rotation",5,54,2100054,2151054,20,24,2,399,0.3575,FALSE
"gaussian_global_null","gaussian","trait","rotation",5,54,2100054,2152054,20,24,2,399,0.15,FALSE
"gaussian_global_null","gaussian","group:trait","rotation",5,54,2100054,2153054,20,24,2,399,0.3025,FALSE
"gaussian_global_null","gaussian","group","rotation",5,55,2100055,2151055,20,24,2,399,0.6125,FALSE
"gaussian_global_null","gaussian","trait","rotation",5,55,2100055,2152055,20,24,2,399,0.1825,FALSE
"gaussian_global_null","gaussian","group:trait","rotation",5,55,2100055,2153055,20,24,2,399,0.15,FALSE
"gaussian_global_null","gaussian","group","rotation",5,56,2100056,2151056,20,24,2,399,0.6975,FALSE
"gaussian_global_null","gaussian","trait","rotation",5,56,2100056,2152056,20,24,2,399,0.8725,FALSE
"gaussian_global_null","gaussian","group:trait","rotation",5,56,2100056,2153056,20,24,2,399,0.48,FALSE
"gaussian_global_null","gaussian","group","rotation",5,57,2100057,2151057,20,24,2,399,0.275,FALSE
"gaussian_global_null","gaussian","trait","rotation",5,57,2100057,2152057,20,24,2,399,0.86,FALSE
"gaussian_global_null","gaussian","group:trait","rotation",5,57,2100057,2153057,20,24,2,399,0.3575,FALSE
"gaussian_global_null","gaussian","group","rotation",5,58,2100058,2151058,20,24,2,399,0.1175,FALSE
"gaussian_global_null","gaussian","trait","rotation",5,58,2100058,2152058,20,24,2,399,0.6625,FALSE
"gaussian_global_null","gaussian","group:trait","rotation",5,58,2100058,2153058,20,24,2,399,0.9825,FALSE
"gaussian_global_null","gaussian","group","rotation",5,59,2100059,2151059,20,24,2,399,0.505,FALSE
"gaussian_global_null","gaussian","trait","rotation",5,59,2100059,2152059,20,24,2,399,0.6325,FALSE
"gaussian_global_null","gaussian","group:trait","rotation",5,59,2100059,2153059,20,24,2,399,0.74,FALSE
"gaussian_global_null","gaussian","group","rotation",5,60,2100060,2151060,20,24,2,399,0.2875,FALSE
"gaussian_global_null","gaussian","trait","rotation",5,60,2100060,2152060,20,24,2,399,0.3075,FALSE
"gaussian_global_null","gaussian","group:trait","rotation",5,60,2100060,2153060,20,24,2,399,0.355,FALSE
"gaussian_global_null","gaussian","group","rotation",5,61,2100061,2151061,20,24,2,399,0.075,FALSE
"gaussian_global_null","gaussian","trait","rotation",5,61,2100061,2152061,20,24,2,399,0.12,FALSE
"gaussian_global_null","gaussian","group:trait","rotation",5,61,2100061,2153061,20,24,2,399,0.1,FALSE
"gaussian_global_null","gaussian","group","rotation",5,62,2100062,2151062,20,24,2,399,0.51,FALSE
"gaussian_global_null","gaussian","trait","rotation",5,62,2100062,2152062,20,24,2,399,0.4625,FALSE
"gaussian_global_null","gaussian","group:trait","rotation",5,62,2100062,2153062,20,24,2,399,0.335,FALSE
"gaussian_global_null","gaussian","group","rotation",5,63,2100063,2151063,20,24,2,399,0.155,FALSE
"gaussian_global_null","gaussian","trait","rotation",5,63,2100063,2152063,20,24,2,399,0.6325,FALSE
"gaussian_global_null","gaussian","group:trait","rotation",5,63,2100063,2153063,20,24,2,399,0.8275,FALSE
"gaussian_global_null","gaussian","group","rotation",5,64,2100064,2151064,20,24,2,399,0.5,FALSE
"gaussian_global_null","gaussian","trait","rotation",5,64,2100064,2152064,20,24,2,399,0.9425,FALSE
"gaussian_global_null","gaussian","group:trait","rotation",5,64,2100064,2153064,20,24,2,399,0.8525,FALSE
"gaussian_global_null","gaussian","group","rotation",5,65,2100065,2151065,20,24,2,399,0.8825,FALSE
"gaussian_global_null","gaussian","trait","rotation",5,65,2100065,2152065,20,24,2,399,0.495,FALSE
"gaussian_global_null","gaussian","group:trait","rotation",5,65,2100065,2153065,20,24,2,399,0.4375,FALSE
"gaussian_global_null","gaussian","group","rotation",5,66,2100066,2151066,20,24,2,399,0.7875,FALSE
"gaussian_global_null","gaussian","trait","rotation",5,66,2100066,2152066,20,24,2,399,0.7875,FALSE
"gaussian_global_null","gaussian","group:trait","rotation",5,66,2100066,2153066,20,24,2,399,0.475,FALSE
"gaussian_global_null","gaussian","group","rotation",5,67,2100067,2151067,20,24,2,399,0.6175,FALSE
"gaussian_global_null","gaussian","trait","rotation",5,67,2100067,2152067,20,24,2,399,0.205,FALSE
"gaussian_global_null","gaussian","group:trait","rotation",5,67,2100067,2153067,20,24,2,399,0.1375,FALSE
"gaussian_global_null","gaussian","group","rotation",5,68,2100068,2151068,20,24,2,399,0.685,FALSE
"gaussian_global_null","gaussian","trait","rotation",5,68,2100068,2152068,20,24,2,399,0.6375,FALSE
"gaussian_global_null","gaussian","group:trait","rotation",5,68,2100068,2153068,20,24,2,399,0.245,FALSE
"gaussian_global_null","gaussian","group","rotation",5,69,2100069,2151069,20,24,2,399,0.775,FALSE
"gaussian_global_null","gaussian","trait","rotation",5,69,2100069,2152069,20,24,2,399,0.93,FALSE
"gaussian_global_null","gaussian","group:trait","rotation",5,69,2100069,2153069,20,24,2,399,0.255,FALSE
"gaussian_global_null","gaussian","group","rotation",5,70,2100070,2151070,20,24,2,399,0.505,FALSE
"gaussian_global_null","gaussian","trait","rotation",5,70,2100070,2152070,20,24,2,399,0.2675,FALSE
"gaussian_global_null","gaussian","group:trait","rotation",5,70,2100070,2153070,20,24,2,399,0.9275,FALSE
"gaussian_global_null","gaussian","group","rotation",5,71,2100071,2151071,20,24,2,399,0.2025,FALSE
"gaussian_global_null","gaussian","trait","rotation",5,71,2100071,2152071,20,24,2,399,0.485,FALSE
"gaussian_global_null","gaussian","group:trait","rotation",5,71,2100071,2153071,20,24,2,399,0.6025,FALSE
"gaussian_global_null","gaussian","group","rotation",5,72,2100072,2151072,20,24,2,399,0.075,FALSE
"gaussian_global_null","gaussian","trait","rotation",5,72,2100072,2152072,20,24,2,399,0.86,FALSE
"gaussian_global_null","gaussian","group:trait","rotation",5,72,2100072,2153072,20,24,2,399,0.855,FALSE
"gaussian_global_null","gaussian","group","rotation",5,73,2100073,2151073,20,24,2,399,0.325,FALSE
"gaussian_global_null","gaussian","trait","rotation",5,73,2100073,2152073,20,24,2,399,0.9875,FALSE
"gaussian_global_null","gaussian","group:trait","rotation",5,73,2100073,2153073,20,24,2,399,0.9775,FALSE
"gaussian_global_null","gaussian","group","rotation",5,74,2100074,2151074,20,24,2,399,0.1325,FALSE
"gaussian_global_null","gaussian","trait","rotation",5,74,2100074,2152074,20,24,2,399,0.2875,FALSE
"gaussian_global_null","gaussian","group:trait","rotation",5,74,2100074,2153074,20,24,2,399,0.1625,FALSE
"gaussian_global_null","gaussian","group","rotation",5,75,2100075,2151075,20,24,2,399,0.4275,FALSE
"gaussian_global_null","gaussian","trait","rotation",5,75,2100075,2152075,20,24,2,399,0.4,FALSE
"gaussian_global_null","gaussian","group:trait","rotation",5,75,2100075,2153075,20,24,2,399,0.87,FALSE
"gaussian_global_null","gaussian","group","rotation",5,76,2100076,2151076,20,24,2,399,0.5625,FALSE
"gaussian_global_null","gaussian","trait","rotation",5,76,2100076,2152076,20,24,2,399,0.31,FALSE
"gaussian_global_null","gaussian","group:trait","rotation",5,76,2100076,2153076,20,24,2,399,0.7675,FALSE
"gaussian_global_null","gaussian","group","rotation",5,77,2100077,2151077,20,24,2,399,0.95,FALSE
"gaussian_global_null","gaussian","trait","rotation",5,77,2100077,2152077,20,24,2,399,0.1575,FALSE
"gaussian_global_null","gaussian","group:trait","rotation",5,77,2100077,2153077,20,24,2,399,0.235,FALSE
"gaussian_global_null","gaussian","group","rotation",5,78,2100078,2151078,20,24,2,399,0.2925,FALSE
"gaussian_global_null","gaussian","trait","rotation",5,78,2100078,2152078,20,24,2,399,0.7225,FALSE
"gaussian_global_null","gaussian","group:trait","rotation",5,78,2100078,2153078,20,24,2,399,0.425,FALSE
"gaussian_global_null","gaussian","group","rotation",5,79,2100079,2151079,20,24,2,399,0.505,FALSE
"gaussian_global_null","gaussian","trait","rotation",5,79,2100079,2152079,20,24,2,399,0.69,FALSE
"gaussian_global_null","gaussian","group:trait","rotation",5,79,2100079,2153079,20,24,2,399,0.785,FALSE
"gaussian_global_null","gaussian","group","rotation",5,80,2100080,2151080,20,24,2,399,0.8175,FALSE
"gaussian_global_null","gaussian","trait","rotation",5,80,2100080,2152080,20,24,2,399,0.97,FALSE
"gaussian_global_null","gaussian","group:trait","rotation",5,80,2100080,2153080,20,24,2,399,0.04,TRUE
"gaussian_global_null","gaussian","group","rotation",5,81,2100081,2151081,20,24,2,399,0.6325,FALSE
"gaussian_global_null","gaussian","trait","rotation",5,81,2100081,2152081,20,24,2,399,0.81,FALSE
"gaussian_global_null","gaussian","group:trait","rotation",5,81,2100081,2153081,20,24,2,399,0.485,FALSE
"gaussian_global_null","gaussian","group","rotation",5,82,2100082,2151082,20,24,2,399,0.0175,TRUE
"gaussian_global_null","gaussian","trait","rotation",5,82,2100082,2152082,20,24,2,399,0.94,FALSE
"gaussian_global_null","gaussian","group:trait","rotation",5,82,2100082,2153082,20,24,2,399,0.7975,FALSE
"gaussian_global_null","gaussian","group","rotation",5,83,2100083,2151083,20,24,2,399,0.16,FALSE
"gaussian_global_null","gaussian","trait","rotation",5,83,2100083,2152083,20,24,2,399,0.705,FALSE
"gaussian_global_null","gaussian","group:trait","rotation",5,83,2100083,2153083,20,24,2,399,0.6275,FALSE
"gaussian_global_null","gaussian","group","rotation",5,84,2100084,2151084,20,24,2,399,0.825,FALSE
"gaussian_global_null","gaussian","trait","rotation",5,84,2100084,2152084,20,24,2,399,0.7225,FALSE
"gaussian_global_null","gaussian","group:trait","rotation",5,84,2100084,2153084,20,24,2,399,0.72,FALSE
"gaussian_global_null","gaussian","group","rotation",5,85,2100085,2151085,20,24,2,399,0.76,FALSE
"gaussian_global_null","gaussian","trait","rotation",5,85,2100085,2152085,20,24,2,399,0.8925,FALSE
"gaussian_global_null","gaussian","group:trait","rotation",5,85,2100085,2153085,20,24,2,399,0.89,FALSE
"gaussian_global_null","gaussian","group","rotation",5,86,2100086,2151086,20,24,2,399,0.7875,FALSE
"gaussian_global_null","gaussian","trait","rotation",5,86,2100086,2152086,20,24,2,399,0.2875,FALSE
"gaussian_global_null","gaussian","group:trait","rotation",5,86,2100086,2153086,20,24,2,399,0.625,FALSE
"gaussian_global_null","gaussian","group","rotation",5,87,2100087,2151087,20,24,2,399,0.2375,FALSE
"gaussian_global_null","gaussian","trait","rotation",5,87,2100087,2152087,20,24,2,399,0.6975,FALSE
"gaussian_global_null","gaussian","group:trait","rotation",5,87,2100087,2153087,20,24,2,399,0.175,FALSE
"gaussian_global_null","gaussian","group","rotation",5,88,2100088,2151088,20,24,2,399,0.8825,FALSE
"gaussian_global_null","gaussian","trait","rotation",5,88,2100088,2152088,20,24,2,399,0.935,FALSE
"gaussian_global_null","gaussian","group:trait","rotation",5,88,2100088,2153088,20,24,2,399,0.4825,FALSE
"gaussian_global_null","gaussian","group","rotation",5,89,2100089,2151089,20,24,2,399,0.6725,FALSE
"gaussian_global_null","gaussian","trait","rotation",5,89,2100089,2152089,20,24,2,399,0.9375,FALSE
"gaussian_global_null","gaussian","group:trait","rotation",5,89,2100089,2153089,20,24,2,399,0.2725,FALSE
"gaussian_global_null","gaussian","group","rotation",5,90,2100090,2151090,20,24,2,399,0.385,FALSE
"gaussian_global_null","gaussian","trait","rotation",5,90,2100090,2152090,20,24,2,399,0.61,FALSE
"gaussian_global_null","gaussian","group:trait","rotation",5,90,2100090,2153090,20,24,2,399,0.4025,FALSE
"gaussian_global_null","gaussian","group","rotation",5,91,2100091,2151091,20,24,2,399,0.355,FALSE
"gaussian_global_null","gaussian","trait","rotation",5,91,2100091,2152091,20,24,2,399,0.8375,FALSE
"gaussian_global_null","gaussian","group:trait","rotation",5,91,2100091,2153091,20,24,2,399,0.2875,FALSE
"gaussian_global_null","gaussian","group","rotation",5,92,2100092,2151092,20,24,2,399,0.09,FALSE
"gaussian_global_null","gaussian","trait","rotation",5,92,2100092,2152092,20,24,2,399,0.0775,FALSE
"gaussian_global_null","gaussian","group:trait","rotation",5,92,2100092,2153092,20,24,2,399,0.3625,FALSE
"gaussian_global_null","gaussian","group","rotation",5,93,2100093,2151093,20,24,2,399,0.49,FALSE
"gaussian_global_null","gaussian","trait","rotation",5,93,2100093,2152093,20,24,2,399,0.105,FALSE
"gaussian_global_null","gaussian","group:trait","rotation",5,93,2100093,2153093,20,24,2,399,0.6475,FALSE
"gaussian_global_null","gaussian","group","rotation",5,94,2100094,2151094,20,24,2,399,0.5175,FALSE
"gaussian_global_null","gaussian","trait","rotation",5,94,2100094,2152094,20,24,2,399,0.76,FALSE
"gaussian_global_null","gaussian","group:trait","rotation",5,94,2100094,2153094,20,24,2,399,0.795,FALSE
"gaussian_global_null","gaussian","group","rotation",5,95,2100095,2151095,20,24,2,399,0.9725,FALSE
"gaussian_global_null","gaussian","trait","rotation",5,95,2100095,2152095,20,24,2,399,0.5025,FALSE
"gaussian_global_null","gaussian","group:trait","rotation",5,95,2100095,2153095,20,24,2,399,0.34,FALSE
"gaussian_global_null","gaussian","group","rotation",5,96,2100096,2151096,20,24,2,399,0.0625,FALSE
"gaussian_global_null","gaussian","trait","rotation",5,96,2100096,2152096,20,24,2,399,0.2725,FALSE
"gaussian_global_null","gaussian","group:trait","rotation",5,96,2100096,2153096,20,24,2,399,0.8625,FALSE
"gaussian_global_null","gaussian","group","rotation",5,97,2100097,2151097,20,24,2,399,0.2825,FALSE
"gaussian_global_null","gaussian","trait","rotation",5,97,2100097,2152097,20,24,2,399,0.6025,FALSE
"gaussian_global_null","gaussian","group:trait","rotation",5,97,2100097,2153097,20,24,2,399,0.5475,FALSE
"gaussian_global_null","gaussian","group","rotation",5,98,2100098,2151098,20,24,2,399,0.745,FALSE
"gaussian_global_null","gaussian","trait","rotation",5,98,2100098,2152098,20,24,2,399,0.6275,FALSE
"gaussian_global_null","gaussian","group:trait","rotation",5,98,2100098,2153098,20,24,2,399,0.7775,FALSE
"gaussian_global_null","gaussian","group","rotation",5,99,2100099,2151099,20,24,2,399,0.45,FALSE
"gaussian_global_null","gaussian","trait","rotation",5,99,2100099,2152099,20,24,2,399,0.065,FALSE
"gaussian_global_null","gaussian","group:trait","rotation",5,99,2100099,2153099,20,24,2,399,0.2875,FALSE
"gaussian_global_null","gaussian","group","rotation",5,100,2100100,2151100,20,24,2,399,0.66,FALSE
"gaussian_global_null","gaussian","trait","rotation",5,100,2100100,2152100,20,24,2,399,0.81,FALSE
"gaussian_global_null","gaussian","group:trait","rotation",5,100,2100100,2153100,20,24,2,399,0.29,FALSE
"gaussian_global_null","gaussian","group","rotation",5,101,2100101,2151101,20,24,2,399,0.61,FALSE
"gaussian_global_null","gaussian","trait","rotation",5,101,2100101,2152101,20,24,2,399,0.2025,FALSE
"gaussian_global_null","gaussian","group:trait","rotation",5,101,2100101,2153101,20,24,2,399,0.14,FALSE
"gaussian_global_null","gaussian","group","rotation",5,102,2100102,2151102,20,24,2,399,0.785,FALSE
"gaussian_global_null","gaussian","trait","rotation",5,102,2100102,2152102,20,24,2,399,0.975,FALSE
"gaussian_global_null","gaussian","group:trait","rotation",5,102,2100102,2153102,20,24,2,399,0.355,FALSE
"gaussian_global_null","gaussian","group","rotation",5,103,2100103,2151103,20,24,2,399,0.505,FALSE
"gaussian_global_null","gaussian","trait","rotation",5,103,2100103,2152103,20,24,2,399,0.29,FALSE
"gaussian_global_null","gaussian","group:trait","rotation",5,103,2100103,2153103,20,24,2,399,0.0975,FALSE
"gaussian_global_null","gaussian","group","rotation",5,104,2100104,2151104,20,24,2,399,0.93,FALSE
"gaussian_global_null","gaussian","trait","rotation",5,104,2100104,2152104,20,24,2,399,0.81,FALSE
"gaussian_global_null","gaussian","group:trait","rotation",5,104,2100104,2153104,20,24,2,399,0.8525,FALSE
"gaussian_global_null","gaussian","group","rotation",5,105,2100105,2151105,20,24,2,399,0.3225,FALSE
"gaussian_global_null","gaussian","trait","rotation",5,105,2100105,2152105,20,24,2,399,0.88,FALSE
"gaussian_global_null","gaussian","group:trait","rotation",5,105,2100105,2153105,20,24,2,399,0.795,FALSE
"gaussian_global_null","gaussian","group","rotation",5,106,2100106,2151106,20,24,2,399,0.3875,FALSE
"gaussian_global_null","gaussian","trait","rotation",5,106,2100106,2152106,20,24,2,399,0.0875,FALSE
"gaussian_global_null","gaussian","group:trait","rotation",5,106,2100106,2153106,20,24,2,399,0.3025,FALSE
"gaussian_global_null","gaussian","group","rotation",5,107,2100107,2151107,20,24,2,399,0.4625,FALSE
"gaussian_global_null","gaussian","trait","rotation",5,107,2100107,2152107,20,24,2,399,0.92,FALSE
"gaussian_global_null","gaussian","group:trait","rotation",5,107,2100107,2153107,20,24,2,399,0.915,FALSE
"gaussian_global_null","gaussian","group","rotation",5,108,2100108,2151108,20,24,2,399,0.9725,FALSE
"gaussian_global_null","gaussian","trait","rotation",5,108,2100108,2152108,20,24,2,399,0.9125,FALSE
"gaussian_global_null","gaussian","group:trait","rotation",5,108,2100108,2153108,20,24,2,399,0.51,FALSE
"gaussian_global_null","gaussian","group","rotation",5,109,2100109,2151109,20,24,2,399,0.2175,FALSE
"gaussian_global_null","gaussian","trait","rotation",5,109,2100109,2152109,20,24,2,399,0.3275,FALSE
"gaussian_global_null","gaussian","group:trait","rotation",5,109,2100109,2153109,20,24,2,399,0.465,FALSE
"gaussian_global_null","gaussian","group","rotation",5,110,2100110,2151110,20,24,2,399,0.2375,FALSE
"gaussian_global_null","gaussian","trait","rotation",5,110,2100110,2152110,20,24,2,399,0.8925,FALSE
"gaussian_global_null","gaussian","group:trait","rotation",5,110,2100110,2153110,20,24,2,399,0.615,FALSE
"gaussian_global_null","gaussian","group","rotation",5,111,2100111,2151111,20,24,2,399,0.555,FALSE
"gaussian_global_null","gaussian","trait","rotation",5,111,2100111,2152111,20,24,2,399,0.595,FALSE
"gaussian_global_null","gaussian","group:trait","rotation",5,111,2100111,2153111,20,24,2,399,0.6475,FALSE
"gaussian_global_null","gaussian","group","rotation",5,112,2100112,2151112,20,24,2,399,0.29,FALSE
"gaussian_global_null","gaussian","trait","rotation",5,112,2100112,2152112,20,24,2,399,0.3775,FALSE
"gaussian_global_null","gaussian","group:trait","rotation",5,112,2100112,2153112,20,24,2,399,0.595,FALSE
"gaussian_global_null","gaussian","group","rotation",5,113,2100113,2151113,20,24,2,399,0.465,FALSE
"gaussian_global_null","gaussian","trait","rotation",5,113,2100113,2152113,20,24,2,399,0.595,FALSE
"gaussian_global_null","gaussian","group:trait","rotation",5,113,2100113,2153113,20,24,2,399,0.775,FALSE
"gaussian_global_null","gaussian","group","rotation",5,114,2100114,2151114,20,24,2,399,0.5875,FALSE
"gaussian_global_null","gaussian","trait","rotation",5,114,2100114,2152114,20,24,2,399,0.6025,FALSE
"gaussian_global_null","gaussian","group:trait","rotation",5,114,2100114,2153114,20,24,2,399,0.85,FALSE
"gaussian_global_null","gaussian","group","rotation",5,115,2100115,2151115,20,24,2,399,0.6225,FALSE
"gaussian_global_null","gaussian","trait","rotation",5,115,2100115,2152115,20,24,2,399,0.125,FALSE
"gaussian_global_null","gaussian","group:trait","rotation",5,115,2100115,2153115,20,24,2,399,0.035,TRUE
"gaussian_global_null","gaussian","group","rotation",5,116,2100116,2151116,20,24,2,399,0.105,FALSE
"gaussian_global_null","gaussian","trait","rotation",5,116,2100116,2152116,20,24,2,399,0.545,FALSE
"gaussian_global_null","gaussian","group:trait","rotation",5,116,2100116,2153116,20,24,2,399,0.15,FALSE
"gaussian_global_null","gaussian","group","rotation",5,117,2100117,2151117,20,24,2,399,0.7475,FALSE
"gaussian_global_null","gaussian","trait","rotation",5,117,2100117,2152117,20,24,2,399,0.0025,TRUE
"gaussian_global_null","gaussian","group:trait","rotation",5,117,2100117,2153117,20,24,2,399,0.0725,FALSE
"gaussian_global_null","gaussian","group","rotation",5,118,2100118,2151118,20,24,2,399,0.6125,FALSE
"gaussian_global_null","gaussian","trait","rotation",5,118,2100118,2152118,20,24,2,399,0.1375,FALSE
"gaussian_global_null","gaussian","group:trait","rotation",5,118,2100118,2153118,20,24,2,399,0.6725,FALSE
"gaussian_global_null","gaussian","group","rotation",5,119,2100119,2151119,20,24,2,399,0.345,FALSE
"gaussian_global_null","gaussian","trait","rotation",5,119,2100119,2152119,20,24,2,399,0.975,FALSE
"gaussian_global_null","gaussian","group:trait","rotation",5,119,2100119,2153119,20,24,2,399,0.43,FALSE
"gaussian_global_null","gaussian","group","rotation",5,120,2100120,2151120,20,24,2,399,0.745,FALSE
"gaussian_global_null","gaussian","trait","rotation",5,120,2100120,2152120,20,24,2,399,0.2775,FALSE
"gaussian_global_null","gaussian","group:trait","rotation",5,120,2100120,2153120,20,24,2,399,0.3975,FALSE
"gaussian_global_null","gaussian","group","rotation",5,121,2100121,2151121,20,24,2,399,0.6325,FALSE
"gaussian_global_null","gaussian","trait","rotation",5,121,2100121,2152121,20,24,2,399,0.44,FALSE
"gaussian_global_null","gaussian","group:trait","rotation",5,121,2100121,2153121,20,24,2,399,0.3175,FALSE
"gaussian_global_null","gaussian","group","rotation",5,122,2100122,2151122,20,24,2,399,0.02,TRUE
"gaussian_global_null","gaussian","trait","rotation",5,122,2100122,2152122,20,24,2,399,0.5675,FALSE
"gaussian_global_null","gaussian","group:trait","rotation",5,122,2100122,2153122,20,24,2,399,0.2575,FALSE
"gaussian_global_null","gaussian","group","rotation",5,123,2100123,2151123,20,24,2,399,0.3875,FALSE
"gaussian_global_null","gaussian","trait","rotation",5,123,2100123,2152123,20,24,2,399,0.2275,FALSE
"gaussian_global_null","gaussian","group:trait","rotation",5,123,2100123,2153123,20,24,2,399,0.3,FALSE
"gaussian_global_null","gaussian","group","rotation",5,124,2100124,2151124,20,24,2,399,0.0925,FALSE
"gaussian_global_null","gaussian","trait","rotation",5,124,2100124,2152124,20,24,2,399,0.9825,FALSE
"gaussian_global_null","gaussian","group:trait","rotation",5,124,2100124,2153124,20,24,2,399,0.75,FALSE
"gaussian_global_null","gaussian","group","rotation",5,125,2100125,2151125,20,24,2,399,0.785,FALSE
"gaussian_global_null","gaussian","trait","rotation",5,125,2100125,2152125,20,24,2,399,0.0775,FALSE
"gaussian_global_null","gaussian","group:trait","rotation",5,125,2100125,2153125,20,24,2,399,0.765,FALSE
"gaussian_global_null","gaussian","group","rotation",5,126,2100126,2151126,20,24,2,399,0.8775,FALSE
"gaussian_global_null","gaussian","trait","rotation",5,126,2100126,2152126,20,24,2,399,0.63,FALSE
"gaussian_global_null","gaussian","group:trait","rotation",5,126,2100126,2153126,20,24,2,399,0.88,FALSE
"gaussian_global_null","gaussian","group","rotation",5,127,2100127,2151127,20,24,2,399,0.2675,FALSE
"gaussian_global_null","gaussian","trait","rotation",5,127,2100127,2152127,20,24,2,399,0.09,FALSE
"gaussian_global_null","gaussian","group:trait","rotation",5,127,2100127,2153127,20,24,2,399,0.43,FALSE
"gaussian_global_null","gaussian","group","rotation",5,128,2100128,2151128,20,24,2,399,0.7475,FALSE
"gaussian_global_null","gaussian","trait","rotation",5,128,2100128,2152128,20,24,2,399,0.7025,FALSE
"gaussian_global_null","gaussian","group:trait","rotation",5,128,2100128,2153128,20,24,2,399,0.655,FALSE
"gaussian_global_null","gaussian","group","rotation",5,129,2100129,2151129,20,24,2,399,0.68,FALSE
"gaussian_global_null","gaussian","trait","rotation",5,129,2100129,2152129,20,24,2,399,0.1875,FALSE
"gaussian_global_null","gaussian","group:trait","rotation",5,129,2100129,2153129,20,24,2,399,0.1325,FALSE
"gaussian_global_null","gaussian","group","rotation",5,130,2100130,2151130,20,24,2,399,1,FALSE
"gaussian_global_null","gaussian","trait","rotation",5,130,2100130,2152130,20,24,2,399,0.31,FALSE
"gaussian_global_null","gaussian","group:trait","rotation",5,130,2100130,2153130,20,24,2,399,0.2375,FALSE
"gaussian_global_null","gaussian","group","rotation",5,131,2100131,2151131,20,24,2,399,0.27,FALSE
"gaussian_global_null","gaussian","trait","rotation",5,131,2100131,2152131,20,24,2,399,0.975,FALSE
"gaussian_global_null","gaussian","group:trait","rotation",5,131,2100131,2153131,20,24,2,399,0.86,FALSE
"gaussian_global_null","gaussian","group","rotation",5,132,2100132,2151132,20,24,2,399,0.5925,FALSE
"gaussian_global_null","gaussian","trait","rotation",5,132,2100132,2152132,20,24,2,399,0.8875,FALSE
"gaussian_global_null","gaussian","group:trait","rotation",5,132,2100132,2153132,20,24,2,399,0.98,FALSE
"gaussian_global_null","gaussian","group","rotation",5,133,2100133,2151133,20,24,2,399,0.325,FALSE
"gaussian_global_null","gaussian","trait","rotation",5,133,2100133,2152133,20,24,2,399,0.1975,FALSE
"gaussian_global_null","gaussian","group:trait","rotation",5,133,2100133,2153133,20,24,2,399,0.09,FALSE
"gaussian_global_null","gaussian","group","rotation",5,134,2100134,2151134,20,24,2,399,0.615,FALSE
"gaussian_global_null","gaussian","trait","rotation",5,134,2100134,2152134,20,24,2,399,0.01,TRUE
"gaussian_global_null","gaussian","group:trait","rotation",5,134,2100134,2153134,20,24,2,399,0.0225,TRUE
"gaussian_global_null","gaussian","group","rotation",5,135,2100135,2151135,20,24,2,399,0.1925,FALSE
"gaussian_global_null","gaussian","trait","rotation",5,135,2100135,2152135,20,24,2,399,0.21,FALSE
"gaussian_global_null","gaussian","group:trait","rotation",5,135,2100135,2153135,20,24,2,399,0.1825,FALSE
"gaussian_global_null","gaussian","group","rotation",5,136,2100136,2151136,20,24,2,399,0.975,FALSE
"gaussian_global_null","gaussian","trait","rotation",5,136,2100136,2152136,20,24,2,399,0.98,FALSE
"gaussian_global_null","gaussian","group:trait","rotation",5,136,2100136,2153136,20,24,2,399,0.8725,FALSE
"gaussian_global_null","gaussian","group","rotation",5,137,2100137,2151137,20,24,2,399,0.01,TRUE
"gaussian_global_null","gaussian","trait","rotation",5,137,2100137,2152137,20,24,2,399,0.12,FALSE
"gaussian_global_null","gaussian","group:trait","rotation",5,137,2100137,2153137,20,24,2,399,0.1175,FALSE
"gaussian_global_null","gaussian","group","rotation",5,138,2100138,2151138,20,24,2,399,0.31,FALSE
"gaussian_global_null","gaussian","trait","rotation",5,138,2100138,2152138,20,24,2,399,0.8825,FALSE
"gaussian_global_null","gaussian","group:trait","rotation",5,138,2100138,2153138,20,24,2,399,0.9775,FALSE
"gaussian_global_null","gaussian","group","rotation",5,139,2100139,2151139,20,24,2,399,0.555,FALSE
"gaussian_global_null","gaussian","trait","rotation",5,139,2100139,2152139,20,24,2,399,0.6075,FALSE
"gaussian_global_null","gaussian","group:trait","rotation",5,139,2100139,2153139,20,24,2,399,0.6775,FALSE
"gaussian_global_null","gaussian","group","rotation",5,140,2100140,2151140,20,24,2,399,0.205,FALSE
"gaussian_global_null","gaussian","trait","rotation",5,140,2100140,2152140,20,24,2,399,0.625,FALSE
"gaussian_global_null","gaussian","group:trait","rotation",5,140,2100140,2153140,20,24,2,399,0.675,FALSE
"gaussian_global_null","gaussian","group","rotation",5,141,2100141,2151141,20,24,2,399,0.675,FALSE
"gaussian_global_null","gaussian","trait","rotation",5,141,2100141,2152141,20,24,2,399,0.885,FALSE
"gaussian_global_null","gaussian","group:trait","rotation",5,141,2100141,2153141,20,24,2,399,0.995,FALSE
"gaussian_global_null","gaussian","group","rotation",5,142,2100142,2151142,20,24,2,399,0.74,FALSE
"gaussian_global_null","gaussian","trait","rotation",5,142,2100142,2152142,20,24,2,399,0.695,FALSE
"gaussian_global_null","gaussian","group:trait","rotation",5,142,2100142,2153142,20,24,2,399,0.58,FALSE
"gaussian_global_null","gaussian","group","rotation",5,143,2100143,2151143,20,24,2,399,0.48,FALSE
"gaussian_global_null","gaussian","trait","rotation",5,143,2100143,2152143,20,24,2,399,0.29,FALSE
"gaussian_global_null","gaussian","group:trait","rotation",5,143,2100143,2153143,20,24,2,399,0.6225,FALSE
"gaussian_global_null","gaussian","group","rotation",5,144,2100144,2151144,20,24,2,399,0.555,FALSE
"gaussian_global_null","gaussian","trait","rotation",5,144,2100144,2152144,20,24,2,399,0.0725,FALSE
"gaussian_global_null","gaussian","group:trait","rotation",5,144,2100144,2153144,20,24,2,399,0.01,TRUE
"gaussian_global_null","gaussian","group","rotation",5,145,2100145,2151145,20,24,2,399,0.6,FALSE
"gaussian_global_null","gaussian","trait","rotation",5,145,2100145,2152145,20,24,2,399,0.465,FALSE
"gaussian_global_null","gaussian","group:trait","rotation",5,145,2100145,2153145,20,24,2,399,0.93,FALSE
"gaussian_global_null","gaussian","group","rotation",5,146,2100146,2151146,20,24,2,399,0.1875,FALSE
"gaussian_global_null","gaussian","trait","rotation",5,146,2100146,2152146,20,24,2,399,0.505,FALSE
"gaussian_global_null","gaussian","group:trait","rotation",5,146,2100146,2153146,20,24,2,399,0.5225,FALSE
"gaussian_global_null","gaussian","group","rotation",5,147,2100147,2151147,20,24,2,399,0.9175,FALSE
"gaussian_global_null","gaussian","trait","rotation",5,147,2100147,2152147,20,24,2,399,0.88,FALSE
"gaussian_global_null","gaussian","group:trait","rotation",5,147,2100147,2153147,20,24,2,399,0.645,FALSE
"gaussian_global_null","gaussian","group","rotation",5,148,2100148,2151148,20,24,2,399,0.3725,FALSE
"gaussian_global_null","gaussian","trait","rotation",5,148,2100148,2152148,20,24,2,399,0.6575,FALSE
"gaussian_global_null","gaussian","group:trait","rotation",5,148,2100148,2153148,20,24,2,399,0.715,FALSE
"gaussian_global_null","gaussian","group","rotation",5,149,2100149,2151149,20,24,2,399,0.105,FALSE
"gaussian_global_null","gaussian","trait","rotation",5,149,2100149,2152149,20,24,2,399,0.05,TRUE
"gaussian_global_null","gaussian","group:trait","rotation",5,149,2100149,2153149,20,24,2,399,0.05,TRUE
"gaussian_global_null","gaussian","group","rotation",5,150,2100150,2151150,20,24,2,399,0.35,FALSE
"gaussian_global_null","gaussian","trait","rotation",5,150,2100150,2152150,20,24,2,399,0.34,FALSE
"gaussian_global_null","gaussian","group:trait","rotation",5,150,2100150,2153150,20,24,2,399,0.92,FALSE
"gaussian_global_null","gaussian","group","rotation",5,151,2100151,2151151,20,24,2,399,0.93,FALSE
"gaussian_global_null","gaussian","trait","rotation",5,151,2100151,2152151,20,24,2,399,0.765,FALSE
"gaussian_global_null","gaussian","group:trait","rotation",5,151,2100151,2153151,20,24,2,399,0.8825,FALSE
"gaussian_global_null","gaussian","group","rotation",5,152,2100152,2151152,20,24,2,399,0.955,FALSE
"gaussian_global_null","gaussian","trait","rotation",5,152,2100152,2152152,20,24,2,399,0.3075,FALSE
"gaussian_global_null","gaussian","group:trait","rotation",5,152,2100152,2153152,20,24,2,399,0.5275,FALSE
"gaussian_global_null","gaussian","group","rotation",5,153,2100153,2151153,20,24,2,399,0.515,FALSE
"gaussian_global_null","gaussian","trait","rotation",5,153,2100153,2152153,20,24,2,399,0.4525,FALSE
"gaussian_global_null","gaussian","group:trait","rotation",5,153,2100153,2153153,20,24,2,399,0.69,FALSE
"gaussian_global_null","gaussian","group","rotation",5,154,2100154,2151154,20,24,2,399,0.5125,FALSE
"gaussian_global_null","gaussian","trait","rotation",5,154,2100154,2152154,20,24,2,399,0.4175,FALSE
"gaussian_global_null","gaussian","group:trait","rotation",5,154,2100154,2153154,20,24,2,399,0.09,FALSE
"gaussian_global_null","gaussian","group","rotation",5,155,2100155,2151155,20,24,2,399,0.4425,FALSE
"gaussian_global_null","gaussian","trait","rotation",5,155,2100155,2152155,20,24,2,399,0.555,FALSE
"gaussian_global_null","gaussian","group:trait","rotation",5,155,2100155,2153155,20,24,2,399,0.2975,FALSE
"gaussian_global_null","gaussian","group","rotation",5,156,2100156,2151156,20,24,2,399,0.4425,FALSE
"gaussian_global_null","gaussian","trait","rotation",5,156,2100156,2152156,20,24,2,399,0.655,FALSE
"gaussian_global_null","gaussian","group:trait","rotation",5,156,2100156,2153156,20,24,2,399,0.8275,FALSE
"gaussian_global_null","gaussian","group","rotation",5,157,2100157,2151157,20,24,2,399,0.8575,FALSE
"gaussian_global_null","gaussian","trait","rotation",5,157,2100157,2152157,20,24,2,399,0.5375,FALSE
"gaussian_global_null","gaussian","group:trait","rotation",5,157,2100157,2153157,20,24,2,399,0.145,FALSE
"gaussian_global_null","gaussian","group","rotation",5,158,2100158,2151158,20,24,2,399,0.4025,FALSE
"gaussian_global_null","gaussian","trait","rotation",5,158,2100158,2152158,20,24,2,399,0.155,FALSE
"gaussian_global_null","gaussian","group:trait","rotation",5,158,2100158,2153158,20,24,2,399,0.79,FALSE
"gaussian_global_null","gaussian","group","rotation",5,159,2100159,2151159,20,24,2,399,0.3425,FALSE
"gaussian_global_null","gaussian","trait","rotation",5,159,2100159,2152159,20,24,2,399,0.785,FALSE
"gaussian_global_null","gaussian","group:trait","rotation",5,159,2100159,2153159,20,24,2,399,0.36,FALSE
"gaussian_global_null","gaussian","group","rotation",5,160,2100160,2151160,20,24,2,399,0.2725,FALSE
"gaussian_global_null","gaussian","trait","rotation",5,160,2100160,2152160,20,24,2,399,0.31,FALSE
"gaussian_global_null","gaussian","group:trait","rotation",5,160,2100160,2153160,20,24,2,399,0.4325,FALSE
"gaussian_global_null","gaussian","group","rotation",5,161,2100161,2151161,20,24,2,399,0.5625,FALSE
"gaussian_global_null","gaussian","trait","rotation",5,161,2100161,2152161,20,24,2,399,0.855,FALSE
"gaussian_global_null","gaussian","group:trait","rotation",5,161,2100161,2153161,20,24,2,399,0.91,FALSE
"gaussian_global_null","gaussian","group","rotation",5,162,2100162,2151162,20,24,2,399,0.42,FALSE
"gaussian_global_null","gaussian","trait","rotation",5,162,2100162,2152162,20,24,2,399,0.2325,FALSE
"gaussian_global_null","gaussian","group:trait","rotation",5,162,2100162,2153162,20,24,2,399,0.2325,FALSE
"gaussian_global_null","gaussian","group","rotation",5,163,2100163,2151163,20,24,2,399,0.2125,FALSE
"gaussian_global_null","gaussian","trait","rotation",5,163,2100163,2152163,20,24,2,399,0.1025,FALSE
"gaussian_global_null","gaussian","group:trait","rotation",5,163,2100163,2153163,20,24,2,399,0.025,TRUE
"gaussian_global_null","gaussian","group","rotation",5,164,2100164,2151164,20,24,2,399,0.74,FALSE
"gaussian_global_null","gaussian","trait","rotation",5,164,2100164,2152164,20,24,2,399,0.995,FALSE
"gaussian_global_null","gaussian","group:trait","rotation",5,164,2100164,2153164,20,24,2,399,0.76,FALSE
"gaussian_global_null","gaussian","group","rotation",5,165,2100165,2151165,20,24,2,399,0.31,FALSE
"gaussian_global_null","gaussian","trait","rotation",5,165,2100165,2152165,20,24,2,399,0.8775,FALSE
"gaussian_global_null","gaussian","group:trait","rotation",5,165,2100165,2153165,20,24,2,399,0.9025,FALSE
"gaussian_global_null","gaussian","group","rotation",5,166,2100166,2151166,20,24,2,399,0.5625,FALSE
"gaussian_global_null","gaussian","trait","rotation",5,166,2100166,2152166,20,24,2,399,0.385,FALSE
"gaussian_global_null","gaussian","group:trait","rotation",5,166,2100166,2153166,20,24,2,399,0.24,FALSE
"gaussian_global_null","gaussian","group","rotation",5,167,2100167,2151167,20,24,2,399,0.3525,FALSE
"gaussian_global_null","gaussian","trait","rotation",5,167,2100167,2152167,20,24,2,399,0.0825,FALSE
"gaussian_global_null","gaussian","group:trait","rotation",5,167,2100167,2153167,20,24,2,399,0.4375,FALSE
"gaussian_global_null","gaussian","group","rotation",5,168,2100168,2151168,20,24,2,399,0.4825,FALSE
"gaussian_global_null","gaussian","trait","rotation",5,168,2100168,2152168,20,24,2,399,0.365,FALSE
"gaussian_global_null","gaussian","group:trait","rotation",5,168,2100168,2153168,20,24,2,399,0.0575,FALSE
"gaussian_global_null","gaussian","group","rotation",5,169,2100169,2151169,20,24,2,399,0.5175,FALSE
"gaussian_global_null","gaussian","trait","rotation",5,169,2100169,2152169,20,24,2,399,0.9275,FALSE
"gaussian_global_null","gaussian","group:trait","rotation",5,169,2100169,2153169,20,24,2,399,0.3925,FALSE
"gaussian_global_null","gaussian","group","rotation",5,170,2100170,2151170,20,24,2,399,0.9775,FALSE
"gaussian_global_null","gaussian","trait","rotation",5,170,2100170,2152170,20,24,2,399,0.8025,FALSE
"gaussian_global_null","gaussian","group:trait","rotation",5,170,2100170,2153170,20,24,2,399,0.71,FALSE
"gaussian_global_null","gaussian","group","rotation",5,171,2100171,2151171,20,24,2,399,0.745,FALSE
"gaussian_global_null","gaussian","trait","rotation",5,171,2100171,2152171,20,24,2,399,0.3425,FALSE
"gaussian_global_null","gaussian","group:trait","rotation",5,171,2100171,2153171,20,24,2,399,0.7925,FALSE
"gaussian_global_null","gaussian","group","rotation",5,172,2100172,2151172,20,24,2,399,0.485,FALSE
"gaussian_global_null","gaussian","trait","rotation",5,172,2100172,2152172,20,24,2,399,0.3225,FALSE
"gaussian_global_null","gaussian","group:trait","rotation",5,172,2100172,2153172,20,24,2,399,0.9875,FALSE
"gaussian_global_null","gaussian","group","rotation",5,173,2100173,2151173,20,24,2,399,0.725,FALSE
"gaussian_global_null","gaussian","trait","rotation",5,173,2100173,2152173,20,24,2,399,0.1325,FALSE
"gaussian_global_null","gaussian","group:trait","rotation",5,173,2100173,2153173,20,24,2,399,0.0975,FALSE
"gaussian_global_null","gaussian","group","rotation",5,174,2100174,2151174,20,24,2,399,0.1575,FALSE
"gaussian_global_null","gaussian","trait","rotation",5,174,2100174,2152174,20,24,2,399,0.8575,FALSE
"gaussian_global_null","gaussian","group:trait","rotation",5,174,2100174,2153174,20,24,2,399,0.8075,FALSE
"gaussian_global_null","gaussian","group","rotation",5,175,2100175,2151175,20,24,2,399,0.33,FALSE
"gaussian_global_null","gaussian","trait","rotation",5,175,2100175,2152175,20,24,2,399,0.9425,FALSE
"gaussian_global_null","gaussian","group:trait","rotation",5,175,2100175,2153175,20,24,2,399,0.915,FALSE
"gaussian_global_null","gaussian","group","rotation",5,176,2100176,2151176,20,24,2,399,0.6125,FALSE
"gaussian_global_null","gaussian","trait","rotation",5,176,2100176,2152176,20,24,2,399,0.0175,TRUE
"gaussian_global_null","gaussian","group:trait","rotation",5,176,2100176,2153176,20,24,2,399,0.4025,FALSE
"gaussian_global_null","gaussian","group","rotation",5,177,2100177,2151177,20,24,2,399,0.025,TRUE
"gaussian_global_null","gaussian","trait","rotation",5,177,2100177,2152177,20,24,2,399,0.98,FALSE
"gaussian_global_null","gaussian","group:trait","rotation",5,177,2100177,2153177,20,24,2,399,0.525,FALSE
"gaussian_global_null","gaussian","group","rotation",5,178,2100178,2151178,20,24,2,399,0.075,FALSE
"gaussian_global_null","gaussian","trait","rotation",5,178,2100178,2152178,20,24,2,399,0.7675,FALSE
"gaussian_global_null","gaussian","group:trait","rotation",5,178,2100178,2153178,20,24,2,399,0.1825,FALSE
"gaussian_global_null","gaussian","group","rotation",5,179,2100179,2151179,20,24,2,399,0.15,FALSE
"gaussian_global_null","gaussian","trait","rotation",5,179,2100179,2152179,20,24,2,399,0.115,FALSE
"gaussian_global_null","gaussian","group:trait","rotation",5,179,2100179,2153179,20,24,2,399,0.11,FALSE
"gaussian_global_null","gaussian","group","rotation",5,180,2100180,2151180,20,24,2,399,0.1025,FALSE
"gaussian_global_null","gaussian","trait","rotation",5,180,2100180,2152180,20,24,2,399,0.18,FALSE
"gaussian_global_null","gaussian","group:trait","rotation",5,180,2100180,2153180,20,24,2,399,0.515,FALSE
"gaussian_global_null","gaussian","group","rotation",5,181,2100181,2151181,20,24,2,399,0.02,TRUE
"gaussian_global_null","gaussian","trait","rotation",5,181,2100181,2152181,20,24,2,399,0.1225,FALSE
"gaussian_global_null","gaussian","group:trait","rotation",5,181,2100181,2153181,20,24,2,399,0.1875,FALSE
"gaussian_global_null","gaussian","group","rotation",5,182,2100182,2151182,20,24,2,399,0.195,FALSE
"gaussian_global_null","gaussian","trait","rotation",5,182,2100182,2152182,20,24,2,399,0.895,FALSE
"gaussian_global_null","gaussian","group:trait","rotation",5,182,2100182,2153182,20,24,2,399,0.69,FALSE
"gaussian_global_null","gaussian","group","rotation",5,183,2100183,2151183,20,24,2,399,0.7625,FALSE
"gaussian_global_null","gaussian","trait","rotation",5,183,2100183,2152183,20,24,2,399,0.7175,FALSE
"gaussian_global_null","gaussian","group:trait","rotation",5,183,2100183,2153183,20,24,2,399,0.4375,FALSE
"gaussian_global_null","gaussian","group","rotation",5,184,2100184,2151184,20,24,2,399,0.375,FALSE
"gaussian_global_null","gaussian","trait","rotation",5,184,2100184,2152184,20,24,2,399,0.4875,FALSE
"gaussian_global_null","gaussian","group:trait","rotation",5,184,2100184,2153184,20,24,2,399,0.465,FALSE
"gaussian_global_null","gaussian","group","rotation",5,185,2100185,2151185,20,24,2,399,0.415,FALSE
"gaussian_global_null","gaussian","trait","rotation",5,185,2100185,2152185,20,24,2,399,0.265,FALSE
"gaussian_global_null","gaussian","group:trait","rotation",5,185,2100185,2153185,20,24,2,399,0.5575,FALSE
"gaussian_global_null","gaussian","group","rotation",5,186,2100186,2151186,20,24,2,399,0.0575,FALSE
"gaussian_global_null","gaussian","trait","rotation",5,186,2100186,2152186,20,24,2,399,0.32,FALSE
"gaussian_global_null","gaussian","group:trait","rotation",5,186,2100186,2153186,20,24,2,399,0.0475,TRUE
"gaussian_global_null","gaussian","group","rotation",5,187,2100187,2151187,20,24,2,399,0.5,FALSE
"gaussian_global_null","gaussian","trait","rotation",5,187,2100187,2152187,20,24,2,399,0.92,FALSE
"gaussian_global_null","gaussian","group:trait","rotation",5,187,2100187,2153187,20,24,2,399,0.8825,FALSE
"gaussian_global_null","gaussian","group","rotation",5,188,2100188,2151188,20,24,2,399,0.0525,FALSE
"gaussian_global_null","gaussian","trait","rotation",5,188,2100188,2152188,20,24,2,399,0.3,FALSE
"gaussian_global_null","gaussian","group:trait","rotation",5,188,2100188,2153188,20,24,2,399,0.0775,FALSE
"gaussian_global_null","gaussian","group","rotation",5,189,2100189,2151189,20,24,2,399,0.77,FALSE
"gaussian_global_null","gaussian","trait","rotation",5,189,2100189,2152189,20,24,2,399,0.965,FALSE
"gaussian_global_null","gaussian","group:trait","rotation",5,189,2100189,2153189,20,24,2,399,0.9325,FALSE
"gaussian_global_null","gaussian","group","rotation",5,190,2100190,2151190,20,24,2,399,0.5875,FALSE
"gaussian_global_null","gaussian","trait","rotation",5,190,2100190,2152190,20,24,2,399,0.955,FALSE
"gaussian_global_null","gaussian","group:trait","rotation",5,190,2100190,2153190,20,24,2,399,0.8625,FALSE
"gaussian_global_null","gaussian","group","rotation",5,191,2100191,2151191,20,24,2,399,0.375,FALSE
"gaussian_global_null","gaussian","trait","rotation",5,191,2100191,2152191,20,24,2,399,0.4075,FALSE
"gaussian_global_null","gaussian","group:trait","rotation",5,191,2100191,2153191,20,24,2,399,0.225,FALSE
"gaussian_global_null","gaussian","group","rotation",5,192,2100192,2151192,20,24,2,399,0.505,FALSE
"gaussian_global_null","gaussian","trait","rotation",5,192,2100192,2152192,20,24,2,399,0.06,FALSE
"gaussian_global_null","gaussian","group:trait","rotation",5,192,2100192,2153192,20,24,2,399,0.395,FALSE
"gaussian_global_null","gaussian","group","rotation",5,193,2100193,2151193,20,24,2,399,0.75,FALSE
"gaussian_global_null","gaussian","trait","rotation",5,193,2100193,2152193,20,24,2,399,0.6,FALSE
"gaussian_global_null","gaussian","group:trait","rotation",5,193,2100193,2153193,20,24,2,399,0.615,FALSE
"gaussian_global_null","gaussian","group","rotation",5,194,2100194,2151194,20,24,2,399,0.9375,FALSE
"gaussian_global_null","gaussian","trait","rotation",5,194,2100194,2152194,20,24,2,399,0.885,FALSE
"gaussian_global_null","gaussian","group:trait","rotation",5,194,2100194,2153194,20,24,2,399,0.3375,FALSE
"gaussian_global_null","gaussian","group","rotation",5,195,2100195,2151195,20,24,2,399,0.1,FALSE
"gaussian_global_null","gaussian","trait","rotation",5,195,2100195,2152195,20,24,2,399,0.675,FALSE
"gaussian_global_null","gaussian","group:trait","rotation",5,195,2100195,2153195,20,24,2,399,0.81,FALSE
"gaussian_global_null","gaussian","group","rotation",5,196,2100196,2151196,20,24,2,399,0.0925,FALSE
"gaussian_global_null","gaussian","trait","rotation",5,196,2100196,2152196,20,24,2,399,0.31,FALSE
"gaussian_global_null","gaussian","group:trait","rotation",5,196,2100196,2153196,20,24,2,399,0.2525,FALSE
"gaussian_global_null","gaussian","group","rotation",5,197,2100197,2151197,20,24,2,399,0.765,FALSE
"gaussian_global_null","gaussian","trait","rotation",5,197,2100197,2152197,20,24,2,399,0.9825,FALSE
"gaussian_global_null","gaussian","group:trait","rotation",5,197,2100197,2153197,20,24,2,399,0.71,FALSE
"gaussian_global_null","gaussian","group","rotation",5,198,2100198,2151198,20,24,2,399,0.5225,FALSE
"gaussian_global_null","gaussian","trait","rotation",5,198,2100198,2152198,20,24,2,399,0.7225,FALSE
"gaussian_global_null","gaussian","group:trait","rotation",5,198,2100198,2153198,20,24,2,399,0.1875,FALSE
"gaussian_global_null","gaussian","group","rotation",5,199,2100199,2151199,20,24,2,399,0.8375,FALSE
"gaussian_global_null","gaussian","trait","rotation",5,199,2100199,2152199,20,24,2,399,0.8175,FALSE
"gaussian_global_null","gaussian","group:trait","rotation",5,199,2100199,2153199,20,24,2,399,0.9275,FALSE
"gaussian_global_null","gaussian","group","rotation",5,200,2100200,2151200,20,24,2,399,0.2125,FALSE
"gaussian_global_null","gaussian","trait","rotation",5,200,2100200,2152200,20,24,2,399,0.4075,FALSE
"gaussian_global_null","gaussian","group:trait","rotation",5,200,2100200,2153200,20,24,2,399,0.8625,FALSE
"gaussian_partial_null","gaussian","group","rotation",1,1,2300001,2350001,20,24,2,399,0.2425,FALSE
"gaussian_partial_null","gaussian","group","rotation",1,2,2300002,2350002,20,24,2,399,0.1275,FALSE
"gaussian_partial_null","gaussian","group","rotation",1,3,2300003,2350003,20,24,2,399,0.8475,FALSE
"gaussian_partial_null","gaussian","group","rotation",1,4,2300004,2350004,20,24,2,399,0.635,FALSE
"gaussian_partial_null","gaussian","group","rotation",1,5,2300005,2350005,20,24,2,399,0.72,FALSE
"gaussian_partial_null","gaussian","group","rotation",1,6,2300006,2350006,20,24,2,399,0.115,FALSE
"gaussian_partial_null","gaussian","group","rotation",1,7,2300007,2350007,20,24,2,399,0.6625,FALSE
"gaussian_partial_null","gaussian","group","rotation",1,8,2300008,2350008,20,24,2,399,0.52,FALSE
"gaussian_partial_null","gaussian","group","rotation",1,9,2300009,2350009,20,24,2,399,0.43,FALSE
"gaussian_partial_null","gaussian","group","rotation",1,10,2300010,2350010,20,24,2,399,0.91,FALSE
"gaussian_partial_null","gaussian","group","rotation",1,11,2300011,2350011,20,24,2,399,0.5025,FALSE
"gaussian_partial_null","gaussian","group","rotation",1,12,2300012,2350012,20,24,2,399,0.7575,FALSE
"gaussian_partial_null","gaussian","group","rotation",1,13,2300013,2350013,20,24,2,399,0.2175,FALSE
"gaussian_partial_null","gaussian","group","rotation",1,14,2300014,2350014,20,24,2,399,0.06,FALSE
"gaussian_partial_null","gaussian","group","rotation",1,15,2300015,2350015,20,24,2,399,0.2825,FALSE
"gaussian_partial_null","gaussian","group","rotation",1,16,2300016,2350016,20,24,2,399,0.855,FALSE
"gaussian_partial_null","gaussian","group","rotation",1,17,2300017,2350017,20,24,2,399,0.125,FALSE
"gaussian_partial_null","gaussian","group","rotation",1,18,2300018,2350018,20,24,2,399,0.1525,FALSE
"gaussian_partial_null","gaussian","group","rotation",1,19,2300019,2350019,20,24,2,399,0.6775,FALSE
"gaussian_partial_null","gaussian","group","rotation",1,20,2300020,2350020,20,24,2,399,0.2525,FALSE
"gaussian_partial_null","gaussian","group","rotation",1,21,2300021,2350021,20,24,2,399,0.225,FALSE
"gaussian_partial_null","gaussian","group","rotation",1,22,2300022,2350022,20,24,2,399,0.5275,FALSE
"gaussian_partial_null","gaussian","group","rotation",1,23,2300023,2350023,20,24,2,399,0.2675,FALSE
"gaussian_partial_null","gaussian","group","rotation",1,24,2300024,2350024,20,24,2,399,0.6925,FALSE
"gaussian_partial_null","gaussian","group","rotation",1,25,2300025,2350025,20,24,2,399,0.245,FALSE
"gaussian_partial_null","gaussian","group","rotation",1,26,2300026,2350026,20,24,2,399,0.95,FALSE
"gaussian_partial_null","gaussian","group","rotation",1,27,2300027,2350027,20,24,2,399,0.9175,FALSE
"gaussian_partial_null","gaussian","group","rotation",1,28,2300028,2350028,20,24,2,399,0.6125,FALSE
"gaussian_partial_null","gaussian","group","rotation",1,29,2300029,2350029,20,24,2,399,0.0675,FALSE
"gaussian_partial_null","gaussian","group","rotation",1,30,2300030,2350030,20,24,2,399,0.7925,FALSE
"gaussian_partial_null","gaussian","group","rotation",1,31,2300031,2350031,20,24,2,399,0.53,FALSE
"gaussian_partial_null","gaussian","group","rotation",1,32,2300032,2350032,20,24,2,399,0.0675,FALSE
"gaussian_partial_null","gaussian","group","rotation",1,33,2300033,2350033,20,24,2,399,0.5325,FALSE
"gaussian_partial_null","gaussian","group","rotation",1,34,2300034,2350034,20,24,2,399,0.3775,FALSE
"gaussian_partial_null","gaussian","group","rotation",1,35,2300035,2350035,20,24,2,399,0.445,FALSE
"gaussian_partial_null","gaussian","group","rotation",1,36,2300036,2350036,20,24,2,399,0.0475,TRUE
"gaussian_partial_null","gaussian","group","rotation",1,37,2300037,2350037,20,24,2,399,0.28,FALSE
"gaussian_partial_null","gaussian","group","rotation",1,38,2300038,2350038,20,24,2,399,0.8925,FALSE
"gaussian_partial_null","gaussian","group","rotation",1,39,2300039,2350039,20,24,2,399,0.76,FALSE
"gaussian_partial_null","gaussian","group","rotation",1,40,2300040,2350040,20,24,2,399,0.0175,TRUE
"gaussian_partial_null","gaussian","group","rotation",1,41,2300041,2350041,20,24,2,399,0.07,FALSE
"gaussian_partial_null","gaussian","group","rotation",1,42,2300042,2350042,20,24,2,399,0.945,FALSE
"gaussian_partial_null","gaussian","group","rotation",1,43,2300043,2350043,20,24,2,399,0.5675,FALSE
"gaussian_partial_null","gaussian","group","rotation",1,44,2300044,2350044,20,24,2,399,0.03,TRUE
"gaussian_partial_null","gaussian","group","rotation",1,45,2300045,2350045,20,24,2,399,0.8475,FALSE
"gaussian_partial_null","gaussian","group","rotation",1,46,2300046,2350046,20,24,2,399,0.15,FALSE
"gaussian_partial_null","gaussian","group","rotation",1,47,2300047,2350047,20,24,2,399,0.3225,FALSE
"gaussian_partial_null","gaussian","group","rotation",1,48,2300048,2350048,20,24,2,399,0.7925,FALSE
"gaussian_partial_null","gaussian","group","rotation",1,49,2300049,2350049,20,24,2,399,0.5825,FALSE
"gaussian_partial_null","gaussian","group","rotation",1,50,2300050,2350050,20,24,2,399,0.1825,FALSE
"gaussian_partial_null","gaussian","group","rotation",1,51,2300051,2350051,20,24,2,399,0.7925,FALSE
"gaussian_partial_null","gaussian","group","rotation",1,52,2300052,2350052,20,24,2,399,0.065,FALSE
"gaussian_partial_null","gaussian","group","rotation",1,53,2300053,2350053,20,24,2,399,0.085,FALSE
"gaussian_partial_null","gaussian","group","rotation",1,54,2300054,2350054,20,24,2,399,0.515,FALSE
"gaussian_partial_null","gaussian","group","rotation",1,55,2300055,2350055,20,24,2,399,0.175,FALSE
"gaussian_partial_null","gaussian","group","rotation",1,56,2300056,2350056,20,24,2,399,0.675,FALSE
"gaussian_partial_null","gaussian","group","rotation",1,57,2300057,2350057,20,24,2,399,0.675,FALSE
"gaussian_partial_null","gaussian","group","rotation",1,58,2300058,2350058,20,24,2,399,0.415,FALSE
"gaussian_partial_null","gaussian","group","rotation",1,59,2300059,2350059,20,24,2,399,0.72,FALSE
"gaussian_partial_null","gaussian","group","rotation",1,60,2300060,2350060,20,24,2,399,0.36,FALSE
"gaussian_partial_null","gaussian","group","rotation",1,61,2300061,2350061,20,24,2,399,0.9475,FALSE
"gaussian_partial_null","gaussian","group","rotation",1,62,2300062,2350062,20,24,2,399,0.025,TRUE
"gaussian_partial_null","gaussian","group","rotation",1,63,2300063,2350063,20,24,2,399,0.9075,FALSE
"gaussian_partial_null","gaussian","group","rotation",1,64,2300064,2350064,20,24,2,399,0.995,FALSE
"gaussian_partial_null","gaussian","group","rotation",1,65,2300065,2350065,20,24,2,399,0.5725,FALSE
"gaussian_partial_null","gaussian","group","rotation",1,66,2300066,2350066,20,24,2,399,1,FALSE
"gaussian_partial_null","gaussian","group","rotation",1,67,2300067,2350067,20,24,2,399,0.8225,FALSE
"gaussian_partial_null","gaussian","group","rotation",1,68,2300068,2350068,20,24,2,399,0.93,FALSE
"gaussian_partial_null","gaussian","group","rotation",1,69,2300069,2350069,20,24,2,399,0.265,FALSE
"gaussian_partial_null","gaussian","group","rotation",1,70,2300070,2350070,20,24,2,399,0.15,FALSE
"gaussian_partial_null","gaussian","group","rotation",1,71,2300071,2350071,20,24,2,399,0.825,FALSE
"gaussian_partial_null","gaussian","group","rotation",1,72,2300072,2350072,20,24,2,399,0.435,FALSE
"gaussian_partial_null","gaussian","group","rotation",1,73,2300073,2350073,20,24,2,399,0.86,FALSE
"gaussian_partial_null","gaussian","group","rotation",1,74,2300074,2350074,20,24,2,399,0.17,FALSE
"gaussian_partial_null","gaussian","group","rotation",1,75,2300075,2350075,20,24,2,399,0.135,FALSE
"gaussian_partial_null","gaussian","group","rotation",1,76,2300076,2350076,20,24,2,399,0.73,FALSE
"gaussian_partial_null","gaussian","group","rotation",1,77,2300077,2350077,20,24,2,399,0.4125,FALSE
"gaussian_partial_null","gaussian","group","rotation",1,78,2300078,2350078,20,24,2,399,0.53,FALSE
"gaussian_partial_null","gaussian","group","rotation",1,79,2300079,2350079,20,24,2,399,0.6125,FALSE
"gaussian_partial_null","gaussian","group","rotation",1,80,2300080,2350080,20,24,2,399,0.5625,FALSE
"gaussian_partial_null","gaussian","group","rotation",1,81,2300081,2350081,20,24,2,399,0.8075,FALSE
"gaussian_partial_null","gaussian","group","rotation",1,82,2300082,2350082,20,24,2,399,0.6,FALSE
"gaussian_partial_null","gaussian","group","rotation",1,83,2300083,2350083,20,24,2,399,0.1375,FALSE
"gaussian_partial_null","gaussian","group","rotation",1,84,2300084,2350084,20,24,2,399,0.3075,FALSE
"gaussian_partial_null","gaussian","group","rotation",1,85,2300085,2350085,20,24,2,399,0.105,FALSE
"gaussian_partial_null","gaussian","group","rotation",1,86,2300086,2350086,20,24,2,399,0.925,FALSE
"gaussian_partial_null","gaussian","group","rotation",1,87,2300087,2350087,20,24,2,399,0.61,FALSE
"gaussian_partial_null","gaussian","group","rotation",1,88,2300088,2350088,20,24,2,399,0.2075,FALSE
"gaussian_partial_null","gaussian","group","rotation",1,89,2300089,2350089,20,24,2,399,0.64,FALSE
"gaussian_partial_null","gaussian","group","rotation",1,90,2300090,2350090,20,24,2,399,0.4275,FALSE
"gaussian_partial_null","gaussian","group","rotation",1,91,2300091,2350091,20,24,2,399,0.32,FALSE
"gaussian_partial_null","gaussian","group","rotation",1,92,2300092,2350092,20,24,2,399,0.0625,FALSE
"gaussian_partial_null","gaussian","group","rotation",1,93,2300093,2350093,20,24,2,399,0.5225,FALSE
"gaussian_partial_null","gaussian","group","rotation",1,94,2300094,2350094,20,24,2,399,0.8275,FALSE
"gaussian_partial_null","gaussian","group","rotation",1,95,2300095,2350095,20,24,2,399,0.5275,FALSE
"gaussian_partial_null","gaussian","group","rotation",1,96,2300096,2350096,20,24,2,399,0.005,TRUE
"gaussian_partial_null","gaussian","group","rotation",1,97,2300097,2350097,20,24,2,399,0.42,FALSE
"gaussian_partial_null","gaussian","group","rotation",1,98,2300098,2350098,20,24,2,399,0.9425,FALSE
"gaussian_partial_null","gaussian","group","rotation",1,99,2300099,2350099,20,24,2,399,0.0975,FALSE
"gaussian_partial_null","gaussian","group","rotation",1,100,2300100,2350100,20,24,2,399,0.105,FALSE
"gaussian_partial_null","gaussian","group","rotation",2,1,2400001,2450001,20,24,2,399,0.195,FALSE
"gaussian_partial_null","gaussian","group","rotation",2,2,2400002,2450002,20,24,2,399,0.125,FALSE
"gaussian_partial_null","gaussian","group","rotation",2,3,2400003,2450003,20,24,2,399,0.38,FALSE
"gaussian_partial_null","gaussian","group","rotation",2,4,2400004,2450004,20,24,2,399,0.775,FALSE
"gaussian_partial_null","gaussian","group","rotation",2,5,2400005,2450005,20,24,2,399,0.8325,FALSE
"gaussian_partial_null","gaussian","group","rotation",2,6,2400006,2450006,20,24,2,399,0.61,FALSE
"gaussian_partial_null","gaussian","group","rotation",2,7,2400007,2450007,20,24,2,399,0.79,FALSE
"gaussian_partial_null","gaussian","group","rotation",2,8,2400008,2450008,20,24,2,399,0.9625,FALSE
"gaussian_partial_null","gaussian","group","rotation",2,9,2400009,2450009,20,24,2,399,0.69,FALSE
"gaussian_partial_null","gaussian","group","rotation",2,10,2400010,2450010,20,24,2,399,0.5175,FALSE
"gaussian_partial_null","gaussian","group","rotation",2,11,2400011,2450011,20,24,2,399,0.16,FALSE
"gaussian_partial_null","gaussian","group","rotation",2,12,2400012,2450012,20,24,2,399,0.0275,TRUE
"gaussian_partial_null","gaussian","group","rotation",2,13,2400013,2450013,20,24,2,399,0.655,FALSE
"gaussian_partial_null","gaussian","group","rotation",2,14,2400014,2450014,20,24,2,399,0.36,FALSE
"gaussian_partial_null","gaussian","group","rotation",2,15,2400015,2450015,20,24,2,399,0.74,FALSE
"gaussian_partial_null","gaussian","group","rotation",2,16,2400016,2450016,20,24,2,399,0.0525,FALSE
"gaussian_partial_null","gaussian","group","rotation",2,17,2400017,2450017,20,24,2,399,0.0325,TRUE
"gaussian_partial_null","gaussian","group","rotation",2,18,2400018,2450018,20,24,2,399,0.605,FALSE
"gaussian_partial_null","gaussian","group","rotation",2,19,2400019,2450019,20,24,2,399,0.295,FALSE
"gaussian_partial_null","gaussian","group","rotation",2,20,2400020,2450020,20,24,2,399,0.685,FALSE
"gaussian_partial_null","gaussian","group","rotation",2,21,2400021,2450021,20,24,2,399,0.235,FALSE
"gaussian_partial_null","gaussian","group","rotation",2,22,2400022,2450022,20,24,2,399,0.535,FALSE
"gaussian_partial_null","gaussian","group","rotation",2,23,2400023,2450023,20,24,2,399,0.57,FALSE
"gaussian_partial_null","gaussian","group","rotation",2,24,2400024,2450024,20,24,2,399,0.375,FALSE
"gaussian_partial_null","gaussian","group","rotation",2,25,2400025,2450025,20,24,2,399,0.6825,FALSE
"gaussian_partial_null","gaussian","group","rotation",2,26,2400026,2450026,20,24,2,399,0.56,FALSE
"gaussian_partial_null","gaussian","group","rotation",2,27,2400027,2450027,20,24,2,399,0.7275,FALSE
"gaussian_partial_null","gaussian","group","rotation",2,28,2400028,2450028,20,24,2,399,0.4375,FALSE
"gaussian_partial_null","gaussian","group","rotation",2,29,2400029,2450029,20,24,2,399,0.78,FALSE
"gaussian_partial_null","gaussian","group","rotation",2,30,2400030,2450030,20,24,2,399,0.2825,FALSE
"gaussian_partial_null","gaussian","group","rotation",2,31,2400031,2450031,20,24,2,399,0.9525,FALSE
"gaussian_partial_null","gaussian","group","rotation",2,32,2400032,2450032,20,24,2,399,0.4425,FALSE
"gaussian_partial_null","gaussian","group","rotation",2,33,2400033,2450033,20,24,2,399,0.86,FALSE
"gaussian_partial_null","gaussian","group","rotation",2,34,2400034,2450034,20,24,2,399,0.5275,FALSE
"gaussian_partial_null","gaussian","group","rotation",2,35,2400035,2450035,20,24,2,399,0.2525,FALSE
"gaussian_partial_null","gaussian","group","rotation",2,36,2400036,2450036,20,24,2,399,0.33,FALSE
"gaussian_partial_null","gaussian","group","rotation",2,37,2400037,2450037,20,24,2,399,0.505,FALSE
"gaussian_partial_null","gaussian","group","rotation",2,38,2400038,2450038,20,24,2,399,0.9925,FALSE
"gaussian_partial_null","gaussian","group","rotation",2,39,2400039,2450039,20,24,2,399,0.205,FALSE
"gaussian_partial_null","gaussian","group","rotation",2,40,2400040,2450040,20,24,2,399,0.95,FALSE
"gaussian_partial_null","gaussian","group","rotation",2,41,2400041,2450041,20,24,2,399,0.89,FALSE
"gaussian_partial_null","gaussian","group","rotation",2,42,2400042,2450042,20,24,2,399,0.3775,FALSE
"gaussian_partial_null","gaussian","group","rotation",2,43,2400043,2450043,20,24,2,399,0.545,FALSE
"gaussian_partial_null","gaussian","group","rotation",2,44,2400044,2450044,20,24,2,399,0.1525,FALSE
"gaussian_partial_null","gaussian","group","rotation",2,45,2400045,2450045,20,24,2,399,0.6,FALSE
"gaussian_partial_null","gaussian","group","rotation",2,46,2400046,2450046,20,24,2,399,0.125,FALSE
"gaussian_partial_null","gaussian","group","rotation",2,47,2400047,2450047,20,24,2,399,0.165,FALSE
"gaussian_partial_null","gaussian","group","rotation",2,48,2400048,2450048,20,24,2,399,0.66,FALSE
"gaussian_partial_null","gaussian","group","rotation",2,49,2400049,2450049,20,24,2,399,0.9225,FALSE
"gaussian_partial_null","gaussian","group","rotation",2,50,2400050,2450050,20,24,2,399,0.7825,FALSE
"gaussian_partial_null","gaussian","group","rotation",2,51,2400051,2450051,20,24,2,399,0.88,FALSE
"gaussian_partial_null","gaussian","group","rotation",2,52,2400052,2450052,20,24,2,399,0.8625,FALSE
"gaussian_partial_null","gaussian","group","rotation",2,53,2400053,2450053,20,24,2,399,0.0375,TRUE
"gaussian_partial_null","gaussian","group","rotation",2,54,2400054,2450054,20,24,2,399,0.99,FALSE
"gaussian_partial_null","gaussian","group","rotation",2,55,2400055,2450055,20,24,2,399,0.5925,FALSE
"gaussian_partial_null","gaussian","group","rotation",2,56,2400056,2450056,20,24,2,399,0.5725,FALSE
"gaussian_partial_null","gaussian","group","rotation",2,57,2400057,2450057,20,24,2,399,0.33,FALSE
"gaussian_partial_null","gaussian","group","rotation",2,58,2400058,2450058,20,24,2,399,0.36,FALSE
"gaussian_partial_null","gaussian","group","rotation",2,59,2400059,2450059,20,24,2,399,0.79,FALSE
"gaussian_partial_null","gaussian","group","rotation",2,60,2400060,2450060,20,24,2,399,0.805,FALSE
"gaussian_partial_null","gaussian","group","rotation",2,61,2400061,2450061,20,24,2,399,0.76,FALSE
"gaussian_partial_null","gaussian","group","rotation",2,62,2400062,2450062,20,24,2,399,0.6375,FALSE
"gaussian_partial_null","gaussian","group","rotation",2,63,2400063,2450063,20,24,2,399,0.32,FALSE
"gaussian_partial_null","gaussian","group","rotation",2,64,2400064,2450064,20,24,2,399,0.2275,FALSE
"gaussian_partial_null","gaussian","group","rotation",2,65,2400065,2450065,20,24,2,399,0.14,FALSE
"gaussian_partial_null","gaussian","group","rotation",2,66,2400066,2450066,20,24,2,399,0.565,FALSE
"gaussian_partial_null","gaussian","group","rotation",2,67,2400067,2450067,20,24,2,399,0.7975,FALSE
"gaussian_partial_null","gaussian","group","rotation",2,68,2400068,2450068,20,24,2,399,0.5975,FALSE
"gaussian_partial_null","gaussian","group","rotation",2,69,2400069,2450069,20,24,2,399,0.29,FALSE
"gaussian_partial_null","gaussian","group","rotation",2,70,2400070,2450070,20,24,2,399,0.4625,FALSE
"gaussian_partial_null","gaussian","group","rotation",2,71,2400071,2450071,20,24,2,399,0.0775,FALSE
"gaussian_partial_null","gaussian","group","rotation",2,72,2400072,2450072,20,24,2,399,0.315,FALSE
"gaussian_partial_null","gaussian","group","rotation",2,73,2400073,2450073,20,24,2,399,0.4475,FALSE
"gaussian_partial_null","gaussian","group","rotation",2,74,2400074,2450074,20,24,2,399,0.0625,FALSE
"gaussian_partial_null","gaussian","group","rotation",2,75,2400075,2450075,20,24,2,399,0.32,FALSE
"gaussian_partial_null","gaussian","group","rotation",2,76,2400076,2450076,20,24,2,399,0.7375,FALSE
"gaussian_partial_null","gaussian","group","rotation",2,77,2400077,2450077,20,24,2,399,0.575,FALSE
"gaussian_partial_null","gaussian","group","rotation",2,78,2400078,2450078,20,24,2,399,0.465,FALSE
"gaussian_partial_null","gaussian","group","rotation",2,79,2400079,2450079,20,24,2,399,0.1625,FALSE
"gaussian_partial_null","gaussian","group","rotation",2,80,2400080,2450080,20,24,2,399,0.4325,FALSE
"gaussian_partial_null","gaussian","group","rotation",2,81,2400081,2450081,20,24,2,399,0.6175,FALSE
"gaussian_partial_null","gaussian","group","rotation",2,82,2400082,2450082,20,24,2,399,0.0975,FALSE
"gaussian_partial_null","gaussian","group","rotation",2,83,2400083,2450083,20,24,2,399,0.965,FALSE
"gaussian_partial_null","gaussian","group","rotation",2,84,2400084,2450084,20,24,2,399,0.7475,FALSE
"gaussian_partial_null","gaussian","group","rotation",2,85,2400085,2450085,20,24,2,399,0.895,FALSE
"gaussian_partial_null","gaussian","group","rotation",2,86,2400086,2450086,20,24,2,399,0.97,FALSE
"gaussian_partial_null","gaussian","group","rotation",2,87,2400087,2450087,20,24,2,399,0.4125,FALSE
"gaussian_partial_null","gaussian","group","rotation",2,88,2400088,2450088,20,24,2,399,0.165,FALSE
"gaussian_partial_null","gaussian","group","rotation",2,89,2400089,2450089,20,24,2,399,0.2,FALSE
"gaussian_partial_null","gaussian","group","rotation",2,90,2400090,2450090,20,24,2,399,0.6875,FALSE
"gaussian_partial_null","gaussian","group","rotation",2,91,2400091,2450091,20,24,2,399,0.895,FALSE
"gaussian_partial_null","gaussian","group","rotation",2,92,2400092,2450092,20,24,2,399,0.31,FALSE
"gaussian_partial_null","gaussian","group","rotation",2,93,2400093,2450093,20,24,2,399,0.28,FALSE
"gaussian_partial_null","gaussian","group","rotation",2,94,2400094,2450094,20,24,2,399,0.56,FALSE
"gaussian_partial_null","gaussian","group","rotation",2,95,2400095,2450095,20,24,2,399,0.4275,FALSE
"gaussian_partial_null","gaussian","group","rotation",2,96,2400096,2450096,20,24,2,399,0.26,FALSE
"gaussian_partial_null","gaussian","group","rotation",2,97,2400097,2450097,20,24,2,399,0.3275,FALSE
"gaussian_partial_null","gaussian","group","rotation",2,98,2400098,2450098,20,24,2,399,0.9725,FALSE
"gaussian_partial_null","gaussian","group","rotation",2,99,2400099,2450099,20,24,2,399,0.62,FALSE
"gaussian_partial_null","gaussian","group","rotation",2,100,2400100,2450100,20,24,2,399,0.095,FALSE
"gaussian_partial_null","gaussian","group","rotation",3,1,2500001,2550001,20,24,2,399,0.04,TRUE
"gaussian_partial_null","gaussian","group","rotation",3,2,2500002,2550002,20,24,2,399,0.37,FALSE
"gaussian_partial_null","gaussian","group","rotation",3,3,2500003,2550003,20,24,2,399,0.0375,TRUE
"gaussian_partial_null","gaussian","group","rotation",3,4,2500004,2550004,20,24,2,399,0.8275,FALSE
"gaussian_partial_null","gaussian","group","rotation",3,5,2500005,2550005,20,24,2,399,0.355,FALSE
"gaussian_partial_null","gaussian","group","rotation",3,6,2500006,2550006,20,24,2,399,0.4675,FALSE
"gaussian_partial_null","gaussian","group","rotation",3,7,2500007,2550007,20,24,2,399,0.82,FALSE
"gaussian_partial_null","gaussian","group","rotation",3,8,2500008,2550008,20,24,2,399,0.465,FALSE
"gaussian_partial_null","gaussian","group","rotation",3,9,2500009,2550009,20,24,2,399,0.49,FALSE
"gaussian_partial_null","gaussian","group","rotation",3,10,2500010,2550010,20,24,2,399,0.6225,FALSE
"gaussian_partial_null","gaussian","group","rotation",3,11,2500011,2550011,20,24,2,399,0.8125,FALSE
"gaussian_partial_null","gaussian","group","rotation",3,12,2500012,2550012,20,24,2,399,0.3925,FALSE
"gaussian_partial_null","gaussian","group","rotation",3,13,2500013,2550013,20,24,2,399,0.62,FALSE
"gaussian_partial_null","gaussian","group","rotation",3,14,2500014,2550014,20,24,2,399,0.365,FALSE
"gaussian_partial_null","gaussian","group","rotation",3,15,2500015,2550015,20,24,2,399,0.84,FALSE
"gaussian_partial_null","gaussian","group","rotation",3,16,2500016,2550016,20,24,2,399,0.24,FALSE
"gaussian_partial_null","gaussian","group","rotation",3,17,2500017,2550017,20,24,2,399,0.9425,FALSE
"gaussian_partial_null","gaussian","group","rotation",3,18,2500018,2550018,20,24,2,399,0.025,TRUE
"gaussian_partial_null","gaussian","group","rotation",3,19,2500019,2550019,20,24,2,399,0.835,FALSE
"gaussian_partial_null","gaussian","group","rotation",3,20,2500020,2550020,20,24,2,399,0.76,FALSE
"gaussian_partial_null","gaussian","group","rotation",3,21,2500021,2550021,20,24,2,399,0.93,FALSE
"gaussian_partial_null","gaussian","group","rotation",3,22,2500022,2550022,20,24,2,399,0.21,FALSE
"gaussian_partial_null","gaussian","group","rotation",3,23,2500023,2550023,20,24,2,399,0.3225,FALSE
"gaussian_partial_null","gaussian","group","rotation",3,24,2500024,2550024,20,24,2,399,0.135,FALSE
"gaussian_partial_null","gaussian","group","rotation",3,25,2500025,2550025,20,24,2,399,0.87,FALSE
"gaussian_partial_null","gaussian","group","rotation",3,26,2500026,2550026,20,24,2,399,0.6975,FALSE
"gaussian_partial_null","gaussian","group","rotation",3,27,2500027,2550027,20,24,2,399,0.6525,FALSE
"gaussian_partial_null","gaussian","group","rotation",3,28,2500028,2550028,20,24,2,399,0.055,FALSE
"gaussian_partial_null","gaussian","group","rotation",3,29,2500029,2550029,20,24,2,399,0.0625,FALSE
"gaussian_partial_null","gaussian","group","rotation",3,30,2500030,2550030,20,24,2,399,0.2825,FALSE
"gaussian_partial_null","gaussian","group","rotation",3,31,2500031,2550031,20,24,2,399,0.2575,FALSE
"gaussian_partial_null","gaussian","group","rotation",3,32,2500032,2550032,20,24,2,399,0.235,FALSE
"gaussian_partial_null","gaussian","group","rotation",3,33,2500033,2550033,20,24,2,399,0.095,FALSE
"gaussian_partial_null","gaussian","group","rotation",3,34,2500034,2550034,20,24,2,399,0.99,FALSE
"gaussian_partial_null","gaussian","group","rotation",3,35,2500035,2550035,20,24,2,399,0.585,FALSE
"gaussian_partial_null","gaussian","group","rotation",3,36,2500036,2550036,20,24,2,399,0.3675,FALSE
"gaussian_partial_null","gaussian","group","rotation",3,37,2500037,2550037,20,24,2,399,0.3075,FALSE
"gaussian_partial_null","gaussian","group","rotation",3,38,2500038,2550038,20,24,2,399,0.7975,FALSE
"gaussian_partial_null","gaussian","group","rotation",3,39,2500039,2550039,20,24,2,399,0.9325,FALSE
"gaussian_partial_null","gaussian","group","rotation",3,40,2500040,2550040,20,24,2,399,0.2675,FALSE
"gaussian_partial_null","gaussian","group","rotation",3,41,2500041,2550041,20,24,2,399,0.84,FALSE
"gaussian_partial_null","gaussian","group","rotation",3,42,2500042,2550042,20,24,2,399,0.53,FALSE
"gaussian_partial_null","gaussian","group","rotation",3,43,2500043,2550043,20,24,2,399,0.065,FALSE
"gaussian_partial_null","gaussian","group","rotation",3,44,2500044,2550044,20,24,2,399,0.8225,FALSE
"gaussian_partial_null","gaussian","group","rotation",3,45,2500045,2550045,20,24,2,399,0.61,FALSE
"gaussian_partial_null","gaussian","group","rotation",3,46,2500046,2550046,20,24,2,399,0.0975,FALSE
"gaussian_partial_null","gaussian","group","rotation",3,47,2500047,2550047,20,24,2,399,0.8025,FALSE
"gaussian_partial_null","gaussian","group","rotation",3,48,2500048,2550048,20,24,2,399,0.8375,FALSE
"gaussian_partial_null","gaussian","group","rotation",3,49,2500049,2550049,20,24,2,399,0.6075,FALSE
"gaussian_partial_null","gaussian","group","rotation",3,50,2500050,2550050,20,24,2,399,0.155,FALSE
"gaussian_partial_null","gaussian","group","rotation",3,51,2500051,2550051,20,24,2,399,0.21,FALSE
"gaussian_partial_null","gaussian","group","rotation",3,52,2500052,2550052,20,24,2,399,0.9775,FALSE
"gaussian_partial_null","gaussian","group","rotation",3,53,2500053,2550053,20,24,2,399,0.0175,TRUE
"gaussian_partial_null","gaussian","group","rotation",3,54,2500054,2550054,20,24,2,399,0.185,FALSE
"gaussian_partial_null","gaussian","group","rotation",3,55,2500055,2550055,20,24,2,399,0.47,FALSE
"gaussian_partial_null","gaussian","group","rotation",3,56,2500056,2550056,20,24,2,399,0.5925,FALSE
"gaussian_partial_null","gaussian","group","rotation",3,57,2500057,2550057,20,24,2,399,0.57,FALSE
"gaussian_partial_null","gaussian","group","rotation",3,58,2500058,2550058,20,24,2,399,0.755,FALSE
"gaussian_partial_null","gaussian","group","rotation",3,59,2500059,2550059,20,24,2,399,0.8325,FALSE
"gaussian_partial_null","gaussian","group","rotation",3,60,2500060,2550060,20,24,2,399,0.73,FALSE
"gaussian_partial_null","gaussian","group","rotation",3,61,2500061,2550061,20,24,2,399,0.985,FALSE
"gaussian_partial_null","gaussian","group","rotation",3,62,2500062,2550062,20,24,2,399,0.9375,FALSE
"gaussian_partial_null","gaussian","group","rotation",3,63,2500063,2550063,20,24,2,399,0.6425,FALSE
"gaussian_partial_null","gaussian","group","rotation",3,64,2500064,2550064,20,24,2,399,0.085,FALSE
"gaussian_partial_null","gaussian","group","rotation",3,65,2500065,2550065,20,24,2,399,0.49,FALSE
"gaussian_partial_null","gaussian","group","rotation",3,66,2500066,2550066,20,24,2,399,0.195,FALSE
"gaussian_partial_null","gaussian","group","rotation",3,67,2500067,2550067,20,24,2,399,0.245,FALSE
"gaussian_partial_null","gaussian","group","rotation",3,68,2500068,2550068,20,24,2,399,0.4,FALSE
"gaussian_partial_null","gaussian","group","rotation",3,69,2500069,2550069,20,24,2,399,0.44,FALSE
"gaussian_partial_null","gaussian","group","rotation",3,70,2500070,2550070,20,24,2,399,0.55,FALSE
"gaussian_partial_null","gaussian","group","rotation",3,71,2500071,2550071,20,24,2,399,0.83,FALSE
"gaussian_partial_null","gaussian","group","rotation",3,72,2500072,2550072,20,24,2,399,0.09,FALSE
"gaussian_partial_null","gaussian","group","rotation",3,73,2500073,2550073,20,24,2,399,0.6775,FALSE
"gaussian_partial_null","gaussian","group","rotation",3,74,2500074,2550074,20,24,2,399,0.9075,FALSE
"gaussian_partial_null","gaussian","group","rotation",3,75,2500075,2550075,20,24,2,399,0.3625,FALSE
"gaussian_partial_null","gaussian","group","rotation",3,76,2500076,2550076,20,24,2,399,0.27,FALSE
"gaussian_partial_null","gaussian","group","rotation",3,77,2500077,2550077,20,24,2,399,1,FALSE
"gaussian_partial_null","gaussian","group","rotation",3,78,2500078,2550078,20,24,2,399,0.81,FALSE
"gaussian_partial_null","gaussian","group","rotation",3,79,2500079,2550079,20,24,2,399,0.7425,FALSE
"gaussian_partial_null","gaussian","group","rotation",3,80,2500080,2550080,20,24,2,399,0.3325,FALSE
"gaussian_partial_null","gaussian","group","rotation",3,81,2500081,2550081,20,24,2,399,0.7275,FALSE
"gaussian_partial_null","gaussian","group","rotation",3,82,2500082,2550082,20,24,2,399,0.0125,TRUE
"gaussian_partial_null","gaussian","group","rotation",3,83,2500083,2550083,20,24,2,399,0.7825,FALSE
"gaussian_partial_null","gaussian","group","rotation",3,84,2500084,2550084,20,24,2,399,0.2,FALSE
"gaussian_partial_null","gaussian","group","rotation",3,85,2500085,2550085,20,24,2,399,0.125,FALSE
"gaussian_partial_null","gaussian","group","rotation",3,86,2500086,2550086,20,24,2,399,0.6575,FALSE
"gaussian_partial_null","gaussian","group","rotation",3,87,2500087,2550087,20,24,2,399,0.0025,TRUE
"gaussian_partial_null","gaussian","group","rotation",3,88,2500088,2550088,20,24,2,399,0.08,FALSE
"gaussian_partial_null","gaussian","group","rotation",3,89,2500089,2550089,20,24,2,399,0.2775,FALSE
"gaussian_partial_null","gaussian","group","rotation",3,90,2500090,2550090,20,24,2,399,0.845,FALSE
"gaussian_partial_null","gaussian","group","rotation",3,91,2500091,2550091,20,24,2,399,0.57,FALSE
"gaussian_partial_null","gaussian","group","rotation",3,92,2500092,2550092,20,24,2,399,0.75,FALSE
"gaussian_partial_null","gaussian","group","rotation",3,93,2500093,2550093,20,24,2,399,0.22,FALSE
"gaussian_partial_null","gaussian","group","rotation",3,94,2500094,2550094,20,24,2,399,0.9225,FALSE
"gaussian_partial_null","gaussian","group","rotation",3,95,2500095,2550095,20,24,2,399,0.64,FALSE
"gaussian_partial_null","gaussian","group","rotation",3,96,2500096,2550096,20,24,2,399,0.3575,FALSE
"gaussian_partial_null","gaussian","group","rotation",3,97,2500097,2550097,20,24,2,399,0.1475,FALSE
"gaussian_partial_null","gaussian","group","rotation",3,98,2500098,2550098,20,24,2,399,0.875,FALSE
"gaussian_partial_null","gaussian","group","rotation",3,99,2500099,2550099,20,24,2,399,0.0025,TRUE
"gaussian_partial_null","gaussian","group","rotation",3,100,2500100,2550100,20,24,2,399,0.8425,FALSE
"gaussian_partial_null","gaussian","group","rotation",4,1,2600001,2650001,20,24,2,399,0.39,FALSE
"gaussian_partial_null","gaussian","group","rotation",4,2,2600002,2650002,20,24,2,399,0.5775,FALSE
"gaussian_partial_null","gaussian","group","rotation",4,3,2600003,2650003,20,24,2,399,0.9525,FALSE
"gaussian_partial_null","gaussian","group","rotation",4,4,2600004,2650004,20,24,2,399,0.2475,FALSE
"gaussian_partial_null","gaussian","group","rotation",4,5,2600005,2650005,20,24,2,399,0.71,FALSE
"gaussian_partial_null","gaussian","group","rotation",4,6,2600006,2650006,20,24,2,399,0.58,FALSE
"gaussian_partial_null","gaussian","group","rotation",4,7,2600007,2650007,20,24,2,399,0.31,FALSE
"gaussian_partial_null","gaussian","group","rotation",4,8,2600008,2650008,20,24,2,399,0.3275,FALSE
"gaussian_partial_null","gaussian","group","rotation",4,9,2600009,2650009,20,24,2,399,0.3125,FALSE
"gaussian_partial_null","gaussian","group","rotation",4,10,2600010,2650010,20,24,2,399,0.285,FALSE
"gaussian_partial_null","gaussian","group","rotation",4,11,2600011,2650011,20,24,2,399,0.0925,FALSE
"gaussian_partial_null","gaussian","group","rotation",4,12,2600012,2650012,20,24,2,399,0.1,FALSE
"gaussian_partial_null","gaussian","group","rotation",4,13,2600013,2650013,20,24,2,399,0.9,FALSE
"gaussian_partial_null","gaussian","group","rotation",4,14,2600014,2650014,20,24,2,399,0.5075,FALSE
"gaussian_partial_null","gaussian","group","rotation",4,15,2600015,2650015,20,24,2,399,0.36,FALSE
"gaussian_partial_null","gaussian","group","rotation",4,16,2600016,2650016,20,24,2,399,0.63,FALSE
"gaussian_partial_null","gaussian","group","rotation",4,17,2600017,2650017,20,24,2,399,0.53,FALSE
"gaussian_partial_null","gaussian","group","rotation",4,18,2600018,2650018,20,24,2,399,0.6375,FALSE
"gaussian_partial_null","gaussian","group","rotation",4,19,2600019,2650019,20,24,2,399,0.2575,FALSE
"gaussian_partial_null","gaussian","group","rotation",4,20,2600020,2650020,20,24,2,399,0.305,FALSE
"gaussian_partial_null","gaussian","group","rotation",4,21,2600021,2650021,20,24,2,399,0.8325,FALSE
"gaussian_partial_null","gaussian","group","rotation",4,22,2600022,2650022,20,24,2,399,0.05,TRUE
"gaussian_partial_null","gaussian","group","rotation",4,23,2600023,2650023,20,24,2,399,0.415,FALSE
"gaussian_partial_null","gaussian","group","rotation",4,24,2600024,2650024,20,24,2,399,0.1475,FALSE
"gaussian_partial_null","gaussian","group","rotation",4,25,2600025,2650025,20,24,2,399,0.565,FALSE
"gaussian_partial_null","gaussian","group","rotation",4,26,2600026,2650026,20,24,2,399,0.385,FALSE
"gaussian_partial_null","gaussian","group","rotation",4,27,2600027,2650027,20,24,2,399,0.2,FALSE
"gaussian_partial_null","gaussian","group","rotation",4,28,2600028,2650028,20,24,2,399,0.26,FALSE
"gaussian_partial_null","gaussian","group","rotation",4,29,2600029,2650029,20,24,2,399,0.2,FALSE
"gaussian_partial_null","gaussian","group","rotation",4,30,2600030,2650030,20,24,2,399,0.66,FALSE
"gaussian_partial_null","gaussian","group","rotation",4,31,2600031,2650031,20,24,2,399,0.8275,FALSE
"gaussian_partial_null","gaussian","group","rotation",4,32,2600032,2650032,20,24,2,399,0.1625,FALSE
"gaussian_partial_null","gaussian","group","rotation",4,33,2600033,2650033,20,24,2,399,0.1425,FALSE
"gaussian_partial_null","gaussian","group","rotation",4,34,2600034,2650034,20,24,2,399,0.4275,FALSE
"gaussian_partial_null","gaussian","group","rotation",4,35,2600035,2650035,20,24,2,399,0.1025,FALSE
"gaussian_partial_null","gaussian","group","rotation",4,36,2600036,2650036,20,24,2,399,0.0925,FALSE
"gaussian_partial_null","gaussian","group","rotation",4,37,2600037,2650037,20,24,2,399,0.35,FALSE
"gaussian_partial_null","gaussian","group","rotation",4,38,2600038,2650038,20,24,2,399,0.07,FALSE
"gaussian_partial_null","gaussian","group","rotation",4,39,2600039,2650039,20,24,2,399,0.9925,FALSE
"gaussian_partial_null","gaussian","group","rotation",4,40,2600040,2650040,20,24,2,399,0.25,FALSE
"gaussian_partial_null","gaussian","group","rotation",4,41,2600041,2650041,20,24,2,399,0.8975,FALSE
"gaussian_partial_null","gaussian","group","rotation",4,42,2600042,2650042,20,24,2,399,0.08,FALSE
"gaussian_partial_null","gaussian","group","rotation",4,43,2600043,2650043,20,24,2,399,0.7975,FALSE
"gaussian_partial_null","gaussian","group","rotation",4,44,2600044,2650044,20,24,2,399,0.075,FALSE
"gaussian_partial_null","gaussian","group","rotation",4,45,2600045,2650045,20,24,2,399,0.6225,FALSE
"gaussian_partial_null","gaussian","group","rotation",4,46,2600046,2650046,20,24,2,399,0.8775,FALSE
"gaussian_partial_null","gaussian","group","rotation",4,47,2600047,2650047,20,24,2,399,0.02,TRUE
"gaussian_partial_null","gaussian","group","rotation",4,48,2600048,2650048,20,24,2,399,0.28,FALSE
"gaussian_partial_null","gaussian","group","rotation",4,49,2600049,2650049,20,24,2,399,0.185,FALSE
"gaussian_partial_null","gaussian","group","rotation",4,50,2600050,2650050,20,24,2,399,0.145,FALSE
"gaussian_partial_null","gaussian","group","rotation",4,51,2600051,2650051,20,24,2,399,0.93,FALSE
"gaussian_partial_null","gaussian","group","rotation",4,52,2600052,2650052,20,24,2,399,0.95,FALSE
"gaussian_partial_null","gaussian","group","rotation",4,53,2600053,2650053,20,24,2,399,0.57,FALSE
"gaussian_partial_null","gaussian","group","rotation",4,54,2600054,2650054,20,24,2,399,0.715,FALSE
"gaussian_partial_null","gaussian","group","rotation",4,55,2600055,2650055,20,24,2,399,0.355,FALSE
"gaussian_partial_null","gaussian","group","rotation",4,56,2600056,2650056,20,24,2,399,0.3575,FALSE
"gaussian_partial_null","gaussian","group","rotation",4,57,2600057,2650057,20,24,2,399,0.3075,FALSE
"gaussian_partial_null","gaussian","group","rotation",4,58,2600058,2650058,20,24,2,399,0.095,FALSE
"gaussian_partial_null","gaussian","group","rotation",4,59,2600059,2650059,20,24,2,399,0.5025,FALSE
"gaussian_partial_null","gaussian","group","rotation",4,60,2600060,2650060,20,24,2,399,0.605,FALSE
"gaussian_partial_null","gaussian","group","rotation",4,61,2600061,2650061,20,24,2,399,0.5075,FALSE
"gaussian_partial_null","gaussian","group","rotation",4,62,2600062,2650062,20,24,2,399,0.7675,FALSE
"gaussian_partial_null","gaussian","group","rotation",4,63,2600063,2650063,20,24,2,399,0.3425,FALSE
"gaussian_partial_null","gaussian","group","rotation",4,64,2600064,2650064,20,24,2,399,0.3525,FALSE
"gaussian_partial_null","gaussian","group","rotation",4,65,2600065,2650065,20,24,2,399,0.195,FALSE
"gaussian_partial_null","gaussian","group","rotation",4,66,2600066,2650066,20,24,2,399,0.355,FALSE
"gaussian_partial_null","gaussian","group","rotation",4,67,2600067,2650067,20,24,2,399,0.3325,FALSE
"gaussian_partial_null","gaussian","group","rotation",4,68,2600068,2650068,20,24,2,399,0.66,FALSE
"gaussian_partial_null","gaussian","group","rotation",4,69,2600069,2650069,20,24,2,399,0.9625,FALSE
"gaussian_partial_null","gaussian","group","rotation",4,70,2600070,2650070,20,24,2,399,0.185,FALSE
"gaussian_partial_null","gaussian","group","rotation",4,71,2600071,2650071,20,24,2,399,0.8125,FALSE
"gaussian_partial_null","gaussian","group","rotation",4,72,2600072,2650072,20,24,2,399,0.9075,FALSE
"gaussian_partial_null","gaussian","group","rotation",4,73,2600073,2650073,20,24,2,399,0.4625,FALSE
"gaussian_partial_null","gaussian","group","rotation",4,74,2600074,2650074,20,24,2,399,0.3825,FALSE
"gaussian_partial_null","gaussian","group","rotation",4,75,2600075,2650075,20,24,2,399,0.56,FALSE
"gaussian_partial_null","gaussian","group","rotation",4,76,2600076,2650076,20,24,2,399,0.2125,FALSE
"gaussian_partial_null","gaussian","group","rotation",4,77,2600077,2650077,20,24,2,399,0.995,FALSE
"gaussian_partial_null","gaussian","group","rotation",4,78,2600078,2650078,20,24,2,399,0.3775,FALSE
"gaussian_partial_null","gaussian","group","rotation",4,79,2600079,2650079,20,24,2,399,0.075,FALSE
"gaussian_partial_null","gaussian","group","rotation",4,80,2600080,2650080,20,24,2,399,0.625,FALSE
"gaussian_partial_null","gaussian","group","rotation",4,81,2600081,2650081,20,24,2,399,0.4375,FALSE
"gaussian_partial_null","gaussian","group","rotation",4,82,2600082,2650082,20,24,2,399,0.845,FALSE
"gaussian_partial_null","gaussian","group","rotation",4,83,2600083,2650083,20,24,2,399,0.6525,FALSE
"gaussian_partial_null","gaussian","group","rotation",4,84,2600084,2650084,20,24,2,399,0.4475,FALSE
"gaussian_partial_null","gaussian","group","rotation",4,85,2600085,2650085,20,24,2,399,0.4275,FALSE
"gaussian_partial_null","gaussian","group","rotation",4,86,2600086,2650086,20,24,2,399,0.185,FALSE
"gaussian_partial_null","gaussian","group","rotation",4,87,2600087,2650087,20,24,2,399,0.215,FALSE
"gaussian_partial_null","gaussian","group","rotation",4,88,2600088,2650088,20,24,2,399,0.275,FALSE
"gaussian_partial_null","gaussian","group","rotation",4,89,2600089,2650089,20,24,2,399,0.9975,FALSE
"gaussian_partial_null","gaussian","group","rotation",4,90,2600090,2650090,20,24,2,399,0.1125,FALSE
"gaussian_partial_null","gaussian","group","rotation",4,91,2600091,2650091,20,24,2,399,0.225,FALSE
"gaussian_partial_null","gaussian","group","rotation",4,92,2600092,2650092,20,24,2,399,0.5425,FALSE
"gaussian_partial_null","gaussian","group","rotation",4,93,2600093,2650093,20,24,2,399,0.1275,FALSE
"gaussian_partial_null","gaussian","group","rotation",4,94,2600094,2650094,20,24,2,399,0.4075,FALSE
"gaussian_partial_null","gaussian","group","rotation",4,95,2600095,2650095,20,24,2,399,0.775,FALSE
"gaussian_partial_null","gaussian","group","rotation",4,96,2600096,2650096,20,24,2,399,0.9175,FALSE
"gaussian_partial_null","gaussian","group","rotation",4,97,2600097,2650097,20,24,2,399,0.945,FALSE
"gaussian_partial_null","gaussian","group","rotation",4,98,2600098,2650098,20,24,2,399,0.7975,FALSE
"gaussian_partial_null","gaussian","group","rotation",4,99,2600099,2650099,20,24,2,399,0.9025,FALSE
"gaussian_partial_null","gaussian","group","rotation",4,100,2600100,2650100,20,24,2,399,0.18,FALSE
"gaussian_partial_null","gaussian","group","rotation",5,1,2700001,2750001,20,24,2,399,0.175,FALSE
"gaussian_partial_null","gaussian","group","rotation",5,2,2700002,2750002,20,24,2,399,0.5175,FALSE
"gaussian_partial_null","gaussian","group","rotation",5,3,2700003,2750003,20,24,2,399,0.765,FALSE
"gaussian_partial_null","gaussian","group","rotation",5,4,2700004,2750004,20,24,2,399,0.4275,FALSE
"gaussian_partial_null","gaussian","group","rotation",5,5,2700005,2750005,20,24,2,399,0.5125,FALSE
"gaussian_partial_null","gaussian","group","rotation",5,6,2700006,2750006,20,24,2,399,0.955,FALSE
"gaussian_partial_null","gaussian","group","rotation",5,7,2700007,2750007,20,24,2,399,0.72,FALSE
"gaussian_partial_null","gaussian","group","rotation",5,8,2700008,2750008,20,24,2,399,0.425,FALSE
"gaussian_partial_null","gaussian","group","rotation",5,9,2700009,2750009,20,24,2,399,0.2725,FALSE
"gaussian_partial_null","gaussian","group","rotation",5,10,2700010,2750010,20,24,2,399,0.395,FALSE
"gaussian_partial_null","gaussian","group","rotation",5,11,2700011,2750011,20,24,2,399,0.22,FALSE
"gaussian_partial_null","gaussian","group","rotation",5,12,2700012,2750012,20,24,2,399,0.715,FALSE
"gaussian_partial_null","gaussian","group","rotation",5,13,2700013,2750013,20,24,2,399,0.0325,TRUE
"gaussian_partial_null","gaussian","group","rotation",5,14,2700014,2750014,20,24,2,399,0.5175,FALSE
"gaussian_partial_null","gaussian","group","rotation",5,15,2700015,2750015,20,24,2,399,0.4275,FALSE
"gaussian_partial_null","gaussian","group","rotation",5,16,2700016,2750016,20,24,2,399,0.6325,FALSE
"gaussian_partial_null","gaussian","group","rotation",5,17,2700017,2750017,20,24,2,399,0.93,FALSE
"gaussian_partial_null","gaussian","group","rotation",5,18,2700018,2750018,20,24,2,399,0.405,FALSE
"gaussian_partial_null","gaussian","group","rotation",5,19,2700019,2750019,20,24,2,399,0.7175,FALSE
"gaussian_partial_null","gaussian","group","rotation",5,20,2700020,2750020,20,24,2,399,0.7275,FALSE
"gaussian_partial_null","gaussian","group","rotation",5,21,2700021,2750021,20,24,2,399,0.935,FALSE
"gaussian_partial_null","gaussian","group","rotation",5,22,2700022,2750022,20,24,2,399,0.4,FALSE
"gaussian_partial_null","gaussian","group","rotation",5,23,2700023,2750023,20,24,2,399,0.6675,FALSE
"gaussian_partial_null","gaussian","group","rotation",5,24,2700024,2750024,20,24,2,399,0.9725,FALSE
"gaussian_partial_null","gaussian","group","rotation",5,25,2700025,2750025,20,24,2,399,0.3625,FALSE
"gaussian_partial_null","gaussian","group","rotation",5,26,2700026,2750026,20,24,2,399,0.93,FALSE
"gaussian_partial_null","gaussian","group","rotation",5,27,2700027,2750027,20,24,2,399,0.6475,FALSE
"gaussian_partial_null","gaussian","group","rotation",5,28,2700028,2750028,20,24,2,399,0.5925,FALSE
"gaussian_partial_null","gaussian","group","rotation",5,29,2700029,2750029,20,24,2,399,0.325,FALSE
"gaussian_partial_null","gaussian","group","rotation",5,30,2700030,2750030,20,24,2,399,0.1125,FALSE
"gaussian_partial_null","gaussian","group","rotation",5,31,2700031,2750031,20,24,2,399,0.12,FALSE
"gaussian_partial_null","gaussian","group","rotation",5,32,2700032,2750032,20,24,2,399,0.915,FALSE
"gaussian_partial_null","gaussian","group","rotation",5,33,2700033,2750033,20,24,2,399,0.5675,FALSE
"gaussian_partial_null","gaussian","group","rotation",5,34,2700034,2750034,20,24,2,399,0.3475,FALSE
"gaussian_partial_null","gaussian","group","rotation",5,35,2700035,2750035,20,24,2,399,0.8675,FALSE
"gaussian_partial_null","gaussian","group","rotation",5,36,2700036,2750036,20,24,2,399,0.765,FALSE
"gaussian_partial_null","gaussian","group","rotation",5,37,2700037,2750037,20,24,2,399,0.7325,FALSE
"gaussian_partial_null","gaussian","group","rotation",5,38,2700038,2750038,20,24,2,399,0.315,FALSE
"gaussian_partial_null","gaussian","group","rotation",5,39,2700039,2750039,20,24,2,399,0.37,FALSE
"gaussian_partial_null","gaussian","group","rotation",5,40,2700040,2750040,20,24,2,399,0.705,FALSE
"gaussian_partial_null","gaussian","group","rotation",5,41,2700041,2750041,20,24,2,399,0.48,FALSE
"gaussian_partial_null","gaussian","group","rotation",5,42,2700042,2750042,20,24,2,399,0.965,FALSE
"gaussian_partial_null","gaussian","group","rotation",5,43,2700043,2750043,20,24,2,399,0.915,FALSE
"gaussian_partial_null","gaussian","group","rotation",5,44,2700044,2750044,20,24,2,399,0.14,FALSE
"gaussian_partial_null","gaussian","group","rotation",5,45,2700045,2750045,20,24,2,399,0.045,TRUE
"gaussian_partial_null","gaussian","group","rotation",5,46,2700046,2750046,20,24,2,399,0.335,FALSE
"gaussian_partial_null","gaussian","group","rotation",5,47,2700047,2750047,20,24,2,399,0.69,FALSE
"gaussian_partial_null","gaussian","group","rotation",5,48,2700048,2750048,20,24,2,399,0.3575,FALSE
"gaussian_partial_null","gaussian","group","rotation",5,49,2700049,2750049,20,24,2,399,0.555,FALSE
"gaussian_partial_null","gaussian","group","rotation",5,50,2700050,2750050,20,24,2,399,0.5825,FALSE
"gaussian_partial_null","gaussian","group","rotation",5,51,2700051,2750051,20,24,2,399,0.205,FALSE
"gaussian_partial_null","gaussian","group","rotation",5,52,2700052,2750052,20,24,2,399,0.335,FALSE
"gaussian_partial_null","gaussian","group","rotation",5,53,2700053,2750053,20,24,2,399,0.295,FALSE
"gaussian_partial_null","gaussian","group","rotation",5,54,2700054,2750054,20,24,2,399,0.655,FALSE
"gaussian_partial_null","gaussian","group","rotation",5,55,2700055,2750055,20,24,2,399,0.4,FALSE
"gaussian_partial_null","gaussian","group","rotation",5,56,2700056,2750056,20,24,2,399,0.975,FALSE
"gaussian_partial_null","gaussian","group","rotation",5,57,2700057,2750057,20,24,2,399,0.8075,FALSE
"gaussian_partial_null","gaussian","group","rotation",5,58,2700058,2750058,20,24,2,399,0.2525,FALSE
"gaussian_partial_null","gaussian","group","rotation",5,59,2700059,2750059,20,24,2,399,0.3375,FALSE
"gaussian_partial_null","gaussian","group","rotation",5,60,2700060,2750060,20,24,2,399,0.945,FALSE
"gaussian_partial_null","gaussian","group","rotation",5,61,2700061,2750061,20,24,2,399,0.545,FALSE
"gaussian_partial_null","gaussian","group","rotation",5,62,2700062,2750062,20,24,2,399,0.5475,FALSE
"gaussian_partial_null","gaussian","group","rotation",5,63,2700063,2750063,20,24,2,399,0.7125,FALSE
"gaussian_partial_null","gaussian","group","rotation",5,64,2700064,2750064,20,24,2,399,0.27,FALSE
"gaussian_partial_null","gaussian","group","rotation",5,65,2700065,2750065,20,24,2,399,0.4975,FALSE
"gaussian_partial_null","gaussian","group","rotation",5,66,2700066,2750066,20,24,2,399,0.03,TRUE
"gaussian_partial_null","gaussian","group","rotation",5,67,2700067,2750067,20,24,2,399,0.73,FALSE
"gaussian_partial_null","gaussian","group","rotation",5,68,2700068,2750068,20,24,2,399,0.19,FALSE
"gaussian_partial_null","gaussian","group","rotation",5,69,2700069,2750069,20,24,2,399,0.5425,FALSE
"gaussian_partial_null","gaussian","group","rotation",5,70,2700070,2750070,20,24,2,399,0.5325,FALSE
"gaussian_partial_null","gaussian","group","rotation",5,71,2700071,2750071,20,24,2,399,0.1475,FALSE
"gaussian_partial_null","gaussian","group","rotation",5,72,2700072,2750072,20,24,2,399,0.75,FALSE
"gaussian_partial_null","gaussian","group","rotation",5,73,2700073,2750073,20,24,2,399,0.1725,FALSE
"gaussian_partial_null","gaussian","group","rotation",5,74,2700074,2750074,20,24,2,399,0.3925,FALSE
"gaussian_partial_null","gaussian","group","rotation",5,75,2700075,2750075,20,24,2,399,0.805,FALSE
"gaussian_partial_null","gaussian","group","rotation",5,76,2700076,2750076,20,24,2,399,0.9225,FALSE
"gaussian_partial_null","gaussian","group","rotation",5,77,2700077,2750077,20,24,2,399,0.4875,FALSE
"gaussian_partial_null","gaussian","group","rotation",5,78,2700078,2750078,20,24,2,399,0.4075,FALSE
"gaussian_partial_null","gaussian","group","rotation",5,79,2700079,2750079,20,24,2,399,0.7875,FALSE
"gaussian_partial_null","gaussian","group","rotation",5,80,2700080,2750080,20,24,2,399,0.43,FALSE
"gaussian_partial_null","gaussian","group","rotation",5,81,2700081,2750081,20,24,2,399,0.7625,FALSE
"gaussian_partial_null","gaussian","group","rotation",5,82,2700082,2750082,20,24,2,399,0.92,FALSE
"gaussian_partial_null","gaussian","group","rotation",5,83,2700083,2750083,20,24,2,399,0.1,FALSE
"gaussian_partial_null","gaussian","group","rotation",5,84,2700084,2750084,20,24,2,399,0.3075,FALSE
"gaussian_partial_null","gaussian","group","rotation",5,85,2700085,2750085,20,24,2,399,0.085,FALSE
"gaussian_partial_null","gaussian","group","rotation",5,86,2700086,2750086,20,24,2,399,0.9675,FALSE
"gaussian_partial_null","gaussian","group","rotation",5,87,2700087,2750087,20,24,2,399,0.2025,FALSE
"gaussian_partial_null","gaussian","group","rotation",5,88,2700088,2750088,20,24,2,399,0.825,FALSE
"gaussian_partial_null","gaussian","group","rotation",5,89,2700089,2750089,20,24,2,399,0.5175,FALSE
"gaussian_partial_null","gaussian","group","rotation",5,90,2700090,2750090,20,24,2,399,0.575,FALSE
"gaussian_partial_null","gaussian","group","rotation",5,91,2700091,2750091,20,24,2,399,0.0725,FALSE
"gaussian_partial_null","gaussian","group","rotation",5,92,2700092,2750092,20,24,2,399,0.42,FALSE
"gaussian_partial_null","gaussian","group","rotation",5,93,2700093,2750093,20,24,2,399,0.7125,FALSE
"gaussian_partial_null","gaussian","group","rotation",5,94,2700094,2750094,20,24,2,399,0.8225,FALSE
"gaussian_partial_null","gaussian","group","rotation",5,95,2700095,2750095,20,24,2,399,0.99,FALSE
"gaussian_partial_null","gaussian","group","rotation",5,96,2700096,2750096,20,24,2,399,0.63,FALSE
"gaussian_partial_null","gaussian","group","rotation",5,97,2700097,2750097,20,24,2,399,0.505,FALSE
"gaussian_partial_null","gaussian","group","rotation",5,98,2700098,2750098,20,24,2,399,0.3575,FALSE
"gaussian_partial_null","gaussian","group","rotation",5,99,2700099,2750099,20,24,2,399,0.8575,FALSE
"gaussian_partial_null","gaussian","group","rotation",5,100,2700100,2750100,20,24,2,399,0.3,FALSE
"gaussian_partial_null","gaussian","trait","rotation",1,1,2900001,2950001,20,24,2,399,0.595,FALSE
"gaussian_partial_null","gaussian","trait","rotation",1,2,2900002,2950002,20,24,2,399,0.9875,FALSE
"gaussian_partial_null","gaussian","trait","rotation",1,3,2900003,2950003,20,24,2,399,0.7975,FALSE
"gaussian_partial_null","gaussian","trait","rotation",1,4,2900004,2950004,20,24,2,399,0.09,FALSE
"gaussian_partial_null","gaussian","trait","rotation",1,5,2900005,2950005,20,24,2,399,0.705,FALSE
"gaussian_partial_null","gaussian","trait","rotation",1,6,2900006,2950006,20,24,2,399,0.825,FALSE
"gaussian_partial_null","gaussian","trait","rotation",1,7,2900007,2950007,20,24,2,399,0.5825,FALSE
"gaussian_partial_null","gaussian","trait","rotation",1,8,2900008,2950008,20,24,2,399,0.6225,FALSE
"gaussian_partial_null","gaussian","trait","rotation",1,9,2900009,2950009,20,24,2,399,0.89,FALSE
"gaussian_partial_null","gaussian","trait","rotation",1,10,2900010,2950010,20,24,2,399,0.8325,FALSE
"gaussian_partial_null","gaussian","trait","rotation",1,11,2900011,2950011,20,24,2,399,0.5875,FALSE
"gaussian_partial_null","gaussian","trait","rotation",1,12,2900012,2950012,20,24,2,399,0.175,FALSE
"gaussian_partial_null","gaussian","trait","rotation",1,13,2900013,2950013,20,24,2,399,0.47,FALSE
"gaussian_partial_null","gaussian","trait","rotation",1,14,2900014,2950014,20,24,2,399,0.08,FALSE
"gaussian_partial_null","gaussian","trait","rotation",1,15,2900015,2950015,20,24,2,399,0.6025,FALSE
"gaussian_partial_null","gaussian","trait","rotation",1,16,2900016,2950016,20,24,2,399,0.915,FALSE
"gaussian_partial_null","gaussian","trait","rotation",1,17,2900017,2950017,20,24,2,399,0.625,FALSE
"gaussian_partial_null","gaussian","trait","rotation",1,18,2900018,2950018,20,24,2,399,0.8225,FALSE
"gaussian_partial_null","gaussian","trait","rotation",1,19,2900019,2950019,20,24,2,399,0.975,FALSE
"gaussian_partial_null","gaussian","trait","rotation",1,20,2900020,2950020,20,24,2,399,0.25,FALSE
"gaussian_partial_null","gaussian","trait","rotation",1,21,2900021,2950021,20,24,2,399,0.415,FALSE
"gaussian_partial_null","gaussian","trait","rotation",1,22,2900022,2950022,20,24,2,399,0.5725,FALSE
"gaussian_partial_null","gaussian","trait","rotation",1,23,2900023,2950023,20,24,2,399,0.43,FALSE
"gaussian_partial_null","gaussian","trait","rotation",1,24,2900024,2950024,20,24,2,399,0.455,FALSE
"gaussian_partial_null","gaussian","trait","rotation",1,25,2900025,2950025,20,24,2,399,0.8275,FALSE
"gaussian_partial_null","gaussian","trait","rotation",1,26,2900026,2950026,20,24,2,399,0.065,FALSE
"gaussian_partial_null","gaussian","trait","rotation",1,27,2900027,2950027,20,24,2,399,0.685,FALSE
"gaussian_partial_null","gaussian","trait","rotation",1,28,2900028,2950028,20,24,2,399,0.37,FALSE
"gaussian_partial_null","gaussian","trait","rotation",1,29,2900029,2950029,20,24,2,399,0.6,FALSE
"gaussian_partial_null","gaussian","trait","rotation",1,30,2900030,2950030,20,24,2,399,0.03,TRUE
"gaussian_partial_null","gaussian","trait","rotation",1,31,2900031,2950031,20,24,2,399,0.8125,FALSE
"gaussian_partial_null","gaussian","trait","rotation",1,32,2900032,2950032,20,24,2,399,0.22,FALSE
"gaussian_partial_null","gaussian","trait","rotation",1,33,2900033,2950033,20,24,2,399,0.175,FALSE
"gaussian_partial_null","gaussian","trait","rotation",1,34,2900034,2950034,20,24,2,399,0.3275,FALSE
"gaussian_partial_null","gaussian","trait","rotation",1,35,2900035,2950035,20,24,2,399,0.4725,FALSE
"gaussian_partial_null","gaussian","trait","rotation",1,36,2900036,2950036,20,24,2,399,0.925,FALSE
"gaussian_partial_null","gaussian","trait","rotation",1,37,2900037,2950037,20,24,2,399,0.835,FALSE
"gaussian_partial_null","gaussian","trait","rotation",1,38,2900038,2950038,20,24,2,399,0.6975,FALSE
"gaussian_partial_null","gaussian","trait","rotation",1,39,2900039,2950039,20,24,2,399,0.3525,FALSE
"gaussian_partial_null","gaussian","trait","rotation",1,40,2900040,2950040,20,24,2,399,0.8425,FALSE
"gaussian_partial_null","gaussian","trait","rotation",1,41,2900041,2950041,20,24,2,399,0.895,FALSE
"gaussian_partial_null","gaussian","trait","rotation",1,42,2900042,2950042,20,24,2,399,0.3125,FALSE
"gaussian_partial_null","gaussian","trait","rotation",1,43,2900043,2950043,20,24,2,399,0.46,FALSE
"gaussian_partial_null","gaussian","trait","rotation",1,44,2900044,2950044,20,24,2,399,0.2,FALSE
"gaussian_partial_null","gaussian","trait","rotation",1,45,2900045,2950045,20,24,2,399,0.805,FALSE
"gaussian_partial_null","gaussian","trait","rotation",1,46,2900046,2950046,20,24,2,399,0.97,FALSE
"gaussian_partial_null","gaussian","trait","rotation",1,47,2900047,2950047,20,24,2,399,0.8175,FALSE
"gaussian_partial_null","gaussian","trait","rotation",1,48,2900048,2950048,20,24,2,399,0.345,FALSE
"gaussian_partial_null","gaussian","trait","rotation",1,49,2900049,2950049,20,24,2,399,0.9075,FALSE
"gaussian_partial_null","gaussian","trait","rotation",1,50,2900050,2950050,20,24,2,399,0.8675,FALSE
"gaussian_partial_null","gaussian","trait","rotation",1,51,2900051,2950051,20,24,2,399,0.415,FALSE
"gaussian_partial_null","gaussian","trait","rotation",1,52,2900052,2950052,20,24,2,399,0.9075,FALSE
"gaussian_partial_null","gaussian","trait","rotation",1,53,2900053,2950053,20,24,2,399,0.785,FALSE
"gaussian_partial_null","gaussian","trait","rotation",1,54,2900054,2950054,20,24,2,399,0.23,FALSE
"gaussian_partial_null","gaussian","trait","rotation",1,55,2900055,2950055,20,24,2,399,0.56,FALSE
"gaussian_partial_null","gaussian","trait","rotation",1,56,2900056,2950056,20,24,2,399,0.7375,FALSE
"gaussian_partial_null","gaussian","trait","rotation",1,57,2900057,2950057,20,24,2,399,0.94,FALSE
"gaussian_partial_null","gaussian","trait","rotation",1,58,2900058,2950058,20,24,2,399,0.8775,FALSE
"gaussian_partial_null","gaussian","trait","rotation",1,59,2900059,2950059,20,24,2,399,0.0175,TRUE
"gaussian_partial_null","gaussian","trait","rotation",1,60,2900060,2950060,20,24,2,399,0.1275,FALSE
"gaussian_partial_null","gaussian","trait","rotation",1,61,2900061,2950061,20,24,2,399,0.65,FALSE
"gaussian_partial_null","gaussian","trait","rotation",1,62,2900062,2950062,20,24,2,399,0.7825,FALSE
"gaussian_partial_null","gaussian","trait","rotation",1,63,2900063,2950063,20,24,2,399,0.495,FALSE
"gaussian_partial_null","gaussian","trait","rotation",1,64,2900064,2950064,20,24,2,399,0.4425,FALSE
"gaussian_partial_null","gaussian","trait","rotation",1,65,2900065,2950065,20,24,2,399,0.23,FALSE
"gaussian_partial_null","gaussian","trait","rotation",1,66,2900066,2950066,20,24,2,399,0.6275,FALSE
"gaussian_partial_null","gaussian","trait","rotation",1,67,2900067,2950067,20,24,2,399,0.34,FALSE
"gaussian_partial_null","gaussian","trait","rotation",1,68,2900068,2950068,20,24,2,399,0.985,FALSE
"gaussian_partial_null","gaussian","trait","rotation",1,69,2900069,2950069,20,24,2,399,0.1575,FALSE
"gaussian_partial_null","gaussian","trait","rotation",1,70,2900070,2950070,20,24,2,399,0.36,FALSE
"gaussian_partial_null","gaussian","trait","rotation",1,71,2900071,2950071,20,24,2,399,0.0775,FALSE
"gaussian_partial_null","gaussian","trait","rotation",1,72,2900072,2950072,20,24,2,399,0.255,FALSE
"gaussian_partial_null","gaussian","trait","rotation",1,73,2900073,2950073,20,24,2,399,0.4,FALSE
"gaussian_partial_null","gaussian","trait","rotation",1,74,2900074,2950074,20,24,2,399,0.62,FALSE
"gaussian_partial_null","gaussian","trait","rotation",1,75,2900075,2950075,20,24,2,399,0.525,FALSE
"gaussian_partial_null","gaussian","trait","rotation",1,76,2900076,2950076,20,24,2,399,0.455,FALSE
"gaussian_partial_null","gaussian","trait","rotation",1,77,2900077,2950077,20,24,2,399,0.655,FALSE
"gaussian_partial_null","gaussian","trait","rotation",1,78,2900078,2950078,20,24,2,399,0.91,FALSE
"gaussian_partial_null","gaussian","trait","rotation",1,79,2900079,2950079,20,24,2,399,0.3525,FALSE
"gaussian_partial_null","gaussian","trait","rotation",1,80,2900080,2950080,20,24,2,399,0.1925,FALSE
"gaussian_partial_null","gaussian","trait","rotation",1,81,2900081,2950081,20,24,2,399,0.6275,FALSE
"gaussian_partial_null","gaussian","trait","rotation",1,82,2900082,2950082,20,24,2,399,0.975,FALSE
"gaussian_partial_null","gaussian","trait","rotation",1,83,2900083,2950083,20,24,2,399,0.52,FALSE
"gaussian_partial_null","gaussian","trait","rotation",1,84,2900084,2950084,20,24,2,399,0.2125,FALSE
"gaussian_partial_null","gaussian","trait","rotation",1,85,2900085,2950085,20,24,2,399,0.94,FALSE
"gaussian_partial_null","gaussian","trait","rotation",1,86,2900086,2950086,20,24,2,399,0.9925,FALSE
"gaussian_partial_null","gaussian","trait","rotation",1,87,2900087,2950087,20,24,2,399,0.8625,FALSE
"gaussian_partial_null","gaussian","trait","rotation",1,88,2900088,2950088,20,24,2,399,0.68,FALSE
"gaussian_partial_null","gaussian","trait","rotation",1,89,2900089,2950089,20,24,2,399,0.5275,FALSE
"gaussian_partial_null","gaussian","trait","rotation",1,90,2900090,2950090,20,24,2,399,0.9575,FALSE
"gaussian_partial_null","gaussian","trait","rotation",1,91,2900091,2950091,20,24,2,399,0.735,FALSE
"gaussian_partial_null","gaussian","trait","rotation",1,92,2900092,2950092,20,24,2,399,0.3575,FALSE
"gaussian_partial_null","gaussian","trait","rotation",1,93,2900093,2950093,20,24,2,399,0.7425,FALSE
"gaussian_partial_null","gaussian","trait","rotation",1,94,2900094,2950094,20,24,2,399,0.57,FALSE
"gaussian_partial_null","gaussian","trait","rotation",1,95,2900095,2950095,20,24,2,399,0.2025,FALSE
"gaussian_partial_null","gaussian","trait","rotation",1,96,2900096,2950096,20,24,2,399,0.9925,FALSE
"gaussian_partial_null","gaussian","trait","rotation",1,97,2900097,2950097,20,24,2,399,0.0475,TRUE
"gaussian_partial_null","gaussian","trait","rotation",1,98,2900098,2950098,20,24,2,399,0.6225,FALSE
"gaussian_partial_null","gaussian","trait","rotation",1,99,2900099,2950099,20,24,2,399,0.5875,FALSE
"gaussian_partial_null","gaussian","trait","rotation",1,100,2900100,2950100,20,24,2,399,0.8325,FALSE
"gaussian_partial_null","gaussian","trait","rotation",2,1,3000001,3050001,20,24,2,399,0.1025,FALSE
"gaussian_partial_null","gaussian","trait","rotation",2,2,3000002,3050002,20,24,2,399,0.02,TRUE
"gaussian_partial_null","gaussian","trait","rotation",2,3,3000003,3050003,20,24,2,399,0.0275,TRUE
"gaussian_partial_null","gaussian","trait","rotation",2,4,3000004,3050004,20,24,2,399,0.125,FALSE
"gaussian_partial_null","gaussian","trait","rotation",2,5,3000005,3050005,20,24,2,399,0.3125,FALSE
"gaussian_partial_null","gaussian","trait","rotation",2,6,3000006,3050006,20,24,2,399,0.45,FALSE
"gaussian_partial_null","gaussian","trait","rotation",2,7,3000007,3050007,20,24,2,399,0.255,FALSE
"gaussian_partial_null","gaussian","trait","rotation",2,8,3000008,3050008,20,24,2,399,0.715,FALSE
"gaussian_partial_null","gaussian","trait","rotation",2,9,3000009,3050009,20,24,2,399,0.115,FALSE
"gaussian_partial_null","gaussian","trait","rotation",2,10,3000010,3050010,20,24,2,399,0.3775,FALSE
"gaussian_partial_null","gaussian","trait","rotation",2,11,3000011,3050011,20,24,2,399,0.625,FALSE
"gaussian_partial_null","gaussian","trait","rotation",2,12,3000012,3050012,20,24,2,399,0.26,FALSE
"gaussian_partial_null","gaussian","trait","rotation",2,13,3000013,3050013,20,24,2,399,0.825,FALSE
"gaussian_partial_null","gaussian","trait","rotation",2,14,3000014,3050014,20,24,2,399,0.755,FALSE
"gaussian_partial_null","gaussian","trait","rotation",2,15,3000015,3050015,20,24,2,399,0.03,TRUE
"gaussian_partial_null","gaussian","trait","rotation",2,16,3000016,3050016,20,24,2,399,0.055,FALSE
"gaussian_partial_null","gaussian","trait","rotation",2,17,3000017,3050017,20,24,2,399,0.485,FALSE
"gaussian_partial_null","gaussian","trait","rotation",2,18,3000018,3050018,20,24,2,399,0.405,FALSE
"gaussian_partial_null","gaussian","trait","rotation",2,19,3000019,3050019,20,24,2,399,0.87,FALSE
"gaussian_partial_null","gaussian","trait","rotation",2,20,3000020,3050020,20,24,2,399,0.54,FALSE
"gaussian_partial_null","gaussian","trait","rotation",2,21,3000021,3050021,20,24,2,399,0.2125,FALSE
"gaussian_partial_null","gaussian","trait","rotation",2,22,3000022,3050022,20,24,2,399,0.7575,FALSE
"gaussian_partial_null","gaussian","trait","rotation",2,23,3000023,3050023,20,24,2,399,0.4,FALSE
"gaussian_partial_null","gaussian","trait","rotation",2,24,3000024,3050024,20,24,2,399,0.6625,FALSE
"gaussian_partial_null","gaussian","trait","rotation",2,25,3000025,3050025,20,24,2,399,0.3675,FALSE
"gaussian_partial_null","gaussian","trait","rotation",2,26,3000026,3050026,20,24,2,399,0.4,FALSE
"gaussian_partial_null","gaussian","trait","rotation",2,27,3000027,3050027,20,24,2,399,0.53,FALSE
"gaussian_partial_null","gaussian","trait","rotation",2,28,3000028,3050028,20,24,2,399,0.0725,FALSE
"gaussian_partial_null","gaussian","trait","rotation",2,29,3000029,3050029,20,24,2,399,0.94,FALSE
"gaussian_partial_null","gaussian","trait","rotation",2,30,3000030,3050030,20,24,2,399,0.205,FALSE
"gaussian_partial_null","gaussian","trait","rotation",2,31,3000031,3050031,20,24,2,399,0.4725,FALSE
"gaussian_partial_null","gaussian","trait","rotation",2,32,3000032,3050032,20,24,2,399,0.74,FALSE
"gaussian_partial_null","gaussian","trait","rotation",2,33,3000033,3050033,20,24,2,399,0.8175,FALSE
"gaussian_partial_null","gaussian","trait","rotation",2,34,3000034,3050034,20,24,2,399,0.8875,FALSE
"gaussian_partial_null","gaussian","trait","rotation",2,35,3000035,3050035,20,24,2,399,0.505,FALSE
"gaussian_partial_null","gaussian","trait","rotation",2,36,3000036,3050036,20,24,2,399,0.1925,FALSE
"gaussian_partial_null","gaussian","trait","rotation",2,37,3000037,3050037,20,24,2,399,0.525,FALSE
"gaussian_partial_null","gaussian","trait","rotation",2,38,3000038,3050038,20,24,2,399,0.9775,FALSE
"gaussian_partial_null","gaussian","trait","rotation",2,39,3000039,3050039,20,24,2,399,0.975,FALSE
"gaussian_partial_null","gaussian","trait","rotation",2,40,3000040,3050040,20,24,2,399,0.41,FALSE
"gaussian_partial_null","gaussian","trait","rotation",2,41,3000041,3050041,20,24,2,399,0.725,FALSE
"gaussian_partial_null","gaussian","trait","rotation",2,42,3000042,3050042,20,24,2,399,0.8475,FALSE
"gaussian_partial_null","gaussian","trait","rotation",2,43,3000043,3050043,20,24,2,399,0.84,FALSE
"gaussian_partial_null","gaussian","trait","rotation",2,44,3000044,3050044,20,24,2,399,0.175,FALSE
"gaussian_partial_null","gaussian","trait","rotation",2,45,3000045,3050045,20,24,2,399,0.1875,FALSE
"gaussian_partial_null","gaussian","trait","rotation",2,46,3000046,3050046,20,24,2,399,0.905,FALSE
"gaussian_partial_null","gaussian","trait","rotation",2,47,3000047,3050047,20,24,2,399,0.51,FALSE
"gaussian_partial_null","gaussian","trait","rotation",2,48,3000048,3050048,20,24,2,399,0.1375,FALSE
"gaussian_partial_null","gaussian","trait","rotation",2,49,3000049,3050049,20,24,2,399,0.955,FALSE
"gaussian_partial_null","gaussian","trait","rotation",2,50,3000050,3050050,20,24,2,399,0.635,FALSE
"gaussian_partial_null","gaussian","trait","rotation",2,51,3000051,3050051,20,24,2,399,0.325,FALSE
"gaussian_partial_null","gaussian","trait","rotation",2,52,3000052,3050052,20,24,2,399,0.3875,FALSE
"gaussian_partial_null","gaussian","trait","rotation",2,53,3000053,3050053,20,24,2,399,0.995,FALSE
"gaussian_partial_null","gaussian","trait","rotation",2,54,3000054,3050054,20,24,2,399,0.32,FALSE
"gaussian_partial_null","gaussian","trait","rotation",2,55,3000055,3050055,20,24,2,399,0.975,FALSE
"gaussian_partial_null","gaussian","trait","rotation",2,56,3000056,3050056,20,24,2,399,0.6975,FALSE
"gaussian_partial_null","gaussian","trait","rotation",2,57,3000057,3050057,20,24,2,399,0.92,FALSE
"gaussian_partial_null","gaussian","trait","rotation",2,58,3000058,3050058,20,24,2,399,0.1075,FALSE
"gaussian_partial_null","gaussian","trait","rotation",2,59,3000059,3050059,20,24,2,399,0.8975,FALSE
"gaussian_partial_null","gaussian","trait","rotation",2,60,3000060,3050060,20,24,2,399,0.235,FALSE
"gaussian_partial_null","gaussian","trait","rotation",2,61,3000061,3050061,20,24,2,399,0.4725,FALSE
"gaussian_partial_null","gaussian","trait","rotation",2,62,3000062,3050062,20,24,2,399,0.5425,FALSE
"gaussian_partial_null","gaussian","trait","rotation",2,63,3000063,3050063,20,24,2,399,0.015,TRUE
"gaussian_partial_null","gaussian","trait","rotation",2,64,3000064,3050064,20,24,2,399,0.85,FALSE
"gaussian_partial_null","gaussian","trait","rotation",2,65,3000065,3050065,20,24,2,399,0.6075,FALSE
"gaussian_partial_null","gaussian","trait","rotation",2,66,3000066,3050066,20,24,2,399,0.1825,FALSE
"gaussian_partial_null","gaussian","trait","rotation",2,67,3000067,3050067,20,24,2,399,0.3875,FALSE
"gaussian_partial_null","gaussian","trait","rotation",2,68,3000068,3050068,20,24,2,399,0.1025,FALSE
"gaussian_partial_null","gaussian","trait","rotation",2,69,3000069,3050069,20,24,2,399,0.7475,FALSE
"gaussian_partial_null","gaussian","trait","rotation",2,70,3000070,3050070,20,24,2,399,0.7,FALSE
"gaussian_partial_null","gaussian","trait","rotation",2,71,3000071,3050071,20,24,2,399,0.6875,FALSE
"gaussian_partial_null","gaussian","trait","rotation",2,72,3000072,3050072,20,24,2,399,0.995,FALSE
"gaussian_partial_null","gaussian","trait","rotation",2,73,3000073,3050073,20,24,2,399,0.485,FALSE
"gaussian_partial_null","gaussian","trait","rotation",2,74,3000074,3050074,20,24,2,399,0.1375,FALSE
"gaussian_partial_null","gaussian","trait","rotation",2,75,3000075,3050075,20,24,2,399,0.455,FALSE
"gaussian_partial_null","gaussian","trait","rotation",2,76,3000076,3050076,20,24,2,399,0.64,FALSE
"gaussian_partial_null","gaussian","trait","rotation",2,77,3000077,3050077,20,24,2,399,0.6475,FALSE
"gaussian_partial_null","gaussian","trait","rotation",2,78,3000078,3050078,20,24,2,399,0.7,FALSE
"gaussian_partial_null","gaussian","trait","rotation",2,79,3000079,3050079,20,24,2,399,0.875,FALSE
"gaussian_partial_null","gaussian","trait","rotation",2,80,3000080,3050080,20,24,2,399,0.1675,FALSE
"gaussian_partial_null","gaussian","trait","rotation",2,81,3000081,3050081,20,24,2,399,0.6825,FALSE
"gaussian_partial_null","gaussian","trait","rotation",2,82,3000082,3050082,20,24,2,399,0.4125,FALSE
"gaussian_partial_null","gaussian","trait","rotation",2,83,3000083,3050083,20,24,2,399,0.815,FALSE
"gaussian_partial_null","gaussian","trait","rotation",2,84,3000084,3050084,20,24,2,399,0.8875,FALSE
"gaussian_partial_null","gaussian","trait","rotation",2,85,3000085,3050085,20,24,2,399,0.3675,FALSE
"gaussian_partial_null","gaussian","trait","rotation",2,86,3000086,3050086,20,24,2,399,0.6475,FALSE
"gaussian_partial_null","gaussian","trait","rotation",2,87,3000087,3050087,20,24,2,399,0.7475,FALSE
"gaussian_partial_null","gaussian","trait","rotation",2,88,3000088,3050088,20,24,2,399,0.8175,FALSE
"gaussian_partial_null","gaussian","trait","rotation",2,89,3000089,3050089,20,24,2,399,0.4125,FALSE
"gaussian_partial_null","gaussian","trait","rotation",2,90,3000090,3050090,20,24,2,399,0.6525,FALSE
"gaussian_partial_null","gaussian","trait","rotation",2,91,3000091,3050091,20,24,2,399,0.39,FALSE
"gaussian_partial_null","gaussian","trait","rotation",2,92,3000092,3050092,20,24,2,399,0.2675,FALSE
"gaussian_partial_null","gaussian","trait","rotation",2,93,3000093,3050093,20,24,2,399,0.3675,FALSE
"gaussian_partial_null","gaussian","trait","rotation",2,94,3000094,3050094,20,24,2,399,0.76,FALSE
"gaussian_partial_null","gaussian","trait","rotation",2,95,3000095,3050095,20,24,2,399,0.2725,FALSE
"gaussian_partial_null","gaussian","trait","rotation",2,96,3000096,3050096,20,24,2,399,0.7975,FALSE
"gaussian_partial_null","gaussian","trait","rotation",2,97,3000097,3050097,20,24,2,399,0.83,FALSE
"gaussian_partial_null","gaussian","trait","rotation",2,98,3000098,3050098,20,24,2,399,0.515,FALSE
"gaussian_partial_null","gaussian","trait","rotation",2,99,3000099,3050099,20,24,2,399,0.665,FALSE
"gaussian_partial_null","gaussian","trait","rotation",2,100,3000100,3050100,20,24,2,399,0.745,FALSE
"gaussian_partial_null","gaussian","trait","rotation",3,1,3100001,3150001,20,24,2,399,0.5725,FALSE
"gaussian_partial_null","gaussian","trait","rotation",3,2,3100002,3150002,20,24,2,399,0.2275,FALSE
"gaussian_partial_null","gaussian","trait","rotation",3,3,3100003,3150003,20,24,2,399,0.5075,FALSE
"gaussian_partial_null","gaussian","trait","rotation",3,4,3100004,3150004,20,24,2,399,0.3675,FALSE
"gaussian_partial_null","gaussian","trait","rotation",3,5,3100005,3150005,20,24,2,399,0.73,FALSE
"gaussian_partial_null","gaussian","trait","rotation",3,6,3100006,3150006,20,24,2,399,0.4925,FALSE
"gaussian_partial_null","gaussian","trait","rotation",3,7,3100007,3150007,20,24,2,399,0.0025,TRUE
"gaussian_partial_null","gaussian","trait","rotation",3,8,3100008,3150008,20,24,2,399,0.39,FALSE
"gaussian_partial_null","gaussian","trait","rotation",3,9,3100009,3150009,20,24,2,399,0.69,FALSE
"gaussian_partial_null","gaussian","trait","rotation",3,10,3100010,3150010,20,24,2,399,0.3375,FALSE
"gaussian_partial_null","gaussian","trait","rotation",3,11,3100011,3150011,20,24,2,399,0.14,FALSE
"gaussian_partial_null","gaussian","trait","rotation",3,12,3100012,3150012,20,24,2,399,0.075,FALSE
"gaussian_partial_null","gaussian","trait","rotation",3,13,3100013,3150013,20,24,2,399,0.4225,FALSE
"gaussian_partial_null","gaussian","trait","rotation",3,14,3100014,3150014,20,24,2,399,0.84,FALSE
"gaussian_partial_null","gaussian","trait","rotation",3,15,3100015,3150015,20,24,2,399,0.3,FALSE
"gaussian_partial_null","gaussian","trait","rotation",3,16,3100016,3150016,20,24,2,399,0.945,FALSE
"gaussian_partial_null","gaussian","trait","rotation",3,17,3100017,3150017,20,24,2,399,0.5575,FALSE
"gaussian_partial_null","gaussian","trait","rotation",3,18,3100018,3150018,20,24,2,399,0.8025,FALSE
"gaussian_partial_null","gaussian","trait","rotation",3,19,3100019,3150019,20,24,2,399,0.1525,FALSE
"gaussian_partial_null","gaussian","trait","rotation",3,20,3100020,3150020,20,24,2,399,0.9,FALSE
"gaussian_partial_null","gaussian","trait","rotation",3,21,3100021,3150021,20,24,2,399,0.08,FALSE
"gaussian_partial_null","gaussian","trait","rotation",3,22,3100022,3150022,20,24,2,399,0.9425,FALSE
"gaussian_partial_null","gaussian","trait","rotation",3,23,3100023,3150023,20,24,2,399,0.4125,FALSE
"gaussian_partial_null","gaussian","trait","rotation",3,24,3100024,3150024,20,24,2,399,0.6,FALSE
"gaussian_partial_null","gaussian","trait","rotation",3,25,3100025,3150025,20,24,2,399,0.8425,FALSE
"gaussian_partial_null","gaussian","trait","rotation",3,26,3100026,3150026,20,24,2,399,0.145,FALSE
"gaussian_partial_null","gaussian","trait","rotation",3,27,3100027,3150027,20,24,2,399,0.2575,FALSE
"gaussian_partial_null","gaussian","trait","rotation",3,28,3100028,3150028,20,24,2,399,0.3675,FALSE
"gaussian_partial_null","gaussian","trait","rotation",3,29,3100029,3150029,20,24,2,399,0.2225,FALSE
"gaussian_partial_null","gaussian","trait","rotation",3,30,3100030,3150030,20,24,2,399,0.0125,TRUE
"gaussian_partial_null","gaussian","trait","rotation",3,31,3100031,3150031,20,24,2,399,0.77,FALSE
"gaussian_partial_null","gaussian","trait","rotation",3,32,3100032,3150032,20,24,2,399,0.985,FALSE
"gaussian_partial_null","gaussian","trait","rotation",3,33,3100033,3150033,20,24,2,399,0.43,FALSE
"gaussian_partial_null","gaussian","trait","rotation",3,34,3100034,3150034,20,24,2,399,0.4975,FALSE
"gaussian_partial_null","gaussian","trait","rotation",3,35,3100035,3150035,20,24,2,399,0.6225,FALSE
"gaussian_partial_null","gaussian","trait","rotation",3,36,3100036,3150036,20,24,2,399,0.4675,FALSE
"gaussian_partial_null","gaussian","trait","rotation",3,37,3100037,3150037,20,24,2,399,0.46,FALSE
"gaussian_partial_null","gaussian","trait","rotation",3,38,3100038,3150038,20,24,2,399,0.2475,FALSE
"gaussian_partial_null","gaussian","trait","rotation",3,39,3100039,3150039,20,24,2,399,0.1025,FALSE
"gaussian_partial_null","gaussian","trait","rotation",3,40,3100040,3150040,20,24,2,399,0.58,FALSE
"gaussian_partial_null","gaussian","trait","rotation",3,41,3100041,3150041,20,24,2,399,0.2675,FALSE
"gaussian_partial_null","gaussian","trait","rotation",3,42,3100042,3150042,20,24,2,399,0.865,FALSE
"gaussian_partial_null","gaussian","trait","rotation",3,43,3100043,3150043,20,24,2,399,0.3,FALSE
"gaussian_partial_null","gaussian","trait","rotation",3,44,3100044,3150044,20,24,2,399,0.765,FALSE
"gaussian_partial_null","gaussian","trait","rotation",3,45,3100045,3150045,20,24,2,399,0.5175,FALSE
"gaussian_partial_null","gaussian","trait","rotation",3,46,3100046,3150046,20,24,2,399,0.7075,FALSE
"gaussian_partial_null","gaussian","trait","rotation",3,47,3100047,3150047,20,24,2,399,0.635,FALSE
"gaussian_partial_null","gaussian","trait","rotation",3,48,3100048,3150048,20,24,2,399,0.27,FALSE
"gaussian_partial_null","gaussian","trait","rotation",3,49,3100049,3150049,20,24,2,399,0.1925,FALSE
"gaussian_partial_null","gaussian","trait","rotation",3,50,3100050,3150050,20,24,2,399,0.7475,FALSE
"gaussian_partial_null","gaussian","trait","rotation",3,51,3100051,3150051,20,24,2,399,0.84,FALSE
"gaussian_partial_null","gaussian","trait","rotation",3,52,3100052,3150052,20,24,2,399,0.82,FALSE
"gaussian_partial_null","gaussian","trait","rotation",3,53,3100053,3150053,20,24,2,399,0.36,FALSE
"gaussian_partial_null","gaussian","trait","rotation",3,54,3100054,3150054,20,24,2,399,0.43,FALSE
"gaussian_partial_null","gaussian","trait","rotation",3,55,3100055,3150055,20,24,2,399,0.0625,FALSE
"gaussian_partial_null","gaussian","trait","rotation",3,56,3100056,3150056,20,24,2,399,0.11,FALSE
"gaussian_partial_null","gaussian","trait","rotation",3,57,3100057,3150057,20,24,2,399,0.7175,FALSE
"gaussian_partial_null","gaussian","trait","rotation",3,58,3100058,3150058,20,24,2,399,0.57,FALSE
"gaussian_partial_null","gaussian","trait","rotation",3,59,3100059,3150059,20,24,2,399,0.77,FALSE
"gaussian_partial_null","gaussian","trait","rotation",3,60,3100060,3150060,20,24,2,399,0.985,FALSE
"gaussian_partial_null","gaussian","trait","rotation",3,61,3100061,3150061,20,24,2,399,0.025,TRUE
"gaussian_partial_null","gaussian","trait","rotation",3,62,3100062,3150062,20,24,2,399,0.8775,FALSE
"gaussian_partial_null","gaussian","trait","rotation",3,63,3100063,3150063,20,24,2,399,0.7725,FALSE
"gaussian_partial_null","gaussian","trait","rotation",3,64,3100064,3150064,20,24,2,399,0.14,FALSE
"gaussian_partial_null","gaussian","trait","rotation",3,65,3100065,3150065,20,24,2,399,0.245,FALSE
"gaussian_partial_null","gaussian","trait","rotation",3,66,3100066,3150066,20,24,2,399,0.165,FALSE
"gaussian_partial_null","gaussian","trait","rotation",3,67,3100067,3150067,20,24,2,399,0.335,FALSE
"gaussian_partial_null","gaussian","trait","rotation",3,68,3100068,3150068,20,24,2,399,0.4625,FALSE
"gaussian_partial_null","gaussian","trait","rotation",3,69,3100069,3150069,20,24,2,399,0.845,FALSE
"gaussian_partial_null","gaussian","trait","rotation",3,70,3100070,3150070,20,24,2,399,0.6425,FALSE
"gaussian_partial_null","gaussian","trait","rotation",3,71,3100071,3150071,20,24,2,399,0.815,FALSE
"gaussian_partial_null","gaussian","trait","rotation",3,72,3100072,3150072,20,24,2,399,0.95,FALSE
"gaussian_partial_null","gaussian","trait","rotation",3,73,3100073,3150073,20,24,2,399,0.4125,FALSE
"gaussian_partial_null","gaussian","trait","rotation",3,74,3100074,3150074,20,24,2,399,0.2525,FALSE
"gaussian_partial_null","gaussian","trait","rotation",3,75,3100075,3150075,20,24,2,399,0.5225,FALSE
"gaussian_partial_null","gaussian","trait","rotation",3,76,3100076,3150076,20,24,2,399,0.96,FALSE
"gaussian_partial_null","gaussian","trait","rotation",3,77,3100077,3150077,20,24,2,399,0.92,FALSE
"gaussian_partial_null","gaussian","trait","rotation",3,78,3100078,3150078,20,24,2,399,0.9625,FALSE
"gaussian_partial_null","gaussian","trait","rotation",3,79,3100079,3150079,20,24,2,399,0.4475,FALSE
"gaussian_partial_null","gaussian","trait","rotation",3,80,3100080,3150080,20,24,2,399,0.52,FALSE
"gaussian_partial_null","gaussian","trait","rotation",3,81,3100081,3150081,20,24,2,399,0.045,TRUE
"gaussian_partial_null","gaussian","trait","rotation",3,82,3100082,3150082,20,24,2,399,0.16,FALSE
"gaussian_partial_null","gaussian","trait","rotation",3,83,3100083,3150083,20,24,2,399,0.8775,FALSE
"gaussian_partial_null","gaussian","trait","rotation",3,84,3100084,3150084,20,24,2,399,0.94,FALSE
"gaussian_partial_null","gaussian","trait","rotation",3,85,3100085,3150085,20,24,2,399,0.85,FALSE
"gaussian_partial_null","gaussian","trait","rotation",3,86,3100086,3150086,20,24,2,399,0.0525,FALSE
"gaussian_partial_null","gaussian","trait","rotation",3,87,3100087,3150087,20,24,2,399,0.995,FALSE
"gaussian_partial_null","gaussian","trait","rotation",3,88,3100088,3150088,20,24,2,399,0.21,FALSE
"gaussian_partial_null","gaussian","trait","rotation",3,89,3100089,3150089,20,24,2,399,0.6975,FALSE
"gaussian_partial_null","gaussian","trait","rotation",3,90,3100090,3150090,20,24,2,399,0.985,FALSE
"gaussian_partial_null","gaussian","trait","rotation",3,91,3100091,3150091,20,24,2,399,0.69,FALSE
"gaussian_partial_null","gaussian","trait","rotation",3,92,3100092,3150092,20,24,2,399,0.1475,FALSE
"gaussian_partial_null","gaussian","trait","rotation",3,93,3100093,3150093,20,24,2,399,0.67,FALSE
"gaussian_partial_null","gaussian","trait","rotation",3,94,3100094,3150094,20,24,2,399,0.68,FALSE
"gaussian_partial_null","gaussian","trait","rotation",3,95,3100095,3150095,20,24,2,399,0.785,FALSE
"gaussian_partial_null","gaussian","trait","rotation",3,96,3100096,3150096,20,24,2,399,0.61,FALSE
"gaussian_partial_null","gaussian","trait","rotation",3,97,3100097,3150097,20,24,2,399,0.1725,FALSE
"gaussian_partial_null","gaussian","trait","rotation",3,98,3100098,3150098,20,24,2,399,0.3725,FALSE
"gaussian_partial_null","gaussian","trait","rotation",3,99,3100099,3150099,20,24,2,399,0.63,FALSE
"gaussian_partial_null","gaussian","trait","rotation",3,100,3100100,3150100,20,24,2,399,0.0225,TRUE
"gaussian_partial_null","gaussian","trait","rotation",4,1,3200001,3250001,20,24,2,399,0.765,FALSE
"gaussian_partial_null","gaussian","trait","rotation",4,2,3200002,3250002,20,24,2,399,0.1475,FALSE
"gaussian_partial_null","gaussian","trait","rotation",4,3,3200003,3250003,20,24,2,399,0.725,FALSE
"gaussian_partial_null","gaussian","trait","rotation",4,4,3200004,3250004,20,24,2,399,0.94,FALSE
"gaussian_partial_null","gaussian","trait","rotation",4,5,3200005,3250005,20,24,2,399,0.94,FALSE
"gaussian_partial_null","gaussian","trait","rotation",4,6,3200006,3250006,20,24,2,399,0.0825,FALSE
"gaussian_partial_null","gaussian","trait","rotation",4,7,3200007,3250007,20,24,2,399,0.68,FALSE
"gaussian_partial_null","gaussian","trait","rotation",4,8,3200008,3250008,20,24,2,399,0.685,FALSE
"gaussian_partial_null","gaussian","trait","rotation",4,9,3200009,3250009,20,24,2,399,0.0375,TRUE
"gaussian_partial_null","gaussian","trait","rotation",4,10,3200010,3250010,20,24,2,399,0.915,FALSE
"gaussian_partial_null","gaussian","trait","rotation",4,11,3200011,3250011,20,24,2,399,0.3325,FALSE
"gaussian_partial_null","gaussian","trait","rotation",4,12,3200012,3250012,20,24,2,399,0.31,FALSE
"gaussian_partial_null","gaussian","trait","rotation",4,13,3200013,3250013,20,24,2,399,0.565,FALSE
"gaussian_partial_null","gaussian","trait","rotation",4,14,3200014,3250014,20,24,2,399,0.5425,FALSE
"gaussian_partial_null","gaussian","trait","rotation",4,15,3200015,3250015,20,24,2,399,0.43,FALSE
"gaussian_partial_null","gaussian","trait","rotation",4,16,3200016,3250016,20,24,2,399,0.89,FALSE
"gaussian_partial_null","gaussian","trait","rotation",4,17,3200017,3250017,20,24,2,399,0.905,FALSE
"gaussian_partial_null","gaussian","trait","rotation",4,18,3200018,3250018,20,24,2,399,0.46,FALSE
"gaussian_partial_null","gaussian","trait","rotation",4,19,3200019,3250019,20,24,2,399,0.62,FALSE
"gaussian_partial_null","gaussian","trait","rotation",4,20,3200020,3250020,20,24,2,399,0.505,FALSE
"gaussian_partial_null","gaussian","trait","rotation",4,21,3200021,3250021,20,24,2,399,0.3275,FALSE
"gaussian_partial_null","gaussian","trait","rotation",4,22,3200022,3250022,20,24,2,399,0.84,FALSE
"gaussian_partial_null","gaussian","trait","rotation",4,23,3200023,3250023,20,24,2,399,0.9175,FALSE
"gaussian_partial_null","gaussian","trait","rotation",4,24,3200024,3250024,20,24,2,399,0.19,FALSE
"gaussian_partial_null","gaussian","trait","rotation",4,25,3200025,3250025,20,24,2,399,0.785,FALSE
"gaussian_partial_null","gaussian","trait","rotation",4,26,3200026,3250026,20,24,2,399,0.7125,FALSE
"gaussian_partial_null","gaussian","trait","rotation",4,27,3200027,3250027,20,24,2,399,0.905,FALSE
"gaussian_partial_null","gaussian","trait","rotation",4,28,3200028,3250028,20,24,2,399,0.825,FALSE
"gaussian_partial_null","gaussian","trait","rotation",4,29,3200029,3250029,20,24,2,399,0.09,FALSE
"gaussian_partial_null","gaussian","trait","rotation",4,30,3200030,3250030,20,24,2,399,0.4625,FALSE
"gaussian_partial_null","gaussian","trait","rotation",4,31,3200031,3250031,20,24,2,399,0.5575,FALSE
"gaussian_partial_null","gaussian","trait","rotation",4,32,3200032,3250032,20,24,2,399,0.6775,FALSE
"gaussian_partial_null","gaussian","trait","rotation",4,33,3200033,3250033,20,24,2,399,0.4975,FALSE
"gaussian_partial_null","gaussian","trait","rotation",4,34,3200034,3250034,20,24,2,399,0.235,FALSE
"gaussian_partial_null","gaussian","trait","rotation",4,35,3200035,3250035,20,24,2,399,0.22,FALSE
"gaussian_partial_null","gaussian","trait","rotation",4,36,3200036,3250036,20,24,2,399,0.98,FALSE
"gaussian_partial_null","gaussian","trait","rotation",4,37,3200037,3250037,20,24,2,399,0.49,FALSE
"gaussian_partial_null","gaussian","trait","rotation",4,38,3200038,3250038,20,24,2,399,0.16,FALSE
"gaussian_partial_null","gaussian","trait","rotation",4,39,3200039,3250039,20,24,2,399,0.8475,FALSE
"gaussian_partial_null","gaussian","trait","rotation",4,40,3200040,3250040,20,24,2,399,0.5125,FALSE
"gaussian_partial_null","gaussian","trait","rotation",4,41,3200041,3250041,20,24,2,399,0.1275,FALSE
"gaussian_partial_null","gaussian","trait","rotation",4,42,3200042,3250042,20,24,2,399,0.165,FALSE
"gaussian_partial_null","gaussian","trait","rotation",4,43,3200043,3250043,20,24,2,399,0.775,FALSE
"gaussian_partial_null","gaussian","trait","rotation",4,44,3200044,3250044,20,24,2,399,0.3075,FALSE
"gaussian_partial_null","gaussian","trait","rotation",4,45,3200045,3250045,20,24,2,399,0.57,FALSE
"gaussian_partial_null","gaussian","trait","rotation",4,46,3200046,3250046,20,24,2,399,0.61,FALSE
"gaussian_partial_null","gaussian","trait","rotation",4,47,3200047,3250047,20,24,2,399,0.085,FALSE
"gaussian_partial_null","gaussian","trait","rotation",4,48,3200048,3250048,20,24,2,399,0.36,FALSE
"gaussian_partial_null","gaussian","trait","rotation",4,49,3200049,3250049,20,24,2,399,0.365,FALSE
"gaussian_partial_null","gaussian","trait","rotation",4,50,3200050,3250050,20,24,2,399,0.5725,FALSE
"gaussian_partial_null","gaussian","trait","rotation",4,51,3200051,3250051,20,24,2,399,0.2475,FALSE
"gaussian_partial_null","gaussian","trait","rotation",4,52,3200052,3250052,20,24,2,399,0.2425,FALSE
"gaussian_partial_null","gaussian","trait","rotation",4,53,3200053,3250053,20,24,2,399,0.1175,FALSE
"gaussian_partial_null","gaussian","trait","rotation",4,54,3200054,3250054,20,24,2,399,0.8225,FALSE
"gaussian_partial_null","gaussian","trait","rotation",4,55,3200055,3250055,20,24,2,399,0.4375,FALSE
"gaussian_partial_null","gaussian","trait","rotation",4,56,3200056,3250056,20,24,2,399,0.045,TRUE
"gaussian_partial_null","gaussian","trait","rotation",4,57,3200057,3250057,20,24,2,399,0.1325,FALSE
"gaussian_partial_null","gaussian","trait","rotation",4,58,3200058,3250058,20,24,2,399,0.8175,FALSE
"gaussian_partial_null","gaussian","trait","rotation",4,59,3200059,3250059,20,24,2,399,0.255,FALSE
"gaussian_partial_null","gaussian","trait","rotation",4,60,3200060,3250060,20,24,2,399,0.1875,FALSE
"gaussian_partial_null","gaussian","trait","rotation",4,61,3200061,3250061,20,24,2,399,0.78,FALSE
"gaussian_partial_null","gaussian","trait","rotation",4,62,3200062,3250062,20,24,2,399,0.03,TRUE
"gaussian_partial_null","gaussian","trait","rotation",4,63,3200063,3250063,20,24,2,399,0.2025,FALSE
"gaussian_partial_null","gaussian","trait","rotation",4,64,3200064,3250064,20,24,2,399,0.625,FALSE
"gaussian_partial_null","gaussian","trait","rotation",4,65,3200065,3250065,20,24,2,399,0.1025,FALSE
"gaussian_partial_null","gaussian","trait","rotation",4,66,3200066,3250066,20,24,2,399,0.2075,FALSE
"gaussian_partial_null","gaussian","trait","rotation",4,67,3200067,3250067,20,24,2,399,0.0025,TRUE
"gaussian_partial_null","gaussian","trait","rotation",4,68,3200068,3250068,20,24,2,399,0.7025,FALSE
"gaussian_partial_null","gaussian","trait","rotation",4,69,3200069,3250069,20,24,2,399,0.575,FALSE
"gaussian_partial_null","gaussian","trait","rotation",4,70,3200070,3250070,20,24,2,399,0.0375,TRUE
"gaussian_partial_null","gaussian","trait","rotation",4,71,3200071,3250071,20,24,2,399,0.1675,FALSE
"gaussian_partial_null","gaussian","trait","rotation",4,72,3200072,3250072,20,24,2,399,0.6525,FALSE
"gaussian_partial_null","gaussian","trait","rotation",4,73,3200073,3250073,20,24,2,399,0.0075,TRUE
"gaussian_partial_null","gaussian","trait","rotation",4,74,3200074,3250074,20,24,2,399,0.16,FALSE
"gaussian_partial_null","gaussian","trait","rotation",4,75,3200075,3250075,20,24,2,399,0.08,FALSE
"gaussian_partial_null","gaussian","trait","rotation",4,76,3200076,3250076,20,24,2,399,0.3775,FALSE
"gaussian_partial_null","gaussian","trait","rotation",4,77,3200077,3250077,20,24,2,399,0.3175,FALSE
"gaussian_partial_null","gaussian","trait","rotation",4,78,3200078,3250078,20,24,2,399,0.085,FALSE
"gaussian_partial_null","gaussian","trait","rotation",4,79,3200079,3250079,20,24,2,399,0.5875,FALSE
"gaussian_partial_null","gaussian","trait","rotation",4,80,3200080,3250080,20,24,2,399,0.65,FALSE
"gaussian_partial_null","gaussian","trait","rotation",4,81,3200081,3250081,20,24,2,399,0.445,FALSE
"gaussian_partial_null","gaussian","trait","rotation",4,82,3200082,3250082,20,24,2,399,0.62,FALSE
"gaussian_partial_null","gaussian","trait","rotation",4,83,3200083,3250083,20,24,2,399,0.97,FALSE
"gaussian_partial_null","gaussian","trait","rotation",4,84,3200084,3250084,20,24,2,399,0.895,FALSE
"gaussian_partial_null","gaussian","trait","rotation",4,85,3200085,3250085,20,24,2,399,0.57,FALSE
"gaussian_partial_null","gaussian","trait","rotation",4,86,3200086,3250086,20,24,2,399,0.9575,FALSE
"gaussian_partial_null","gaussian","trait","rotation",4,87,3200087,3250087,20,24,2,399,0.0625,FALSE
"gaussian_partial_null","gaussian","trait","rotation",4,88,3200088,3250088,20,24,2,399,0.0825,FALSE
"gaussian_partial_null","gaussian","trait","rotation",4,89,3200089,3250089,20,24,2,399,0.44,FALSE
"gaussian_partial_null","gaussian","trait","rotation",4,90,3200090,3250090,20,24,2,399,0.9725,FALSE
"gaussian_partial_null","gaussian","trait","rotation",4,91,3200091,3250091,20,24,2,399,0.6675,FALSE
"gaussian_partial_null","gaussian","trait","rotation",4,92,3200092,3250092,20,24,2,399,0.81,FALSE
"gaussian_partial_null","gaussian","trait","rotation",4,93,3200093,3250093,20,24,2,399,0.705,FALSE
"gaussian_partial_null","gaussian","trait","rotation",4,94,3200094,3250094,20,24,2,399,0.8825,FALSE
"gaussian_partial_null","gaussian","trait","rotation",4,95,3200095,3250095,20,24,2,399,0.8275,FALSE
"gaussian_partial_null","gaussian","trait","rotation",4,96,3200096,3250096,20,24,2,399,0.015,TRUE
"gaussian_partial_null","gaussian","trait","rotation",4,97,3200097,3250097,20,24,2,399,0.75,FALSE
"gaussian_partial_null","gaussian","trait","rotation",4,98,3200098,3250098,20,24,2,399,0.8425,FALSE
"gaussian_partial_null","gaussian","trait","rotation",4,99,3200099,3250099,20,24,2,399,0.275,FALSE
"gaussian_partial_null","gaussian","trait","rotation",4,100,3200100,3250100,20,24,2,399,0.245,FALSE
"gaussian_partial_null","gaussian","trait","rotation",5,1,3300001,3350001,20,24,2,399,0.2875,FALSE
"gaussian_partial_null","gaussian","trait","rotation",5,2,3300002,3350002,20,24,2,399,0.28,FALSE
"gaussian_partial_null","gaussian","trait","rotation",5,3,3300003,3350003,20,24,2,399,0.7775,FALSE
"gaussian_partial_null","gaussian","trait","rotation",5,4,3300004,3350004,20,24,2,399,0.9825,FALSE
"gaussian_partial_null","gaussian","trait","rotation",5,5,3300005,3350005,20,24,2,399,0.36,FALSE
"gaussian_partial_null","gaussian","trait","rotation",5,6,3300006,3350006,20,24,2,399,0.51,FALSE
"gaussian_partial_null","gaussian","trait","rotation",5,7,3300007,3350007,20,24,2,399,0.085,FALSE
"gaussian_partial_null","gaussian","trait","rotation",5,8,3300008,3350008,20,24,2,399,0.4,FALSE
"gaussian_partial_null","gaussian","trait","rotation",5,9,3300009,3350009,20,24,2,399,0.23,FALSE
"gaussian_partial_null","gaussian","trait","rotation",5,10,3300010,3350010,20,24,2,399,0.7,FALSE
"gaussian_partial_null","gaussian","trait","rotation",5,11,3300011,3350011,20,24,2,399,0.3625,FALSE
"gaussian_partial_null","gaussian","trait","rotation",5,12,3300012,3350012,20,24,2,399,0.7575,FALSE
"gaussian_partial_null","gaussian","trait","rotation",5,13,3300013,3350013,20,24,2,399,0.35,FALSE
"gaussian_partial_null","gaussian","trait","rotation",5,14,3300014,3350014,20,24,2,399,0.8175,FALSE
"gaussian_partial_null","gaussian","trait","rotation",5,15,3300015,3350015,20,24,2,399,0.4925,FALSE
"gaussian_partial_null","gaussian","trait","rotation",5,16,3300016,3350016,20,24,2,399,0.9625,FALSE
"gaussian_partial_null","gaussian","trait","rotation",5,17,3300017,3350017,20,24,2,399,0.8275,FALSE
"gaussian_partial_null","gaussian","trait","rotation",5,18,3300018,3350018,20,24,2,399,0.3325,FALSE
"gaussian_partial_null","gaussian","trait","rotation",5,19,3300019,3350019,20,24,2,399,0.6225,FALSE
"gaussian_partial_null","gaussian","trait","rotation",5,20,3300020,3350020,20,24,2,399,0.8075,FALSE
"gaussian_partial_null","gaussian","trait","rotation",5,21,3300021,3350021,20,24,2,399,0.9975,FALSE
"gaussian_partial_null","gaussian","trait","rotation",5,22,3300022,3350022,20,24,2,399,0.5575,FALSE
"gaussian_partial_null","gaussian","trait","rotation",5,23,3300023,3350023,20,24,2,399,0.4325,FALSE
"gaussian_partial_null","gaussian","trait","rotation",5,24,3300024,3350024,20,24,2,399,0.9,FALSE
"gaussian_partial_null","gaussian","trait","rotation",5,25,3300025,3350025,20,24,2,399,0.65,FALSE
"gaussian_partial_null","gaussian","trait","rotation",5,26,3300026,3350026,20,24,2,399,0.0725,FALSE
"gaussian_partial_null","gaussian","trait","rotation",5,27,3300027,3350027,20,24,2,399,0.7,FALSE
"gaussian_partial_null","gaussian","trait","rotation",5,28,3300028,3350028,20,24,2,399,0.2475,FALSE
"gaussian_partial_null","gaussian","trait","rotation",5,29,3300029,3350029,20,24,2,399,0.5925,FALSE
"gaussian_partial_null","gaussian","trait","rotation",5,30,3300030,3350030,20,24,2,399,0.1375,FALSE
"gaussian_partial_null","gaussian","trait","rotation",5,31,3300031,3350031,20,24,2,399,0.91,FALSE
"gaussian_partial_null","gaussian","trait","rotation",5,32,3300032,3350032,20,24,2,399,0.4675,FALSE
"gaussian_partial_null","gaussian","trait","rotation",5,33,3300033,3350033,20,24,2,399,0.2,FALSE
"gaussian_partial_null","gaussian","trait","rotation",5,34,3300034,3350034,20,24,2,399,0.9425,FALSE
"gaussian_partial_null","gaussian","trait","rotation",5,35,3300035,3350035,20,24,2,399,0.9275,FALSE
"gaussian_partial_null","gaussian","trait","rotation",5,36,3300036,3350036,20,24,2,399,0.56,FALSE
"gaussian_partial_null","gaussian","trait","rotation",5,37,3300037,3350037,20,24,2,399,0.835,FALSE
"gaussian_partial_null","gaussian","trait","rotation",5,38,3300038,3350038,20,24,2,399,0.575,FALSE
"gaussian_partial_null","gaussian","trait","rotation",5,39,3300039,3350039,20,24,2,399,0.0525,FALSE
"gaussian_partial_null","gaussian","trait","rotation",5,40,3300040,3350040,20,24,2,399,0.465,FALSE
"gaussian_partial_null","gaussian","trait","rotation",5,41,3300041,3350041,20,24,2,399,0.975,FALSE
"gaussian_partial_null","gaussian","trait","rotation",5,42,3300042,3350042,20,24,2,399,0.5775,FALSE
"gaussian_partial_null","gaussian","trait","rotation",5,43,3300043,3350043,20,24,2,399,0.695,FALSE
"gaussian_partial_null","gaussian","trait","rotation",5,44,3300044,3350044,20,24,2,399,0.63,FALSE
"gaussian_partial_null","gaussian","trait","rotation",5,45,3300045,3350045,20,24,2,399,0.0675,FALSE
"gaussian_partial_null","gaussian","trait","rotation",5,46,3300046,3350046,20,24,2,399,0.2775,FALSE
"gaussian_partial_null","gaussian","trait","rotation",5,47,3300047,3350047,20,24,2,399,0.1125,FALSE
"gaussian_partial_null","gaussian","trait","rotation",5,48,3300048,3350048,20,24,2,399,0.7825,FALSE
"gaussian_partial_null","gaussian","trait","rotation",5,49,3300049,3350049,20,24,2,399,0.15,FALSE
"gaussian_partial_null","gaussian","trait","rotation",5,50,3300050,3350050,20,24,2,399,0.9825,FALSE
"gaussian_partial_null","gaussian","trait","rotation",5,51,3300051,3350051,20,24,2,399,0.9,FALSE
"gaussian_partial_null","gaussian","trait","rotation",5,52,3300052,3350052,20,24,2,399,0.4125,FALSE
"gaussian_partial_null","gaussian","trait","rotation",5,53,3300053,3350053,20,24,2,399,0.5725,FALSE
"gaussian_partial_null","gaussian","trait","rotation",5,54,3300054,3350054,20,24,2,399,0.885,FALSE
"gaussian_partial_null","gaussian","trait","rotation",5,55,3300055,3350055,20,24,2,399,0.0625,FALSE
"gaussian_partial_null","gaussian","trait","rotation",5,56,3300056,3350056,20,24,2,399,0.0225,TRUE
"gaussian_partial_null","gaussian","trait","rotation",5,57,3300057,3350057,20,24,2,399,0.275,FALSE
"gaussian_partial_null","gaussian","trait","rotation",5,58,3300058,3350058,20,24,2,399,0.675,FALSE
"gaussian_partial_null","gaussian","trait","rotation",5,59,3300059,3350059,20,24,2,399,0.09,FALSE
"gaussian_partial_null","gaussian","trait","rotation",5,60,3300060,3350060,20,24,2,399,0.26,FALSE
"gaussian_partial_null","gaussian","trait","rotation",5,61,3300061,3350061,20,24,2,399,0.1325,FALSE
"gaussian_partial_null","gaussian","trait","rotation",5,62,3300062,3350062,20,24,2,399,0.8925,FALSE
"gaussian_partial_null","gaussian","trait","rotation",5,63,3300063,3350063,20,24,2,399,0.4,FALSE
"gaussian_partial_null","gaussian","trait","rotation",5,64,3300064,3350064,20,24,2,399,0.49,FALSE
"gaussian_partial_null","gaussian","trait","rotation",5,65,3300065,3350065,20,24,2,399,0.7525,FALSE
"gaussian_partial_null","gaussian","trait","rotation",5,66,3300066,3350066,20,24,2,399,0.355,FALSE
"gaussian_partial_null","gaussian","trait","rotation",5,67,3300067,3350067,20,24,2,399,0.39,FALSE
"gaussian_partial_null","gaussian","trait","rotation",5,68,3300068,3350068,20,24,2,399,0.07,FALSE
"gaussian_partial_null","gaussian","trait","rotation",5,69,3300069,3350069,20,24,2,399,0.955,FALSE
"gaussian_partial_null","gaussian","trait","rotation",5,70,3300070,3350070,20,24,2,399,0.535,FALSE
"gaussian_partial_null","gaussian","trait","rotation",5,71,3300071,3350071,20,24,2,399,0.1675,FALSE
"gaussian_partial_null","gaussian","trait","rotation",5,72,3300072,3350072,20,24,2,399,0.4275,FALSE
"gaussian_partial_null","gaussian","trait","rotation",5,73,3300073,3350073,20,24,2,399,0.315,FALSE
"gaussian_partial_null","gaussian","trait","rotation",5,74,3300074,3350074,20,24,2,399,0.92,FALSE
"gaussian_partial_null","gaussian","trait","rotation",5,75,3300075,3350075,20,24,2,399,0.895,FALSE
"gaussian_partial_null","gaussian","trait","rotation",5,76,3300076,3350076,20,24,2,399,0.085,FALSE
"gaussian_partial_null","gaussian","trait","rotation",5,77,3300077,3350077,20,24,2,399,0.9625,FALSE
"gaussian_partial_null","gaussian","trait","rotation",5,78,3300078,3350078,20,24,2,399,0.745,FALSE
"gaussian_partial_null","gaussian","trait","rotation",5,79,3300079,3350079,20,24,2,399,0.1375,FALSE
"gaussian_partial_null","gaussian","trait","rotation",5,80,3300080,3350080,20,24,2,399,0.4575,FALSE
"gaussian_partial_null","gaussian","trait","rotation",5,81,3300081,3350081,20,24,2,399,0.9225,FALSE
"gaussian_partial_null","gaussian","trait","rotation",5,82,3300082,3350082,20,24,2,399,0.435,FALSE
"gaussian_partial_null","gaussian","trait","rotation",5,83,3300083,3350083,20,24,2,399,0.3675,FALSE
"gaussian_partial_null","gaussian","trait","rotation",5,84,3300084,3350084,20,24,2,399,0.45,FALSE
"gaussian_partial_null","gaussian","trait","rotation",5,85,3300085,3350085,20,24,2,399,0.6975,FALSE
"gaussian_partial_null","gaussian","trait","rotation",5,86,3300086,3350086,20,24,2,399,0.855,FALSE
"gaussian_partial_null","gaussian","trait","rotation",5,87,3300087,3350087,20,24,2,399,0.7175,FALSE
"gaussian_partial_null","gaussian","trait","rotation",5,88,3300088,3350088,20,24,2,399,0.805,FALSE
"gaussian_partial_null","gaussian","trait","rotation",5,89,3300089,3350089,20,24,2,399,0.005,TRUE
"gaussian_partial_null","gaussian","trait","rotation",5,90,3300090,3350090,20,24,2,399,0.96,FALSE
"gaussian_partial_null","gaussian","trait","rotation",5,91,3300091,3350091,20,24,2,399,0.205,FALSE
"gaussian_partial_null","gaussian","trait","rotation",5,92,3300092,3350092,20,24,2,399,0.1425,FALSE
"gaussian_partial_null","gaussian","trait","rotation",5,93,3300093,3350093,20,24,2,399,0.74,FALSE
"gaussian_partial_null","gaussian","trait","rotation",5,94,3300094,3350094,20,24,2,399,1,FALSE
"gaussian_partial_null","gaussian","trait","rotation",5,95,3300095,3350095,20,24,2,399,0.345,FALSE
"gaussian_partial_null","gaussian","trait","rotation",5,96,3300096,3350096,20,24,2,399,0.14,FALSE
"gaussian_partial_null","gaussian","trait","rotation",5,97,3300097,3350097,20,24,2,399,0.7025,FALSE
"gaussian_partial_null","gaussian","trait","rotation",5,98,3300098,3350098,20,24,2,399,0.555,FALSE
"gaussian_partial_null","gaussian","trait","rotation",5,99,3300099,3350099,20,24,2,399,0.96,FALSE
"gaussian_partial_null","gaussian","trait","rotation",5,100,3300100,3350100,20,24,2,399,0.72,FALSE
"gaussian_partial_null","gaussian","group:trait","rotation",1,1,3500001,3550001,20,24,2,399,0.1275,FALSE
"gaussian_partial_null","gaussian","group:trait","rotation",1,2,3500002,3550002,20,24,2,399,0.445,FALSE
"gaussian_partial_null","gaussian","group:trait","rotation",1,3,3500003,3550003,20,24,2,399,0.9875,FALSE
"gaussian_partial_null","gaussian","group:trait","rotation",1,4,3500004,3550004,20,24,2,399,0.3325,FALSE
"gaussian_partial_null","gaussian","group:trait","rotation",1,5,3500005,3550005,20,24,2,399,0.83,FALSE
"gaussian_partial_null","gaussian","group:trait","rotation",1,6,3500006,3550006,20,24,2,399,0.7025,FALSE
"gaussian_partial_null","gaussian","group:trait","rotation",1,7,3500007,3550007,20,24,2,399,0.8125,FALSE
"gaussian_partial_null","gaussian","group:trait","rotation",1,8,3500008,3550008,20,24,2,399,0.54,FALSE
"gaussian_partial_null","gaussian","group:trait","rotation",1,9,3500009,3550009,20,24,2,399,0.8025,FALSE
"gaussian_partial_null","gaussian","group:trait","rotation",1,10,3500010,3550010,20,24,2,399,0.7525,FALSE
"gaussian_partial_null","gaussian","group:trait","rotation",1,11,3500011,3550011,20,24,2,399,0.275,FALSE
"gaussian_partial_null","gaussian","group:trait","rotation",1,12,3500012,3550012,20,24,2,399,0.9,FALSE
"gaussian_partial_null","gaussian","group:trait","rotation",1,13,3500013,3550013,20,24,2,399,0.485,FALSE
"gaussian_partial_null","gaussian","group:trait","rotation",1,14,3500014,3550014,20,24,2,399,0.84,FALSE
"gaussian_partial_null","gaussian","group:trait","rotation",1,15,3500015,3550015,20,24,2,399,0.4425,FALSE
"gaussian_partial_null","gaussian","group:trait","rotation",1,16,3500016,3550016,20,24,2,399,0.7,FALSE
"gaussian_partial_null","gaussian","group:trait","rotation",1,17,3500017,3550017,20,24,2,399,0.6625,FALSE
"gaussian_partial_null","gaussian","group:trait","rotation",1,18,3500018,3550018,20,24,2,399,0.365,FALSE
"gaussian_partial_null","gaussian","group:trait","rotation",1,19,3500019,3550019,20,24,2,399,0.1,FALSE
"gaussian_partial_null","gaussian","group:trait","rotation",1,20,3500020,3550020,20,24,2,399,0.2375,FALSE
"gaussian_partial_null","gaussian","group:trait","rotation",1,21,3500021,3550021,20,24,2,399,0.915,FALSE
"gaussian_partial_null","gaussian","group:trait","rotation",1,22,3500022,3550022,20,24,2,399,0.7525,FALSE
"gaussian_partial_null","gaussian","group:trait","rotation",1,23,3500023,3550023,20,24,2,399,0.9725,FALSE
"gaussian_partial_null","gaussian","group:trait","rotation",1,24,3500024,3550024,20,24,2,399,0.89,FALSE
"gaussian_partial_null","gaussian","group:trait","rotation",1,25,3500025,3550025,20,24,2,399,0.57,FALSE
"gaussian_partial_null","gaussian","group:trait","rotation",1,26,3500026,3550026,20,24,2,399,0.5325,FALSE
"gaussian_partial_null","gaussian","group:trait","rotation",1,27,3500027,3550027,20,24,2,399,0.2975,FALSE
"gaussian_partial_null","gaussian","group:trait","rotation",1,28,3500028,3550028,20,24,2,399,0.26,FALSE
"gaussian_partial_null","gaussian","group:trait","rotation",1,29,3500029,3550029,20,24,2,399,0.745,FALSE
"gaussian_partial_null","gaussian","group:trait","rotation",1,30,3500030,3550030,20,24,2,399,0.52,FALSE
"gaussian_partial_null","gaussian","group:trait","rotation",1,31,3500031,3550031,20,24,2,399,0.1575,FALSE
"gaussian_partial_null","gaussian","group:trait","rotation",1,32,3500032,3550032,20,24,2,399,0.0725,FALSE
"gaussian_partial_null","gaussian","group:trait","rotation",1,33,3500033,3550033,20,24,2,399,0.48,FALSE
"gaussian_partial_null","gaussian","group:trait","rotation",1,34,3500034,3550034,20,24,2,399,0.0075,TRUE
"gaussian_partial_null","gaussian","group:trait","rotation",1,35,3500035,3550035,20,24,2,399,0.91,FALSE
"gaussian_partial_null","gaussian","group:trait","rotation",1,36,3500036,3550036,20,24,2,399,0.2125,FALSE
"gaussian_partial_null","gaussian","group:trait","rotation",1,37,3500037,3550037,20,24,2,399,0.1725,FALSE
"gaussian_partial_null","gaussian","group:trait","rotation",1,38,3500038,3550038,20,24,2,399,0.7875,FALSE
"gaussian_partial_null","gaussian","group:trait","rotation",1,39,3500039,3550039,20,24,2,399,0.3775,FALSE
"gaussian_partial_null","gaussian","group:trait","rotation",1,40,3500040,3550040,20,24,2,399,0.165,FALSE
"gaussian_partial_null","gaussian","group:trait","rotation",1,41,3500041,3550041,20,24,2,399,0.2475,FALSE
"gaussian_partial_null","gaussian","group:trait","rotation",1,42,3500042,3550042,20,24,2,399,0.955,FALSE
"gaussian_partial_null","gaussian","group:trait","rotation",1,43,3500043,3550043,20,24,2,399,0.895,FALSE
"gaussian_partial_null","gaussian","group:trait","rotation",1,44,3500044,3550044,20,24,2,399,0.6775,FALSE
"gaussian_partial_null","gaussian","group:trait","rotation",1,45,3500045,3550045,20,24,2,399,0.4075,FALSE
"gaussian_partial_null","gaussian","group:trait","rotation",1,46,3500046,3550046,20,24,2,399,0.5175,FALSE
"gaussian_partial_null","gaussian","group:trait","rotation",1,47,3500047,3550047,20,24,2,399,0.0475,TRUE
"gaussian_partial_null","gaussian","group:trait","rotation",1,48,3500048,3550048,20,24,2,399,0.48,FALSE
"gaussian_partial_null","gaussian","group:trait","rotation",1,49,3500049,3550049,20,24,2,399,0.2625,FALSE
"gaussian_partial_null","gaussian","group:trait","rotation",1,50,3500050,3550050,20,24,2,399,0.7125,FALSE
"gaussian_partial_null","gaussian","group:trait","rotation",1,51,3500051,3550051,20,24,2,399,0.485,FALSE
"gaussian_partial_null","gaussian","group:trait","rotation",1,52,3500052,3550052,20,24,2,399,0.1425,FALSE
"gaussian_partial_null","gaussian","group:trait","rotation",1,53,3500053,3550053,20,24,2,399,0.1725,FALSE
"gaussian_partial_null","gaussian","group:trait","rotation",1,54,3500054,3550054,20,24,2,399,0.095,FALSE
"gaussian_partial_null","gaussian","group:trait","rotation",1,55,3500055,3550055,20,24,2,399,0.9275,FALSE
"gaussian_partial_null","gaussian","group:trait","rotation",1,56,3500056,3550056,20,24,2,399,0.05,TRUE
"gaussian_partial_null","gaussian","group:trait","rotation",1,57,3500057,3550057,20,24,2,399,0.65,FALSE
"gaussian_partial_null","gaussian","group:trait","rotation",1,58,3500058,3550058,20,24,2,399,0.48,FALSE
"gaussian_partial_null","gaussian","group:trait","rotation",1,59,3500059,3550059,20,24,2,399,0.8325,FALSE
"gaussian_partial_null","gaussian","group:trait","rotation",1,60,3500060,3550060,20,24,2,399,0.1475,FALSE
"gaussian_partial_null","gaussian","group:trait","rotation",1,61,3500061,3550061,20,24,2,399,0.1675,FALSE
"gaussian_partial_null","gaussian","group:trait","rotation",1,62,3500062,3550062,20,24,2,399,0.18,FALSE
"gaussian_partial_null","gaussian","group:trait","rotation",1,63,3500063,3550063,20,24,2,399,0.47,FALSE
"gaussian_partial_null","gaussian","group:trait","rotation",1,64,3500064,3550064,20,24,2,399,0.6,FALSE
"gaussian_partial_null","gaussian","group:trait","rotation",1,65,3500065,3550065,20,24,2,399,0.275,FALSE
"gaussian_partial_null","gaussian","group:trait","rotation",1,66,3500066,3550066,20,24,2,399,0.5475,FALSE
"gaussian_partial_null","gaussian","group:trait","rotation",1,67,3500067,3550067,20,24,2,399,0.83,FALSE
"gaussian_partial_null","gaussian","group:trait","rotation",1,68,3500068,3550068,20,24,2,399,0.58,FALSE
"gaussian_partial_null","gaussian","group:trait","rotation",1,69,3500069,3550069,20,24,2,399,0.31,FALSE
"gaussian_partial_null","gaussian","group:trait","rotation",1,70,3500070,3550070,20,24,2,399,0.5425,FALSE
"gaussian_partial_null","gaussian","group:trait","rotation",1,71,3500071,3550071,20,24,2,399,0.9225,FALSE
"gaussian_partial_null","gaussian","group:trait","rotation",1,72,3500072,3550072,20,24,2,399,0.075,FALSE
"gaussian_partial_null","gaussian","group:trait","rotation",1,73,3500073,3550073,20,24,2,399,0.455,FALSE
"gaussian_partial_null","gaussian","group:trait","rotation",1,74,3500074,3550074,20,24,2,399,0.4075,FALSE
"gaussian_partial_null","gaussian","group:trait","rotation",1,75,3500075,3550075,20,24,2,399,0.4875,FALSE
"gaussian_partial_null","gaussian","group:trait","rotation",1,76,3500076,3550076,20,24,2,399,0.51,FALSE
"gaussian_partial_null","gaussian","group:trait","rotation",1,77,3500077,3550077,20,24,2,399,0.0075,TRUE
"gaussian_partial_null","gaussian","group:trait","rotation",1,78,3500078,3550078,20,24,2,399,0.095,FALSE
"gaussian_partial_null","gaussian","group:trait","rotation",1,79,3500079,3550079,20,24,2,399,0.9625,FALSE
"gaussian_partial_null","gaussian","group:trait","rotation",1,80,3500080,3550080,20,24,2,399,0.6375,FALSE
"gaussian_partial_null","gaussian","group:trait","rotation",1,81,3500081,3550081,20,24,2,399,0.9525,FALSE
"gaussian_partial_null","gaussian","group:trait","rotation",1,82,3500082,3550082,20,24,2,399,0.2225,FALSE
"gaussian_partial_null","gaussian","group:trait","rotation",1,83,3500083,3550083,20,24,2,399,0.3175,FALSE
"gaussian_partial_null","gaussian","group:trait","rotation",1,84,3500084,3550084,20,24,2,399,0.515,FALSE
"gaussian_partial_null","gaussian","group:trait","rotation",1,85,3500085,3550085,20,24,2,399,0.6525,FALSE
"gaussian_partial_null","gaussian","group:trait","rotation",1,86,3500086,3550086,20,24,2,399,0.165,FALSE
"gaussian_partial_null","gaussian","group:trait","rotation",1,87,3500087,3550087,20,24,2,399,0.995,FALSE
"gaussian_partial_null","gaussian","group:trait","rotation",1,88,3500088,3550088,20,24,2,399,0.885,FALSE
"gaussian_partial_null","gaussian","group:trait","rotation",1,89,3500089,3550089,20,24,2,399,0.9025,FALSE
"gaussian_partial_null","gaussian","group:trait","rotation",1,90,3500090,3550090,20,24,2,399,0.3275,FALSE
"gaussian_partial_null","gaussian","group:trait","rotation",1,91,3500091,3550091,20,24,2,399,0.655,FALSE
"gaussian_partial_null","gaussian","group:trait","rotation",1,92,3500092,3550092,20,24,2,399,0.7675,FALSE
"gaussian_partial_null","gaussian","group:trait","rotation",1,93,3500093,3550093,20,24,2,399,0.045,TRUE
"gaussian_partial_null","gaussian","group:trait","rotation",1,94,3500094,3550094,20,24,2,399,0.8125,FALSE
"gaussian_partial_null","gaussian","group:trait","rotation",1,95,3500095,3550095,20,24,2,399,0.285,FALSE
"gaussian_partial_null","gaussian","group:trait","rotation",1,96,3500096,3550096,20,24,2,399,0.3575,FALSE
"gaussian_partial_null","gaussian","group:trait","rotation",1,97,3500097,3550097,20,24,2,399,0.995,FALSE
"gaussian_partial_null","gaussian","group:trait","rotation",1,98,3500098,3550098,20,24,2,399,0.25,FALSE
"gaussian_partial_null","gaussian","group:trait","rotation",1,99,3500099,3550099,20,24,2,399,0.4575,FALSE
"gaussian_partial_null","gaussian","group:trait","rotation",1,100,3500100,3550100,20,24,2,399,0.4275,FALSE
"gaussian_partial_null","gaussian","group:trait","rotation",2,1,3600001,3650001,20,24,2,399,0.08,FALSE
"gaussian_partial_null","gaussian","group:trait","rotation",2,2,3600002,3650002,20,24,2,399,0.025,TRUE
"gaussian_partial_null","gaussian","group:trait","rotation",2,3,3600003,3650003,20,24,2,399,0.1325,FALSE
"gaussian_partial_null","gaussian","group:trait","rotation",2,4,3600004,3650004,20,24,2,399,0.26,FALSE
"gaussian_partial_null","gaussian","group:trait","rotation",2,5,3600005,3650005,20,24,2,399,0.1725,FALSE
"gaussian_partial_null","gaussian","group:trait","rotation",2,6,3600006,3650006,20,24,2,399,0.9275,FALSE
"gaussian_partial_null","gaussian","group:trait","rotation",2,7,3600007,3650007,20,24,2,399,0.7,FALSE
"gaussian_partial_null","gaussian","group:trait","rotation",2,8,3600008,3650008,20,24,2,399,0.045,TRUE
"gaussian_partial_null","gaussian","group:trait","rotation",2,9,3600009,3650009,20,24,2,399,0.7075,FALSE
"gaussian_partial_null","gaussian","group:trait","rotation",2,10,3600010,3650010,20,24,2,399,0.71,FALSE
"gaussian_partial_null","gaussian","group:trait","rotation",2,11,3600011,3650011,20,24,2,399,0.8775,FALSE
"gaussian_partial_null","gaussian","group:trait","rotation",2,12,3600012,3650012,20,24,2,399,0.82,FALSE
"gaussian_partial_null","gaussian","group:trait","rotation",2,13,3600013,3650013,20,24,2,399,0.92,FALSE
"gaussian_partial_null","gaussian","group:trait","rotation",2,14,3600014,3650014,20,24,2,399,0.605,FALSE
"gaussian_partial_null","gaussian","group:trait","rotation",2,15,3600015,3650015,20,24,2,399,0.94,FALSE
"gaussian_partial_null","gaussian","group:trait","rotation",2,16,3600016,3650016,20,24,2,399,0.115,FALSE
"gaussian_partial_null","gaussian","group:trait","rotation",2,17,3600017,3650017,20,24,2,399,0.16,FALSE
"gaussian_partial_null","gaussian","group:trait","rotation",2,18,3600018,3650018,20,24,2,399,0.4225,FALSE
"gaussian_partial_null","gaussian","group:trait","rotation",2,19,3600019,3650019,20,24,2,399,0.67,FALSE
"gaussian_partial_null","gaussian","group:trait","rotation",2,20,3600020,3650020,20,24,2,399,0.52,FALSE
"gaussian_partial_null","gaussian","group:trait","rotation",2,21,3600021,3650021,20,24,2,399,0.015,TRUE
"gaussian_partial_null","gaussian","group:trait","rotation",2,22,3600022,3650022,20,24,2,399,0.9475,FALSE
"gaussian_partial_null","gaussian","group:trait","rotation",2,23,3600023,3650023,20,24,2,399,0.9475,FALSE
"gaussian_partial_null","gaussian","group:trait","rotation",2,24,3600024,3650024,20,24,2,399,0.3025,FALSE
"gaussian_partial_null","gaussian","group:trait","rotation",2,25,3600025,3650025,20,24,2,399,0.4675,FALSE
"gaussian_partial_null","gaussian","group:trait","rotation",2,26,3600026,3650026,20,24,2,399,0.6075,FALSE
"gaussian_partial_null","gaussian","group:trait","rotation",2,27,3600027,3650027,20,24,2,399,0.26,FALSE
"gaussian_partial_null","gaussian","group:trait","rotation",2,28,3600028,3650028,20,24,2,399,0.9625,FALSE
"gaussian_partial_null","gaussian","group:trait","rotation",2,29,3600029,3650029,20,24,2,399,0.0025,TRUE
"gaussian_partial_null","gaussian","group:trait","rotation",2,30,3600030,3650030,20,24,2,399,0.6,FALSE
"gaussian_partial_null","gaussian","group:trait","rotation",2,31,3600031,3650031,20,24,2,399,0.625,FALSE
"gaussian_partial_null","gaussian","group:trait","rotation",2,32,3600032,3650032,20,24,2,399,0.1025,FALSE
"gaussian_partial_null","gaussian","group:trait","rotation",2,33,3600033,3650033,20,24,2,399,0.39,FALSE
"gaussian_partial_null","gaussian","group:trait","rotation",2,34,3600034,3650034,20,24,2,399,0.6325,FALSE
"gaussian_partial_null","gaussian","group:trait","rotation",2,35,3600035,3650035,20,24,2,399,0.875,FALSE
"gaussian_partial_null","gaussian","group:trait","rotation",2,36,3600036,3650036,20,24,2,399,0.7375,FALSE
"gaussian_partial_null","gaussian","group:trait","rotation",2,37,3600037,3650037,20,24,2,399,0.84,FALSE
"gaussian_partial_null","gaussian","group:trait","rotation",2,38,3600038,3650038,20,24,2,399,0.0275,TRUE
"gaussian_partial_null","gaussian","group:trait","rotation",2,39,3600039,3650039,20,24,2,399,0.3025,FALSE
"gaussian_partial_null","gaussian","group:trait","rotation",2,40,3600040,3650040,20,24,2,399,0.9825,FALSE
"gaussian_partial_null","gaussian","group:trait","rotation",2,41,3600041,3650041,20,24,2,399,0.27,FALSE
"gaussian_partial_null","gaussian","group:trait","rotation",2,42,3600042,3650042,20,24,2,399,0.05,TRUE
"gaussian_partial_null","gaussian","group:trait","rotation",2,43,3600043,3650043,20,24,2,399,0.5475,FALSE
"gaussian_partial_null","gaussian","group:trait","rotation",2,44,3600044,3650044,20,24,2,399,0.315,FALSE
"gaussian_partial_null","gaussian","group:trait","rotation",2,45,3600045,3650045,20,24,2,399,0.355,FALSE
"gaussian_partial_null","gaussian","group:trait","rotation",2,46,3600046,3650046,20,24,2,399,0.04,TRUE
"gaussian_partial_null","gaussian","group:trait","rotation",2,47,3600047,3650047,20,24,2,399,0.695,FALSE
"gaussian_partial_null","gaussian","group:trait","rotation",2,48,3600048,3650048,20,24,2,399,0.86,FALSE
"gaussian_partial_null","gaussian","group:trait","rotation",2,49,3600049,3650049,20,24,2,399,0.865,FALSE
"gaussian_partial_null","gaussian","group:trait","rotation",2,50,3600050,3650050,20,24,2,399,0.4775,FALSE
"gaussian_partial_null","gaussian","group:trait","rotation",2,51,3600051,3650051,20,24,2,399,0.225,FALSE
"gaussian_partial_null","gaussian","group:trait","rotation",2,52,3600052,3650052,20,24,2,399,1,FALSE
"gaussian_partial_null","gaussian","group:trait","rotation",2,53,3600053,3650053,20,24,2,399,0.98,FALSE
"gaussian_partial_null","gaussian","group:trait","rotation",2,54,3600054,3650054,20,24,2,399,0.3225,FALSE
"gaussian_partial_null","gaussian","group:trait","rotation",2,55,3600055,3650055,20,24,2,399,0.53,FALSE
"gaussian_partial_null","gaussian","group:trait","rotation",2,56,3600056,3650056,20,24,2,399,0.085,FALSE
"gaussian_partial_null","gaussian","group:trait","rotation",2,57,3600057,3650057,20,24,2,399,0.4925,FALSE
"gaussian_partial_null","gaussian","group:trait","rotation",2,58,3600058,3650058,20,24,2,399,0.2175,FALSE
"gaussian_partial_null","gaussian","group:trait","rotation",2,59,3600059,3650059,20,24,2,399,0.7975,FALSE
"gaussian_partial_null","gaussian","group:trait","rotation",2,60,3600060,3650060,20,24,2,399,0.71,FALSE
"gaussian_partial_null","gaussian","group:trait","rotation",2,61,3600061,3650061,20,24,2,399,0.7725,FALSE
"gaussian_partial_null","gaussian","group:trait","rotation",2,62,3600062,3650062,20,24,2,399,0.4325,FALSE
"gaussian_partial_null","gaussian","group:trait","rotation",2,63,3600063,3650063,20,24,2,399,0.7025,FALSE
"gaussian_partial_null","gaussian","group:trait","rotation",2,64,3600064,3650064,20,24,2,399,0.2425,FALSE
"gaussian_partial_null","gaussian","group:trait","rotation",2,65,3600065,3650065,20,24,2,399,0.255,FALSE
"gaussian_partial_null","gaussian","group:trait","rotation",2,66,3600066,3650066,20,24,2,399,0.1975,FALSE
"gaussian_partial_null","gaussian","group:trait","rotation",2,67,3600067,3650067,20,24,2,399,0.12,FALSE
"gaussian_partial_null","gaussian","group:trait","rotation",2,68,3600068,3650068,20,24,2,399,0.01,TRUE
"gaussian_partial_null","gaussian","group:trait","rotation",2,69,3600069,3650069,20,24,2,399,0.79,FALSE
"gaussian_partial_null","gaussian","group:trait","rotation",2,70,3600070,3650070,20,24,2,399,0.5425,FALSE
"gaussian_partial_null","gaussian","group:trait","rotation",2,71,3600071,3650071,20,24,2,399,0.9575,FALSE
"gaussian_partial_null","gaussian","group:trait","rotation",2,72,3600072,3650072,20,24,2,399,0.1675,FALSE
"gaussian_partial_null","gaussian","group:trait","rotation",2,73,3600073,3650073,20,24,2,399,0.835,FALSE
"gaussian_partial_null","gaussian","group:trait","rotation",2,74,3600074,3650074,20,24,2,399,0.6175,FALSE
"gaussian_partial_null","gaussian","group:trait","rotation",2,75,3600075,3650075,20,24,2,399,0.575,FALSE
"gaussian_partial_null","gaussian","group:trait","rotation",2,76,3600076,3650076,20,24,2,399,0.6525,FALSE
"gaussian_partial_null","gaussian","group:trait","rotation",2,77,3600077,3650077,20,24,2,399,0.5725,FALSE
"gaussian_partial_null","gaussian","group:trait","rotation",2,78,3600078,3650078,20,24,2,399,0.6775,FALSE
"gaussian_partial_null","gaussian","group:trait","rotation",2,79,3600079,3650079,20,24,2,399,0.495,FALSE
"gaussian_partial_null","gaussian","group:trait","rotation",2,80,3600080,3650080,20,24,2,399,0.675,FALSE
"gaussian_partial_null","gaussian","group:trait","rotation",2,81,3600081,3650081,20,24,2,399,0.5325,FALSE
"gaussian_partial_null","gaussian","group:trait","rotation",2,82,3600082,3650082,20,24,2,399,0.66,FALSE
"gaussian_partial_null","gaussian","group:trait","rotation",2,83,3600083,3650083,20,24,2,399,0.7375,FALSE
"gaussian_partial_null","gaussian","group:trait","rotation",2,84,3600084,3650084,20,24,2,399,0.3025,FALSE
"gaussian_partial_null","gaussian","group:trait","rotation",2,85,3600085,3650085,20,24,2,399,0.76,FALSE
"gaussian_partial_null","gaussian","group:trait","rotation",2,86,3600086,3650086,20,24,2,399,0.895,FALSE
"gaussian_partial_null","gaussian","group:trait","rotation",2,87,3600087,3650087,20,24,2,399,0.3175,FALSE
"gaussian_partial_null","gaussian","group:trait","rotation",2,88,3600088,3650088,20,24,2,399,0.4775,FALSE
"gaussian_partial_null","gaussian","group:trait","rotation",2,89,3600089,3650089,20,24,2,399,0.265,FALSE
"gaussian_partial_null","gaussian","group:trait","rotation",2,90,3600090,3650090,20,24,2,399,0.64,FALSE
"gaussian_partial_null","gaussian","group:trait","rotation",2,91,3600091,3650091,20,24,2,399,0.3325,FALSE
"gaussian_partial_null","gaussian","group:trait","rotation",2,92,3600092,3650092,20,24,2,399,0.555,FALSE
"gaussian_partial_null","gaussian","group:trait","rotation",2,93,3600093,3650093,20,24,2,399,0.2875,FALSE
"gaussian_partial_null","gaussian","group:trait","rotation",2,94,3600094,3650094,20,24,2,399,0.2475,FALSE
"gaussian_partial_null","gaussian","group:trait","rotation",2,95,3600095,3650095,20,24,2,399,0.4,FALSE
"gaussian_partial_null","gaussian","group:trait","rotation",2,96,3600096,3650096,20,24,2,399,0.8675,FALSE
"gaussian_partial_null","gaussian","group:trait","rotation",2,97,3600097,3650097,20,24,2,399,0.0125,TRUE
"gaussian_partial_null","gaussian","group:trait","rotation",2,98,3600098,3650098,20,24,2,399,0.91,FALSE
"gaussian_partial_null","gaussian","group:trait","rotation",2,99,3600099,3650099,20,24,2,399,0.66,FALSE
"gaussian_partial_null","gaussian","group:trait","rotation",2,100,3600100,3650100,20,24,2,399,0.64,FALSE
"gaussian_partial_null","gaussian","group:trait","rotation",3,1,3700001,3750001,20,24,2,399,0.005,TRUE
"gaussian_partial_null","gaussian","group:trait","rotation",3,2,3700002,3750002,20,24,2,399,0.8525,FALSE
"gaussian_partial_null","gaussian","group:trait","rotation",3,3,3700003,3750003,20,24,2,399,0.46,FALSE
"gaussian_partial_null","gaussian","group:trait","rotation",3,4,3700004,3750004,20,24,2,399,0.1575,FALSE
"gaussian_partial_null","gaussian","group:trait","rotation",3,5,3700005,3750005,20,24,2,399,0.02,TRUE
"gaussian_partial_null","gaussian","group:trait","rotation",3,6,3700006,3750006,20,24,2,399,0.83,FALSE
"gaussian_partial_null","gaussian","group:trait","rotation",3,7,3700007,3750007,20,24,2,399,0.685,FALSE
"gaussian_partial_null","gaussian","group:trait","rotation",3,8,3700008,3750008,20,24,2,399,0.4475,FALSE
"gaussian_partial_null","gaussian","group:trait","rotation",3,9,3700009,3750009,20,24,2,399,0.7175,FALSE
"gaussian_partial_null","gaussian","group:trait","rotation",3,10,3700010,3750010,20,24,2,399,0.965,FALSE
"gaussian_partial_null","gaussian","group:trait","rotation",3,11,3700011,3750011,20,24,2,399,0.5825,FALSE
"gaussian_partial_null","gaussian","group:trait","rotation",3,12,3700012,3750012,20,24,2,399,0.6075,FALSE
"gaussian_partial_null","gaussian","group:trait","rotation",3,13,3700013,3750013,20,24,2,399,0.175,FALSE
"gaussian_partial_null","gaussian","group:trait","rotation",3,14,3700014,3750014,20,24,2,399,0.205,FALSE
"gaussian_partial_null","gaussian","group:trait","rotation",3,15,3700015,3750015,20,24,2,399,0.1325,FALSE
"gaussian_partial_null","gaussian","group:trait","rotation",3,16,3700016,3750016,20,24,2,399,0.98,FALSE
"gaussian_partial_null","gaussian","group:trait","rotation",3,17,3700017,3750017,20,24,2,399,0.2525,FALSE
"gaussian_partial_null","gaussian","group:trait","rotation",3,18,3700018,3750018,20,24,2,399,0.915,FALSE
"gaussian_partial_null","gaussian","group:trait","rotation",3,19,3700019,3750019,20,24,2,399,0.0325,TRUE
"gaussian_partial_null","gaussian","group:trait","rotation",3,20,3700020,3750020,20,24,2,399,0.73,FALSE
"gaussian_partial_null","gaussian","group:trait","rotation",3,21,3700021,3750021,20,24,2,399,0.11,FALSE
"gaussian_partial_null","gaussian","group:trait","rotation",3,22,3700022,3750022,20,24,2,399,0.475,FALSE
"gaussian_partial_null","gaussian","group:trait","rotation",3,23,3700023,3750023,20,24,2,399,0.7875,FALSE
"gaussian_partial_null","gaussian","group:trait","rotation",3,24,3700024,3750024,20,24,2,399,0.965,FALSE
"gaussian_partial_null","gaussian","group:trait","rotation",3,25,3700025,3750025,20,24,2,399,0.86,FALSE
"gaussian_partial_null","gaussian","group:trait","rotation",3,26,3700026,3750026,20,24,2,399,0.235,FALSE
"gaussian_partial_null","gaussian","group:trait","rotation",3,27,3700027,3750027,20,24,2,399,0.93,FALSE
"gaussian_partial_null","gaussian","group:trait","rotation",3,28,3700028,3750028,20,24,2,399,0.065,FALSE
"gaussian_partial_null","gaussian","group:trait","rotation",3,29,3700029,3750029,20,24,2,399,1,FALSE
"gaussian_partial_null","gaussian","group:trait","rotation",3,30,3700030,3750030,20,24,2,399,0.2725,FALSE
"gaussian_partial_null","gaussian","group:trait","rotation",3,31,3700031,3750031,20,24,2,399,0.745,FALSE
"gaussian_partial_null","gaussian","group:trait","rotation",3,32,3700032,3750032,20,24,2,399,0.4725,FALSE
"gaussian_partial_null","gaussian","group:trait","rotation",3,33,3700033,3750033,20,24,2,399,0.47,FALSE
"gaussian_partial_null","gaussian","group:trait","rotation",3,34,3700034,3750034,20,24,2,399,0.405,FALSE
"gaussian_partial_null","gaussian","group:trait","rotation",3,35,3700035,3750035,20,24,2,399,0.75,FALSE
"gaussian_partial_null","gaussian","group:trait","rotation",3,36,3700036,3750036,20,24,2,399,0.5925,FALSE
"gaussian_partial_null","gaussian","group:trait","rotation",3,37,3700037,3750037,20,24,2,399,0.11,FALSE
"gaussian_partial_null","gaussian","group:trait","rotation",3,38,3700038,3750038,20,24,2,399,0.5675,FALSE
"gaussian_partial_null","gaussian","group:trait","rotation",3,39,3700039,3750039,20,24,2,399,0.715,FALSE
"gaussian_partial_null","gaussian","group:trait","rotation",3,40,3700040,3750040,20,24,2,399,0.515,FALSE
"gaussian_partial_null","gaussian","group:trait","rotation",3,41,3700041,3750041,20,24,2,399,0.9225,FALSE
"gaussian_partial_null","gaussian","group:trait","rotation",3,42,3700042,3750042,20,24,2,399,0.765,FALSE
"gaussian_partial_null","gaussian","group:trait","rotation",3,43,3700043,3750043,20,24,2,399,0.5575,FALSE
"gaussian_partial_null","gaussian","group:trait","rotation",3,44,3700044,3750044,20,24,2,399,0.645,FALSE
"gaussian_partial_null","gaussian","group:trait","rotation",3,45,3700045,3750045,20,24,2,399,0.86,FALSE
"gaussian_partial_null","gaussian","group:trait","rotation",3,46,3700046,3750046,20,24,2,399,0.38,FALSE
"gaussian_partial_null","gaussian","group:trait","rotation",3,47,3700047,3750047,20,24,2,399,0.28,FALSE
"gaussian_partial_null","gaussian","group:trait","rotation",3,48,3700048,3750048,20,24,2,399,0.4675,FALSE
"gaussian_partial_null","gaussian","group:trait","rotation",3,49,3700049,3750049,20,24,2,399,0.7375,FALSE
"gaussian_partial_null","gaussian","group:trait","rotation",3,50,3700050,3750050,20,24,2,399,0.765,FALSE
"gaussian_partial_null","gaussian","group:trait","rotation",3,51,3700051,3750051,20,24,2,399,0.6575,FALSE
"gaussian_partial_null","gaussian","group:trait","rotation",3,52,3700052,3750052,20,24,2,399,0.0125,TRUE
"gaussian_partial_null","gaussian","group:trait","rotation",3,53,3700053,3750053,20,24,2,399,0.0825,FALSE
"gaussian_partial_null","gaussian","group:trait","rotation",3,54,3700054,3750054,20,24,2,399,0.3225,FALSE
"gaussian_partial_null","gaussian","group:trait","rotation",3,55,3700055,3750055,20,24,2,399,0.6625,FALSE
"gaussian_partial_null","gaussian","group:trait","rotation",3,56,3700056,3750056,20,24,2,399,0.305,FALSE
"gaussian_partial_null","gaussian","group:trait","rotation",3,57,3700057,3750057,20,24,2,399,0.14,FALSE
"gaussian_partial_null","gaussian","group:trait","rotation",3,58,3700058,3750058,20,24,2,399,0.6475,FALSE
"gaussian_partial_null","gaussian","group:trait","rotation",3,59,3700059,3750059,20,24,2,399,0.27,FALSE
"gaussian_partial_null","gaussian","group:trait","rotation",3,60,3700060,3750060,20,24,2,399,0.7975,FALSE
"gaussian_partial_null","gaussian","group:trait","rotation",3,61,3700061,3750061,20,24,2,399,0.165,FALSE
"gaussian_partial_null","gaussian","group:trait","rotation",3,62,3700062,3750062,20,24,2,399,0.395,FALSE
"gaussian_partial_null","gaussian","group:trait","rotation",3,63,3700063,3750063,20,24,2,399,0.0425,TRUE
"gaussian_partial_null","gaussian","group:trait","rotation",3,64,3700064,3750064,20,24,2,399,0.16,FALSE
"gaussian_partial_null","gaussian","group:trait","rotation",3,65,3700065,3750065,20,24,2,399,0.885,FALSE
"gaussian_partial_null","gaussian","group:trait","rotation",3,66,3700066,3750066,20,24,2,399,0.1375,FALSE
"gaussian_partial_null","gaussian","group:trait","rotation",3,67,3700067,3750067,20,24,2,399,0.5025,FALSE
"gaussian_partial_null","gaussian","group:trait","rotation",3,68,3700068,3750068,20,24,2,399,0.965,FALSE
"gaussian_partial_null","gaussian","group:trait","rotation",3,69,3700069,3750069,20,24,2,399,0.3125,FALSE
"gaussian_partial_null","gaussian","group:trait","rotation",3,70,3700070,3750070,20,24,2,399,0.19,FALSE
"gaussian_partial_null","gaussian","group:trait","rotation",3,71,3700071,3750071,20,24,2,399,0.8525,FALSE
"gaussian_partial_null","gaussian","group:trait","rotation",3,72,3700072,3750072,20,24,2,399,0.5875,FALSE
"gaussian_partial_null","gaussian","group:trait","rotation",3,73,3700073,3750073,20,24,2,399,0.0175,TRUE
"gaussian_partial_null","gaussian","group:trait","rotation",3,74,3700074,3750074,20,24,2,399,0.815,FALSE
"gaussian_partial_null","gaussian","group:trait","rotation",3,75,3700075,3750075,20,24,2,399,0.965,FALSE
"gaussian_partial_null","gaussian","group:trait","rotation",3,76,3700076,3750076,20,24,2,399,0.5325,FALSE
"gaussian_partial_null","gaussian","group:trait","rotation",3,77,3700077,3750077,20,24,2,399,0.4975,FALSE
"gaussian_partial_null","gaussian","group:trait","rotation",3,78,3700078,3750078,20,24,2,399,0.665,FALSE
"gaussian_partial_null","gaussian","group:trait","rotation",3,79,3700079,3750079,20,24,2,399,0.8325,FALSE
"gaussian_partial_null","gaussian","group:trait","rotation",3,80,3700080,3750080,20,24,2,399,0.9625,FALSE
"gaussian_partial_null","gaussian","group:trait","rotation",3,81,3700081,3750081,20,24,2,399,0.89,FALSE
"gaussian_partial_null","gaussian","group:trait","rotation",3,82,3700082,3750082,20,24,2,399,0.7975,FALSE
"gaussian_partial_null","gaussian","group:trait","rotation",3,83,3700083,3750083,20,24,2,399,0.295,FALSE
"gaussian_partial_null","gaussian","group:trait","rotation",3,84,3700084,3750084,20,24,2,399,0.3025,FALSE
"gaussian_partial_null","gaussian","group:trait","rotation",3,85,3700085,3750085,20,24,2,399,0.42,FALSE
"gaussian_partial_null","gaussian","group:trait","rotation",3,86,3700086,3750086,20,24,2,399,0.9925,FALSE
"gaussian_partial_null","gaussian","group:trait","rotation",3,87,3700087,3750087,20,24,2,399,0.7475,FALSE
"gaussian_partial_null","gaussian","group:trait","rotation",3,88,3700088,3750088,20,24,2,399,0.8375,FALSE
"gaussian_partial_null","gaussian","group:trait","rotation",3,89,3700089,3750089,20,24,2,399,0.9175,FALSE
"gaussian_partial_null","gaussian","group:trait","rotation",3,90,3700090,3750090,20,24,2,399,0.5425,FALSE
"gaussian_partial_null","gaussian","group:trait","rotation",3,91,3700091,3750091,20,24,2,399,0.685,FALSE
"gaussian_partial_null","gaussian","group:trait","rotation",3,92,3700092,3750092,20,24,2,399,0.6125,FALSE
"gaussian_partial_null","gaussian","group:trait","rotation",3,93,3700093,3750093,20,24,2,399,0.35,FALSE
"gaussian_partial_null","gaussian","group:trait","rotation",3,94,3700094,3750094,20,24,2,399,0.5,FALSE
"gaussian_partial_null","gaussian","group:trait","rotation",3,95,3700095,3750095,20,24,2,399,0.375,FALSE
"gaussian_partial_null","gaussian","group:trait","rotation",3,96,3700096,3750096,20,24,2,399,0.7575,FALSE
"gaussian_partial_null","gaussian","group:trait","rotation",3,97,3700097,3750097,20,24,2,399,0.18,FALSE
"gaussian_partial_null","gaussian","group:trait","rotation",3,98,3700098,3750098,20,24,2,399,0.975,FALSE
"gaussian_partial_null","gaussian","group:trait","rotation",3,99,3700099,3750099,20,24,2,399,0.47,FALSE
"gaussian_partial_null","gaussian","group:trait","rotation",3,100,3700100,3750100,20,24,2,399,0.9575,FALSE
"gaussian_partial_null","gaussian","group:trait","rotation",4,1,3800001,3850001,20,24,2,399,0.8425,FALSE
"gaussian_partial_null","gaussian","group:trait","rotation",4,2,3800002,3850002,20,24,2,399,0.42,FALSE
"gaussian_partial_null","gaussian","group:trait","rotation",4,3,3800003,3850003,20,24,2,399,0.16,FALSE
"gaussian_partial_null","gaussian","group:trait","rotation",4,4,3800004,3850004,20,24,2,399,0.555,FALSE
"gaussian_partial_null","gaussian","group:trait","rotation",4,5,3800005,3850005,20,24,2,399,0.865,FALSE
"gaussian_partial_null","gaussian","group:trait","rotation",4,6,3800006,3850006,20,24,2,399,0.8025,FALSE
"gaussian_partial_null","gaussian","group:trait","rotation",4,7,3800007,3850007,20,24,2,399,0.015,TRUE
"gaussian_partial_null","gaussian","group:trait","rotation",4,8,3800008,3850008,20,24,2,399,0.85,FALSE
"gaussian_partial_null","gaussian","group:trait","rotation",4,9,3800009,3850009,20,24,2,399,0.7975,FALSE
"gaussian_partial_null","gaussian","group:trait","rotation",4,10,3800010,3850010,20,24,2,399,0.605,FALSE
"gaussian_partial_null","gaussian","group:trait","rotation",4,11,3800011,3850011,20,24,2,399,0.965,FALSE
"gaussian_partial_null","gaussian","group:trait","rotation",4,12,3800012,3850012,20,24,2,399,0.2,FALSE
"gaussian_partial_null","gaussian","group:trait","rotation",4,13,3800013,3850013,20,24,2,399,0.9375,FALSE
"gaussian_partial_null","gaussian","group:trait","rotation",4,14,3800014,3850014,20,24,2,399,0.2525,FALSE
"gaussian_partial_null","gaussian","group:trait","rotation",4,15,3800015,3850015,20,24,2,399,0.76,FALSE
"gaussian_partial_null","gaussian","group:trait","rotation",4,16,3800016,3850016,20,24,2,399,0.645,FALSE
"gaussian_partial_null","gaussian","group:trait","rotation",4,17,3800017,3850017,20,24,2,399,0.655,FALSE
"gaussian_partial_null","gaussian","group:trait","rotation",4,18,3800018,3850018,20,24,2,399,0.37,FALSE
"gaussian_partial_null","gaussian","group:trait","rotation",4,19,3800019,3850019,20,24,2,399,0.215,FALSE
"gaussian_partial_null","gaussian","group:trait","rotation",4,20,3800020,3850020,20,24,2,399,0.3075,FALSE
"gaussian_partial_null","gaussian","group:trait","rotation",4,21,3800021,3850021,20,24,2,399,0.7125,FALSE
"gaussian_partial_null","gaussian","group:trait","rotation",4,22,3800022,3850022,20,24,2,399,0.71,FALSE
"gaussian_partial_null","gaussian","group:trait","rotation",4,23,3800023,3850023,20,24,2,399,0.0875,FALSE
"gaussian_partial_null","gaussian","group:trait","rotation",4,24,3800024,3850024,20,24,2,399,0.8875,FALSE
"gaussian_partial_null","gaussian","group:trait","rotation",4,25,3800025,3850025,20,24,2,399,0.7275,FALSE
"gaussian_partial_null","gaussian","group:trait","rotation",4,26,3800026,3850026,20,24,2,399,0.46,FALSE
"gaussian_partial_null","gaussian","group:trait","rotation",4,27,3800027,3850027,20,24,2,399,0.7125,FALSE
"gaussian_partial_null","gaussian","group:trait","rotation",4,28,3800028,3850028,20,24,2,399,0.405,FALSE
"gaussian_partial_null","gaussian","group:trait","rotation",4,29,3800029,3850029,20,24,2,399,0.9425,FALSE
"gaussian_partial_null","gaussian","group:trait","rotation",4,30,3800030,3850030,20,24,2,399,0.0225,TRUE
"gaussian_partial_null","gaussian","group:trait","rotation",4,31,3800031,3850031,20,24,2,399,0.77,FALSE
"gaussian_partial_null","gaussian","group:trait","rotation",4,32,3800032,3850032,20,24,2,399,0.035,TRUE
"gaussian_partial_null","gaussian","group:trait","rotation",4,33,3800033,3850033,20,24,2,399,0.0275,TRUE
"gaussian_partial_null","gaussian","group:trait","rotation",4,34,3800034,3850034,20,24,2,399,0.5775,FALSE
"gaussian_partial_null","gaussian","group:trait","rotation",4,35,3800035,3850035,20,24,2,399,0.86,FALSE
"gaussian_partial_null","gaussian","group:trait","rotation",4,36,3800036,3850036,20,24,2,399,0.3275,FALSE
"gaussian_partial_null","gaussian","group:trait","rotation",4,37,3800037,3850037,20,24,2,399,0.97,FALSE
"gaussian_partial_null","gaussian","group:trait","rotation",4,38,3800038,3850038,20,24,2,399,0.95,FALSE
"gaussian_partial_null","gaussian","group:trait","rotation",4,39,3800039,3850039,20,24,2,399,0.395,FALSE
"gaussian_partial_null","gaussian","group:trait","rotation",4,40,3800040,3850040,20,24,2,399,0.35,FALSE
"gaussian_partial_null","gaussian","group:trait","rotation",4,41,3800041,3850041,20,24,2,399,0.9575,FALSE
"gaussian_partial_null","gaussian","group:trait","rotation",4,42,3800042,3850042,20,24,2,399,0.47,FALSE
"gaussian_partial_null","gaussian","group:trait","rotation",4,43,3800043,3850043,20,24,2,399,0.465,FALSE
"gaussian_partial_null","gaussian","group:trait","rotation",4,44,3800044,3850044,20,24,2,399,0.9775,FALSE
"gaussian_partial_null","gaussian","group:trait","rotation",4,45,3800045,3850045,20,24,2,399,0.945,FALSE
"gaussian_partial_null","gaussian","group:trait","rotation",4,46,3800046,3850046,20,24,2,399,0.22,FALSE
"gaussian_partial_null","gaussian","group:trait","rotation",4,47,3800047,3850047,20,24,2,399,0.535,FALSE
"gaussian_partial_null","gaussian","group:trait","rotation",4,48,3800048,3850048,20,24,2,399,0.2575,FALSE
"gaussian_partial_null","gaussian","group:trait","rotation",4,49,3800049,3850049,20,24,2,399,0.4725,FALSE
"gaussian_partial_null","gaussian","group:trait","rotation",4,50,3800050,3850050,20,24,2,399,0.89,FALSE
"gaussian_partial_null","gaussian","group:trait","rotation",4,51,3800051,3850051,20,24,2,399,0.6775,FALSE
"gaussian_partial_null","gaussian","group:trait","rotation",4,52,3800052,3850052,20,24,2,399,0.335,FALSE
"gaussian_partial_null","gaussian","group:trait","rotation",4,53,3800053,3850053,20,24,2,399,0.3475,FALSE
"gaussian_partial_null","gaussian","group:trait","rotation",4,54,3800054,3850054,20,24,2,399,0.855,FALSE
"gaussian_partial_null","gaussian","group:trait","rotation",4,55,3800055,3850055,20,24,2,399,0.035,TRUE
"gaussian_partial_null","gaussian","group:trait","rotation",4,56,3800056,3850056,20,24,2,399,0.845,FALSE
"gaussian_partial_null","gaussian","group:trait","rotation",4,57,3800057,3850057,20,24,2,399,0.9125,FALSE
"gaussian_partial_null","gaussian","group:trait","rotation",4,58,3800058,3850058,20,24,2,399,0.9925,FALSE
"gaussian_partial_null","gaussian","group:trait","rotation",4,59,3800059,3850059,20,24,2,399,0.18,FALSE
"gaussian_partial_null","gaussian","group:trait","rotation",4,60,3800060,3850060,20,24,2,399,0.315,FALSE
"gaussian_partial_null","gaussian","group:trait","rotation",4,61,3800061,3850061,20,24,2,399,0.2275,FALSE
"gaussian_partial_null","gaussian","group:trait","rotation",4,62,3800062,3850062,20,24,2,399,0.9175,FALSE
"gaussian_partial_null","gaussian","group:trait","rotation",4,63,3800063,3850063,20,24,2,399,0.335,FALSE
"gaussian_partial_null","gaussian","group:trait","rotation",4,64,3800064,3850064,20,24,2,399,0.205,FALSE
"gaussian_partial_null","gaussian","group:trait","rotation",4,65,3800065,3850065,20,24,2,399,0.7875,FALSE
"gaussian_partial_null","gaussian","group:trait","rotation",4,66,3800066,3850066,20,24,2,399,0.6125,FALSE
"gaussian_partial_null","gaussian","group:trait","rotation",4,67,3800067,3850067,20,24,2,399,0.91,FALSE
"gaussian_partial_null","gaussian","group:trait","rotation",4,68,3800068,3850068,20,24,2,399,0.23,FALSE
"gaussian_partial_null","gaussian","group:trait","rotation",4,69,3800069,3850069,20,24,2,399,0.44,FALSE
"gaussian_partial_null","gaussian","group:trait","rotation",4,70,3800070,3850070,20,24,2,399,0.0175,TRUE
"gaussian_partial_null","gaussian","group:trait","rotation",4,71,3800071,3850071,20,24,2,399,0.9625,FALSE
"gaussian_partial_null","gaussian","group:trait","rotation",4,72,3800072,3850072,20,24,2,399,0.3225,FALSE
"gaussian_partial_null","gaussian","group:trait","rotation",4,73,3800073,3850073,20,24,2,399,0.3275,FALSE
"gaussian_partial_null","gaussian","group:trait","rotation",4,74,3800074,3850074,20,24,2,399,0.0875,FALSE
"gaussian_partial_null","gaussian","group:trait","rotation",4,75,3800075,3850075,20,24,2,399,0.5175,FALSE
"gaussian_partial_null","gaussian","group:trait","rotation",4,76,3800076,3850076,20,24,2,399,0.845,FALSE
"gaussian_partial_null","gaussian","group:trait","rotation",4,77,3800077,3850077,20,24,2,399,0.8925,FALSE
"gaussian_partial_null","gaussian","group:trait","rotation",4,78,3800078,3850078,20,24,2,399,0.4975,FALSE
"gaussian_partial_null","gaussian","group:trait","rotation",4,79,3800079,3850079,20,24,2,399,0.0475,TRUE
"gaussian_partial_null","gaussian","group:trait","rotation",4,80,3800080,3850080,20,24,2,399,0.79,FALSE
"gaussian_partial_null","gaussian","group:trait","rotation",4,81,3800081,3850081,20,24,2,399,0.4025,FALSE
"gaussian_partial_null","gaussian","group:trait","rotation",4,82,3800082,3850082,20,24,2,399,0.6075,FALSE
"gaussian_partial_null","gaussian","group:trait","rotation",4,83,3800083,3850083,20,24,2,399,0.12,FALSE
"gaussian_partial_null","gaussian","group:trait","rotation",4,84,3800084,3850084,20,24,2,399,0.225,FALSE
"gaussian_partial_null","gaussian","group:trait","rotation",4,85,3800085,3850085,20,24,2,399,0.735,FALSE
"gaussian_partial_null","gaussian","group:trait","rotation",4,86,3800086,3850086,20,24,2,399,0.565,FALSE
"gaussian_partial_null","gaussian","group:trait","rotation",4,87,3800087,3850087,20,24,2,399,0.9325,FALSE
"gaussian_partial_null","gaussian","group:trait","rotation",4,88,3800088,3850088,20,24,2,399,0.735,FALSE
"gaussian_partial_null","gaussian","group:trait","rotation",4,89,3800089,3850089,20,24,2,399,0.1675,FALSE
"gaussian_partial_null","gaussian","group:trait","rotation",4,90,3800090,3850090,20,24,2,399,0.8875,FALSE
"gaussian_partial_null","gaussian","group:trait","rotation",4,91,3800091,3850091,20,24,2,399,0.76,FALSE
"gaussian_partial_null","gaussian","group:trait","rotation",4,92,3800092,3850092,20,24,2,399,0.5275,FALSE
"gaussian_partial_null","gaussian","group:trait","rotation",4,93,3800093,3850093,20,24,2,399,0.3075,FALSE
"gaussian_partial_null","gaussian","group:trait","rotation",4,94,3800094,3850094,20,24,2,399,0.22,FALSE
"gaussian_partial_null","gaussian","group:trait","rotation",4,95,3800095,3850095,20,24,2,399,0.515,FALSE
"gaussian_partial_null","gaussian","group:trait","rotation",4,96,3800096,3850096,20,24,2,399,0.1725,FALSE
"gaussian_partial_null","gaussian","group:trait","rotation",4,97,3800097,3850097,20,24,2,399,0.6175,FALSE
"gaussian_partial_null","gaussian","group:trait","rotation",4,98,3800098,3850098,20,24,2,399,0.8025,FALSE
"gaussian_partial_null","gaussian","group:trait","rotation",4,99,3800099,3850099,20,24,2,399,0.22,FALSE
"gaussian_partial_null","gaussian","group:trait","rotation",4,100,3800100,3850100,20,24,2,399,0.3,FALSE
"gaussian_partial_null","gaussian","group:trait","rotation",5,1,3900001,3950001,20,24,2,399,0.135,FALSE
"gaussian_partial_null","gaussian","group:trait","rotation",5,2,3900002,3950002,20,24,2,399,0.7925,FALSE
"gaussian_partial_null","gaussian","group:trait","rotation",5,3,3900003,3950003,20,24,2,399,0.07,FALSE
"gaussian_partial_null","gaussian","group:trait","rotation",5,4,3900004,3950004,20,24,2,399,0.6975,FALSE
"gaussian_partial_null","gaussian","group:trait","rotation",5,5,3900005,3950005,20,24,2,399,0.61,FALSE
"gaussian_partial_null","gaussian","group:trait","rotation",5,6,3900006,3950006,20,24,2,399,0.7575,FALSE
"gaussian_partial_null","gaussian","group:trait","rotation",5,7,3900007,3950007,20,24,2,399,0.5125,FALSE
"gaussian_partial_null","gaussian","group:trait","rotation",5,8,3900008,3950008,20,24,2,399,0.035,TRUE
"gaussian_partial_null","gaussian","group:trait","rotation",5,9,3900009,3950009,20,24,2,399,0.4725,FALSE
"gaussian_partial_null","gaussian","group:trait","rotation",5,10,3900010,3950010,20,24,2,399,0.3075,FALSE
"gaussian_partial_null","gaussian","group:trait","rotation",5,11,3900011,3950011,20,24,2,399,0.8325,FALSE
"gaussian_partial_null","gaussian","group:trait","rotation",5,12,3900012,3950012,20,24,2,399,0.095,FALSE
"gaussian_partial_null","gaussian","group:trait","rotation",5,13,3900013,3950013,20,24,2,399,0.3725,FALSE
"gaussian_partial_null","gaussian","group:trait","rotation",5,14,3900014,3950014,20,24,2,399,0.795,FALSE
"gaussian_partial_null","gaussian","group:trait","rotation",5,15,3900015,3950015,20,24,2,399,0.255,FALSE
"gaussian_partial_null","gaussian","group:trait","rotation",5,16,3900016,3950016,20,24,2,399,0.6925,FALSE
"gaussian_partial_null","gaussian","group:trait","rotation",5,17,3900017,3950017,20,24,2,399,0.225,FALSE
"gaussian_partial_null","gaussian","group:trait","rotation",5,18,3900018,3950018,20,24,2,399,0.9575,FALSE
"gaussian_partial_null","gaussian","group:trait","rotation",5,19,3900019,3950019,20,24,2,399,0.61,FALSE
"gaussian_partial_null","gaussian","group:trait","rotation",5,20,3900020,3950020,20,24,2,399,0.975,FALSE
"gaussian_partial_null","gaussian","group:trait","rotation",5,21,3900021,3950021,20,24,2,399,0.735,FALSE
"gaussian_partial_null","gaussian","group:trait","rotation",5,22,3900022,3950022,20,24,2,399,0.7125,FALSE
"gaussian_partial_null","gaussian","group:trait","rotation",5,23,3900023,3950023,20,24,2,399,0.7275,FALSE
"gaussian_partial_null","gaussian","group:trait","rotation",5,24,3900024,3950024,20,24,2,399,0.48,FALSE
"gaussian_partial_null","gaussian","group:trait","rotation",5,25,3900025,3950025,20,24,2,399,0.82,FALSE
"gaussian_partial_null","gaussian","group:trait","rotation",5,26,3900026,3950026,20,24,2,399,0.9375,FALSE
"gaussian_partial_null","gaussian","group:trait","rotation",5,27,3900027,3950027,20,24,2,399,0.31,FALSE
"gaussian_partial_null","gaussian","group:trait","rotation",5,28,3900028,3950028,20,24,2,399,0.6425,FALSE
"gaussian_partial_null","gaussian","group:trait","rotation",5,29,3900029,3950029,20,24,2,399,0.7475,FALSE
"gaussian_partial_null","gaussian","group:trait","rotation",5,30,3900030,3950030,20,24,2,399,0.115,FALSE
"gaussian_partial_null","gaussian","group:trait","rotation",5,31,3900031,3950031,20,24,2,399,0.705,FALSE
"gaussian_partial_null","gaussian","group:trait","rotation",5,32,3900032,3950032,20,24,2,399,0.1625,FALSE
"gaussian_partial_null","gaussian","group:trait","rotation",5,33,3900033,3950033,20,24,2,399,0.965,FALSE
"gaussian_partial_null","gaussian","group:trait","rotation",5,34,3900034,3950034,20,24,2,399,0.365,FALSE
"gaussian_partial_null","gaussian","group:trait","rotation",5,35,3900035,3950035,20,24,2,399,0.75,FALSE
"gaussian_partial_null","gaussian","group:trait","rotation",5,36,3900036,3950036,20,24,2,399,0.8725,FALSE
"gaussian_partial_null","gaussian","group:trait","rotation",5,37,3900037,3950037,20,24,2,399,0.3725,FALSE
"gaussian_partial_null","gaussian","group:trait","rotation",5,38,3900038,3950038,20,24,2,399,0.37,FALSE
"gaussian_partial_null","gaussian","group:trait","rotation",5,39,3900039,3950039,20,24,2,399,0.765,FALSE
"gaussian_partial_null","gaussian","group:trait","rotation",5,40,3900040,3950040,20,24,2,399,0.9175,FALSE
"gaussian_partial_null","gaussian","group:trait","rotation",5,41,3900041,3950041,20,24,2,399,0.0975,FALSE
"gaussian_partial_null","gaussian","group:trait","rotation",5,42,3900042,3950042,20,24,2,399,0.7975,FALSE
"gaussian_partial_null","gaussian","group:trait","rotation",5,43,3900043,3950043,20,24,2,399,0.295,FALSE
"gaussian_partial_null","gaussian","group:trait","rotation",5,44,3900044,3950044,20,24,2,399,0.2725,FALSE
"gaussian_partial_null","gaussian","group:trait","rotation",5,45,3900045,3950045,20,24,2,399,0.0375,TRUE
"gaussian_partial_null","gaussian","group:trait","rotation",5,46,3900046,3950046,20,24,2,399,0.2975,FALSE
"gaussian_partial_null","gaussian","group:trait","rotation",5,47,3900047,3950047,20,24,2,399,0.8475,FALSE
"gaussian_partial_null","gaussian","group:trait","rotation",5,48,3900048,3950048,20,24,2,399,0.915,FALSE
"gaussian_partial_null","gaussian","group:trait","rotation",5,49,3900049,3950049,20,24,2,399,0.835,FALSE
"gaussian_partial_null","gaussian","group:trait","rotation",5,50,3900050,3950050,20,24,2,399,0.795,FALSE
"gaussian_partial_null","gaussian","group:trait","rotation",5,51,3900051,3950051,20,24,2,399,0.99,FALSE
"gaussian_partial_null","gaussian","group:trait","rotation",5,52,3900052,3950052,20,24,2,399,0.9175,FALSE
"gaussian_partial_null","gaussian","group:trait","rotation",5,53,3900053,3950053,20,24,2,399,0.6975,FALSE
"gaussian_partial_null","gaussian","group:trait","rotation",5,54,3900054,3950054,20,24,2,399,0.995,FALSE
"gaussian_partial_null","gaussian","group:trait","rotation",5,55,3900055,3950055,20,24,2,399,0.225,FALSE
"gaussian_partial_null","gaussian","group:trait","rotation",5,56,3900056,3950056,20,24,2,399,0.9975,FALSE
"gaussian_partial_null","gaussian","group:trait","rotation",5,57,3900057,3950057,20,24,2,399,0.0025,TRUE
"gaussian_partial_null","gaussian","group:trait","rotation",5,58,3900058,3950058,20,24,2,399,0.0125,TRUE
"gaussian_partial_null","gaussian","group:trait","rotation",5,59,3900059,3950059,20,24,2,399,0.1275,FALSE
"gaussian_partial_null","gaussian","group:trait","rotation",5,60,3900060,3950060,20,24,2,399,0.045,TRUE
"gaussian_partial_null","gaussian","group:trait","rotation",5,61,3900061,3950061,20,24,2,399,0.7125,FALSE
"gaussian_partial_null","gaussian","group:trait","rotation",5,62,3900062,3950062,20,24,2,399,0.9125,FALSE
"gaussian_partial_null","gaussian","group:trait","rotation",5,63,3900063,3950063,20,24,2,399,0.54,FALSE
"gaussian_partial_null","gaussian","group:trait","rotation",5,64,3900064,3950064,20,24,2,399,0.6,FALSE
"gaussian_partial_null","gaussian","group:trait","rotation",5,65,3900065,3950065,20,24,2,399,0.5025,FALSE
"gaussian_partial_null","gaussian","group:trait","rotation",5,66,3900066,3950066,20,24,2,399,0.0125,TRUE
"gaussian_partial_null","gaussian","group:trait","rotation",5,67,3900067,3950067,20,24,2,399,0.9325,FALSE
"gaussian_partial_null","gaussian","group:trait","rotation",5,68,3900068,3950068,20,24,2,399,0.75,FALSE
"gaussian_partial_null","gaussian","group:trait","rotation",5,69,3900069,3950069,20,24,2,399,0.225,FALSE
"gaussian_partial_null","gaussian","group:trait","rotation",5,70,3900070,3950070,20,24,2,399,0.6075,FALSE
"gaussian_partial_null","gaussian","group:trait","rotation",5,71,3900071,3950071,20,24,2,399,0.39,FALSE
"gaussian_partial_null","gaussian","group:trait","rotation",5,72,3900072,3950072,20,24,2,399,0.725,FALSE
"gaussian_partial_null","gaussian","group:trait","rotation",5,73,3900073,3950073,20,24,2,399,0.1675,FALSE
"gaussian_partial_null","gaussian","group:trait","rotation",5,74,3900074,3950074,20,24,2,399,0.665,FALSE
"gaussian_partial_null","gaussian","group:trait","rotation",5,75,3900075,3950075,20,24,2,399,0.67,FALSE
"gaussian_partial_null","gaussian","group:trait","rotation",5,76,3900076,3950076,20,24,2,399,0.6225,FALSE
"gaussian_partial_null","gaussian","group:trait","rotation",5,77,3900077,3950077,20,24,2,399,0.805,FALSE
"gaussian_partial_null","gaussian","group:trait","rotation",5,78,3900078,3950078,20,24,2,399,0.2975,FALSE
"gaussian_partial_null","gaussian","group:trait","rotation",5,79,3900079,3950079,20,24,2,399,0.265,FALSE
"gaussian_partial_null","gaussian","group:trait","rotation",5,80,3900080,3950080,20,24,2,399,0.245,FALSE
"gaussian_partial_null","gaussian","group:trait","rotation",5,81,3900081,3950081,20,24,2,399,0.795,FALSE
"gaussian_partial_null","gaussian","group:trait","rotation",5,82,3900082,3950082,20,24,2,399,0.6025,FALSE
"gaussian_partial_null","gaussian","group:trait","rotation",5,83,3900083,3950083,20,24,2,399,0.8575,FALSE
"gaussian_partial_null","gaussian","group:trait","rotation",5,84,3900084,3950084,20,24,2,399,0.2975,FALSE
"gaussian_partial_null","gaussian","group:trait","rotation",5,85,3900085,3950085,20,24,2,399,0.2125,FALSE
"gaussian_partial_null","gaussian","group:trait","rotation",5,86,3900086,3950086,20,24,2,399,0.2575,FALSE
"gaussian_partial_null","gaussian","group:trait","rotation",5,87,3900087,3950087,20,24,2,399,0.7925,FALSE
"gaussian_partial_null","gaussian","group:trait","rotation",5,88,3900088,3950088,20,24,2,399,0.675,FALSE
"gaussian_partial_null","gaussian","group:trait","rotation",5,89,3900089,3950089,20,24,2,399,0.59,FALSE
"gaussian_partial_null","gaussian","group:trait","rotation",5,90,3900090,3950090,20,24,2,399,0.34,FALSE
"gaussian_partial_null","gaussian","group:trait","rotation",5,91,3900091,3950091,20,24,2,399,0.22,FALSE
"gaussian_partial_null","gaussian","group:trait","rotation",5,92,3900092,3950092,20,24,2,399,0.215,FALSE
"gaussian_partial_null","gaussian","group:trait","rotation",5,93,3900093,3950093,20,24,2,399,0.6975,FALSE
"gaussian_partial_null","gaussian","group:trait","rotation",5,94,3900094,3950094,20,24,2,399,0.14,FALSE
"gaussian_partial_null","gaussian","group:trait","rotation",5,95,3900095,3950095,20,24,2,399,0.1825,FALSE
"gaussian_partial_null","gaussian","group:trait","rotation",5,96,3900096,3950096,20,24,2,399,0.605,FALSE
"gaussian_partial_null","gaussian","group:trait","rotation",5,97,3900097,3950097,20,24,2,399,0.7975,FALSE
"gaussian_partial_null","gaussian","group:trait","rotation",5,98,3900098,3950098,20,24,2,399,0.2525,FALSE
"gaussian_partial_null","gaussian","group:trait","rotation",5,99,3900099,3950099,20,24,2,399,0.3125,FALSE
"gaussian_partial_null","gaussian","group:trait","rotation",5,100,3900100,3950100,20,24,2,399,0.9025,FALSE
"t5_global_null","t5","group","rotation",1,1,4100001,4151001,20,24,2,399,0.2475,FALSE
"t5_global_null","t5","trait","rotation",1,1,4100001,4152001,20,24,2,399,0.7275,FALSE
"t5_global_null","t5","group:trait","rotation",1,1,4100001,4153001,20,24,2,399,0.7,FALSE
"t5_global_null","t5","group","rotation",1,2,4100002,4151002,20,24,2,399,0.27,FALSE
"t5_global_null","t5","trait","rotation",1,2,4100002,4152002,20,24,2,399,0.695,FALSE
"t5_global_null","t5","group:trait","rotation",1,2,4100002,4153002,20,24,2,399,0.105,FALSE
"t5_global_null","t5","group","rotation",1,3,4100003,4151003,20,24,2,399,0.5775,FALSE
"t5_global_null","t5","trait","rotation",1,3,4100003,4152003,20,24,2,399,0.275,FALSE
"t5_global_null","t5","group:trait","rotation",1,3,4100003,4153003,20,24,2,399,0.295,FALSE
"t5_global_null","t5","group","rotation",1,4,4100004,4151004,20,24,2,399,0.6875,FALSE
"t5_global_null","t5","trait","rotation",1,4,4100004,4152004,20,24,2,399,0.005,TRUE
"t5_global_null","t5","group:trait","rotation",1,4,4100004,4153004,20,24,2,399,0.02,TRUE
"t5_global_null","t5","group","rotation",1,5,4100005,4151005,20,24,2,399,0.12,FALSE
"t5_global_null","t5","trait","rotation",1,5,4100005,4152005,20,24,2,399,0.8,FALSE
"t5_global_null","t5","group:trait","rotation",1,5,4100005,4153005,20,24,2,399,0.975,FALSE
"t5_global_null","t5","group","rotation",1,6,4100006,4151006,20,24,2,399,0.005,TRUE
"t5_global_null","t5","trait","rotation",1,6,4100006,4152006,20,24,2,399,0.1375,FALSE
"t5_global_null","t5","group:trait","rotation",1,6,4100006,4153006,20,24,2,399,0.21,FALSE
"t5_global_null","t5","group","rotation",1,7,4100007,4151007,20,24,2,399,0.83,FALSE
"t5_global_null","t5","trait","rotation",1,7,4100007,4152007,20,24,2,399,0.695,FALSE
"t5_global_null","t5","group:trait","rotation",1,7,4100007,4153007,20,24,2,399,0.04,TRUE
"t5_global_null","t5","group","rotation",1,8,4100008,4151008,20,24,2,399,0.39,FALSE
"t5_global_null","t5","trait","rotation",1,8,4100008,4152008,20,24,2,399,0.8375,FALSE
"t5_global_null","t5","group:trait","rotation",1,8,4100008,4153008,20,24,2,399,0.7575,FALSE
"t5_global_null","t5","group","rotation",1,9,4100009,4151009,20,24,2,399,0.7975,FALSE
"t5_global_null","t5","trait","rotation",1,9,4100009,4152009,20,24,2,399,0.56,FALSE
"t5_global_null","t5","group:trait","rotation",1,9,4100009,4153009,20,24,2,399,0.565,FALSE
"t5_global_null","t5","group","rotation",1,10,4100010,4151010,20,24,2,399,0.7625,FALSE
"t5_global_null","t5","trait","rotation",1,10,4100010,4152010,20,24,2,399,0.25,FALSE
"t5_global_null","t5","group:trait","rotation",1,10,4100010,4153010,20,24,2,399,0.4975,FALSE
"t5_global_null","t5","group","rotation",1,11,4100011,4151011,20,24,2,399,0.43,FALSE
"t5_global_null","t5","trait","rotation",1,11,4100011,4152011,20,24,2,399,0.45,FALSE
"t5_global_null","t5","group:trait","rotation",1,11,4100011,4153011,20,24,2,399,0.19,FALSE
"t5_global_null","t5","group","rotation",1,12,4100012,4151012,20,24,2,399,0.0175,TRUE
"t5_global_null","t5","trait","rotation",1,12,4100012,4152012,20,24,2,399,0.0025,TRUE
"t5_global_null","t5","group:trait","rotation",1,12,4100012,4153012,20,24,2,399,0.0075,TRUE
"t5_global_null","t5","group","rotation",1,13,4100013,4151013,20,24,2,399,0.1925,FALSE
"t5_global_null","t5","trait","rotation",1,13,4100013,4152013,20,24,2,399,0.5775,FALSE
"t5_global_null","t5","group:trait","rotation",1,13,4100013,4153013,20,24,2,399,0.14,FALSE
"t5_global_null","t5","group","rotation",1,14,4100014,4151014,20,24,2,399,0.2975,FALSE
"t5_global_null","t5","trait","rotation",1,14,4100014,4152014,20,24,2,399,0.64,FALSE
"t5_global_null","t5","group:trait","rotation",1,14,4100014,4153014,20,24,2,399,0.435,FALSE
"t5_global_null","t5","group","rotation",1,15,4100015,4151015,20,24,2,399,0.235,FALSE
"t5_global_null","t5","trait","rotation",1,15,4100015,4152015,20,24,2,399,0.83,FALSE
"t5_global_null","t5","group:trait","rotation",1,15,4100015,4153015,20,24,2,399,0.935,FALSE
"t5_global_null","t5","group","rotation",1,16,4100016,4151016,20,24,2,399,0.9275,FALSE
"t5_global_null","t5","trait","rotation",1,16,4100016,4152016,20,24,2,399,0.135,FALSE
"t5_global_null","t5","group:trait","rotation",1,16,4100016,4153016,20,24,2,399,0.4725,FALSE
"t5_global_null","t5","group","rotation",1,17,4100017,4151017,20,24,2,399,0.065,FALSE
"t5_global_null","t5","trait","rotation",1,17,4100017,4152017,20,24,2,399,0.3225,FALSE
"t5_global_null","t5","group:trait","rotation",1,17,4100017,4153017,20,24,2,399,0.12,FALSE
"t5_global_null","t5","group","rotation",1,18,4100018,4151018,20,24,2,399,0.9675,FALSE
"t5_global_null","t5","trait","rotation",1,18,4100018,4152018,20,24,2,399,0.59,FALSE
"t5_global_null","t5","group:trait","rotation",1,18,4100018,4153018,20,24,2,399,0.7675,FALSE
"t5_global_null","t5","group","rotation",1,19,4100019,4151019,20,24,2,399,0.14,FALSE
"t5_global_null","t5","trait","rotation",1,19,4100019,4152019,20,24,2,399,0.845,FALSE
"t5_global_null","t5","group:trait","rotation",1,19,4100019,4153019,20,24,2,399,0.295,FALSE
"t5_global_null","t5","group","rotation",1,20,4100020,4151020,20,24,2,399,0.5325,FALSE
"t5_global_null","t5","trait","rotation",1,20,4100020,4152020,20,24,2,399,0.085,FALSE
"t5_global_null","t5","group:trait","rotation",1,20,4100020,4153020,20,24,2,399,0.295,FALSE
"t5_global_null","t5","group","rotation",1,21,4100021,4151021,20,24,2,399,0.46,FALSE
"t5_global_null","t5","trait","rotation",1,21,4100021,4152021,20,24,2,399,0.1075,FALSE
"t5_global_null","t5","group:trait","rotation",1,21,4100021,4153021,20,24,2,399,0.51,FALSE
"t5_global_null","t5","group","rotation",1,22,4100022,4151022,20,24,2,399,0.3575,FALSE
"t5_global_null","t5","trait","rotation",1,22,4100022,4152022,20,24,2,399,0.205,FALSE
"t5_global_null","t5","group:trait","rotation",1,22,4100022,4153022,20,24,2,399,0.355,FALSE
"t5_global_null","t5","group","rotation",1,23,4100023,4151023,20,24,2,399,0.7275,FALSE
"t5_global_null","t5","trait","rotation",1,23,4100023,4152023,20,24,2,399,0.0575,FALSE
"t5_global_null","t5","group:trait","rotation",1,23,4100023,4153023,20,24,2,399,0.0475,TRUE
"t5_global_null","t5","group","rotation",1,24,4100024,4151024,20,24,2,399,0.87,FALSE
"t5_global_null","t5","trait","rotation",1,24,4100024,4152024,20,24,2,399,0.9075,FALSE
"t5_global_null","t5","group:trait","rotation",1,24,4100024,4153024,20,24,2,399,0.595,FALSE
"t5_global_null","t5","group","rotation",1,25,4100025,4151025,20,24,2,399,0.295,FALSE
"t5_global_null","t5","trait","rotation",1,25,4100025,4152025,20,24,2,399,0.87,FALSE
"t5_global_null","t5","group:trait","rotation",1,25,4100025,4153025,20,24,2,399,0.5,FALSE
"t5_global_null","t5","group","rotation",1,26,4100026,4151026,20,24,2,399,0.4475,FALSE
"t5_global_null","t5","trait","rotation",1,26,4100026,4152026,20,24,2,399,0.1075,FALSE
"t5_global_null","t5","group:trait","rotation",1,26,4100026,4153026,20,24,2,399,0.34,FALSE
"t5_global_null","t5","group","rotation",1,27,4100027,4151027,20,24,2,399,0.1025,FALSE
"t5_global_null","t5","trait","rotation",1,27,4100027,4152027,20,24,2,399,0.79,FALSE
"t5_global_null","t5","group:trait","rotation",1,27,4100027,4153027,20,24,2,399,0.3225,FALSE
"t5_global_null","t5","group","rotation",1,28,4100028,4151028,20,24,2,399,0.265,FALSE
"t5_global_null","t5","trait","rotation",1,28,4100028,4152028,20,24,2,399,0.0475,TRUE
"t5_global_null","t5","group:trait","rotation",1,28,4100028,4153028,20,24,2,399,0.0225,TRUE
"t5_global_null","t5","group","rotation",1,29,4100029,4151029,20,24,2,399,0.4975,FALSE
"t5_global_null","t5","trait","rotation",1,29,4100029,4152029,20,24,2,399,0.3725,FALSE
"t5_global_null","t5","group:trait","rotation",1,29,4100029,4153029,20,24,2,399,0.1975,FALSE
"t5_global_null","t5","group","rotation",1,30,4100030,4151030,20,24,2,399,0.7275,FALSE
"t5_global_null","t5","trait","rotation",1,30,4100030,4152030,20,24,2,399,0.9375,FALSE
"t5_global_null","t5","group:trait","rotation",1,30,4100030,4153030,20,24,2,399,0.845,FALSE
"t5_global_null","t5","group","rotation",1,31,4100031,4151031,20,24,2,399,0.62,FALSE
"t5_global_null","t5","trait","rotation",1,31,4100031,4152031,20,24,2,399,0.335,FALSE
"t5_global_null","t5","group:trait","rotation",1,31,4100031,4153031,20,24,2,399,0.77,FALSE
"t5_global_null","t5","group","rotation",1,32,4100032,4151032,20,24,2,399,0.7625,FALSE
"t5_global_null","t5","trait","rotation",1,32,4100032,4152032,20,24,2,399,0.7475,FALSE
"t5_global_null","t5","group:trait","rotation",1,32,4100032,4153032,20,24,2,399,0.9775,FALSE
"t5_global_null","t5","group","rotation",1,33,4100033,4151033,20,24,2,399,0.055,FALSE
"t5_global_null","t5","trait","rotation",1,33,4100033,4152033,20,24,2,399,0.0625,FALSE
"t5_global_null","t5","group:trait","rotation",1,33,4100033,4153033,20,24,2,399,0.45,FALSE
"t5_global_null","t5","group","rotation",1,34,4100034,4151034,20,24,2,399,0.5275,FALSE
"t5_global_null","t5","trait","rotation",1,34,4100034,4152034,20,24,2,399,0.7875,FALSE
"t5_global_null","t5","group:trait","rotation",1,34,4100034,4153034,20,24,2,399,0.7075,FALSE
"t5_global_null","t5","group","rotation",1,35,4100035,4151035,20,24,2,399,0.2075,FALSE
"t5_global_null","t5","trait","rotation",1,35,4100035,4152035,20,24,2,399,0.92,FALSE
"t5_global_null","t5","group:trait","rotation",1,35,4100035,4153035,20,24,2,399,0.24,FALSE
"t5_global_null","t5","group","rotation",1,36,4100036,4151036,20,24,2,399,0.84,FALSE
"t5_global_null","t5","trait","rotation",1,36,4100036,4152036,20,24,2,399,0.325,FALSE
"t5_global_null","t5","group:trait","rotation",1,36,4100036,4153036,20,24,2,399,0.4675,FALSE
"t5_global_null","t5","group","rotation",1,37,4100037,4151037,20,24,2,399,0.88,FALSE
"t5_global_null","t5","trait","rotation",1,37,4100037,4152037,20,24,2,399,0.1025,FALSE
"t5_global_null","t5","group:trait","rotation",1,37,4100037,4153037,20,24,2,399,0.155,FALSE
"t5_global_null","t5","group","rotation",1,38,4100038,4151038,20,24,2,399,0.6775,FALSE
"t5_global_null","t5","trait","rotation",1,38,4100038,4152038,20,24,2,399,0.5575,FALSE
"t5_global_null","t5","group:trait","rotation",1,38,4100038,4153038,20,24,2,399,0.375,FALSE
"t5_global_null","t5","group","rotation",1,39,4100039,4151039,20,24,2,399,0.2725,FALSE
"t5_global_null","t5","trait","rotation",1,39,4100039,4152039,20,24,2,399,0.74,FALSE
"t5_global_null","t5","group:trait","rotation",1,39,4100039,4153039,20,24,2,399,0.265,FALSE
"t5_global_null","t5","group","rotation",1,40,4100040,4151040,20,24,2,399,0.55,FALSE
"t5_global_null","t5","trait","rotation",1,40,4100040,4152040,20,24,2,399,0.4475,FALSE
"t5_global_null","t5","group:trait","rotation",1,40,4100040,4153040,20,24,2,399,0.7625,FALSE
"t5_global_null","t5","group","rotation",1,41,4100041,4151041,20,24,2,399,0.415,FALSE
"t5_global_null","t5","trait","rotation",1,41,4100041,4152041,20,24,2,399,0.9825,FALSE
"t5_global_null","t5","group:trait","rotation",1,41,4100041,4153041,20,24,2,399,0.53,FALSE
"t5_global_null","t5","group","rotation",1,42,4100042,4151042,20,24,2,399,0.06,FALSE
"t5_global_null","t5","trait","rotation",1,42,4100042,4152042,20,24,2,399,0.2025,FALSE
"t5_global_null","t5","group:trait","rotation",1,42,4100042,4153042,20,24,2,399,0.3325,FALSE
"t5_global_null","t5","group","rotation",1,43,4100043,4151043,20,24,2,399,0.85,FALSE
"t5_global_null","t5","trait","rotation",1,43,4100043,4152043,20,24,2,399,0.3075,FALSE
"t5_global_null","t5","group:trait","rotation",1,43,4100043,4153043,20,24,2,399,0.4025,FALSE
"t5_global_null","t5","group","rotation",1,44,4100044,4151044,20,24,2,399,0.2375,FALSE
"t5_global_null","t5","trait","rotation",1,44,4100044,4152044,20,24,2,399,0.145,FALSE
"t5_global_null","t5","group:trait","rotation",1,44,4100044,4153044,20,24,2,399,0.2625,FALSE
"t5_global_null","t5","group","rotation",1,45,4100045,4151045,20,24,2,399,0.675,FALSE
"t5_global_null","t5","trait","rotation",1,45,4100045,4152045,20,24,2,399,0.65,FALSE
"t5_global_null","t5","group:trait","rotation",1,45,4100045,4153045,20,24,2,399,0.285,FALSE
"t5_global_null","t5","group","rotation",1,46,4100046,4151046,20,24,2,399,0.8675,FALSE
"t5_global_null","t5","trait","rotation",1,46,4100046,4152046,20,24,2,399,0.4175,FALSE
"t5_global_null","t5","group:trait","rotation",1,46,4100046,4153046,20,24,2,399,0.3275,FALSE
"t5_global_null","t5","group","rotation",1,47,4100047,4151047,20,24,2,399,0.91,FALSE
"t5_global_null","t5","trait","rotation",1,47,4100047,4152047,20,24,2,399,0.965,FALSE
"t5_global_null","t5","group:trait","rotation",1,47,4100047,4153047,20,24,2,399,0.775,FALSE
"t5_global_null","t5","group","rotation",1,48,4100048,4151048,20,24,2,399,0.915,FALSE
"t5_global_null","t5","trait","rotation",1,48,4100048,4152048,20,24,2,399,0.18,FALSE
"t5_global_null","t5","group:trait","rotation",1,48,4100048,4153048,20,24,2,399,0.1925,FALSE
"t5_global_null","t5","group","rotation",1,49,4100049,4151049,20,24,2,399,0.495,FALSE
"t5_global_null","t5","trait","rotation",1,49,4100049,4152049,20,24,2,399,0.84,FALSE
"t5_global_null","t5","group:trait","rotation",1,49,4100049,4153049,20,24,2,399,0.8575,FALSE
"t5_global_null","t5","group","rotation",1,50,4100050,4151050,20,24,2,399,0.645,FALSE
"t5_global_null","t5","trait","rotation",1,50,4100050,4152050,20,24,2,399,0.0875,FALSE
"t5_global_null","t5","group:trait","rotation",1,50,4100050,4153050,20,24,2,399,0.625,FALSE
"t5_global_null","t5","group","rotation",1,51,4100051,4151051,20,24,2,399,0.87,FALSE
"t5_global_null","t5","trait","rotation",1,51,4100051,4152051,20,24,2,399,0.1125,FALSE
"t5_global_null","t5","group:trait","rotation",1,51,4100051,4153051,20,24,2,399,0.3975,FALSE
"t5_global_null","t5","group","rotation",1,52,4100052,4151052,20,24,2,399,0.0925,FALSE
"t5_global_null","t5","trait","rotation",1,52,4100052,4152052,20,24,2,399,0.19,FALSE
"t5_global_null","t5","group:trait","rotation",1,52,4100052,4153052,20,24,2,399,0.925,FALSE
"t5_global_null","t5","group","rotation",1,53,4100053,4151053,20,24,2,399,0.625,FALSE
"t5_global_null","t5","trait","rotation",1,53,4100053,4152053,20,24,2,399,0.6525,FALSE
"t5_global_null","t5","group:trait","rotation",1,53,4100053,4153053,20,24,2,399,0.6,FALSE
"t5_global_null","t5","group","rotation",1,54,4100054,4151054,20,24,2,399,0.0775,FALSE
"t5_global_null","t5","trait","rotation",1,54,4100054,4152054,20,24,2,399,0.54,FALSE
"t5_global_null","t5","group:trait","rotation",1,54,4100054,4153054,20,24,2,399,0.25,FALSE
"t5_global_null","t5","group","rotation",1,55,4100055,4151055,20,24,2,399,0.6675,FALSE
"t5_global_null","t5","trait","rotation",1,55,4100055,4152055,20,24,2,399,0.5125,FALSE
"t5_global_null","t5","group:trait","rotation",1,55,4100055,4153055,20,24,2,399,0.6875,FALSE
"t5_global_null","t5","group","rotation",1,56,4100056,4151056,20,24,2,399,0.295,FALSE
"t5_global_null","t5","trait","rotation",1,56,4100056,4152056,20,24,2,399,0.9675,FALSE
"t5_global_null","t5","group:trait","rotation",1,56,4100056,4153056,20,24,2,399,0.945,FALSE
"t5_global_null","t5","group","rotation",1,57,4100057,4151057,20,24,2,399,0.9025,FALSE
"t5_global_null","t5","trait","rotation",1,57,4100057,4152057,20,24,2,399,0.515,FALSE
"t5_global_null","t5","group:trait","rotation",1,57,4100057,4153057,20,24,2,399,0.8025,FALSE
"t5_global_null","t5","group","rotation",1,58,4100058,4151058,20,24,2,399,0.2825,FALSE
"t5_global_null","t5","trait","rotation",1,58,4100058,4152058,20,24,2,399,0.5575,FALSE
"t5_global_null","t5","group:trait","rotation",1,58,4100058,4153058,20,24,2,399,0.41,FALSE
"t5_global_null","t5","group","rotation",1,59,4100059,4151059,20,24,2,399,0.87,FALSE
"t5_global_null","t5","trait","rotation",1,59,4100059,4152059,20,24,2,399,0.9425,FALSE
"t5_global_null","t5","group:trait","rotation",1,59,4100059,4153059,20,24,2,399,0.98,FALSE
"t5_global_null","t5","group","rotation",1,60,4100060,4151060,20,24,2,399,0.03,TRUE
"t5_global_null","t5","trait","rotation",1,60,4100060,4152060,20,24,2,399,0.3175,FALSE
"t5_global_null","t5","group:trait","rotation",1,60,4100060,4153060,20,24,2,399,0.495,FALSE
"t5_global_null","t5","group","rotation",1,61,4100061,4151061,20,24,2,399,0.47,FALSE
"t5_global_null","t5","trait","rotation",1,61,4100061,4152061,20,24,2,399,0.6825,FALSE
"t5_global_null","t5","group:trait","rotation",1,61,4100061,4153061,20,24,2,399,0.31,FALSE
"t5_global_null","t5","group","rotation",1,62,4100062,4151062,20,24,2,399,0.675,FALSE
"t5_global_null","t5","trait","rotation",1,62,4100062,4152062,20,24,2,399,0.2025,FALSE
"t5_global_null","t5","group:trait","rotation",1,62,4100062,4153062,20,24,2,399,0.2925,FALSE
"t5_global_null","t5","group","rotation",1,63,4100063,4151063,20,24,2,399,0.53,FALSE
"t5_global_null","t5","trait","rotation",1,63,4100063,4152063,20,24,2,399,0.535,FALSE
"t5_global_null","t5","group:trait","rotation",1,63,4100063,4153063,20,24,2,399,0.7175,FALSE
"t5_global_null","t5","group","rotation",1,64,4100064,4151064,20,24,2,399,0.8575,FALSE
"t5_global_null","t5","trait","rotation",1,64,4100064,4152064,20,24,2,399,0.0675,FALSE
"t5_global_null","t5","group:trait","rotation",1,64,4100064,4153064,20,24,2,399,0.0675,FALSE
"t5_global_null","t5","group","rotation",1,65,4100065,4151065,20,24,2,399,0.2,FALSE
"t5_global_null","t5","trait","rotation",1,65,4100065,4152065,20,24,2,399,0.4275,FALSE
"t5_global_null","t5","group:trait","rotation",1,65,4100065,4153065,20,24,2,399,0.6175,FALSE
"t5_global_null","t5","group","rotation",1,66,4100066,4151066,20,24,2,399,0.5175,FALSE
"t5_global_null","t5","trait","rotation",1,66,4100066,4152066,20,24,2,399,0.68,FALSE
"t5_global_null","t5","group:trait","rotation",1,66,4100066,4153066,20,24,2,399,0.8325,FALSE
"t5_global_null","t5","group","rotation",1,67,4100067,4151067,20,24,2,399,0.845,FALSE
"t5_global_null","t5","trait","rotation",1,67,4100067,4152067,20,24,2,399,0.775,FALSE
"t5_global_null","t5","group:trait","rotation",1,67,4100067,4153067,20,24,2,399,0.3475,FALSE
"t5_global_null","t5","group","rotation",1,68,4100068,4151068,20,24,2,399,0.75,FALSE
"t5_global_null","t5","trait","rotation",1,68,4100068,4152068,20,24,2,399,0.975,FALSE
"t5_global_null","t5","group:trait","rotation",1,68,4100068,4153068,20,24,2,399,0.185,FALSE
"t5_global_null","t5","group","rotation",1,69,4100069,4151069,20,24,2,399,0.52,FALSE
"t5_global_null","t5","trait","rotation",1,69,4100069,4152069,20,24,2,399,0.805,FALSE
"t5_global_null","t5","group:trait","rotation",1,69,4100069,4153069,20,24,2,399,0.9025,FALSE
"t5_global_null","t5","group","rotation",1,70,4100070,4151070,20,24,2,399,0.455,FALSE
"t5_global_null","t5","trait","rotation",1,70,4100070,4152070,20,24,2,399,0.915,FALSE
"t5_global_null","t5","group:trait","rotation",1,70,4100070,4153070,20,24,2,399,0.5775,FALSE
"t5_global_null","t5","group","rotation",1,71,4100071,4151071,20,24,2,399,0.885,FALSE
"t5_global_null","t5","trait","rotation",1,71,4100071,4152071,20,24,2,399,0.8775,FALSE
"t5_global_null","t5","group:trait","rotation",1,71,4100071,4153071,20,24,2,399,0.8625,FALSE
"t5_global_null","t5","group","rotation",1,72,4100072,4151072,20,24,2,399,0.4575,FALSE
"t5_global_null","t5","trait","rotation",1,72,4100072,4152072,20,24,2,399,0.04,TRUE
"t5_global_null","t5","group:trait","rotation",1,72,4100072,4153072,20,24,2,399,0.0175,TRUE
"t5_global_null","t5","group","rotation",1,73,4100073,4151073,20,24,2,399,0.38,FALSE
"t5_global_null","t5","trait","rotation",1,73,4100073,4152073,20,24,2,399,0.3575,FALSE
"t5_global_null","t5","group:trait","rotation",1,73,4100073,4153073,20,24,2,399,0.22,FALSE
"t5_global_null","t5","group","rotation",1,74,4100074,4151074,20,24,2,399,0.1325,FALSE
"t5_global_null","t5","trait","rotation",1,74,4100074,4152074,20,24,2,399,0.905,FALSE
"t5_global_null","t5","group:trait","rotation",1,74,4100074,4153074,20,24,2,399,0.4325,FALSE
"t5_global_null","t5","group","rotation",1,75,4100075,4151075,20,24,2,399,0.405,FALSE
"t5_global_null","t5","trait","rotation",1,75,4100075,4152075,20,24,2,399,0.1475,FALSE
"t5_global_null","t5","group:trait","rotation",1,75,4100075,4153075,20,24,2,399,0.1375,FALSE
"t5_global_null","t5","group","rotation",1,76,4100076,4151076,20,24,2,399,0.675,FALSE
"t5_global_null","t5","trait","rotation",1,76,4100076,4152076,20,24,2,399,0.285,FALSE
"t5_global_null","t5","group:trait","rotation",1,76,4100076,4153076,20,24,2,399,0.68,FALSE
"t5_global_null","t5","group","rotation",1,77,4100077,4151077,20,24,2,399,0.7275,FALSE
"t5_global_null","t5","trait","rotation",1,77,4100077,4152077,20,24,2,399,0.5175,FALSE
"t5_global_null","t5","group:trait","rotation",1,77,4100077,4153077,20,24,2,399,0.395,FALSE
"t5_global_null","t5","group","rotation",1,78,4100078,4151078,20,24,2,399,0.4075,FALSE
"t5_global_null","t5","trait","rotation",1,78,4100078,4152078,20,24,2,399,0.055,FALSE
"t5_global_null","t5","group:trait","rotation",1,78,4100078,4153078,20,24,2,399,0.1325,FALSE
"t5_global_null","t5","group","rotation",1,79,4100079,4151079,20,24,2,399,0.3775,FALSE
"t5_global_null","t5","trait","rotation",1,79,4100079,4152079,20,24,2,399,0.4325,FALSE
"t5_global_null","t5","group:trait","rotation",1,79,4100079,4153079,20,24,2,399,0.915,FALSE
"t5_global_null","t5","group","rotation",1,80,4100080,4151080,20,24,2,399,0.335,FALSE
"t5_global_null","t5","trait","rotation",1,80,4100080,4152080,20,24,2,399,0.5825,FALSE
"t5_global_null","t5","group:trait","rotation",1,80,4100080,4153080,20,24,2,399,0.545,FALSE
"t5_global_null","t5","group","rotation",1,81,4100081,4151081,20,24,2,399,0.2775,FALSE
"t5_global_null","t5","trait","rotation",1,81,4100081,4152081,20,24,2,399,0.8,FALSE
"t5_global_null","t5","group:trait","rotation",1,81,4100081,4153081,20,24,2,399,0.47,FALSE
"t5_global_null","t5","group","rotation",1,82,4100082,4151082,20,24,2,399,0.8675,FALSE
"t5_global_null","t5","trait","rotation",1,82,4100082,4152082,20,24,2,399,0.24,FALSE
"t5_global_null","t5","group:trait","rotation",1,82,4100082,4153082,20,24,2,399,0.275,FALSE
"t5_global_null","t5","group","rotation",1,83,4100083,4151083,20,24,2,399,0.1475,FALSE
"t5_global_null","t5","trait","rotation",1,83,4100083,4152083,20,24,2,399,0.71,FALSE
"t5_global_null","t5","group:trait","rotation",1,83,4100083,4153083,20,24,2,399,0.6575,FALSE
"t5_global_null","t5","group","rotation",1,84,4100084,4151084,20,24,2,399,0.52,FALSE
"t5_global_null","t5","trait","rotation",1,84,4100084,4152084,20,24,2,399,0.2525,FALSE
"t5_global_null","t5","group:trait","rotation",1,84,4100084,4153084,20,24,2,399,0.5425,FALSE
"t5_global_null","t5","group","rotation",1,85,4100085,4151085,20,24,2,399,0.1625,FALSE
"t5_global_null","t5","trait","rotation",1,85,4100085,4152085,20,24,2,399,0.3725,FALSE
"t5_global_null","t5","group:trait","rotation",1,85,4100085,4153085,20,24,2,399,0.85,FALSE
"t5_global_null","t5","group","rotation",1,86,4100086,4151086,20,24,2,399,0.0225,TRUE
"t5_global_null","t5","trait","rotation",1,86,4100086,4152086,20,24,2,399,0.905,FALSE
"t5_global_null","t5","group:trait","rotation",1,86,4100086,4153086,20,24,2,399,0.9125,FALSE
"t5_global_null","t5","group","rotation",1,87,4100087,4151087,20,24,2,399,0.8725,FALSE
"t5_global_null","t5","trait","rotation",1,87,4100087,4152087,20,24,2,399,0.755,FALSE
"t5_global_null","t5","group:trait","rotation",1,87,4100087,4153087,20,24,2,399,0.455,FALSE
"t5_global_null","t5","group","rotation",1,88,4100088,4151088,20,24,2,399,0.115,FALSE
"t5_global_null","t5","trait","rotation",1,88,4100088,4152088,20,24,2,399,0.66,FALSE
"t5_global_null","t5","group:trait","rotation",1,88,4100088,4153088,20,24,2,399,0.58,FALSE
"t5_global_null","t5","group","rotation",1,89,4100089,4151089,20,24,2,399,0.185,FALSE
"t5_global_null","t5","trait","rotation",1,89,4100089,4152089,20,24,2,399,0.385,FALSE
"t5_global_null","t5","group:trait","rotation",1,89,4100089,4153089,20,24,2,399,0.3275,FALSE
"t5_global_null","t5","group","rotation",1,90,4100090,4151090,20,24,2,399,0.69,FALSE
"t5_global_null","t5","trait","rotation",1,90,4100090,4152090,20,24,2,399,0.805,FALSE
"t5_global_null","t5","group:trait","rotation",1,90,4100090,4153090,20,24,2,399,0.5,FALSE
"t5_global_null","t5","group","rotation",1,91,4100091,4151091,20,24,2,399,0.5275,FALSE
"t5_global_null","t5","trait","rotation",1,91,4100091,4152091,20,24,2,399,0.62,FALSE
"t5_global_null","t5","group:trait","rotation",1,91,4100091,4153091,20,24,2,399,0.3775,FALSE
"t5_global_null","t5","group","rotation",1,92,4100092,4151092,20,24,2,399,0.3325,FALSE
"t5_global_null","t5","trait","rotation",1,92,4100092,4152092,20,24,2,399,0.15,FALSE
"t5_global_null","t5","group:trait","rotation",1,92,4100092,4153092,20,24,2,399,0.2275,FALSE
"t5_global_null","t5","group","rotation",1,93,4100093,4151093,20,24,2,399,0.3275,FALSE
"t5_global_null","t5","trait","rotation",1,93,4100093,4152093,20,24,2,399,0.8325,FALSE
"t5_global_null","t5","group:trait","rotation",1,93,4100093,4153093,20,24,2,399,0.7575,FALSE
"t5_global_null","t5","group","rotation",1,94,4100094,4151094,20,24,2,399,0.2225,FALSE
"t5_global_null","t5","trait","rotation",1,94,4100094,4152094,20,24,2,399,0.5475,FALSE
"t5_global_null","t5","group:trait","rotation",1,94,4100094,4153094,20,24,2,399,0.855,FALSE
"t5_global_null","t5","group","rotation",1,95,4100095,4151095,20,24,2,399,0.7,FALSE
"t5_global_null","t5","trait","rotation",1,95,4100095,4152095,20,24,2,399,0.35,FALSE
"t5_global_null","t5","group:trait","rotation",1,95,4100095,4153095,20,24,2,399,0.4425,FALSE
"t5_global_null","t5","group","rotation",1,96,4100096,4151096,20,24,2,399,0.5075,FALSE
"t5_global_null","t5","trait","rotation",1,96,4100096,4152096,20,24,2,399,0.33,FALSE
"t5_global_null","t5","group:trait","rotation",1,96,4100096,4153096,20,24,2,399,0.74,FALSE
"t5_global_null","t5","group","rotation",1,97,4100097,4151097,20,24,2,399,0.64,FALSE
"t5_global_null","t5","trait","rotation",1,97,4100097,4152097,20,24,2,399,0.3675,FALSE
"t5_global_null","t5","group:trait","rotation",1,97,4100097,4153097,20,24,2,399,0.21,FALSE
"t5_global_null","t5","group","rotation",1,98,4100098,4151098,20,24,2,399,0.275,FALSE
"t5_global_null","t5","trait","rotation",1,98,4100098,4152098,20,24,2,399,0.94,FALSE
"t5_global_null","t5","group:trait","rotation",1,98,4100098,4153098,20,24,2,399,0.945,FALSE
"t5_global_null","t5","group","rotation",1,99,4100099,4151099,20,24,2,399,0.225,FALSE
"t5_global_null","t5","trait","rotation",1,99,4100099,4152099,20,24,2,399,0.3275,FALSE
"t5_global_null","t5","group:trait","rotation",1,99,4100099,4153099,20,24,2,399,0.325,FALSE
"t5_global_null","t5","group","rotation",1,100,4100100,4151100,20,24,2,399,0.6425,FALSE
"t5_global_null","t5","trait","rotation",1,100,4100100,4152100,20,24,2,399,0.94,FALSE
"t5_global_null","t5","group:trait","rotation",1,100,4100100,4153100,20,24,2,399,0.42,FALSE
"t5_global_null","t5","group","rotation",2,1,4200001,4251001,20,24,2,399,0.2675,FALSE
"t5_global_null","t5","trait","rotation",2,1,4200001,4252001,20,24,2,399,0.3725,FALSE
"t5_global_null","t5","group:trait","rotation",2,1,4200001,4253001,20,24,2,399,0.275,FALSE
"t5_global_null","t5","group","rotation",2,2,4200002,4251002,20,24,2,399,0.8675,FALSE
"t5_global_null","t5","trait","rotation",2,2,4200002,4252002,20,24,2,399,0.915,FALSE
"t5_global_null","t5","group:trait","rotation",2,2,4200002,4253002,20,24,2,399,0.5575,FALSE
"t5_global_null","t5","group","rotation",2,3,4200003,4251003,20,24,2,399,0.6325,FALSE
"t5_global_null","t5","trait","rotation",2,3,4200003,4252003,20,24,2,399,0.585,FALSE
"t5_global_null","t5","group:trait","rotation",2,3,4200003,4253003,20,24,2,399,0.845,FALSE
"t5_global_null","t5","group","rotation",2,4,4200004,4251004,20,24,2,399,0.6675,FALSE
"t5_global_null","t5","trait","rotation",2,4,4200004,4252004,20,24,2,399,0.4625,FALSE
"t5_global_null","t5","group:trait","rotation",2,4,4200004,4253004,20,24,2,399,0.75,FALSE
"t5_global_null","t5","group","rotation",2,5,4200005,4251005,20,24,2,399,0.93,FALSE
"t5_global_null","t5","trait","rotation",2,5,4200005,4252005,20,24,2,399,0.3325,FALSE
"t5_global_null","t5","group:trait","rotation",2,5,4200005,4253005,20,24,2,399,0.25,FALSE
"t5_global_null","t5","group","rotation",2,6,4200006,4251006,20,24,2,399,0.4725,FALSE
"t5_global_null","t5","trait","rotation",2,6,4200006,4252006,20,24,2,399,0.68,FALSE
"t5_global_null","t5","group:trait","rotation",2,6,4200006,4253006,20,24,2,399,0.9925,FALSE
"t5_global_null","t5","group","rotation",2,7,4200007,4251007,20,24,2,399,0.6,FALSE
"t5_global_null","t5","trait","rotation",2,7,4200007,4252007,20,24,2,399,0.87,FALSE
"t5_global_null","t5","group:trait","rotation",2,7,4200007,4253007,20,24,2,399,0.545,FALSE
"t5_global_null","t5","group","rotation",2,8,4200008,4251008,20,24,2,399,0.1675,FALSE
"t5_global_null","t5","trait","rotation",2,8,4200008,4252008,20,24,2,399,0.365,FALSE
"t5_global_null","t5","group:trait","rotation",2,8,4200008,4253008,20,24,2,399,0.0625,FALSE
"t5_global_null","t5","group","rotation",2,9,4200009,4251009,20,24,2,399,0.2925,FALSE
"t5_global_null","t5","trait","rotation",2,9,4200009,4252009,20,24,2,399,0.5325,FALSE
"t5_global_null","t5","group:trait","rotation",2,9,4200009,4253009,20,24,2,399,0.865,FALSE
"t5_global_null","t5","group","rotation",2,10,4200010,4251010,20,24,2,399,0.9325,FALSE
"t5_global_null","t5","trait","rotation",2,10,4200010,4252010,20,24,2,399,0.3075,FALSE
"t5_global_null","t5","group:trait","rotation",2,10,4200010,4253010,20,24,2,399,0.43,FALSE
"t5_global_null","t5","group","rotation",2,11,4200011,4251011,20,24,2,399,0.8425,FALSE
"t5_global_null","t5","trait","rotation",2,11,4200011,4252011,20,24,2,399,0.7375,FALSE
"t5_global_null","t5","group:trait","rotation",2,11,4200011,4253011,20,24,2,399,0.7825,FALSE
"t5_global_null","t5","group","rotation",2,12,4200012,4251012,20,24,2,399,0.0975,FALSE
"t5_global_null","t5","trait","rotation",2,12,4200012,4252012,20,24,2,399,0.695,FALSE
"t5_global_null","t5","group:trait","rotation",2,12,4200012,4253012,20,24,2,399,0.445,FALSE
"t5_global_null","t5","group","rotation",2,13,4200013,4251013,20,24,2,399,0.61,FALSE
"t5_global_null","t5","trait","rotation",2,13,4200013,4252013,20,24,2,399,0.795,FALSE
"t5_global_null","t5","group:trait","rotation",2,13,4200013,4253013,20,24,2,399,0.5925,FALSE
"t5_global_null","t5","group","rotation",2,14,4200014,4251014,20,24,2,399,0.785,FALSE
"t5_global_null","t5","trait","rotation",2,14,4200014,4252014,20,24,2,399,0.1125,FALSE
"t5_global_null","t5","group:trait","rotation",2,14,4200014,4253014,20,24,2,399,0.3375,FALSE
"t5_global_null","t5","group","rotation",2,15,4200015,4251015,20,24,2,399,0.2975,FALSE
"t5_global_null","t5","trait","rotation",2,15,4200015,4252015,20,24,2,399,0.9775,FALSE
"t5_global_null","t5","group:trait","rotation",2,15,4200015,4253015,20,24,2,399,0.7125,FALSE
"t5_global_null","t5","group","rotation",2,16,4200016,4251016,20,24,2,399,0.3975,FALSE
"t5_global_null","t5","trait","rotation",2,16,4200016,4252016,20,24,2,399,0.6175,FALSE
"t5_global_null","t5","group:trait","rotation",2,16,4200016,4253016,20,24,2,399,0.73,FALSE
"t5_global_null","t5","group","rotation",2,17,4200017,4251017,20,24,2,399,0.1775,FALSE
"t5_global_null","t5","trait","rotation",2,17,4200017,4252017,20,24,2,399,0.1225,FALSE
"t5_global_null","t5","group:trait","rotation",2,17,4200017,4253017,20,24,2,399,0.0775,FALSE
"t5_global_null","t5","group","rotation",2,18,4200018,4251018,20,24,2,399,0.5225,FALSE
"t5_global_null","t5","trait","rotation",2,18,4200018,4252018,20,24,2,399,0.1975,FALSE
"t5_global_null","t5","group:trait","rotation",2,18,4200018,4253018,20,24,2,399,0.5775,FALSE
"t5_global_null","t5","group","rotation",2,19,4200019,4251019,20,24,2,399,0.0525,FALSE
"t5_global_null","t5","trait","rotation",2,19,4200019,4252019,20,24,2,399,0.5075,FALSE
"t5_global_null","t5","group:trait","rotation",2,19,4200019,4253019,20,24,2,399,0.03,TRUE
"t5_global_null","t5","group","rotation",2,20,4200020,4251020,20,24,2,399,0.5475,FALSE
"t5_global_null","t5","trait","rotation",2,20,4200020,4252020,20,24,2,399,0.55,FALSE
"t5_global_null","t5","group:trait","rotation",2,20,4200020,4253020,20,24,2,399,0.395,FALSE
"t5_global_null","t5","group","rotation",2,21,4200021,4251021,20,24,2,399,0.01,TRUE
"t5_global_null","t5","trait","rotation",2,21,4200021,4252021,20,24,2,399,0.6675,FALSE
"t5_global_null","t5","group:trait","rotation",2,21,4200021,4253021,20,24,2,399,0.5175,FALSE
"t5_global_null","t5","group","rotation",2,22,4200022,4251022,20,24,2,399,0.565,FALSE
"t5_global_null","t5","trait","rotation",2,22,4200022,4252022,20,24,2,399,0.195,FALSE
"t5_global_null","t5","group:trait","rotation",2,22,4200022,4253022,20,24,2,399,0.1675,FALSE
"t5_global_null","t5","group","rotation",2,23,4200023,4251023,20,24,2,399,0.1575,FALSE
"t5_global_null","t5","trait","rotation",2,23,4200023,4252023,20,24,2,399,0.74,FALSE
"t5_global_null","t5","group:trait","rotation",2,23,4200023,4253023,20,24,2,399,0.5925,FALSE
"t5_global_null","t5","group","rotation",2,24,4200024,4251024,20,24,2,399,0.5275,FALSE
"t5_global_null","t5","trait","rotation",2,24,4200024,4252024,20,24,2,399,0.2875,FALSE
"t5_global_null","t5","group:trait","rotation",2,24,4200024,4253024,20,24,2,399,0.15,FALSE
"t5_global_null","t5","group","rotation",2,25,4200025,4251025,20,24,2,399,0.52,FALSE
"t5_global_null","t5","trait","rotation",2,25,4200025,4252025,20,24,2,399,0.66,FALSE
"t5_global_null","t5","group:trait","rotation",2,25,4200025,4253025,20,24,2,399,0.6875,FALSE
"t5_global_null","t5","group","rotation",2,26,4200026,4251026,20,24,2,399,0.455,FALSE
"t5_global_null","t5","trait","rotation",2,26,4200026,4252026,20,24,2,399,0.485,FALSE
"t5_global_null","t5","group:trait","rotation",2,26,4200026,4253026,20,24,2,399,0.3575,FALSE
"t5_global_null","t5","group","rotation",2,27,4200027,4251027,20,24,2,399,0.215,FALSE
"t5_global_null","t5","trait","rotation",2,27,4200027,4252027,20,24,2,399,0.28,FALSE
"t5_global_null","t5","group:trait","rotation",2,27,4200027,4253027,20,24,2,399,0.805,FALSE
"t5_global_null","t5","group","rotation",2,28,4200028,4251028,20,24,2,399,0.44,FALSE
"t5_global_null","t5","trait","rotation",2,28,4200028,4252028,20,24,2,399,0.94,FALSE
"t5_global_null","t5","group:trait","rotation",2,28,4200028,4253028,20,24,2,399,0.5325,FALSE
"t5_global_null","t5","group","rotation",2,29,4200029,4251029,20,24,2,399,0.9125,FALSE
"t5_global_null","t5","trait","rotation",2,29,4200029,4252029,20,24,2,399,0.5225,FALSE
"t5_global_null","t5","group:trait","rotation",2,29,4200029,4253029,20,24,2,399,0.6,FALSE
"t5_global_null","t5","group","rotation",2,30,4200030,4251030,20,24,2,399,0.5025,FALSE
"t5_global_null","t5","trait","rotation",2,30,4200030,4252030,20,24,2,399,0.785,FALSE
"t5_global_null","t5","group:trait","rotation",2,30,4200030,4253030,20,24,2,399,0.4975,FALSE
"t5_global_null","t5","group","rotation",2,31,4200031,4251031,20,24,2,399,0.365,FALSE
"t5_global_null","t5","trait","rotation",2,31,4200031,4252031,20,24,2,399,0.4875,FALSE
"t5_global_null","t5","group:trait","rotation",2,31,4200031,4253031,20,24,2,399,0.2975,FALSE
"t5_global_null","t5","group","rotation",2,32,4200032,4251032,20,24,2,399,0.525,FALSE
"t5_global_null","t5","trait","rotation",2,32,4200032,4252032,20,24,2,399,0.67,FALSE
"t5_global_null","t5","group:trait","rotation",2,32,4200032,4253032,20,24,2,399,0.505,FALSE
"t5_global_null","t5","group","rotation",2,33,4200033,4251033,20,24,2,399,0.5075,FALSE
"t5_global_null","t5","trait","rotation",2,33,4200033,4252033,20,24,2,399,0.575,FALSE
"t5_global_null","t5","group:trait","rotation",2,33,4200033,4253033,20,24,2,399,0.79,FALSE
"t5_global_null","t5","group","rotation",2,34,4200034,4251034,20,24,2,399,0.7525,FALSE
"t5_global_null","t5","trait","rotation",2,34,4200034,4252034,20,24,2,399,0.325,FALSE
"t5_global_null","t5","group:trait","rotation",2,34,4200034,4253034,20,24,2,399,0.76,FALSE
"t5_global_null","t5","group","rotation",2,35,4200035,4251035,20,24,2,399,0.35,FALSE
"t5_global_null","t5","trait","rotation",2,35,4200035,4252035,20,24,2,399,0.7375,FALSE
"t5_global_null","t5","group:trait","rotation",2,35,4200035,4253035,20,24,2,399,0.6475,FALSE
"t5_global_null","t5","group","rotation",2,36,4200036,4251036,20,24,2,399,0.7375,FALSE
"t5_global_null","t5","trait","rotation",2,36,4200036,4252036,20,24,2,399,0.21,FALSE
"t5_global_null","t5","group:trait","rotation",2,36,4200036,4253036,20,24,2,399,0.4925,FALSE
"t5_global_null","t5","group","rotation",2,37,4200037,4251037,20,24,2,399,0.8875,FALSE
"t5_global_null","t5","trait","rotation",2,37,4200037,4252037,20,24,2,399,0.5975,FALSE
"t5_global_null","t5","group:trait","rotation",2,37,4200037,4253037,20,24,2,399,0.145,FALSE
"t5_global_null","t5","group","rotation",2,38,4200038,4251038,20,24,2,399,0.2975,FALSE
"t5_global_null","t5","trait","rotation",2,38,4200038,4252038,20,24,2,399,0.555,FALSE
"t5_global_null","t5","group:trait","rotation",2,38,4200038,4253038,20,24,2,399,0.3725,FALSE
"t5_global_null","t5","group","rotation",2,39,4200039,4251039,20,24,2,399,0.405,FALSE
"t5_global_null","t5","trait","rotation",2,39,4200039,4252039,20,24,2,399,0.915,FALSE
"t5_global_null","t5","group:trait","rotation",2,39,4200039,4253039,20,24,2,399,0.2375,FALSE
"t5_global_null","t5","group","rotation",2,40,4200040,4251040,20,24,2,399,0.67,FALSE
"t5_global_null","t5","trait","rotation",2,40,4200040,4252040,20,24,2,399,0.67,FALSE
"t5_global_null","t5","group:trait","rotation",2,40,4200040,4253040,20,24,2,399,0.66,FALSE
"t5_global_null","t5","group","rotation",2,41,4200041,4251041,20,24,2,399,0.5225,FALSE
"t5_global_null","t5","trait","rotation",2,41,4200041,4252041,20,24,2,399,0.13,FALSE
"t5_global_null","t5","group:trait","rotation",2,41,4200041,4253041,20,24,2,399,0.24,FALSE
"t5_global_null","t5","group","rotation",2,42,4200042,4251042,20,24,2,399,0.3275,FALSE
"t5_global_null","t5","trait","rotation",2,42,4200042,4252042,20,24,2,399,0.7475,FALSE
"t5_global_null","t5","group:trait","rotation",2,42,4200042,4253042,20,24,2,399,0.5525,FALSE
"t5_global_null","t5","group","rotation",2,43,4200043,4251043,20,24,2,399,0.255,FALSE
"t5_global_null","t5","trait","rotation",2,43,4200043,4252043,20,24,2,399,0.895,FALSE
"t5_global_null","t5","group:trait","rotation",2,43,4200043,4253043,20,24,2,399,0.95,FALSE
"t5_global_null","t5","group","rotation",2,44,4200044,4251044,20,24,2,399,0.175,FALSE
"t5_global_null","t5","trait","rotation",2,44,4200044,4252044,20,24,2,399,0.8575,FALSE
"t5_global_null","t5","group:trait","rotation",2,44,4200044,4253044,20,24,2,399,0.5,FALSE
"t5_global_null","t5","group","rotation",2,45,4200045,4251045,20,24,2,399,0.05,TRUE
"t5_global_null","t5","trait","rotation",2,45,4200045,4252045,20,24,2,399,0.53,FALSE
"t5_global_null","t5","group:trait","rotation",2,45,4200045,4253045,20,24,2,399,0.3425,FALSE
"t5_global_null","t5","group","rotation",2,46,4200046,4251046,20,24,2,399,0.6425,FALSE
"t5_global_null","t5","trait","rotation",2,46,4200046,4252046,20,24,2,399,0.9,FALSE
"t5_global_null","t5","group:trait","rotation",2,46,4200046,4253046,20,24,2,399,0.265,FALSE
"t5_global_null","t5","group","rotation",2,47,4200047,4251047,20,24,2,399,0.59,FALSE
"t5_global_null","t5","trait","rotation",2,47,4200047,4252047,20,24,2,399,0.4125,FALSE
"t5_global_null","t5","group:trait","rotation",2,47,4200047,4253047,20,24,2,399,0.6975,FALSE
"t5_global_null","t5","group","rotation",2,48,4200048,4251048,20,24,2,399,0.405,FALSE
"t5_global_null","t5","trait","rotation",2,48,4200048,4252048,20,24,2,399,0.325,FALSE
"t5_global_null","t5","group:trait","rotation",2,48,4200048,4253048,20,24,2,399,0.6725,FALSE
"t5_global_null","t5","group","rotation",2,49,4200049,4251049,20,24,2,399,0.195,FALSE
"t5_global_null","t5","trait","rotation",2,49,4200049,4252049,20,24,2,399,0.13,FALSE
"t5_global_null","t5","group:trait","rotation",2,49,4200049,4253049,20,24,2,399,0.235,FALSE
"t5_global_null","t5","group","rotation",2,50,4200050,4251050,20,24,2,399,0.4225,FALSE
"t5_global_null","t5","trait","rotation",2,50,4200050,4252050,20,24,2,399,0.015,TRUE
"t5_global_null","t5","group:trait","rotation",2,50,4200050,4253050,20,24,2,399,1,FALSE
"t5_global_null","t5","group","rotation",2,51,4200051,4251051,20,24,2,399,0.9075,FALSE
"t5_global_null","t5","trait","rotation",2,51,4200051,4252051,20,24,2,399,0.6425,FALSE
"t5_global_null","t5","group:trait","rotation",2,51,4200051,4253051,20,24,2,399,0.935,FALSE
"t5_global_null","t5","group","rotation",2,52,4200052,4251052,20,24,2,399,0.0825,FALSE
"t5_global_null","t5","trait","rotation",2,52,4200052,4252052,20,24,2,399,0.46,FALSE
"t5_global_null","t5","group:trait","rotation",2,52,4200052,4253052,20,24,2,399,0.8425,FALSE
"t5_global_null","t5","group","rotation",2,53,4200053,4251053,20,24,2,399,0.25,FALSE
"t5_global_null","t5","trait","rotation",2,53,4200053,4252053,20,24,2,399,0.1475,FALSE
"t5_global_null","t5","group:trait","rotation",2,53,4200053,4253053,20,24,2,399,0.345,FALSE
"t5_global_null","t5","group","rotation",2,54,4200054,4251054,20,24,2,399,0.2575,FALSE
"t5_global_null","t5","trait","rotation",2,54,4200054,4252054,20,24,2,399,0.67,FALSE
"t5_global_null","t5","group:trait","rotation",2,54,4200054,4253054,20,24,2,399,0.88,FALSE
"t5_global_null","t5","group","rotation",2,55,4200055,4251055,20,24,2,399,0.2075,FALSE
"t5_global_null","t5","trait","rotation",2,55,4200055,4252055,20,24,2,399,0.06,FALSE
"t5_global_null","t5","group:trait","rotation",2,55,4200055,4253055,20,24,2,399,0.0475,TRUE
"t5_global_null","t5","group","rotation",2,56,4200056,4251056,20,24,2,399,0.91,FALSE
"t5_global_null","t5","trait","rotation",2,56,4200056,4252056,20,24,2,399,0.175,FALSE
"t5_global_null","t5","group:trait","rotation",2,56,4200056,4253056,20,24,2,399,0.235,FALSE
"t5_global_null","t5","group","rotation",2,57,4200057,4251057,20,24,2,399,0.0525,FALSE
"t5_global_null","t5","trait","rotation",2,57,4200057,4252057,20,24,2,399,0.2825,FALSE
"t5_global_null","t5","group:trait","rotation",2,57,4200057,4253057,20,24,2,399,0.6275,FALSE
"t5_global_null","t5","group","rotation",2,58,4200058,4251058,20,24,2,399,0.7825,FALSE
"t5_global_null","t5","trait","rotation",2,58,4200058,4252058,20,24,2,399,0.77,FALSE
"t5_global_null","t5","group:trait","rotation",2,58,4200058,4253058,20,24,2,399,0.5325,FALSE
"t5_global_null","t5","group","rotation",2,59,4200059,4251059,20,24,2,399,0.175,FALSE
"t5_global_null","t5","trait","rotation",2,59,4200059,4252059,20,24,2,399,0.47,FALSE
"t5_global_null","t5","group:trait","rotation",2,59,4200059,4253059,20,24,2,399,0.2975,FALSE
"t5_global_null","t5","group","rotation",2,60,4200060,4251060,20,24,2,399,0.235,FALSE
"t5_global_null","t5","trait","rotation",2,60,4200060,4252060,20,24,2,399,0.88,FALSE
"t5_global_null","t5","group:trait","rotation",2,60,4200060,4253060,20,24,2,399,0.695,FALSE
"t5_global_null","t5","group","rotation",2,61,4200061,4251061,20,24,2,399,0.815,FALSE
"t5_global_null","t5","trait","rotation",2,61,4200061,4252061,20,24,2,399,0.465,FALSE
"t5_global_null","t5","group:trait","rotation",2,61,4200061,4253061,20,24,2,399,0.0975,FALSE
"t5_global_null","t5","group","rotation",2,62,4200062,4251062,20,24,2,399,0.0175,TRUE
"t5_global_null","t5","trait","rotation",2,62,4200062,4252062,20,24,2,399,0.355,FALSE
"t5_global_null","t5","group:trait","rotation",2,62,4200062,4253062,20,24,2,399,0.18,FALSE
"t5_global_null","t5","group","rotation",2,63,4200063,4251063,20,24,2,399,0.485,FALSE
"t5_global_null","t5","trait","rotation",2,63,4200063,4252063,20,24,2,399,0.205,FALSE
"t5_global_null","t5","group:trait","rotation",2,63,4200063,4253063,20,24,2,399,0.1675,FALSE
"t5_global_null","t5","group","rotation",2,64,4200064,4251064,20,24,2,399,0.695,FALSE
"t5_global_null","t5","trait","rotation",2,64,4200064,4252064,20,24,2,399,0.9375,FALSE
"t5_global_null","t5","group:trait","rotation",2,64,4200064,4253064,20,24,2,399,0.2025,FALSE
"t5_global_null","t5","group","rotation",2,65,4200065,4251065,20,24,2,399,0.235,FALSE
"t5_global_null","t5","trait","rotation",2,65,4200065,4252065,20,24,2,399,0.0525,FALSE
"t5_global_null","t5","group:trait","rotation",2,65,4200065,4253065,20,24,2,399,0.01,TRUE
"t5_global_null","t5","group","rotation",2,66,4200066,4251066,20,24,2,399,0.2275,FALSE
"t5_global_null","t5","trait","rotation",2,66,4200066,4252066,20,24,2,399,0.12,FALSE
"t5_global_null","t5","group:trait","rotation",2,66,4200066,4253066,20,24,2,399,0.47,FALSE
"t5_global_null","t5","group","rotation",2,67,4200067,4251067,20,24,2,399,0.0575,FALSE
"t5_global_null","t5","trait","rotation",2,67,4200067,4252067,20,24,2,399,0.245,FALSE
"t5_global_null","t5","group:trait","rotation",2,67,4200067,4253067,20,24,2,399,0.11,FALSE
"t5_global_null","t5","group","rotation",2,68,4200068,4251068,20,24,2,399,0.415,FALSE
"t5_global_null","t5","trait","rotation",2,68,4200068,4252068,20,24,2,399,0.465,FALSE
"t5_global_null","t5","group:trait","rotation",2,68,4200068,4253068,20,24,2,399,0.6575,FALSE
"t5_global_null","t5","group","rotation",2,69,4200069,4251069,20,24,2,399,0.005,TRUE
"t5_global_null","t5","trait","rotation",2,69,4200069,4252069,20,24,2,399,0.55,FALSE
"t5_global_null","t5","group:trait","rotation",2,69,4200069,4253069,20,24,2,399,0.98,FALSE
"t5_global_null","t5","group","rotation",2,70,4200070,4251070,20,24,2,399,0.51,FALSE
"t5_global_null","t5","trait","rotation",2,70,4200070,4252070,20,24,2,399,0.4975,FALSE
"t5_global_null","t5","group:trait","rotation",2,70,4200070,4253070,20,24,2,399,0.5375,FALSE
"t5_global_null","t5","group","rotation",2,71,4200071,4251071,20,24,2,399,0.645,FALSE
"t5_global_null","t5","trait","rotation",2,71,4200071,4252071,20,24,2,399,0.7325,FALSE
"t5_global_null","t5","group:trait","rotation",2,71,4200071,4253071,20,24,2,399,0.86,FALSE
"t5_global_null","t5","group","rotation",2,72,4200072,4251072,20,24,2,399,0.0425,TRUE
"t5_global_null","t5","trait","rotation",2,72,4200072,4252072,20,24,2,399,0.3375,FALSE
"t5_global_null","t5","group:trait","rotation",2,72,4200072,4253072,20,24,2,399,0.1775,FALSE
"t5_global_null","t5","group","rotation",2,73,4200073,4251073,20,24,2,399,0.61,FALSE
"t5_global_null","t5","trait","rotation",2,73,4200073,4252073,20,24,2,399,0.265,FALSE
"t5_global_null","t5","group:trait","rotation",2,73,4200073,4253073,20,24,2,399,0.945,FALSE
"t5_global_null","t5","group","rotation",2,74,4200074,4251074,20,24,2,399,0.875,FALSE
"t5_global_null","t5","trait","rotation",2,74,4200074,4252074,20,24,2,399,0.6775,FALSE
"t5_global_null","t5","group:trait","rotation",2,74,4200074,4253074,20,24,2,399,0.8125,FALSE
"t5_global_null","t5","group","rotation",2,75,4200075,4251075,20,24,2,399,0.1125,FALSE
"t5_global_null","t5","trait","rotation",2,75,4200075,4252075,20,24,2,399,0.18,FALSE
"t5_global_null","t5","group:trait","rotation",2,75,4200075,4253075,20,24,2,399,0.0075,TRUE
"t5_global_null","t5","group","rotation",2,76,4200076,4251076,20,24,2,399,0.6,FALSE
"t5_global_null","t5","trait","rotation",2,76,4200076,4252076,20,24,2,399,0.2975,FALSE
"t5_global_null","t5","group:trait","rotation",2,76,4200076,4253076,20,24,2,399,0.5275,FALSE
"t5_global_null","t5","group","rotation",2,77,4200077,4251077,20,24,2,399,0.275,FALSE
"t5_global_null","t5","trait","rotation",2,77,4200077,4252077,20,24,2,399,0.8175,FALSE
"t5_global_null","t5","group:trait","rotation",2,77,4200077,4253077,20,24,2,399,0.39,FALSE
"t5_global_null","t5","group","rotation",2,78,4200078,4251078,20,24,2,399,0.845,FALSE
"t5_global_null","t5","trait","rotation",2,78,4200078,4252078,20,24,2,399,0.76,FALSE
"t5_global_null","t5","group:trait","rotation",2,78,4200078,4253078,20,24,2,399,0.5675,FALSE
"t5_global_null","t5","group","rotation",2,79,4200079,4251079,20,24,2,399,0.6575,FALSE
"t5_global_null","t5","trait","rotation",2,79,4200079,4252079,20,24,2,399,0.54,FALSE
"t5_global_null","t5","group:trait","rotation",2,79,4200079,4253079,20,24,2,399,0.845,FALSE
"t5_global_null","t5","group","rotation",2,80,4200080,4251080,20,24,2,399,0.8725,FALSE
"t5_global_null","t5","trait","rotation",2,80,4200080,4252080,20,24,2,399,0.9225,FALSE
"t5_global_null","t5","group:trait","rotation",2,80,4200080,4253080,20,24,2,399,0.255,FALSE
"t5_global_null","t5","group","rotation",2,81,4200081,4251081,20,24,2,399,0.5775,FALSE
"t5_global_null","t5","trait","rotation",2,81,4200081,4252081,20,24,2,399,0.2725,FALSE
"t5_global_null","t5","group:trait","rotation",2,81,4200081,4253081,20,24,2,399,0.3475,FALSE
"t5_global_null","t5","group","rotation",2,82,4200082,4251082,20,24,2,399,0.8575,FALSE
"t5_global_null","t5","trait","rotation",2,82,4200082,4252082,20,24,2,399,0.2175,FALSE
"t5_global_null","t5","group:trait","rotation",2,82,4200082,4253082,20,24,2,399,0.8425,FALSE
"t5_global_null","t5","group","rotation",2,83,4200083,4251083,20,24,2,399,0.6375,FALSE
"t5_global_null","t5","trait","rotation",2,83,4200083,4252083,20,24,2,399,0.0525,FALSE
"t5_global_null","t5","group:trait","rotation",2,83,4200083,4253083,20,24,2,399,0.305,FALSE
"t5_global_null","t5","group","rotation",2,84,4200084,4251084,20,24,2,399,0.4025,FALSE
"t5_global_null","t5","trait","rotation",2,84,4200084,4252084,20,24,2,399,0.2225,FALSE
"t5_global_null","t5","group:trait","rotation",2,84,4200084,4253084,20,24,2,399,0.2875,FALSE
"t5_global_null","t5","group","rotation",2,85,4200085,4251085,20,24,2,399,0.21,FALSE
"t5_global_null","t5","trait","rotation",2,85,4200085,4252085,20,24,2,399,0.975,FALSE
"t5_global_null","t5","group:trait","rotation",2,85,4200085,4253085,20,24,2,399,0.94,FALSE
"t5_global_null","t5","group","rotation",2,86,4200086,4251086,20,24,2,399,0.5,FALSE
"t5_global_null","t5","trait","rotation",2,86,4200086,4252086,20,24,2,399,0.0325,TRUE
"t5_global_null","t5","group:trait","rotation",2,86,4200086,4253086,20,24,2,399,0.03,TRUE
"t5_global_null","t5","group","rotation",2,87,4200087,4251087,20,24,2,399,0.6775,FALSE
"t5_global_null","t5","trait","rotation",2,87,4200087,4252087,20,24,2,399,0.75,FALSE
"t5_global_null","t5","group:trait","rotation",2,87,4200087,4253087,20,24,2,399,0.3675,FALSE
"t5_global_null","t5","group","rotation",2,88,4200088,4251088,20,24,2,399,0.8075,FALSE
"t5_global_null","t5","trait","rotation",2,88,4200088,4252088,20,24,2,399,0.38,FALSE
"t5_global_null","t5","group:trait","rotation",2,88,4200088,4253088,20,24,2,399,0.395,FALSE
"t5_global_null","t5","group","rotation",2,89,4200089,4251089,20,24,2,399,0.84,FALSE
"t5_global_null","t5","trait","rotation",2,89,4200089,4252089,20,24,2,399,0.4225,FALSE
"t5_global_null","t5","group:trait","rotation",2,89,4200089,4253089,20,24,2,399,0.4575,FALSE
"t5_global_null","t5","group","rotation",2,90,4200090,4251090,20,24,2,399,0.9175,FALSE
"t5_global_null","t5","trait","rotation",2,90,4200090,4252090,20,24,2,399,0.9725,FALSE
"t5_global_null","t5","group:trait","rotation",2,90,4200090,4253090,20,24,2,399,0.8625,FALSE
"t5_global_null","t5","group","rotation",2,91,4200091,4251091,20,24,2,399,0.6175,FALSE
"t5_global_null","t5","trait","rotation",2,91,4200091,4252091,20,24,2,399,0.6375,FALSE
"t5_global_null","t5","group:trait","rotation",2,91,4200091,4253091,20,24,2,399,0.6375,FALSE
"t5_global_null","t5","group","rotation",2,92,4200092,4251092,20,24,2,399,0.2775,FALSE
"t5_global_null","t5","trait","rotation",2,92,4200092,4252092,20,24,2,399,0.69,FALSE
"t5_global_null","t5","group:trait","rotation",2,92,4200092,4253092,20,24,2,399,0.485,FALSE
"t5_global_null","t5","group","rotation",2,93,4200093,4251093,20,24,2,399,0.11,FALSE
"t5_global_null","t5","trait","rotation",2,93,4200093,4252093,20,24,2,399,0.9975,FALSE
"t5_global_null","t5","group:trait","rotation",2,93,4200093,4253093,20,24,2,399,0.6475,FALSE
"t5_global_null","t5","group","rotation",2,94,4200094,4251094,20,24,2,399,0.965,FALSE
"t5_global_null","t5","trait","rotation",2,94,4200094,4252094,20,24,2,399,0.7275,FALSE
"t5_global_null","t5","group:trait","rotation",2,94,4200094,4253094,20,24,2,399,0.2925,FALSE
"t5_global_null","t5","group","rotation",2,95,4200095,4251095,20,24,2,399,0.73,FALSE
"t5_global_null","t5","trait","rotation",2,95,4200095,4252095,20,24,2,399,0.4825,FALSE
"t5_global_null","t5","group:trait","rotation",2,95,4200095,4253095,20,24,2,399,0.985,FALSE
"t5_global_null","t5","group","rotation",2,96,4200096,4251096,20,24,2,399,0.115,FALSE
"t5_global_null","t5","trait","rotation",2,96,4200096,4252096,20,24,2,399,0.5725,FALSE
"t5_global_null","t5","group:trait","rotation",2,96,4200096,4253096,20,24,2,399,0.835,FALSE
"t5_global_null","t5","group","rotation",2,97,4200097,4251097,20,24,2,399,0.4775,FALSE
"t5_global_null","t5","trait","rotation",2,97,4200097,4252097,20,24,2,399,0.645,FALSE
"t5_global_null","t5","group:trait","rotation",2,97,4200097,4253097,20,24,2,399,0.9925,FALSE
"t5_global_null","t5","group","rotation",2,98,4200098,4251098,20,24,2,399,0.8425,FALSE
"t5_global_null","t5","trait","rotation",2,98,4200098,4252098,20,24,2,399,0.3,FALSE
"t5_global_null","t5","group:trait","rotation",2,98,4200098,4253098,20,24,2,399,0.8825,FALSE
"t5_global_null","t5","group","rotation",2,99,4200099,4251099,20,24,2,399,0.4375,FALSE
"t5_global_null","t5","trait","rotation",2,99,4200099,4252099,20,24,2,399,0.9375,FALSE
"t5_global_null","t5","group:trait","rotation",2,99,4200099,4253099,20,24,2,399,0.625,FALSE
"t5_global_null","t5","group","rotation",2,100,4200100,4251100,20,24,2,399,0.0875,FALSE
"t5_global_null","t5","trait","rotation",2,100,4200100,4252100,20,24,2,399,0.1525,FALSE
"t5_global_null","t5","group:trait","rotation",2,100,4200100,4253100,20,24,2,399,0.0725,FALSE
"t5_global_null","t5","group","rotation",3,1,4300001,4351001,20,24,2,399,0.9225,FALSE
"t5_global_null","t5","trait","rotation",3,1,4300001,4352001,20,24,2,399,0.655,FALSE
"t5_global_null","t5","group:trait","rotation",3,1,4300001,4353001,20,24,2,399,0.125,FALSE
"t5_global_null","t5","group","rotation",3,2,4300002,4351002,20,24,2,399,0.8575,FALSE
"t5_global_null","t5","trait","rotation",3,2,4300002,4352002,20,24,2,399,0.2375,FALSE
"t5_global_null","t5","group:trait","rotation",3,2,4300002,4353002,20,24,2,399,0.27,FALSE
"t5_global_null","t5","group","rotation",3,3,4300003,4351003,20,24,2,399,0.6425,FALSE
"t5_global_null","t5","trait","rotation",3,3,4300003,4352003,20,24,2,399,0.8325,FALSE
"t5_global_null","t5","group:trait","rotation",3,3,4300003,4353003,20,24,2,399,0.475,FALSE
"t5_global_null","t5","group","rotation",3,4,4300004,4351004,20,24,2,399,0.9425,FALSE
"t5_global_null","t5","trait","rotation",3,4,4300004,4352004,20,24,2,399,0.725,FALSE
"t5_global_null","t5","group:trait","rotation",3,4,4300004,4353004,20,24,2,399,0.2825,FALSE
"t5_global_null","t5","group","rotation",3,5,4300005,4351005,20,24,2,399,0.2525,FALSE
"t5_global_null","t5","trait","rotation",3,5,4300005,4352005,20,24,2,399,0.065,FALSE
"t5_global_null","t5","group:trait","rotation",3,5,4300005,4353005,20,24,2,399,0.045,TRUE
"t5_global_null","t5","group","rotation",3,6,4300006,4351006,20,24,2,399,0.555,FALSE
"t5_global_null","t5","trait","rotation",3,6,4300006,4352006,20,24,2,399,0.88,FALSE
"t5_global_null","t5","group:trait","rotation",3,6,4300006,4353006,20,24,2,399,0.4325,FALSE
"t5_global_null","t5","group","rotation",3,7,4300007,4351007,20,24,2,399,0.4025,FALSE
"t5_global_null","t5","trait","rotation",3,7,4300007,4352007,20,24,2,399,0.2425,FALSE
"t5_global_null","t5","group:trait","rotation",3,7,4300007,4353007,20,24,2,399,0.89,FALSE
"t5_global_null","t5","group","rotation",3,8,4300008,4351008,20,24,2,399,0.6125,FALSE
"t5_global_null","t5","trait","rotation",3,8,4300008,4352008,20,24,2,399,0.86,FALSE
"t5_global_null","t5","group:trait","rotation",3,8,4300008,4353008,20,24,2,399,0.7025,FALSE
"t5_global_null","t5","group","rotation",3,9,4300009,4351009,20,24,2,399,0.935,FALSE
"t5_global_null","t5","trait","rotation",3,9,4300009,4352009,20,24,2,399,0.9625,FALSE
"t5_global_null","t5","group:trait","rotation",3,9,4300009,4353009,20,24,2,399,0.765,FALSE
"t5_global_null","t5","group","rotation",3,10,4300010,4351010,20,24,2,399,0.825,FALSE
"t5_global_null","t5","trait","rotation",3,10,4300010,4352010,20,24,2,399,0.93,FALSE
"t5_global_null","t5","group:trait","rotation",3,10,4300010,4353010,20,24,2,399,0.09,FALSE
"t5_global_null","t5","group","rotation",3,11,4300011,4351011,20,24,2,399,0.725,FALSE
"t5_global_null","t5","trait","rotation",3,11,4300011,4352011,20,24,2,399,0.74,FALSE
"t5_global_null","t5","group:trait","rotation",3,11,4300011,4353011,20,24,2,399,0.2375,FALSE
"t5_global_null","t5","group","rotation",3,12,4300012,4351012,20,24,2,399,0.3375,FALSE
"t5_global_null","t5","trait","rotation",3,12,4300012,4352012,20,24,2,399,0.815,FALSE
"t5_global_null","t5","group:trait","rotation",3,12,4300012,4353012,20,24,2,399,0.9025,FALSE
"t5_global_null","t5","group","rotation",3,13,4300013,4351013,20,24,2,399,0.8325,FALSE
"t5_global_null","t5","trait","rotation",3,13,4300013,4352013,20,24,2,399,0.5075,FALSE
"t5_global_null","t5","group:trait","rotation",3,13,4300013,4353013,20,24,2,399,0.1,FALSE
"t5_global_null","t5","group","rotation",3,14,4300014,4351014,20,24,2,399,0.0175,TRUE
"t5_global_null","t5","trait","rotation",3,14,4300014,4352014,20,24,2,399,0.585,FALSE
"t5_global_null","t5","group:trait","rotation",3,14,4300014,4353014,20,24,2,399,0.305,FALSE
"t5_global_null","t5","group","rotation",3,15,4300015,4351015,20,24,2,399,0.81,FALSE
"t5_global_null","t5","trait","rotation",3,15,4300015,4352015,20,24,2,399,0.91,FALSE
"t5_global_null","t5","group:trait","rotation",3,15,4300015,4353015,20,24,2,399,0.5725,FALSE
"t5_global_null","t5","group","rotation",3,16,4300016,4351016,20,24,2,399,0.025,TRUE
"t5_global_null","t5","trait","rotation",3,16,4300016,4352016,20,24,2,399,0.4725,FALSE
"t5_global_null","t5","group:trait","rotation",3,16,4300016,4353016,20,24,2,399,0.495,FALSE
"t5_global_null","t5","group","rotation",3,17,4300017,4351017,20,24,2,399,0.725,FALSE
"t5_global_null","t5","trait","rotation",3,17,4300017,4352017,20,24,2,399,0.3675,FALSE
"t5_global_null","t5","group:trait","rotation",3,17,4300017,4353017,20,24,2,399,0.3475,FALSE
"t5_global_null","t5","group","rotation",3,18,4300018,4351018,20,24,2,399,0.68,FALSE
"t5_global_null","t5","trait","rotation",3,18,4300018,4352018,20,24,2,399,0.13,FALSE
"t5_global_null","t5","group:trait","rotation",3,18,4300018,4353018,20,24,2,399,0.4175,FALSE
"t5_global_null","t5","group","rotation",3,19,4300019,4351019,20,24,2,399,0.7975,FALSE
"t5_global_null","t5","trait","rotation",3,19,4300019,4352019,20,24,2,399,0.13,FALSE
"t5_global_null","t5","group:trait","rotation",3,19,4300019,4353019,20,24,2,399,0.08,FALSE
"t5_global_null","t5","group","rotation",3,20,4300020,4351020,20,24,2,399,0.14,FALSE
"t5_global_null","t5","trait","rotation",3,20,4300020,4352020,20,24,2,399,0.04,TRUE
"t5_global_null","t5","group:trait","rotation",3,20,4300020,4353020,20,24,2,399,0.14,FALSE
"t5_global_null","t5","group","rotation",3,21,4300021,4351021,20,24,2,399,0.93,FALSE
"t5_global_null","t5","trait","rotation",3,21,4300021,4352021,20,24,2,399,0.1725,FALSE
"t5_global_null","t5","group:trait","rotation",3,21,4300021,4353021,20,24,2,399,0.1625,FALSE
"t5_global_null","t5","group","rotation",3,22,4300022,4351022,20,24,2,399,0.8675,FALSE
"t5_global_null","t5","trait","rotation",3,22,4300022,4352022,20,24,2,399,0.395,FALSE
"t5_global_null","t5","group:trait","rotation",3,22,4300022,4353022,20,24,2,399,0.35,FALSE
"t5_global_null","t5","group","rotation",3,23,4300023,4351023,20,24,2,399,0.885,FALSE
"t5_global_null","t5","trait","rotation",3,23,4300023,4352023,20,24,2,399,0.9275,FALSE
"t5_global_null","t5","group:trait","rotation",3,23,4300023,4353023,20,24,2,399,0.72,FALSE
"t5_global_null","t5","group","rotation",3,24,4300024,4351024,20,24,2,399,0.605,FALSE
"t5_global_null","t5","trait","rotation",3,24,4300024,4352024,20,24,2,399,0.485,FALSE
"t5_global_null","t5","group:trait","rotation",3,24,4300024,4353024,20,24,2,399,0.7825,FALSE
"t5_global_null","t5","group","rotation",3,25,4300025,4351025,20,24,2,399,0.25,FALSE
"t5_global_null","t5","trait","rotation",3,25,4300025,4352025,20,24,2,399,0.9225,FALSE
"t5_global_null","t5","group:trait","rotation",3,25,4300025,4353025,20,24,2,399,0.15,FALSE
"t5_global_null","t5","group","rotation",3,26,4300026,4351026,20,24,2,399,0.2875,FALSE
"t5_global_null","t5","trait","rotation",3,26,4300026,4352026,20,24,2,399,0.82,FALSE
"t5_global_null","t5","group:trait","rotation",3,26,4300026,4353026,20,24,2,399,0.5025,FALSE
"t5_global_null","t5","group","rotation",3,27,4300027,4351027,20,24,2,399,0.795,FALSE
"t5_global_null","t5","trait","rotation",3,27,4300027,4352027,20,24,2,399,0.9675,FALSE
"t5_global_null","t5","group:trait","rotation",3,27,4300027,4353027,20,24,2,399,0.885,FALSE
"t5_global_null","t5","group","rotation",3,28,4300028,4351028,20,24,2,399,0.4125,FALSE
"t5_global_null","t5","trait","rotation",3,28,4300028,4352028,20,24,2,399,0.765,FALSE
"t5_global_null","t5","group:trait","rotation",3,28,4300028,4353028,20,24,2,399,0.83,FALSE
"t5_global_null","t5","group","rotation",3,29,4300029,4351029,20,24,2,399,0.27,FALSE
"t5_global_null","t5","trait","rotation",3,29,4300029,4352029,20,24,2,399,0.8325,FALSE
"t5_global_null","t5","group:trait","rotation",3,29,4300029,4353029,20,24,2,399,0.295,FALSE
"t5_global_null","t5","group","rotation",3,30,4300030,4351030,20,24,2,399,0.29,FALSE
"t5_global_null","t5","trait","rotation",3,30,4300030,4352030,20,24,2,399,0.99,FALSE
"t5_global_null","t5","group:trait","rotation",3,30,4300030,4353030,20,24,2,399,0.9,FALSE
"t5_global_null","t5","group","rotation",3,31,4300031,4351031,20,24,2,399,0.8675,FALSE
"t5_global_null","t5","trait","rotation",3,31,4300031,4352031,20,24,2,399,0.485,FALSE
"t5_global_null","t5","group:trait","rotation",3,31,4300031,4353031,20,24,2,399,0.645,FALSE
"t5_global_null","t5","group","rotation",3,32,4300032,4351032,20,24,2,399,0.465,FALSE
"t5_global_null","t5","trait","rotation",3,32,4300032,4352032,20,24,2,399,0.5,FALSE
"t5_global_null","t5","group:trait","rotation",3,32,4300032,4353032,20,24,2,399,0.6675,FALSE
"t5_global_null","t5","group","rotation",3,33,4300033,4351033,20,24,2,399,0.19,FALSE
"t5_global_null","t5","trait","rotation",3,33,4300033,4352033,20,24,2,399,0.4025,FALSE
"t5_global_null","t5","group:trait","rotation",3,33,4300033,4353033,20,24,2,399,0.1925,FALSE
"t5_global_null","t5","group","rotation",3,34,4300034,4351034,20,24,2,399,0.07,FALSE
"t5_global_null","t5","trait","rotation",3,34,4300034,4352034,20,24,2,399,0.05,TRUE
"t5_global_null","t5","group:trait","rotation",3,34,4300034,4353034,20,24,2,399,0.0225,TRUE
"t5_global_null","t5","group","rotation",3,35,4300035,4351035,20,24,2,399,0.48,FALSE
"t5_global_null","t5","trait","rotation",3,35,4300035,4352035,20,24,2,399,0.09,FALSE
"t5_global_null","t5","group:trait","rotation",3,35,4300035,4353035,20,24,2,399,0.27,FALSE
"t5_global_null","t5","group","rotation",3,36,4300036,4351036,20,24,2,399,0.4975,FALSE
"t5_global_null","t5","trait","rotation",3,36,4300036,4352036,20,24,2,399,0.3775,FALSE
"t5_global_null","t5","group:trait","rotation",3,36,4300036,4353036,20,24,2,399,0.315,FALSE
"t5_global_null","t5","group","rotation",3,37,4300037,4351037,20,24,2,399,0.195,FALSE
"t5_global_null","t5","trait","rotation",3,37,4300037,4352037,20,24,2,399,0.515,FALSE
"t5_global_null","t5","group:trait","rotation",3,37,4300037,4353037,20,24,2,399,0.895,FALSE
"t5_global_null","t5","group","rotation",3,38,4300038,4351038,20,24,2,399,0.1625,FALSE
"t5_global_null","t5","trait","rotation",3,38,4300038,4352038,20,24,2,399,0.35,FALSE
"t5_global_null","t5","group:trait","rotation",3,38,4300038,4353038,20,24,2,399,0.335,FALSE
"t5_global_null","t5","group","rotation",3,39,4300039,4351039,20,24,2,399,0.2075,FALSE
"t5_global_null","t5","trait","rotation",3,39,4300039,4352039,20,24,2,399,0.05,TRUE
"t5_global_null","t5","group:trait","rotation",3,39,4300039,4353039,20,24,2,399,0.2425,FALSE
"t5_global_null","t5","group","rotation",3,40,4300040,4351040,20,24,2,399,0.2125,FALSE
"t5_global_null","t5","trait","rotation",3,40,4300040,4352040,20,24,2,399,0.02,TRUE
"t5_global_null","t5","group:trait","rotation",3,40,4300040,4353040,20,24,2,399,0.1875,FALSE
"t5_global_null","t5","group","rotation",3,41,4300041,4351041,20,24,2,399,0.105,FALSE
"t5_global_null","t5","trait","rotation",3,41,4300041,4352041,20,24,2,399,0.0875,FALSE
"t5_global_null","t5","group:trait","rotation",3,41,4300041,4353041,20,24,2,399,0.055,FALSE
"t5_global_null","t5","group","rotation",3,42,4300042,4351042,20,24,2,399,0.255,FALSE
"t5_global_null","t5","trait","rotation",3,42,4300042,4352042,20,24,2,399,0.025,TRUE
"t5_global_null","t5","group:trait","rotation",3,42,4300042,4353042,20,24,2,399,0.3525,FALSE
"t5_global_null","t5","group","rotation",3,43,4300043,4351043,20,24,2,399,0.91,FALSE
"t5_global_null","t5","trait","rotation",3,43,4300043,4352043,20,24,2,399,0.2625,FALSE
"t5_global_null","t5","group:trait","rotation",3,43,4300043,4353043,20,24,2,399,0.5475,FALSE
"t5_global_null","t5","group","rotation",3,44,4300044,4351044,20,24,2,399,0.3925,FALSE
"t5_global_null","t5","trait","rotation",3,44,4300044,4352044,20,24,2,399,0.74,FALSE
"t5_global_null","t5","group:trait","rotation",3,44,4300044,4353044,20,24,2,399,0.9475,FALSE
"t5_global_null","t5","group","rotation",3,45,4300045,4351045,20,24,2,399,0.4775,FALSE
"t5_global_null","t5","trait","rotation",3,45,4300045,4352045,20,24,2,399,0.21,FALSE
"t5_global_null","t5","group:trait","rotation",3,45,4300045,4353045,20,24,2,399,0.5875,FALSE
"t5_global_null","t5","group","rotation",3,46,4300046,4351046,20,24,2,399,0.025,TRUE
"t5_global_null","t5","trait","rotation",3,46,4300046,4352046,20,24,2,399,0.0225,TRUE
"t5_global_null","t5","group:trait","rotation",3,46,4300046,4353046,20,24,2,399,0.1275,FALSE
"t5_global_null","t5","group","rotation",3,47,4300047,4351047,20,24,2,399,0.5425,FALSE
"t5_global_null","t5","trait","rotation",3,47,4300047,4352047,20,24,2,399,0.67,FALSE
"t5_global_null","t5","group:trait","rotation",3,47,4300047,4353047,20,24,2,399,0.5675,FALSE
"t5_global_null","t5","group","rotation",3,48,4300048,4351048,20,24,2,399,0.8,FALSE
"t5_global_null","t5","trait","rotation",3,48,4300048,4352048,20,24,2,399,0.13,FALSE
"t5_global_null","t5","group:trait","rotation",3,48,4300048,4353048,20,24,2,399,0.055,FALSE
"t5_global_null","t5","group","rotation",3,49,4300049,4351049,20,24,2,399,0.6525,FALSE
"t5_global_null","t5","trait","rotation",3,49,4300049,4352049,20,24,2,399,0.0775,FALSE
"t5_global_null","t5","group:trait","rotation",3,49,4300049,4353049,20,24,2,399,0.0475,TRUE
"t5_global_null","t5","group","rotation",3,50,4300050,4351050,20,24,2,399,0.9825,FALSE
"t5_global_null","t5","trait","rotation",3,50,4300050,4352050,20,24,2,399,0.6775,FALSE
"t5_global_null","t5","group:trait","rotation",3,50,4300050,4353050,20,24,2,399,0.5,FALSE
"t5_global_null","t5","group","rotation",3,51,4300051,4351051,20,24,2,399,0.5175,FALSE
"t5_global_null","t5","trait","rotation",3,51,4300051,4352051,20,24,2,399,0.67,FALSE
"t5_global_null","t5","group:trait","rotation",3,51,4300051,4353051,20,24,2,399,0.1375,FALSE
"t5_global_null","t5","group","rotation",3,52,4300052,4351052,20,24,2,399,0.0975,FALSE
"t5_global_null","t5","trait","rotation",3,52,4300052,4352052,20,24,2,399,0.3025,FALSE
"t5_global_null","t5","group:trait","rotation",3,52,4300052,4353052,20,24,2,399,0.2975,FALSE
"t5_global_null","t5","group","rotation",3,53,4300053,4351053,20,24,2,399,0.8575,FALSE
"t5_global_null","t5","trait","rotation",3,53,4300053,4352053,20,24,2,399,0.56,FALSE
"t5_global_null","t5","group:trait","rotation",3,53,4300053,4353053,20,24,2,399,0.69,FALSE
"t5_global_null","t5","group","rotation",3,54,4300054,4351054,20,24,2,399,0.9425,FALSE
"t5_global_null","t5","trait","rotation",3,54,4300054,4352054,20,24,2,399,0.35,FALSE
"t5_global_null","t5","group:trait","rotation",3,54,4300054,4353054,20,24,2,399,0.3225,FALSE
"t5_global_null","t5","group","rotation",3,55,4300055,4351055,20,24,2,399,0.1075,FALSE
"t5_global_null","t5","trait","rotation",3,55,4300055,4352055,20,24,2,399,0.255,FALSE
"t5_global_null","t5","group:trait","rotation",3,55,4300055,4353055,20,24,2,399,0.09,FALSE
"t5_global_null","t5","group","rotation",3,56,4300056,4351056,20,24,2,399,0.27,FALSE
"t5_global_null","t5","trait","rotation",3,56,4300056,4352056,20,24,2,399,0.2875,FALSE
"t5_global_null","t5","group:trait","rotation",3,56,4300056,4353056,20,24,2,399,0.725,FALSE
"t5_global_null","t5","group","rotation",3,57,4300057,4351057,20,24,2,399,0.4425,FALSE
"t5_global_null","t5","trait","rotation",3,57,4300057,4352057,20,24,2,399,0.9125,FALSE
"t5_global_null","t5","group:trait","rotation",3,57,4300057,4353057,20,24,2,399,0.9325,FALSE
"t5_global_null","t5","group","rotation",3,58,4300058,4351058,20,24,2,399,0.49,FALSE
"t5_global_null","t5","trait","rotation",3,58,4300058,4352058,20,24,2,399,0.3825,FALSE
"t5_global_null","t5","group:trait","rotation",3,58,4300058,4353058,20,24,2,399,0.2225,FALSE
"t5_global_null","t5","group","rotation",3,59,4300059,4351059,20,24,2,399,0.8475,FALSE
"t5_global_null","t5","trait","rotation",3,59,4300059,4352059,20,24,2,399,0.2075,FALSE
"t5_global_null","t5","group:trait","rotation",3,59,4300059,4353059,20,24,2,399,0.015,TRUE
"t5_global_null","t5","group","rotation",3,60,4300060,4351060,20,24,2,399,0.575,FALSE
"t5_global_null","t5","trait","rotation",3,60,4300060,4352060,20,24,2,399,0.8425,FALSE
"t5_global_null","t5","group:trait","rotation",3,60,4300060,4353060,20,24,2,399,0.5225,FALSE
"t5_global_null","t5","group","rotation",3,61,4300061,4351061,20,24,2,399,0.0425,TRUE
"t5_global_null","t5","trait","rotation",3,61,4300061,4352061,20,24,2,399,0.6775,FALSE
"t5_global_null","t5","group:trait","rotation",3,61,4300061,4353061,20,24,2,399,0.3925,FALSE
"t5_global_null","t5","group","rotation",3,62,4300062,4351062,20,24,2,399,0.89,FALSE
"t5_global_null","t5","trait","rotation",3,62,4300062,4352062,20,24,2,399,0.47,FALSE
"t5_global_null","t5","group:trait","rotation",3,62,4300062,4353062,20,24,2,399,0.87,FALSE
"t5_global_null","t5","group","rotation",3,63,4300063,4351063,20,24,2,399,0.4925,FALSE
"t5_global_null","t5","trait","rotation",3,63,4300063,4352063,20,24,2,399,0.7175,FALSE
"t5_global_null","t5","group:trait","rotation",3,63,4300063,4353063,20,24,2,399,0.81,FALSE
"t5_global_null","t5","group","rotation",3,64,4300064,4351064,20,24,2,399,0.2375,FALSE
"t5_global_null","t5","trait","rotation",3,64,4300064,4352064,20,24,2,399,0.905,FALSE
"t5_global_null","t5","group:trait","rotation",3,64,4300064,4353064,20,24,2,399,0.8225,FALSE
"t5_global_null","t5","group","rotation",3,65,4300065,4351065,20,24,2,399,0.6125,FALSE
"t5_global_null","t5","trait","rotation",3,65,4300065,4352065,20,24,2,399,0.325,FALSE
"t5_global_null","t5","group:trait","rotation",3,65,4300065,4353065,20,24,2,399,0.295,FALSE
"t5_global_null","t5","group","rotation",3,66,4300066,4351066,20,24,2,399,0.8275,FALSE
"t5_global_null","t5","trait","rotation",3,66,4300066,4352066,20,24,2,399,0.8375,FALSE
"t5_global_null","t5","group:trait","rotation",3,66,4300066,4353066,20,24,2,399,0.905,FALSE
"t5_global_null","t5","group","rotation",3,67,4300067,4351067,20,24,2,399,0.7925,FALSE
"t5_global_null","t5","trait","rotation",3,67,4300067,4352067,20,24,2,399,0.595,FALSE
"t5_global_null","t5","group:trait","rotation",3,67,4300067,4353067,20,24,2,399,0.7025,FALSE
"t5_global_null","t5","group","rotation",3,68,4300068,4351068,20,24,2,399,0.03,TRUE
"t5_global_null","t5","trait","rotation",3,68,4300068,4352068,20,24,2,399,0.03,TRUE
"t5_global_null","t5","group:trait","rotation",3,68,4300068,4353068,20,24,2,399,0.2875,FALSE
"t5_global_null","t5","group","rotation",3,69,4300069,4351069,20,24,2,399,0.745,FALSE
"t5_global_null","t5","trait","rotation",3,69,4300069,4352069,20,24,2,399,0.6525,FALSE
"t5_global_null","t5","group:trait","rotation",3,69,4300069,4353069,20,24,2,399,0.27,FALSE
"t5_global_null","t5","group","rotation",3,70,4300070,4351070,20,24,2,399,0.59,FALSE
"t5_global_null","t5","trait","rotation",3,70,4300070,4352070,20,24,2,399,0.8,FALSE
"t5_global_null","t5","group:trait","rotation",3,70,4300070,4353070,20,24,2,399,0.2575,FALSE
"t5_global_null","t5","group","rotation",3,71,4300071,4351071,20,24,2,399,0.6125,FALSE
"t5_global_null","t5","trait","rotation",3,71,4300071,4352071,20,24,2,399,0.4325,FALSE
"t5_global_null","t5","group:trait","rotation",3,71,4300071,4353071,20,24,2,399,0.3825,FALSE
"t5_global_null","t5","group","rotation",3,72,4300072,4351072,20,24,2,399,0.7625,FALSE
"t5_global_null","t5","trait","rotation",3,72,4300072,4352072,20,24,2,399,0.7075,FALSE
"t5_global_null","t5","group:trait","rotation",3,72,4300072,4353072,20,24,2,399,0.72,FALSE
"t5_global_null","t5","group","rotation",3,73,4300073,4351073,20,24,2,399,0.2775,FALSE
"t5_global_null","t5","trait","rotation",3,73,4300073,4352073,20,24,2,399,0.5975,FALSE
"t5_global_null","t5","group:trait","rotation",3,73,4300073,4353073,20,24,2,399,0.2475,FALSE
"t5_global_null","t5","group","rotation",3,74,4300074,4351074,20,24,2,399,0.0875,FALSE
"t5_global_null","t5","trait","rotation",3,74,4300074,4352074,20,24,2,399,0.0925,FALSE
"t5_global_null","t5","group:trait","rotation",3,74,4300074,4353074,20,24,2,399,0.2625,FALSE
"t5_global_null","t5","group","rotation",3,75,4300075,4351075,20,24,2,399,0.1725,FALSE
"t5_global_null","t5","trait","rotation",3,75,4300075,4352075,20,24,2,399,0.69,FALSE
"t5_global_null","t5","group:trait","rotation",3,75,4300075,4353075,20,24,2,399,0.515,FALSE
"t5_global_null","t5","group","rotation",3,76,4300076,4351076,20,24,2,399,0.0025,TRUE
"t5_global_null","t5","trait","rotation",3,76,4300076,4352076,20,24,2,399,0.135,FALSE
"t5_global_null","t5","group:trait","rotation",3,76,4300076,4353076,20,24,2,399,0.0675,FALSE
"t5_global_null","t5","group","rotation",3,77,4300077,4351077,20,24,2,399,0.36,FALSE
"t5_global_null","t5","trait","rotation",3,77,4300077,4352077,20,24,2,399,0.63,FALSE
"t5_global_null","t5","group:trait","rotation",3,77,4300077,4353077,20,24,2,399,0.8875,FALSE
"t5_global_null","t5","group","rotation",3,78,4300078,4351078,20,24,2,399,0.96,FALSE
"t5_global_null","t5","trait","rotation",3,78,4300078,4352078,20,24,2,399,0.175,FALSE
"t5_global_null","t5","group:trait","rotation",3,78,4300078,4353078,20,24,2,399,0.585,FALSE
"t5_global_null","t5","group","rotation",3,79,4300079,4351079,20,24,2,399,0.335,FALSE
"t5_global_null","t5","trait","rotation",3,79,4300079,4352079,20,24,2,399,0.0825,FALSE
"t5_global_null","t5","group:trait","rotation",3,79,4300079,4353079,20,24,2,399,0.505,FALSE
"t5_global_null","t5","group","rotation",3,80,4300080,4351080,20,24,2,399,0.2275,FALSE
"t5_global_null","t5","trait","rotation",3,80,4300080,4352080,20,24,2,399,0.2275,FALSE
"t5_global_null","t5","group:trait","rotation",3,80,4300080,4353080,20,24,2,399,0.09,FALSE
"t5_global_null","t5","group","rotation",3,81,4300081,4351081,20,24,2,399,0.985,FALSE
"t5_global_null","t5","trait","rotation",3,81,4300081,4352081,20,24,2,399,0.8175,FALSE
"t5_global_null","t5","group:trait","rotation",3,81,4300081,4353081,20,24,2,399,0.29,FALSE
"t5_global_null","t5","group","rotation",3,82,4300082,4351082,20,24,2,399,0.385,FALSE
"t5_global_null","t5","trait","rotation",3,82,4300082,4352082,20,24,2,399,0.77,FALSE
"t5_global_null","t5","group:trait","rotation",3,82,4300082,4353082,20,24,2,399,0.685,FALSE
"t5_global_null","t5","group","rotation",3,83,4300083,4351083,20,24,2,399,0.2525,FALSE
"t5_global_null","t5","trait","rotation",3,83,4300083,4352083,20,24,2,399,0.345,FALSE
"t5_global_null","t5","group:trait","rotation",3,83,4300083,4353083,20,24,2,399,0.4425,FALSE
"t5_global_null","t5","group","rotation",3,84,4300084,4351084,20,24,2,399,0.35,FALSE
"t5_global_null","t5","trait","rotation",3,84,4300084,4352084,20,24,2,399,0.6275,FALSE
"t5_global_null","t5","group:trait","rotation",3,84,4300084,4353084,20,24,2,399,0.85,FALSE
"t5_global_null","t5","group","rotation",3,85,4300085,4351085,20,24,2,399,0.6875,FALSE
"t5_global_null","t5","trait","rotation",3,85,4300085,4352085,20,24,2,399,0.3125,FALSE
"t5_global_null","t5","group:trait","rotation",3,85,4300085,4353085,20,24,2,399,0.92,FALSE
"t5_global_null","t5","group","rotation",3,86,4300086,4351086,20,24,2,399,0.275,FALSE
"t5_global_null","t5","trait","rotation",3,86,4300086,4352086,20,24,2,399,0.385,FALSE
"t5_global_null","t5","group:trait","rotation",3,86,4300086,4353086,20,24,2,399,0.335,FALSE
"t5_global_null","t5","group","rotation",3,87,4300087,4351087,20,24,2,399,0.0425,TRUE
"t5_global_null","t5","trait","rotation",3,87,4300087,4352087,20,24,2,399,0.3475,FALSE
"t5_global_null","t5","group:trait","rotation",3,87,4300087,4353087,20,24,2,399,0.6625,FALSE
"t5_global_null","t5","group","rotation",3,88,4300088,4351088,20,24,2,399,0.91,FALSE
"t5_global_null","t5","trait","rotation",3,88,4300088,4352088,20,24,2,399,0.17,FALSE
"t5_global_null","t5","group:trait","rotation",3,88,4300088,4353088,20,24,2,399,0.4875,FALSE
"t5_global_null","t5","group","rotation",3,89,4300089,4351089,20,24,2,399,0.75,FALSE
"t5_global_null","t5","trait","rotation",3,89,4300089,4352089,20,24,2,399,0.5625,FALSE
"t5_global_null","t5","group:trait","rotation",3,89,4300089,4353089,20,24,2,399,0.835,FALSE
"t5_global_null","t5","group","rotation",3,90,4300090,4351090,20,24,2,399,0.875,FALSE
"t5_global_null","t5","trait","rotation",3,90,4300090,4352090,20,24,2,399,0.9525,FALSE
"t5_global_null","t5","group:trait","rotation",3,90,4300090,4353090,20,24,2,399,0.7375,FALSE
"t5_global_null","t5","group","rotation",3,91,4300091,4351091,20,24,2,399,0.5,FALSE
"t5_global_null","t5","trait","rotation",3,91,4300091,4352091,20,24,2,399,0.425,FALSE
"t5_global_null","t5","group:trait","rotation",3,91,4300091,4353091,20,24,2,399,0.305,FALSE
"t5_global_null","t5","group","rotation",3,92,4300092,4351092,20,24,2,399,0.93,FALSE
"t5_global_null","t5","trait","rotation",3,92,4300092,4352092,20,24,2,399,0.0275,TRUE
"t5_global_null","t5","group:trait","rotation",3,92,4300092,4353092,20,24,2,399,0.6175,FALSE
"t5_global_null","t5","group","rotation",3,93,4300093,4351093,20,24,2,399,0.575,FALSE
"t5_global_null","t5","trait","rotation",3,93,4300093,4352093,20,24,2,399,0.93,FALSE
"t5_global_null","t5","group:trait","rotation",3,93,4300093,4353093,20,24,2,399,0.6625,FALSE
"t5_global_null","t5","group","rotation",3,94,4300094,4351094,20,24,2,399,0.205,FALSE
"t5_global_null","t5","trait","rotation",3,94,4300094,4352094,20,24,2,399,0.1625,FALSE
"t5_global_null","t5","group:trait","rotation",3,94,4300094,4353094,20,24,2,399,0.1175,FALSE
"t5_global_null","t5","group","rotation",3,95,4300095,4351095,20,24,2,399,0.295,FALSE
"t5_global_null","t5","trait","rotation",3,95,4300095,4352095,20,24,2,399,0.93,FALSE
"t5_global_null","t5","group:trait","rotation",3,95,4300095,4353095,20,24,2,399,0.925,FALSE
"t5_global_null","t5","group","rotation",3,96,4300096,4351096,20,24,2,399,0.6575,FALSE
"t5_global_null","t5","trait","rotation",3,96,4300096,4352096,20,24,2,399,0.86,FALSE
"t5_global_null","t5","group:trait","rotation",3,96,4300096,4353096,20,24,2,399,0.335,FALSE
"t5_global_null","t5","group","rotation",3,97,4300097,4351097,20,24,2,399,0.2775,FALSE
"t5_global_null","t5","trait","rotation",3,97,4300097,4352097,20,24,2,399,0.485,FALSE
"t5_global_null","t5","group:trait","rotation",3,97,4300097,4353097,20,24,2,399,0.795,FALSE
"t5_global_null","t5","group","rotation",3,98,4300098,4351098,20,24,2,399,0.6225,FALSE
"t5_global_null","t5","trait","rotation",3,98,4300098,4352098,20,24,2,399,0.59,FALSE
"t5_global_null","t5","group:trait","rotation",3,98,4300098,4353098,20,24,2,399,0.3825,FALSE
"t5_global_null","t5","group","rotation",3,99,4300099,4351099,20,24,2,399,0.11,FALSE
"t5_global_null","t5","trait","rotation",3,99,4300099,4352099,20,24,2,399,0.0975,FALSE
"t5_global_null","t5","group:trait","rotation",3,99,4300099,4353099,20,24,2,399,0.0225,TRUE
"t5_global_null","t5","group","rotation",3,100,4300100,4351100,20,24,2,399,0.525,FALSE
"t5_global_null","t5","trait","rotation",3,100,4300100,4352100,20,24,2,399,0.8475,FALSE
"t5_global_null","t5","group:trait","rotation",3,100,4300100,4353100,20,24,2,399,0.84,FALSE
"t5_global_null","t5","group","rotation",4,1,4400001,4451001,20,24,2,399,0.2425,FALSE
"t5_global_null","t5","trait","rotation",4,1,4400001,4452001,20,24,2,399,0.39,FALSE
"t5_global_null","t5","group:trait","rotation",4,1,4400001,4453001,20,24,2,399,0.395,FALSE
"t5_global_null","t5","group","rotation",4,2,4400002,4451002,20,24,2,399,0.045,TRUE
"t5_global_null","t5","trait","rotation",4,2,4400002,4452002,20,24,2,399,0.49,FALSE
"t5_global_null","t5","group:trait","rotation",4,2,4400002,4453002,20,24,2,399,0.135,FALSE
"t5_global_null","t5","group","rotation",4,3,4400003,4451003,20,24,2,399,0.68,FALSE
"t5_global_null","t5","trait","rotation",4,3,4400003,4452003,20,24,2,399,0.1525,FALSE
"t5_global_null","t5","group:trait","rotation",4,3,4400003,4453003,20,24,2,399,0.5925,FALSE
"t5_global_null","t5","group","rotation",4,4,4400004,4451004,20,24,2,399,0.59,FALSE
"t5_global_null","t5","trait","rotation",4,4,4400004,4452004,20,24,2,399,0.18,FALSE
"t5_global_null","t5","group:trait","rotation",4,4,4400004,4453004,20,24,2,399,0.2875,FALSE
"t5_global_null","t5","group","rotation",4,5,4400005,4451005,20,24,2,399,0.56,FALSE
"t5_global_null","t5","trait","rotation",4,5,4400005,4452005,20,24,2,399,0.51,FALSE
"t5_global_null","t5","group:trait","rotation",4,5,4400005,4453005,20,24,2,399,0.15,FALSE
"t5_global_null","t5","group","rotation",4,6,4400006,4451006,20,24,2,399,0.9125,FALSE
"t5_global_null","t5","trait","rotation",4,6,4400006,4452006,20,24,2,399,0.7225,FALSE
"t5_global_null","t5","group:trait","rotation",4,6,4400006,4453006,20,24,2,399,0.855,FALSE
"t5_global_null","t5","group","rotation",4,7,4400007,4451007,20,24,2,399,0.7375,FALSE
"t5_global_null","t5","trait","rotation",4,7,4400007,4452007,20,24,2,399,0.9825,FALSE
"t5_global_null","t5","group:trait","rotation",4,7,4400007,4453007,20,24,2,399,0.575,FALSE
"t5_global_null","t5","group","rotation",4,8,4400008,4451008,20,24,2,399,0.6525,FALSE
"t5_global_null","t5","trait","rotation",4,8,4400008,4452008,20,24,2,399,0.8025,FALSE
"t5_global_null","t5","group:trait","rotation",4,8,4400008,4453008,20,24,2,399,0.77,FALSE
"t5_global_null","t5","group","rotation",4,9,4400009,4451009,20,24,2,399,0.825,FALSE
"t5_global_null","t5","trait","rotation",4,9,4400009,4452009,20,24,2,399,0.3075,FALSE
"t5_global_null","t5","group:trait","rotation",4,9,4400009,4453009,20,24,2,399,0.1775,FALSE
"t5_global_null","t5","group","rotation",4,10,4400010,4451010,20,24,2,399,0.0575,FALSE
"t5_global_null","t5","trait","rotation",4,10,4400010,4452010,20,24,2,399,0.62,FALSE
"t5_global_null","t5","group:trait","rotation",4,10,4400010,4453010,20,24,2,399,0.2275,FALSE
"t5_global_null","t5","group","rotation",4,11,4400011,4451011,20,24,2,399,0.1825,FALSE
"t5_global_null","t5","trait","rotation",4,11,4400011,4452011,20,24,2,399,0.0925,FALSE
"t5_global_null","t5","group:trait","rotation",4,11,4400011,4453011,20,24,2,399,0.915,FALSE
"t5_global_null","t5","group","rotation",4,12,4400012,4451012,20,24,2,399,0.985,FALSE
"t5_global_null","t5","trait","rotation",4,12,4400012,4452012,20,24,2,399,0.7925,FALSE
"t5_global_null","t5","group:trait","rotation",4,12,4400012,4453012,20,24,2,399,0.4025,FALSE
"t5_global_null","t5","group","rotation",4,13,4400013,4451013,20,24,2,399,0.93,FALSE
"t5_global_null","t5","trait","rotation",4,13,4400013,4452013,20,24,2,399,0.8525,FALSE
"t5_global_null","t5","group:trait","rotation",4,13,4400013,4453013,20,24,2,399,0.8125,FALSE
"t5_global_null","t5","group","rotation",4,14,4400014,4451014,20,24,2,399,0.3975,FALSE
"t5_global_null","t5","trait","rotation",4,14,4400014,4452014,20,24,2,399,0.39,FALSE
"t5_global_null","t5","group:trait","rotation",4,14,4400014,4453014,20,24,2,399,0.2925,FALSE
"t5_global_null","t5","group","rotation",4,15,4400015,4451015,20,24,2,399,0.95,FALSE
"t5_global_null","t5","trait","rotation",4,15,4400015,4452015,20,24,2,399,0.58,FALSE
"t5_global_null","t5","group:trait","rotation",4,15,4400015,4453015,20,24,2,399,0.7625,FALSE
"t5_global_null","t5","group","rotation",4,16,4400016,4451016,20,24,2,399,0.9975,FALSE
"t5_global_null","t5","trait","rotation",4,16,4400016,4452016,20,24,2,399,0.8075,FALSE
"t5_global_null","t5","group:trait","rotation",4,16,4400016,4453016,20,24,2,399,0.5875,FALSE
"t5_global_null","t5","group","rotation",4,17,4400017,4451017,20,24,2,399,0.91,FALSE
"t5_global_null","t5","trait","rotation",4,17,4400017,4452017,20,24,2,399,0.33,FALSE
"t5_global_null","t5","group:trait","rotation",4,17,4400017,4453017,20,24,2,399,0.2025,FALSE
"t5_global_null","t5","group","rotation",4,18,4400018,4451018,20,24,2,399,0.84,FALSE
"t5_global_null","t5","trait","rotation",4,18,4400018,4452018,20,24,2,399,0.84,FALSE
"t5_global_null","t5","group:trait","rotation",4,18,4400018,4453018,20,24,2,399,0.8275,FALSE
"t5_global_null","t5","group","rotation",4,19,4400019,4451019,20,24,2,399,0.5875,FALSE
"t5_global_null","t5","trait","rotation",4,19,4400019,4452019,20,24,2,399,0.77,FALSE
"t5_global_null","t5","group:trait","rotation",4,19,4400019,4453019,20,24,2,399,0.79,FALSE
"t5_global_null","t5","group","rotation",4,20,4400020,4451020,20,24,2,399,0.365,FALSE
"t5_global_null","t5","trait","rotation",4,20,4400020,4452020,20,24,2,399,0.09,FALSE
"t5_global_null","t5","group:trait","rotation",4,20,4400020,4453020,20,24,2,399,0.505,FALSE
"t5_global_null","t5","group","rotation",4,21,4400021,4451021,20,24,2,399,0.3875,FALSE
"t5_global_null","t5","trait","rotation",4,21,4400021,4452021,20,24,2,399,0.47,FALSE
"t5_global_null","t5","group:trait","rotation",4,21,4400021,4453021,20,24,2,399,0.2175,FALSE
"t5_global_null","t5","group","rotation",4,22,4400022,4451022,20,24,2,399,0.31,FALSE
"t5_global_null","t5","trait","rotation",4,22,4400022,4452022,20,24,2,399,0.2725,FALSE
"t5_global_null","t5","group:trait","rotation",4,22,4400022,4453022,20,24,2,399,0.435,FALSE
"t5_global_null","t5","group","rotation",4,23,4400023,4451023,20,24,2,399,0.185,FALSE
"t5_global_null","t5","trait","rotation",4,23,4400023,4452023,20,24,2,399,0.6075,FALSE
"t5_global_null","t5","group:trait","rotation",4,23,4400023,4453023,20,24,2,399,0.77,FALSE
"t5_global_null","t5","group","rotation",4,24,4400024,4451024,20,24,2,399,0.77,FALSE
"t5_global_null","t5","trait","rotation",4,24,4400024,4452024,20,24,2,399,0.535,FALSE
"t5_global_null","t5","group:trait","rotation",4,24,4400024,4453024,20,24,2,399,0.635,FALSE
"t5_global_null","t5","group","rotation",4,25,4400025,4451025,20,24,2,399,0.7675,FALSE
"t5_global_null","t5","trait","rotation",4,25,4400025,4452025,20,24,2,399,0.72,FALSE
"t5_global_null","t5","group:trait","rotation",4,25,4400025,4453025,20,24,2,399,0.58,FALSE
"t5_global_null","t5","group","rotation",4,26,4400026,4451026,20,24,2,399,0.9325,FALSE
"t5_global_null","t5","trait","rotation",4,26,4400026,4452026,20,24,2,399,0.1625,FALSE
"t5_global_null","t5","group:trait","rotation",4,26,4400026,4453026,20,24,2,399,0.56,FALSE
"t5_global_null","t5","group","rotation",4,27,4400027,4451027,20,24,2,399,0.62,FALSE
"t5_global_null","t5","trait","rotation",4,27,4400027,4452027,20,24,2,399,0.0575,FALSE
"t5_global_null","t5","group:trait","rotation",4,27,4400027,4453027,20,24,2,399,0.06,FALSE
"t5_global_null","t5","group","rotation",4,28,4400028,4451028,20,24,2,399,0.325,FALSE
"t5_global_null","t5","trait","rotation",4,28,4400028,4452028,20,24,2,399,0.705,FALSE
"t5_global_null","t5","group:trait","rotation",4,28,4400028,4453028,20,24,2,399,0.8275,FALSE
"t5_global_null","t5","group","rotation",4,29,4400029,4451029,20,24,2,399,0.0075,TRUE
"t5_global_null","t5","trait","rotation",4,29,4400029,4452029,20,24,2,399,0.7225,FALSE
"t5_global_null","t5","group:trait","rotation",4,29,4400029,4453029,20,24,2,399,0.1175,FALSE
"t5_global_null","t5","group","rotation",4,30,4400030,4451030,20,24,2,399,0.3175,FALSE
"t5_global_null","t5","trait","rotation",4,30,4400030,4452030,20,24,2,399,0.775,FALSE
"t5_global_null","t5","group:trait","rotation",4,30,4400030,4453030,20,24,2,399,0.8275,FALSE
"t5_global_null","t5","group","rotation",4,31,4400031,4451031,20,24,2,399,0.285,FALSE
"t5_global_null","t5","trait","rotation",4,31,4400031,4452031,20,24,2,399,0.735,FALSE
"t5_global_null","t5","group:trait","rotation",4,31,4400031,4453031,20,24,2,399,0.8175,FALSE
"t5_global_null","t5","group","rotation",4,32,4400032,4451032,20,24,2,399,0.0325,TRUE
"t5_global_null","t5","trait","rotation",4,32,4400032,4452032,20,24,2,399,0.41,FALSE
"t5_global_null","t5","group:trait","rotation",4,32,4400032,4453032,20,24,2,399,0.5075,FALSE
"t5_global_null","t5","group","rotation",4,33,4400033,4451033,20,24,2,399,0.88,FALSE
"t5_global_null","t5","trait","rotation",4,33,4400033,4452033,20,24,2,399,0.88,FALSE
"t5_global_null","t5","group:trait","rotation",4,33,4400033,4453033,20,24,2,399,0.3575,FALSE
"t5_global_null","t5","group","rotation",4,34,4400034,4451034,20,24,2,399,0.8175,FALSE
"t5_global_null","t5","trait","rotation",4,34,4400034,4452034,20,24,2,399,0.605,FALSE
"t5_global_null","t5","group:trait","rotation",4,34,4400034,4453034,20,24,2,399,0.925,FALSE
"t5_global_null","t5","group","rotation",4,35,4400035,4451035,20,24,2,399,0.4275,FALSE
"t5_global_null","t5","trait","rotation",4,35,4400035,4452035,20,24,2,399,0.6625,FALSE
"t5_global_null","t5","group:trait","rotation",4,35,4400035,4453035,20,24,2,399,0.575,FALSE
"t5_global_null","t5","group","rotation",4,36,4400036,4451036,20,24,2,399,0.3925,FALSE
"t5_global_null","t5","trait","rotation",4,36,4400036,4452036,20,24,2,399,0.36,FALSE
"t5_global_null","t5","group:trait","rotation",4,36,4400036,4453036,20,24,2,399,0.995,FALSE
"t5_global_null","t5","group","rotation",4,37,4400037,4451037,20,24,2,399,0.52,FALSE
"t5_global_null","t5","trait","rotation",4,37,4400037,4452037,20,24,2,399,0.85,FALSE
"t5_global_null","t5","group:trait","rotation",4,37,4400037,4453037,20,24,2,399,0.685,FALSE
"t5_global_null","t5","group","rotation",4,38,4400038,4451038,20,24,2,399,0.41,FALSE
"t5_global_null","t5","trait","rotation",4,38,4400038,4452038,20,24,2,399,0.355,FALSE
"t5_global_null","t5","group:trait","rotation",4,38,4400038,4453038,20,24,2,399,0.4025,FALSE
"t5_global_null","t5","group","rotation",4,39,4400039,4451039,20,24,2,399,0.49,FALSE
"t5_global_null","t5","trait","rotation",4,39,4400039,4452039,20,24,2,399,0.9675,FALSE
"t5_global_null","t5","group:trait","rotation",4,39,4400039,4453039,20,24,2,399,0.4725,FALSE
"t5_global_null","t5","group","rotation",4,40,4400040,4451040,20,24,2,399,0.785,FALSE
"t5_global_null","t5","trait","rotation",4,40,4400040,4452040,20,24,2,399,0.98,FALSE
"t5_global_null","t5","group:trait","rotation",4,40,4400040,4453040,20,24,2,399,0.195,FALSE
"t5_global_null","t5","group","rotation",4,41,4400041,4451041,20,24,2,399,0.725,FALSE
"t5_global_null","t5","trait","rotation",4,41,4400041,4452041,20,24,2,399,0.5175,FALSE
"t5_global_null","t5","group:trait","rotation",4,41,4400041,4453041,20,24,2,399,0.3,FALSE
"t5_global_null","t5","group","rotation",4,42,4400042,4451042,20,24,2,399,0.5025,FALSE
"t5_global_null","t5","trait","rotation",4,42,4400042,4452042,20,24,2,399,0.405,FALSE
"t5_global_null","t5","group:trait","rotation",4,42,4400042,4453042,20,24,2,399,0.11,FALSE
"t5_global_null","t5","group","rotation",4,43,4400043,4451043,20,24,2,399,0.42,FALSE
"t5_global_null","t5","trait","rotation",4,43,4400043,4452043,20,24,2,399,0.56,FALSE
"t5_global_null","t5","group:trait","rotation",4,43,4400043,4453043,20,24,2,399,0.3975,FALSE
"t5_global_null","t5","group","rotation",4,44,4400044,4451044,20,24,2,399,0.86,FALSE
"t5_global_null","t5","trait","rotation",4,44,4400044,4452044,20,24,2,399,0.995,FALSE
"t5_global_null","t5","group:trait","rotation",4,44,4400044,4453044,20,24,2,399,0.6275,FALSE
"t5_global_null","t5","group","rotation",4,45,4400045,4451045,20,24,2,399,0.2975,FALSE
"t5_global_null","t5","trait","rotation",4,45,4400045,4452045,20,24,2,399,0.25,FALSE
"t5_global_null","t5","group:trait","rotation",4,45,4400045,4453045,20,24,2,399,0.6975,FALSE
"t5_global_null","t5","group","rotation",4,46,4400046,4451046,20,24,2,399,0.1275,FALSE
"t5_global_null","t5","trait","rotation",4,46,4400046,4452046,20,24,2,399,0.705,FALSE
"t5_global_null","t5","group:trait","rotation",4,46,4400046,4453046,20,24,2,399,0.54,FALSE
"t5_global_null","t5","group","rotation",4,47,4400047,4451047,20,24,2,399,0.805,FALSE
"t5_global_null","t5","trait","rotation",4,47,4400047,4452047,20,24,2,399,0.405,FALSE
"t5_global_null","t5","group:trait","rotation",4,47,4400047,4453047,20,24,2,399,0.7725,FALSE
"t5_global_null","t5","group","rotation",4,48,4400048,4451048,20,24,2,399,0.9775,FALSE
"t5_global_null","t5","trait","rotation",4,48,4400048,4452048,20,24,2,399,0.645,FALSE
"t5_global_null","t5","group:trait","rotation",4,48,4400048,4453048,20,24,2,399,0.0825,FALSE
"t5_global_null","t5","group","rotation",4,49,4400049,4451049,20,24,2,399,0.3025,FALSE
"t5_global_null","t5","trait","rotation",4,49,4400049,4452049,20,24,2,399,0.1425,FALSE
"t5_global_null","t5","group:trait","rotation",4,49,4400049,4453049,20,24,2,399,0.325,FALSE
"t5_global_null","t5","group","rotation",4,50,4400050,4451050,20,24,2,399,0.6075,FALSE
"t5_global_null","t5","trait","rotation",4,50,4400050,4452050,20,24,2,399,0.2575,FALSE
"t5_global_null","t5","group:trait","rotation",4,50,4400050,4453050,20,24,2,399,0.4175,FALSE
"t5_global_null","t5","group","rotation",4,51,4400051,4451051,20,24,2,399,0.815,FALSE
"t5_global_null","t5","trait","rotation",4,51,4400051,4452051,20,24,2,399,0.155,FALSE
"t5_global_null","t5","group:trait","rotation",4,51,4400051,4453051,20,24,2,399,0.905,FALSE
"t5_global_null","t5","group","rotation",4,52,4400052,4451052,20,24,2,399,0.24,FALSE
"t5_global_null","t5","trait","rotation",4,52,4400052,4452052,20,24,2,399,0.71,FALSE
"t5_global_null","t5","group:trait","rotation",4,52,4400052,4453052,20,24,2,399,0.9425,FALSE
"t5_global_null","t5","group","rotation",4,53,4400053,4451053,20,24,2,399,0.4575,FALSE
"t5_global_null","t5","trait","rotation",4,53,4400053,4452053,20,24,2,399,0.015,TRUE
"t5_global_null","t5","group:trait","rotation",4,53,4400053,4453053,20,24,2,399,0.0575,FALSE
"t5_global_null","t5","group","rotation",4,54,4400054,4451054,20,24,2,399,0.2625,FALSE
"t5_global_null","t5","trait","rotation",4,54,4400054,4452054,20,24,2,399,0.3225,FALSE
"t5_global_null","t5","group:trait","rotation",4,54,4400054,4453054,20,24,2,399,0.1225,FALSE
"t5_global_null","t5","group","rotation",4,55,4400055,4451055,20,24,2,399,0.13,FALSE
"t5_global_null","t5","trait","rotation",4,55,4400055,4452055,20,24,2,399,0.605,FALSE
"t5_global_null","t5","group:trait","rotation",4,55,4400055,4453055,20,24,2,399,0.475,FALSE
"t5_global_null","t5","group","rotation",4,56,4400056,4451056,20,24,2,399,0.2325,FALSE
"t5_global_null","t5","trait","rotation",4,56,4400056,4452056,20,24,2,399,0.82,FALSE
"t5_global_null","t5","group:trait","rotation",4,56,4400056,4453056,20,24,2,399,0.8775,FALSE
"t5_global_null","t5","group","rotation",4,57,4400057,4451057,20,24,2,399,0.3975,FALSE
"t5_global_null","t5","trait","rotation",4,57,4400057,4452057,20,24,2,399,0.7225,FALSE
"t5_global_null","t5","group:trait","rotation",4,57,4400057,4453057,20,24,2,399,0.66,FALSE
"t5_global_null","t5","group","rotation",4,58,4400058,4451058,20,24,2,399,0.9525,FALSE
"t5_global_null","t5","trait","rotation",4,58,4400058,4452058,20,24,2,399,0.0275,TRUE
"t5_global_null","t5","group:trait","rotation",4,58,4400058,4453058,20,24,2,399,0.025,TRUE
"t5_global_null","t5","group","rotation",4,59,4400059,4451059,20,24,2,399,0.81,FALSE
"t5_global_null","t5","trait","rotation",4,59,4400059,4452059,20,24,2,399,0.29,FALSE
"t5_global_null","t5","group:trait","rotation",4,59,4400059,4453059,20,24,2,399,0.7475,FALSE
"t5_global_null","t5","group","rotation",4,60,4400060,4451060,20,24,2,399,0.495,FALSE
"t5_global_null","t5","trait","rotation",4,60,4400060,4452060,20,24,2,399,0.76,FALSE
"t5_global_null","t5","group:trait","rotation",4,60,4400060,4453060,20,24,2,399,0.6275,FALSE
"t5_global_null","t5","group","rotation",4,61,4400061,4451061,20,24,2,399,0.9525,FALSE
"t5_global_null","t5","trait","rotation",4,61,4400061,4452061,20,24,2,399,0.8125,FALSE
"t5_global_null","t5","group:trait","rotation",4,61,4400061,4453061,20,24,2,399,0.675,FALSE
"t5_global_null","t5","group","rotation",4,62,4400062,4451062,20,24,2,399,0.8025,FALSE
"t5_global_null","t5","trait","rotation",4,62,4400062,4452062,20,24,2,399,0.825,FALSE
"t5_global_null","t5","group:trait","rotation",4,62,4400062,4453062,20,24,2,399,0.5675,FALSE
"t5_global_null","t5","group","rotation",4,63,4400063,4451063,20,24,2,399,0.7225,FALSE
"t5_global_null","t5","trait","rotation",4,63,4400063,4452063,20,24,2,399,0.6025,FALSE
"t5_global_null","t5","group:trait","rotation",4,63,4400063,4453063,20,24,2,399,0.8175,FALSE
"t5_global_null","t5","group","rotation",4,64,4400064,4451064,20,24,2,399,0.5475,FALSE
"t5_global_null","t5","trait","rotation",4,64,4400064,4452064,20,24,2,399,0.1275,FALSE
"t5_global_null","t5","group:trait","rotation",4,64,4400064,4453064,20,24,2,399,0.2625,FALSE
"t5_global_null","t5","group","rotation",4,65,4400065,4451065,20,24,2,399,0.68,FALSE
"t5_global_null","t5","trait","rotation",4,65,4400065,4452065,20,24,2,399,0.34,FALSE
"t5_global_null","t5","group:trait","rotation",4,65,4400065,4453065,20,24,2,399,0.315,FALSE
"t5_global_null","t5","group","rotation",4,66,4400066,4451066,20,24,2,399,0.1825,FALSE
"t5_global_null","t5","trait","rotation",4,66,4400066,4452066,20,24,2,399,0.0925,FALSE
"t5_global_null","t5","group:trait","rotation",4,66,4400066,4453066,20,24,2,399,0.1425,FALSE
"t5_global_null","t5","group","rotation",4,67,4400067,4451067,20,24,2,399,0.295,FALSE
"t5_global_null","t5","trait","rotation",4,67,4400067,4452067,20,24,2,399,0.78,FALSE
"t5_global_null","t5","group:trait","rotation",4,67,4400067,4453067,20,24,2,399,0.485,FALSE
"t5_global_null","t5","group","rotation",4,68,4400068,4451068,20,24,2,399,0.4475,FALSE
"t5_global_null","t5","trait","rotation",4,68,4400068,4452068,20,24,2,399,0.87,FALSE
"t5_global_null","t5","group:trait","rotation",4,68,4400068,4453068,20,24,2,399,0.5725,FALSE
"t5_global_null","t5","group","rotation",4,69,4400069,4451069,20,24,2,399,0.7775,FALSE
"t5_global_null","t5","trait","rotation",4,69,4400069,4452069,20,24,2,399,0.8675,FALSE
"t5_global_null","t5","group:trait","rotation",4,69,4400069,4453069,20,24,2,399,0.6825,FALSE
"t5_global_null","t5","group","rotation",4,70,4400070,4451070,20,24,2,399,0.815,FALSE
"t5_global_null","t5","trait","rotation",4,70,4400070,4452070,20,24,2,399,0.6675,FALSE
"t5_global_null","t5","group:trait","rotation",4,70,4400070,4453070,20,24,2,399,0.2975,FALSE
"t5_global_null","t5","group","rotation",4,71,4400071,4451071,20,24,2,399,0.115,FALSE
"t5_global_null","t5","trait","rotation",4,71,4400071,4452071,20,24,2,399,0.11,FALSE
"t5_global_null","t5","group:trait","rotation",4,71,4400071,4453071,20,24,2,399,0.3125,FALSE
"t5_global_null","t5","group","rotation",4,72,4400072,4451072,20,24,2,399,0.4875,FALSE
"t5_global_null","t5","trait","rotation",4,72,4400072,4452072,20,24,2,399,0.02,TRUE
"t5_global_null","t5","group:trait","rotation",4,72,4400072,4453072,20,24,2,399,0.1275,FALSE
"t5_global_null","t5","group","rotation",4,73,4400073,4451073,20,24,2,399,0.2275,FALSE
"t5_global_null","t5","trait","rotation",4,73,4400073,4452073,20,24,2,399,0.4325,FALSE
"t5_global_null","t5","group:trait","rotation",4,73,4400073,4453073,20,24,2,399,0.6925,FALSE
"t5_global_null","t5","group","rotation",4,74,4400074,4451074,20,24,2,399,0.6575,FALSE
"t5_global_null","t5","trait","rotation",4,74,4400074,4452074,20,24,2,399,0.3625,FALSE
"t5_global_null","t5","group:trait","rotation",4,74,4400074,4453074,20,24,2,399,0.38,FALSE
"t5_global_null","t5","group","rotation",4,75,4400075,4451075,20,24,2,399,0.0575,FALSE
"t5_global_null","t5","trait","rotation",4,75,4400075,4452075,20,24,2,399,0.63,FALSE
"t5_global_null","t5","group:trait","rotation",4,75,4400075,4453075,20,24,2,399,0.6125,FALSE
"t5_global_null","t5","group","rotation",4,76,4400076,4451076,20,24,2,399,0.79,FALSE
"t5_global_null","t5","trait","rotation",4,76,4400076,4452076,20,24,2,399,0.27,FALSE
"t5_global_null","t5","group:trait","rotation",4,76,4400076,4453076,20,24,2,399,0.7075,FALSE
"t5_global_null","t5","group","rotation",4,77,4400077,4451077,20,24,2,399,0.555,FALSE
"t5_global_null","t5","trait","rotation",4,77,4400077,4452077,20,24,2,399,0.8575,FALSE
"t5_global_null","t5","group:trait","rotation",4,77,4400077,4453077,20,24,2,399,1,FALSE
"t5_global_null","t5","group","rotation",4,78,4400078,4451078,20,24,2,399,0.285,FALSE
"t5_global_null","t5","trait","rotation",4,78,4400078,4452078,20,24,2,399,0.27,FALSE
"t5_global_null","t5","group:trait","rotation",4,78,4400078,4453078,20,24,2,399,0.4775,FALSE
"t5_global_null","t5","group","rotation",4,79,4400079,4451079,20,24,2,399,0.965,FALSE
"t5_global_null","t5","trait","rotation",4,79,4400079,4452079,20,24,2,399,0.705,FALSE
"t5_global_null","t5","group:trait","rotation",4,79,4400079,4453079,20,24,2,399,0.945,FALSE
"t5_global_null","t5","group","rotation",4,80,4400080,4451080,20,24,2,399,0.1725,FALSE
"t5_global_null","t5","trait","rotation",4,80,4400080,4452080,20,24,2,399,0.0225,TRUE
"t5_global_null","t5","group:trait","rotation",4,80,4400080,4453080,20,24,2,399,0.145,FALSE
"t5_global_null","t5","group","rotation",4,81,4400081,4451081,20,24,2,399,0.79,FALSE
"t5_global_null","t5","trait","rotation",4,81,4400081,4452081,20,24,2,399,0.0925,FALSE
"t5_global_null","t5","group:trait","rotation",4,81,4400081,4453081,20,24,2,399,0.14,FALSE
"t5_global_null","t5","group","rotation",4,82,4400082,4451082,20,24,2,399,0.615,FALSE
"t5_global_null","t5","trait","rotation",4,82,4400082,4452082,20,24,2,399,0.3825,FALSE
"t5_global_null","t5","group:trait","rotation",4,82,4400082,4453082,20,24,2,399,0.505,FALSE
"t5_global_null","t5","group","rotation",4,83,4400083,4451083,20,24,2,399,0.825,FALSE
"t5_global_null","t5","trait","rotation",4,83,4400083,4452083,20,24,2,399,0.7625,FALSE
"t5_global_null","t5","group:trait","rotation",4,83,4400083,4453083,20,24,2,399,0.7925,FALSE
"t5_global_null","t5","group","rotation",4,84,4400084,4451084,20,24,2,399,0.9175,FALSE
"t5_global_null","t5","trait","rotation",4,84,4400084,4452084,20,24,2,399,0.765,FALSE
"t5_global_null","t5","group:trait","rotation",4,84,4400084,4453084,20,24,2,399,0.455,FALSE
"t5_global_null","t5","group","rotation",4,85,4400085,4451085,20,24,2,399,0.6225,FALSE
"t5_global_null","t5","trait","rotation",4,85,4400085,4452085,20,24,2,399,0.8525,FALSE
"t5_global_null","t5","group:trait","rotation",4,85,4400085,4453085,20,24,2,399,0.9625,FALSE
"t5_global_null","t5","group","rotation",4,86,4400086,4451086,20,24,2,399,0.2675,FALSE
"t5_global_null","t5","trait","rotation",4,86,4400086,4452086,20,24,2,399,0.12,FALSE
"t5_global_null","t5","group:trait","rotation",4,86,4400086,4453086,20,24,2,399,0.13,FALSE
"t5_global_null","t5","group","rotation",4,87,4400087,4451087,20,24,2,399,0.76,FALSE
"t5_global_null","t5","trait","rotation",4,87,4400087,4452087,20,24,2,399,0.9225,FALSE
"t5_global_null","t5","group:trait","rotation",4,87,4400087,4453087,20,24,2,399,0.8825,FALSE
"t5_global_null","t5","group","rotation",4,88,4400088,4451088,20,24,2,399,0.02,TRUE
"t5_global_null","t5","trait","rotation",4,88,4400088,4452088,20,24,2,399,0.095,FALSE
"t5_global_null","t5","group:trait","rotation",4,88,4400088,4453088,20,24,2,399,0.57,FALSE
"t5_global_null","t5","group","rotation",4,89,4400089,4451089,20,24,2,399,0.515,FALSE
"t5_global_null","t5","trait","rotation",4,89,4400089,4452089,20,24,2,399,0.1125,FALSE
"t5_global_null","t5","group:trait","rotation",4,89,4400089,4453089,20,24,2,399,0.0225,TRUE
"t5_global_null","t5","group","rotation",4,90,4400090,4451090,20,24,2,399,0.1425,FALSE
"t5_global_null","t5","trait","rotation",4,90,4400090,4452090,20,24,2,399,0.275,FALSE
"t5_global_null","t5","group:trait","rotation",4,90,4400090,4453090,20,24,2,399,0.5225,FALSE
"t5_global_null","t5","group","rotation",4,91,4400091,4451091,20,24,2,399,0.39,FALSE
"t5_global_null","t5","trait","rotation",4,91,4400091,4452091,20,24,2,399,0.4825,FALSE
"t5_global_null","t5","group:trait","rotation",4,91,4400091,4453091,20,24,2,399,0.87,FALSE
"t5_global_null","t5","group","rotation",4,92,4400092,4451092,20,24,2,399,0.045,TRUE
"t5_global_null","t5","trait","rotation",4,92,4400092,4452092,20,24,2,399,0.785,FALSE
"t5_global_null","t5","group:trait","rotation",4,92,4400092,4453092,20,24,2,399,0.935,FALSE
"t5_global_null","t5","group","rotation",4,93,4400093,4451093,20,24,2,399,0.015,TRUE
"t5_global_null","t5","trait","rotation",4,93,4400093,4452093,20,24,2,399,0.8375,FALSE
"t5_global_null","t5","group:trait","rotation",4,93,4400093,4453093,20,24,2,399,0.87,FALSE
"t5_global_null","t5","group","rotation",4,94,4400094,4451094,20,24,2,399,0.685,FALSE
"t5_global_null","t5","trait","rotation",4,94,4400094,4452094,20,24,2,399,0.6375,FALSE
"t5_global_null","t5","group:trait","rotation",4,94,4400094,4453094,20,24,2,399,0.71,FALSE
"t5_global_null","t5","group","rotation",4,95,4400095,4451095,20,24,2,399,0.705,FALSE
"t5_global_null","t5","trait","rotation",4,95,4400095,4452095,20,24,2,399,0.3175,FALSE
"t5_global_null","t5","group:trait","rotation",4,95,4400095,4453095,20,24,2,399,0.8475,FALSE
"t5_global_null","t5","group","rotation",4,96,4400096,4451096,20,24,2,399,0.165,FALSE
"t5_global_null","t5","trait","rotation",4,96,4400096,4452096,20,24,2,399,0.8,FALSE
"t5_global_null","t5","group:trait","rotation",4,96,4400096,4453096,20,24,2,399,0.5175,FALSE
"t5_global_null","t5","group","rotation",4,97,4400097,4451097,20,24,2,399,0.3275,FALSE
"t5_global_null","t5","trait","rotation",4,97,4400097,4452097,20,24,2,399,0.2925,FALSE
"t5_global_null","t5","group:trait","rotation",4,97,4400097,4453097,20,24,2,399,0.17,FALSE
"t5_global_null","t5","group","rotation",4,98,4400098,4451098,20,24,2,399,0.5625,FALSE
"t5_global_null","t5","trait","rotation",4,98,4400098,4452098,20,24,2,399,0.9675,FALSE
"t5_global_null","t5","group:trait","rotation",4,98,4400098,4453098,20,24,2,399,0.9575,FALSE
"t5_global_null","t5","group","rotation",4,99,4400099,4451099,20,24,2,399,0.915,FALSE
"t5_global_null","t5","trait","rotation",4,99,4400099,4452099,20,24,2,399,0.29,FALSE
"t5_global_null","t5","group:trait","rotation",4,99,4400099,4453099,20,24,2,399,0.49,FALSE
"t5_global_null","t5","group","rotation",4,100,4400100,4451100,20,24,2,399,0.9275,FALSE
"t5_global_null","t5","trait","rotation",4,100,4400100,4452100,20,24,2,399,0.3525,FALSE
"t5_global_null","t5","group:trait","rotation",4,100,4400100,4453100,20,24,2,399,0.755,FALSE
"t5_global_null","t5","group","rotation",5,1,4500001,4551001,20,24,2,399,0.165,FALSE
"t5_global_null","t5","trait","rotation",5,1,4500001,4552001,20,24,2,399,0.135,FALSE
"t5_global_null","t5","group:trait","rotation",5,1,4500001,4553001,20,24,2,399,0.535,FALSE
"t5_global_null","t5","group","rotation",5,2,4500002,4551002,20,24,2,399,0.6975,FALSE
"t5_global_null","t5","trait","rotation",5,2,4500002,4552002,20,24,2,399,0.5825,FALSE
"t5_global_null","t5","group:trait","rotation",5,2,4500002,4553002,20,24,2,399,0.5225,FALSE
"t5_global_null","t5","group","rotation",5,3,4500003,4551003,20,24,2,399,0.955,FALSE
"t5_global_null","t5","trait","rotation",5,3,4500003,4552003,20,24,2,399,0.3975,FALSE
"t5_global_null","t5","group:trait","rotation",5,3,4500003,4553003,20,24,2,399,0.805,FALSE
"t5_global_null","t5","group","rotation",5,4,4500004,4551004,20,24,2,399,0.0625,FALSE
"t5_global_null","t5","trait","rotation",5,4,4500004,4552004,20,24,2,399,0.1425,FALSE
"t5_global_null","t5","group:trait","rotation",5,4,4500004,4553004,20,24,2,399,0.0425,TRUE
"t5_global_null","t5","group","rotation",5,5,4500005,4551005,20,24,2,399,0.37,FALSE
"t5_global_null","t5","trait","rotation",5,5,4500005,4552005,20,24,2,399,0.93,FALSE
"t5_global_null","t5","group:trait","rotation",5,5,4500005,4553005,20,24,2,399,0.1825,FALSE
"t5_global_null","t5","group","rotation",5,6,4500006,4551006,20,24,2,399,0.0525,FALSE
"t5_global_null","t5","trait","rotation",5,6,4500006,4552006,20,24,2,399,0.1725,FALSE
"t5_global_null","t5","group:trait","rotation",5,6,4500006,4553006,20,24,2,399,0.19,FALSE
"t5_global_null","t5","group","rotation",5,7,4500007,4551007,20,24,2,399,0.005,TRUE
"t5_global_null","t5","trait","rotation",5,7,4500007,4552007,20,24,2,399,0.035,TRUE
"t5_global_null","t5","group:trait","rotation",5,7,4500007,4553007,20,24,2,399,0.3875,FALSE
"t5_global_null","t5","group","rotation",5,8,4500008,4551008,20,24,2,399,0.4475,FALSE
"t5_global_null","t5","trait","rotation",5,8,4500008,4552008,20,24,2,399,0.8325,FALSE
"t5_global_null","t5","group:trait","rotation",5,8,4500008,4553008,20,24,2,399,0.3675,FALSE
"t5_global_null","t5","group","rotation",5,9,4500009,4551009,20,24,2,399,0.95,FALSE
"t5_global_null","t5","trait","rotation",5,9,4500009,4552009,20,24,2,399,0.6125,FALSE
"t5_global_null","t5","group:trait","rotation",5,9,4500009,4553009,20,24,2,399,0.8425,FALSE
"t5_global_null","t5","group","rotation",5,10,4500010,4551010,20,24,2,399,0.4425,FALSE
"t5_global_null","t5","trait","rotation",5,10,4500010,4552010,20,24,2,399,0.4575,FALSE
"t5_global_null","t5","group:trait","rotation",5,10,4500010,4553010,20,24,2,399,0.5,FALSE
"t5_global_null","t5","group","rotation",5,11,4500011,4551011,20,24,2,399,0.56,FALSE
"t5_global_null","t5","trait","rotation",5,11,4500011,4552011,20,24,2,399,0.1275,FALSE
"t5_global_null","t5","group:trait","rotation",5,11,4500011,4553011,20,24,2,399,0.085,FALSE
"t5_global_null","t5","group","rotation",5,12,4500012,4551012,20,24,2,399,0.995,FALSE
"t5_global_null","t5","trait","rotation",5,12,4500012,4552012,20,24,2,399,0.0775,FALSE
"t5_global_null","t5","group:trait","rotation",5,12,4500012,4553012,20,24,2,399,0.1,FALSE
"t5_global_null","t5","group","rotation",5,13,4500013,4551013,20,24,2,399,0.02,TRUE
"t5_global_null","t5","trait","rotation",5,13,4500013,4552013,20,24,2,399,0.095,FALSE
"t5_global_null","t5","group:trait","rotation",5,13,4500013,4553013,20,24,2,399,0.735,FALSE
"t5_global_null","t5","group","rotation",5,14,4500014,4551014,20,24,2,399,0.275,FALSE
"t5_global_null","t5","trait","rotation",5,14,4500014,4552014,20,24,2,399,0.0825,FALSE
"t5_global_null","t5","group:trait","rotation",5,14,4500014,4553014,20,24,2,399,0.0325,TRUE
"t5_global_null","t5","group","rotation",5,15,4500015,4551015,20,24,2,399,0.1125,FALSE
"t5_global_null","t5","trait","rotation",5,15,4500015,4552015,20,24,2,399,0.11,FALSE
"t5_global_null","t5","group:trait","rotation",5,15,4500015,4553015,20,24,2,399,0.335,FALSE
"t5_global_null","t5","group","rotation",5,16,4500016,4551016,20,24,2,399,0.25,FALSE
"t5_global_null","t5","trait","rotation",5,16,4500016,4552016,20,24,2,399,0.02,TRUE
"t5_global_null","t5","group:trait","rotation",5,16,4500016,4553016,20,24,2,399,0.0125,TRUE
"t5_global_null","t5","group","rotation",5,17,4500017,4551017,20,24,2,399,0.48,FALSE
"t5_global_null","t5","trait","rotation",5,17,4500017,4552017,20,24,2,399,0.9075,FALSE
"t5_global_null","t5","group:trait","rotation",5,17,4500017,4553017,20,24,2,399,0.7025,FALSE
"t5_global_null","t5","group","rotation",5,18,4500018,4551018,20,24,2,399,0.7225,FALSE
"t5_global_null","t5","trait","rotation",5,18,4500018,4552018,20,24,2,399,0.9225,FALSE
"t5_global_null","t5","group:trait","rotation",5,18,4500018,4553018,20,24,2,399,0.71,FALSE
"t5_global_null","t5","group","rotation",5,19,4500019,4551019,20,24,2,399,0.695,FALSE
"t5_global_null","t5","trait","rotation",5,19,4500019,4552019,20,24,2,399,0.035,TRUE
"t5_global_null","t5","group:trait","rotation",5,19,4500019,4553019,20,24,2,399,0.0475,TRUE
"t5_global_null","t5","group","rotation",5,20,4500020,4551020,20,24,2,399,0.295,FALSE
"t5_global_null","t5","trait","rotation",5,20,4500020,4552020,20,24,2,399,0.305,FALSE
"t5_global_null","t5","group:trait","rotation",5,20,4500020,4553020,20,24,2,399,0.215,FALSE
"t5_global_null","t5","group","rotation",5,21,4500021,4551021,20,24,2,399,0.0525,FALSE
"t5_global_null","t5","trait","rotation",5,21,4500021,4552021,20,24,2,399,0.9975,FALSE
"t5_global_null","t5","group:trait","rotation",5,21,4500021,4553021,20,24,2,399,0.335,FALSE
"t5_global_null","t5","group","rotation",5,22,4500022,4551022,20,24,2,399,0.89,FALSE
"t5_global_null","t5","trait","rotation",5,22,4500022,4552022,20,24,2,399,0.3925,FALSE
"t5_global_null","t5","group:trait","rotation",5,22,4500022,4553022,20,24,2,399,0.2675,FALSE
"t5_global_null","t5","group","rotation",5,23,4500023,4551023,20,24,2,399,0.3475,FALSE
"t5_global_null","t5","trait","rotation",5,23,4500023,4552023,20,24,2,399,0.545,FALSE
"t5_global_null","t5","group:trait","rotation",5,23,4500023,4553023,20,24,2,399,0.635,FALSE
"t5_global_null","t5","group","rotation",5,24,4500024,4551024,20,24,2,399,0.9425,FALSE
"t5_global_null","t5","trait","rotation",5,24,4500024,4552024,20,24,2,399,0.8425,FALSE
"t5_global_null","t5","group:trait","rotation",5,24,4500024,4553024,20,24,2,399,0.0225,TRUE
"t5_global_null","t5","group","rotation",5,25,4500025,4551025,20,24,2,399,0.565,FALSE
"t5_global_null","t5","trait","rotation",5,25,4500025,4552025,20,24,2,399,0.835,FALSE
"t5_global_null","t5","group:trait","rotation",5,25,4500025,4553025,20,24,2,399,0.48,FALSE
"t5_global_null","t5","group","rotation",5,26,4500026,4551026,20,24,2,399,0.455,FALSE
"t5_global_null","t5","trait","rotation",5,26,4500026,4552026,20,24,2,399,0.0125,TRUE
"t5_global_null","t5","group:trait","rotation",5,26,4500026,4553026,20,24,2,399,0.015,TRUE
"t5_global_null","t5","group","rotation",5,27,4500027,4551027,20,24,2,399,0.0425,TRUE
"t5_global_null","t5","trait","rotation",5,27,4500027,4552027,20,24,2,399,0.44,FALSE
"t5_global_null","t5","group:trait","rotation",5,27,4500027,4553027,20,24,2,399,0.75,FALSE
"t5_global_null","t5","group","rotation",5,28,4500028,4551028,20,24,2,399,0.5675,FALSE
"t5_global_null","t5","trait","rotation",5,28,4500028,4552028,20,24,2,399,0.11,FALSE
"t5_global_null","t5","group:trait","rotation",5,28,4500028,4553028,20,24,2,399,0.7,FALSE
"t5_global_null","t5","group","rotation",5,29,4500029,4551029,20,24,2,399,0.515,FALSE
"t5_global_null","t5","trait","rotation",5,29,4500029,4552029,20,24,2,399,0.385,FALSE
"t5_global_null","t5","group:trait","rotation",5,29,4500029,4553029,20,24,2,399,0.4325,FALSE
"t5_global_null","t5","group","rotation",5,30,4500030,4551030,20,24,2,399,0.835,FALSE
"t5_global_null","t5","trait","rotation",5,30,4500030,4552030,20,24,2,399,0.9775,FALSE
"t5_global_null","t5","group:trait","rotation",5,30,4500030,4553030,20,24,2,399,0.8275,FALSE
"t5_global_null","t5","group","rotation",5,31,4500031,4551031,20,24,2,399,0.965,FALSE
"t5_global_null","t5","trait","rotation",5,31,4500031,4552031,20,24,2,399,0.0225,TRUE
"t5_global_null","t5","group:trait","rotation",5,31,4500031,4553031,20,24,2,399,0.005,TRUE
"t5_global_null","t5","group","rotation",5,32,4500032,4551032,20,24,2,399,0.7875,FALSE
"t5_global_null","t5","trait","rotation",5,32,4500032,4552032,20,24,2,399,0.8175,FALSE
"t5_global_null","t5","group:trait","rotation",5,32,4500032,4553032,20,24,2,399,0.14,FALSE
"t5_global_null","t5","group","rotation",5,33,4500033,4551033,20,24,2,399,0.5275,FALSE
"t5_global_null","t5","trait","rotation",5,33,4500033,4552033,20,24,2,399,0.5225,FALSE
"t5_global_null","t5","group:trait","rotation",5,33,4500033,4553033,20,24,2,399,0.52,FALSE
"t5_global_null","t5","group","rotation",5,34,4500034,4551034,20,24,2,399,0.5625,FALSE
"t5_global_null","t5","trait","rotation",5,34,4500034,4552034,20,24,2,399,0.82,FALSE
"t5_global_null","t5","group:trait","rotation",5,34,4500034,4553034,20,24,2,399,0.6825,FALSE
"t5_global_null","t5","group","rotation",5,35,4500035,4551035,20,24,2,399,0.0375,TRUE
"t5_global_null","t5","trait","rotation",5,35,4500035,4552035,20,24,2,399,0.6075,FALSE
"t5_global_null","t5","group:trait","rotation",5,35,4500035,4553035,20,24,2,399,0.79,FALSE
"t5_global_null","t5","group","rotation",5,36,4500036,4551036,20,24,2,399,0.785,FALSE
"t5_global_null","t5","trait","rotation",5,36,4500036,4552036,20,24,2,399,0.935,FALSE
"t5_global_null","t5","group:trait","rotation",5,36,4500036,4553036,20,24,2,399,0.7425,FALSE
"t5_global_null","t5","group","rotation",5,37,4500037,4551037,20,24,2,399,0.47,FALSE
"t5_global_null","t5","trait","rotation",5,37,4500037,4552037,20,24,2,399,0.56,FALSE
"t5_global_null","t5","group:trait","rotation",5,37,4500037,4553037,20,24,2,399,0.385,FALSE
"t5_global_null","t5","group","rotation",5,38,4500038,4551038,20,24,2,399,0.3625,FALSE
"t5_global_null","t5","trait","rotation",5,38,4500038,4552038,20,24,2,399,0.2075,FALSE
"t5_global_null","t5","group:trait","rotation",5,38,4500038,4553038,20,24,2,399,0.0625,FALSE
"t5_global_null","t5","group","rotation",5,39,4500039,4551039,20,24,2,399,0.42,FALSE
"t5_global_null","t5","trait","rotation",5,39,4500039,4552039,20,24,2,399,0.04,TRUE
"t5_global_null","t5","group:trait","rotation",5,39,4500039,4553039,20,24,2,399,0.095,FALSE
"t5_global_null","t5","group","rotation",5,40,4500040,4551040,20,24,2,399,0.63,FALSE
"t5_global_null","t5","trait","rotation",5,40,4500040,4552040,20,24,2,399,0.175,FALSE
"t5_global_null","t5","group:trait","rotation",5,40,4500040,4553040,20,24,2,399,0.3325,FALSE
"t5_global_null","t5","group","rotation",5,41,4500041,4551041,20,24,2,399,0.4175,FALSE
"t5_global_null","t5","trait","rotation",5,41,4500041,4552041,20,24,2,399,0.3675,FALSE
"t5_global_null","t5","group:trait","rotation",5,41,4500041,4553041,20,24,2,399,0.8925,FALSE
"t5_global_null","t5","group","rotation",5,42,4500042,4551042,20,24,2,399,0.5775,FALSE
"t5_global_null","t5","trait","rotation",5,42,4500042,4552042,20,24,2,399,0.81,FALSE
"t5_global_null","t5","group:trait","rotation",5,42,4500042,4553042,20,24,2,399,0.835,FALSE
"t5_global_null","t5","group","rotation",5,43,4500043,4551043,20,24,2,399,0.9725,FALSE
"t5_global_null","t5","trait","rotation",5,43,4500043,4552043,20,24,2,399,0.535,FALSE
"t5_global_null","t5","group:trait","rotation",5,43,4500043,4553043,20,24,2,399,0.9375,FALSE
"t5_global_null","t5","group","rotation",5,44,4500044,4551044,20,24,2,399,0.665,FALSE
"t5_global_null","t5","trait","rotation",5,44,4500044,4552044,20,24,2,399,0.8175,FALSE
"t5_global_null","t5","group:trait","rotation",5,44,4500044,4553044,20,24,2,399,0.81,FALSE
"t5_global_null","t5","group","rotation",5,45,4500045,4551045,20,24,2,399,0.905,FALSE
"t5_global_null","t5","trait","rotation",5,45,4500045,4552045,20,24,2,399,0.3725,FALSE
"t5_global_null","t5","group:trait","rotation",5,45,4500045,4553045,20,24,2,399,0.055,FALSE
"t5_global_null","t5","group","rotation",5,46,4500046,4551046,20,24,2,399,0.78,FALSE
"t5_global_null","t5","trait","rotation",5,46,4500046,4552046,20,24,2,399,0.92,FALSE
"t5_global_null","t5","group:trait","rotation",5,46,4500046,4553046,20,24,2,399,0.5325,FALSE
"t5_global_null","t5","group","rotation",5,47,4500047,4551047,20,24,2,399,0.8675,FALSE
"t5_global_null","t5","trait","rotation",5,47,4500047,4552047,20,24,2,399,0.91,FALSE
"t5_global_null","t5","group:trait","rotation",5,47,4500047,4553047,20,24,2,399,0.835,FALSE
"t5_global_null","t5","group","rotation",5,48,4500048,4551048,20,24,2,399,0.9925,FALSE
"t5_global_null","t5","trait","rotation",5,48,4500048,4552048,20,24,2,399,0.8725,FALSE
"t5_global_null","t5","group:trait","rotation",5,48,4500048,4553048,20,24,2,399,0.9875,FALSE
"t5_global_null","t5","group","rotation",5,49,4500049,4551049,20,24,2,399,0.2775,FALSE
"t5_global_null","t5","trait","rotation",5,49,4500049,4552049,20,24,2,399,0.8725,FALSE
"t5_global_null","t5","group:trait","rotation",5,49,4500049,4553049,20,24,2,399,0.7975,FALSE
"t5_global_null","t5","group","rotation",5,50,4500050,4551050,20,24,2,399,0.3725,FALSE
"t5_global_null","t5","trait","rotation",5,50,4500050,4552050,20,24,2,399,0.8275,FALSE
"t5_global_null","t5","group:trait","rotation",5,50,4500050,4553050,20,24,2,399,0.935,FALSE
"t5_global_null","t5","group","rotation",5,51,4500051,4551051,20,24,2,399,0.945,FALSE
"t5_global_null","t5","trait","rotation",5,51,4500051,4552051,20,24,2,399,0.91,FALSE
"t5_global_null","t5","group:trait","rotation",5,51,4500051,4553051,20,24,2,399,0.5775,FALSE
"t5_global_null","t5","group","rotation",5,52,4500052,4551052,20,24,2,399,0.715,FALSE
"t5_global_null","t5","trait","rotation",5,52,4500052,4552052,20,24,2,399,0.7325,FALSE
"t5_global_null","t5","group:trait","rotation",5,52,4500052,4553052,20,24,2,399,0.38,FALSE
"t5_global_null","t5","group","rotation",5,53,4500053,4551053,20,24,2,399,0.63,FALSE
"t5_global_null","t5","trait","rotation",5,53,4500053,4552053,20,24,2,399,0.0025,TRUE
"t5_global_null","t5","group:trait","rotation",5,53,4500053,4553053,20,24,2,399,0.0075,TRUE
"t5_global_null","t5","group","rotation",5,54,4500054,4551054,20,24,2,399,0.985,FALSE
"t5_global_null","t5","trait","rotation",5,54,4500054,4552054,20,24,2,399,0.8725,FALSE
"t5_global_null","t5","group:trait","rotation",5,54,4500054,4553054,20,24,2,399,0.39,FALSE
"t5_global_null","t5","group","rotation",5,55,4500055,4551055,20,24,2,399,0.6975,FALSE
"t5_global_null","t5","trait","rotation",5,55,4500055,4552055,20,24,2,399,0.7475,FALSE
"t5_global_null","t5","group:trait","rotation",5,55,4500055,4553055,20,24,2,399,0.43,FALSE
"t5_global_null","t5","group","rotation",5,56,4500056,4551056,20,24,2,399,0.26,FALSE
"t5_global_null","t5","trait","rotation",5,56,4500056,4552056,20,24,2,399,0.2575,FALSE
"t5_global_null","t5","group:trait","rotation",5,56,4500056,4553056,20,24,2,399,0.605,FALSE
"t5_global_null","t5","group","rotation",5,57,4500057,4551057,20,24,2,399,0.5025,FALSE
"t5_global_null","t5","trait","rotation",5,57,4500057,4552057,20,24,2,399,0.665,FALSE
"t5_global_null","t5","group:trait","rotation",5,57,4500057,4553057,20,24,2,399,0.7875,FALSE
"t5_global_null","t5","group","rotation",5,58,4500058,4551058,20,24,2,399,0.895,FALSE
"t5_global_null","t5","trait","rotation",5,58,4500058,4552058,20,24,2,399,0.94,FALSE
"t5_global_null","t5","group:trait","rotation",5,58,4500058,4553058,20,24,2,399,0.96,FALSE
"t5_global_null","t5","group","rotation",5,59,4500059,4551059,20,24,2,399,0.6825,FALSE
"t5_global_null","t5","trait","rotation",5,59,4500059,4552059,20,24,2,399,0.9,FALSE
"t5_global_null","t5","group:trait","rotation",5,59,4500059,4553059,20,24,2,399,0.35,FALSE
"t5_global_null","t5","group","rotation",5,60,4500060,4551060,20,24,2,399,0.96,FALSE
"t5_global_null","t5","trait","rotation",5,60,4500060,4552060,20,24,2,399,0.3875,FALSE
"t5_global_null","t5","group:trait","rotation",5,60,4500060,4553060,20,24,2,399,0.485,FALSE
"t5_global_null","t5","group","rotation",5,61,4500061,4551061,20,24,2,399,0.8675,FALSE
"t5_global_null","t5","trait","rotation",5,61,4500061,4552061,20,24,2,399,0.8125,FALSE
"t5_global_null","t5","group:trait","rotation",5,61,4500061,4553061,20,24,2,399,0.9175,FALSE
"t5_global_null","t5","group","rotation",5,62,4500062,4551062,20,24,2,399,0.4175,FALSE
"t5_global_null","t5","trait","rotation",5,62,4500062,4552062,20,24,2,399,0.02,TRUE
"t5_global_null","t5","group:trait","rotation",5,62,4500062,4553062,20,24,2,399,0.0475,TRUE
"t5_global_null","t5","group","rotation",5,63,4500063,4551063,20,24,2,399,0.2775,FALSE
"t5_global_null","t5","trait","rotation",5,63,4500063,4552063,20,24,2,399,0.8675,FALSE
"t5_global_null","t5","group:trait","rotation",5,63,4500063,4553063,20,24,2,399,0.3225,FALSE
"t5_global_null","t5","group","rotation",5,64,4500064,4551064,20,24,2,399,0.1275,FALSE
"t5_global_null","t5","trait","rotation",5,64,4500064,4552064,20,24,2,399,0.655,FALSE
"t5_global_null","t5","group:trait","rotation",5,64,4500064,4553064,20,24,2,399,0.8475,FALSE
"t5_global_null","t5","group","rotation",5,65,4500065,4551065,20,24,2,399,0.265,FALSE
"t5_global_null","t5","trait","rotation",5,65,4500065,4552065,20,24,2,399,0.125,FALSE
"t5_global_null","t5","group:trait","rotation",5,65,4500065,4553065,20,24,2,399,0.55,FALSE
"t5_global_null","t5","group","rotation",5,66,4500066,4551066,20,24,2,399,0.36,FALSE
"t5_global_null","t5","trait","rotation",5,66,4500066,4552066,20,24,2,399,0.65,FALSE
"t5_global_null","t5","group:trait","rotation",5,66,4500066,4553066,20,24,2,399,0.5475,FALSE
"t5_global_null","t5","group","rotation",5,67,4500067,4551067,20,24,2,399,0.665,FALSE
"t5_global_null","t5","trait","rotation",5,67,4500067,4552067,20,24,2,399,0.345,FALSE
"t5_global_null","t5","group:trait","rotation",5,67,4500067,4553067,20,24,2,399,0.1575,FALSE
"t5_global_null","t5","group","rotation",5,68,4500068,4551068,20,24,2,399,0.29,FALSE
"t5_global_null","t5","trait","rotation",5,68,4500068,4552068,20,24,2,399,0.9075,FALSE
"t5_global_null","t5","group:trait","rotation",5,68,4500068,4553068,20,24,2,399,0.9625,FALSE
"t5_global_null","t5","group","rotation",5,69,4500069,4551069,20,24,2,399,0.6075,FALSE
"t5_global_null","t5","trait","rotation",5,69,4500069,4552069,20,24,2,399,0.2575,FALSE
"t5_global_null","t5","group:trait","rotation",5,69,4500069,4553069,20,24,2,399,0.26,FALSE
"t5_global_null","t5","group","rotation",5,70,4500070,4551070,20,24,2,399,0.0075,TRUE
"t5_global_null","t5","trait","rotation",5,70,4500070,4552070,20,24,2,399,0.3,FALSE
"t5_global_null","t5","group:trait","rotation",5,70,4500070,4553070,20,24,2,399,0.1575,FALSE
"t5_global_null","t5","group","rotation",5,71,4500071,4551071,20,24,2,399,0.9125,FALSE
"t5_global_null","t5","trait","rotation",5,71,4500071,4552071,20,24,2,399,0.74,FALSE
"t5_global_null","t5","group:trait","rotation",5,71,4500071,4553071,20,24,2,399,0.65,FALSE
"t5_global_null","t5","group","rotation",5,72,4500072,4551072,20,24,2,399,0.4,FALSE
"t5_global_null","t5","trait","rotation",5,72,4500072,4552072,20,24,2,399,0.405,FALSE
"t5_global_null","t5","group:trait","rotation",5,72,4500072,4553072,20,24,2,399,0.255,FALSE
"t5_global_null","t5","group","rotation",5,73,4500073,4551073,20,24,2,399,0.935,FALSE
"t5_global_null","t5","trait","rotation",5,73,4500073,4552073,20,24,2,399,0.53,FALSE
"t5_global_null","t5","group:trait","rotation",5,73,4500073,4553073,20,24,2,399,0.31,FALSE
"t5_global_null","t5","group","rotation",5,74,4500074,4551074,20,24,2,399,0.3175,FALSE
"t5_global_null","t5","trait","rotation",5,74,4500074,4552074,20,24,2,399,0.82,FALSE
"t5_global_null","t5","group:trait","rotation",5,74,4500074,4553074,20,24,2,399,0.7675,FALSE
"t5_global_null","t5","group","rotation",5,75,4500075,4551075,20,24,2,399,0.245,FALSE
"t5_global_null","t5","trait","rotation",5,75,4500075,4552075,20,24,2,399,0.4375,FALSE
"t5_global_null","t5","group:trait","rotation",5,75,4500075,4553075,20,24,2,399,0.615,FALSE
"t5_global_null","t5","group","rotation",5,76,4500076,4551076,20,24,2,399,0.3825,FALSE
"t5_global_null","t5","trait","rotation",5,76,4500076,4552076,20,24,2,399,0.7375,FALSE
"t5_global_null","t5","group:trait","rotation",5,76,4500076,4553076,20,24,2,399,0.3375,FALSE
"t5_global_null","t5","group","rotation",5,77,4500077,4551077,20,24,2,399,0.44,FALSE
"t5_global_null","t5","trait","rotation",5,77,4500077,4552077,20,24,2,399,0.3875,FALSE
"t5_global_null","t5","group:trait","rotation",5,77,4500077,4553077,20,24,2,399,0.075,FALSE
"t5_global_null","t5","group","rotation",5,78,4500078,4551078,20,24,2,399,0.15,FALSE
"t5_global_null","t5","trait","rotation",5,78,4500078,4552078,20,24,2,399,0.1025,FALSE
"t5_global_null","t5","group:trait","rotation",5,78,4500078,4553078,20,24,2,399,0.045,TRUE
"t5_global_null","t5","group","rotation",5,79,4500079,4551079,20,24,2,399,0.1825,FALSE
"t5_global_null","t5","trait","rotation",5,79,4500079,4552079,20,24,2,399,0.3475,FALSE
"t5_global_null","t5","group:trait","rotation",5,79,4500079,4553079,20,24,2,399,0.155,FALSE
"t5_global_null","t5","group","rotation",5,80,4500080,4551080,20,24,2,399,0.1725,FALSE
"t5_global_null","t5","trait","rotation",5,80,4500080,4552080,20,24,2,399,0.9375,FALSE
"t5_global_null","t5","group:trait","rotation",5,80,4500080,4553080,20,24,2,399,0.415,FALSE
"t5_global_null","t5","group","rotation",5,81,4500081,4551081,20,24,2,399,0.8125,FALSE
"t5_global_null","t5","trait","rotation",5,81,4500081,4552081,20,24,2,399,0.4625,FALSE
"t5_global_null","t5","group:trait","rotation",5,81,4500081,4553081,20,24,2,399,0.39,FALSE
"t5_global_null","t5","group","rotation",5,82,4500082,4551082,20,24,2,399,0.885,FALSE
"t5_global_null","t5","trait","rotation",5,82,4500082,4552082,20,24,2,399,0.16,FALSE
"t5_global_null","t5","group:trait","rotation",5,82,4500082,4553082,20,24,2,399,0.7175,FALSE
"t5_global_null","t5","group","rotation",5,83,4500083,4551083,20,24,2,399,0.76,FALSE
"t5_global_null","t5","trait","rotation",5,83,4500083,4552083,20,24,2,399,0.7125,FALSE
"t5_global_null","t5","group:trait","rotation",5,83,4500083,4553083,20,24,2,399,0.3675,FALSE
"t5_global_null","t5","group","rotation",5,84,4500084,4551084,20,24,2,399,0.7875,FALSE
"t5_global_null","t5","trait","rotation",5,84,4500084,4552084,20,24,2,399,0.215,FALSE
"t5_global_null","t5","group:trait","rotation",5,84,4500084,4553084,20,24,2,399,0.845,FALSE
"t5_global_null","t5","group","rotation",5,85,4500085,4551085,20,24,2,399,0.2425,FALSE
"t5_global_null","t5","trait","rotation",5,85,4500085,4552085,20,24,2,399,0.845,FALSE
"t5_global_null","t5","group:trait","rotation",5,85,4500085,4553085,20,24,2,399,0.74,FALSE
"t5_global_null","t5","group","rotation",5,86,4500086,4551086,20,24,2,399,0.6875,FALSE
"t5_global_null","t5","trait","rotation",5,86,4500086,4552086,20,24,2,399,0.33,FALSE
"t5_global_null","t5","group:trait","rotation",5,86,4500086,4553086,20,24,2,399,0.4725,FALSE
"t5_global_null","t5","group","rotation",5,87,4500087,4551087,20,24,2,399,0.7275,FALSE
"t5_global_null","t5","trait","rotation",5,87,4500087,4552087,20,24,2,399,0.1925,FALSE
"t5_global_null","t5","group:trait","rotation",5,87,4500087,4553087,20,24,2,399,0.4775,FALSE
"t5_global_null","t5","group","rotation",5,88,4500088,4551088,20,24,2,399,0.9275,FALSE
"t5_global_null","t5","trait","rotation",5,88,4500088,4552088,20,24,2,399,0.2225,FALSE
"t5_global_null","t5","group:trait","rotation",5,88,4500088,4553088,20,24,2,399,0.5375,FALSE
"t5_global_null","t5","group","rotation",5,89,4500089,4551089,20,24,2,399,0.4325,FALSE
"t5_global_null","t5","trait","rotation",5,89,4500089,4552089,20,24,2,399,0.085,FALSE
"t5_global_null","t5","group:trait","rotation",5,89,4500089,4553089,20,24,2,399,0.0475,TRUE
"t5_global_null","t5","group","rotation",5,90,4500090,4551090,20,24,2,399,0.075,FALSE
"t5_global_null","t5","trait","rotation",5,90,4500090,4552090,20,24,2,399,0.5525,FALSE
"t5_global_null","t5","group:trait","rotation",5,90,4500090,4553090,20,24,2,399,0.525,FALSE
"t5_global_null","t5","group","rotation",5,91,4500091,4551091,20,24,2,399,0.175,FALSE
"t5_global_null","t5","trait","rotation",5,91,4500091,4552091,20,24,2,399,0.54,FALSE
"t5_global_null","t5","group:trait","rotation",5,91,4500091,4553091,20,24,2,399,0.3075,FALSE
"t5_global_null","t5","group","rotation",5,92,4500092,4551092,20,24,2,399,0.6225,FALSE
"t5_global_null","t5","trait","rotation",5,92,4500092,4552092,20,24,2,399,0.385,FALSE
"t5_global_null","t5","group:trait","rotation",5,92,4500092,4553092,20,24,2,399,0.375,FALSE
"t5_global_null","t5","group","rotation",5,93,4500093,4551093,20,24,2,399,0.9825,FALSE
"t5_global_null","t5","trait","rotation",5,93,4500093,4552093,20,24,2,399,0.7425,FALSE
"t5_global_null","t5","group:trait","rotation",5,93,4500093,4553093,20,24,2,399,0.6125,FALSE
"t5_global_null","t5","group","rotation",5,94,4500094,4551094,20,24,2,399,0.5025,FALSE
"t5_global_null","t5","trait","rotation",5,94,4500094,4552094,20,24,2,399,0.395,FALSE
"t5_global_null","t5","group:trait","rotation",5,94,4500094,4553094,20,24,2,399,0.615,FALSE
"t5_global_null","t5","group","rotation",5,95,4500095,4551095,20,24,2,399,0.335,FALSE
"t5_global_null","t5","trait","rotation",5,95,4500095,4552095,20,24,2,399,0.9625,FALSE
"t5_global_null","t5","group:trait","rotation",5,95,4500095,4553095,20,24,2,399,0.8375,FALSE
"t5_global_null","t5","group","rotation",5,96,4500096,4551096,20,24,2,399,0.5625,FALSE
"t5_global_null","t5","trait","rotation",5,96,4500096,4552096,20,24,2,399,0.35,FALSE
"t5_global_null","t5","group:trait","rotation",5,96,4500096,4553096,20,24,2,399,0.385,FALSE
"t5_global_null","t5","group","rotation",5,97,4500097,4551097,20,24,2,399,0.985,FALSE
"t5_global_null","t5","trait","rotation",5,97,4500097,4552097,20,24,2,399,0.285,FALSE
"t5_global_null","t5","group:trait","rotation",5,97,4500097,4553097,20,24,2,399,0.6125,FALSE
"t5_global_null","t5","group","rotation",5,98,4500098,4551098,20,24,2,399,0.1425,FALSE
"t5_global_null","t5","trait","rotation",5,98,4500098,4552098,20,24,2,399,0.18,FALSE
"t5_global_null","t5","group:trait","rotation",5,98,4500098,4553098,20,24,2,399,0.01,TRUE
"t5_global_null","t5","group","rotation",5,99,4500099,4551099,20,24,2,399,0.875,FALSE
"t5_global_null","t5","trait","rotation",5,99,4500099,4552099,20,24,2,399,0.8525,FALSE
"t5_global_null","t5","group:trait","rotation",5,99,4500099,4553099,20,24,2,399,0.3425,FALSE
"t5_global_null","t5","group","rotation",5,100,4500100,4551100,20,24,2,399,0.725,FALSE
"t5_global_null","t5","trait","rotation",5,100,4500100,4552100,20,24,2,399,0.8925,FALSE
"t5_global_null","t5","group:trait","rotation",5,100,4500100,4553100,20,24,2,399,0.91,FALSE
"skew_global_null","skew","group","rotation",1,1,4700001,4751001,20,24,2,399,0.685,FALSE
"skew_global_null","skew","trait","rotation",1,1,4700001,4752001,20,24,2,399,0.865,FALSE
"skew_global_null","skew","group:trait","rotation",1,1,4700001,4753001,20,24,2,399,0.505,FALSE
"skew_global_null","skew","group","rotation",1,2,4700002,4751002,20,24,2,399,0.6825,FALSE
"skew_global_null","skew","trait","rotation",1,2,4700002,4752002,20,24,2,399,0.2375,FALSE
"skew_global_null","skew","group:trait","rotation",1,2,4700002,4753002,20,24,2,399,0.29,FALSE
"skew_global_null","skew","group","rotation",1,3,4700003,4751003,20,24,2,399,0.1325,FALSE
"skew_global_null","skew","trait","rotation",1,3,4700003,4752003,20,24,2,399,0.35,FALSE
"skew_global_null","skew","group:trait","rotation",1,3,4700003,4753003,20,24,2,399,0.46,FALSE
"skew_global_null","skew","group","rotation",1,4,4700004,4751004,20,24,2,399,0.43,FALSE
"skew_global_null","skew","trait","rotation",1,4,4700004,4752004,20,24,2,399,0.2475,FALSE
"skew_global_null","skew","group:trait","rotation",1,4,4700004,4753004,20,24,2,399,0.37,FALSE
"skew_global_null","skew","group","rotation",1,5,4700005,4751005,20,24,2,399,0.965,FALSE
"skew_global_null","skew","trait","rotation",1,5,4700005,4752005,20,24,2,399,0.0425,TRUE
"skew_global_null","skew","group:trait","rotation",1,5,4700005,4753005,20,24,2,399,0.45,FALSE
"skew_global_null","skew","group","rotation",1,6,4700006,4751006,20,24,2,399,0.0925,FALSE
"skew_global_null","skew","trait","rotation",1,6,4700006,4752006,20,24,2,399,0.285,FALSE
"skew_global_null","skew","group:trait","rotation",1,6,4700006,4753006,20,24,2,399,0.1425,FALSE
"skew_global_null","skew","group","rotation",1,7,4700007,4751007,20,24,2,399,0.9875,FALSE
"skew_global_null","skew","trait","rotation",1,7,4700007,4752007,20,24,2,399,0.9575,FALSE
"skew_global_null","skew","group:trait","rotation",1,7,4700007,4753007,20,24,2,399,0.9175,FALSE
"skew_global_null","skew","group","rotation",1,8,4700008,4751008,20,24,2,399,0.9325,FALSE
"skew_global_null","skew","trait","rotation",1,8,4700008,4752008,20,24,2,399,0.87,FALSE
"skew_global_null","skew","group:trait","rotation",1,8,4700008,4753008,20,24,2,399,0.86,FALSE
"skew_global_null","skew","group","rotation",1,9,4700009,4751009,20,24,2,399,0.375,FALSE
"skew_global_null","skew","trait","rotation",1,9,4700009,4752009,20,24,2,399,0.765,FALSE
"skew_global_null","skew","group:trait","rotation",1,9,4700009,4753009,20,24,2,399,0.5475,FALSE
"skew_global_null","skew","group","rotation",1,10,4700010,4751010,20,24,2,399,0.295,FALSE
"skew_global_null","skew","trait","rotation",1,10,4700010,4752010,20,24,2,399,0.955,FALSE
"skew_global_null","skew","group:trait","rotation",1,10,4700010,4753010,20,24,2,399,0.8925,FALSE
"skew_global_null","skew","group","rotation",1,11,4700011,4751011,20,24,2,399,0.2675,FALSE
"skew_global_null","skew","trait","rotation",1,11,4700011,4752011,20,24,2,399,0.5175,FALSE
"skew_global_null","skew","group:trait","rotation",1,11,4700011,4753011,20,24,2,399,0.16,FALSE
"skew_global_null","skew","group","rotation",1,12,4700012,4751012,20,24,2,399,0.3825,FALSE
"skew_global_null","skew","trait","rotation",1,12,4700012,4752012,20,24,2,399,0.46,FALSE
"skew_global_null","skew","group:trait","rotation",1,12,4700012,4753012,20,24,2,399,0.6675,FALSE
"skew_global_null","skew","group","rotation",1,13,4700013,4751013,20,24,2,399,0.6525,FALSE
"skew_global_null","skew","trait","rotation",1,13,4700013,4752013,20,24,2,399,0.4525,FALSE
"skew_global_null","skew","group:trait","rotation",1,13,4700013,4753013,20,24,2,399,0.7625,FALSE
"skew_global_null","skew","group","rotation",1,14,4700014,4751014,20,24,2,399,0.3175,FALSE
"skew_global_null","skew","trait","rotation",1,14,4700014,4752014,20,24,2,399,0.07,FALSE
"skew_global_null","skew","group:trait","rotation",1,14,4700014,4753014,20,24,2,399,0.2975,FALSE
"skew_global_null","skew","group","rotation",1,15,4700015,4751015,20,24,2,399,0.595,FALSE
"skew_global_null","skew","trait","rotation",1,15,4700015,4752015,20,24,2,399,0.815,FALSE
"skew_global_null","skew","group:trait","rotation",1,15,4700015,4753015,20,24,2,399,0.675,FALSE
"skew_global_null","skew","group","rotation",1,16,4700016,4751016,20,24,2,399,0.065,FALSE
"skew_global_null","skew","trait","rotation",1,16,4700016,4752016,20,24,2,399,0.8525,FALSE
"skew_global_null","skew","group:trait","rotation",1,16,4700016,4753016,20,24,2,399,0.2925,FALSE
"skew_global_null","skew","group","rotation",1,17,4700017,4751017,20,24,2,399,0.99,FALSE
"skew_global_null","skew","trait","rotation",1,17,4700017,4752017,20,24,2,399,0.0075,TRUE
"skew_global_null","skew","group:trait","rotation",1,17,4700017,4753017,20,24,2,399,0.0425,TRUE
"skew_global_null","skew","group","rotation",1,18,4700018,4751018,20,24,2,399,0.8475,FALSE
"skew_global_null","skew","trait","rotation",1,18,4700018,4752018,20,24,2,399,0.72,FALSE
"skew_global_null","skew","group:trait","rotation",1,18,4700018,4753018,20,24,2,399,0.1875,FALSE
"skew_global_null","skew","group","rotation",1,19,4700019,4751019,20,24,2,399,0.195,FALSE
"skew_global_null","skew","trait","rotation",1,19,4700019,4752019,20,24,2,399,0.88,FALSE
"skew_global_null","skew","group:trait","rotation",1,19,4700019,4753019,20,24,2,399,0.96,FALSE
"skew_global_null","skew","group","rotation",1,20,4700020,4751020,20,24,2,399,0.38,FALSE
"skew_global_null","skew","trait","rotation",1,20,4700020,4752020,20,24,2,399,0.7975,FALSE
"skew_global_null","skew","group:trait","rotation",1,20,4700020,4753020,20,24,2,399,0.74,FALSE
"skew_global_null","skew","group","rotation",1,21,4700021,4751021,20,24,2,399,0.21,FALSE
"skew_global_null","skew","trait","rotation",1,21,4700021,4752021,20,24,2,399,0.1025,FALSE
"skew_global_null","skew","group:trait","rotation",1,21,4700021,4753021,20,24,2,399,0.2675,FALSE
"skew_global_null","skew","group","rotation",1,22,4700022,4751022,20,24,2,399,0.7425,FALSE
"skew_global_null","skew","trait","rotation",1,22,4700022,4752022,20,24,2,399,0.4725,FALSE
"skew_global_null","skew","group:trait","rotation",1,22,4700022,4753022,20,24,2,399,0.8725,FALSE
"skew_global_null","skew","group","rotation",1,23,4700023,4751023,20,24,2,399,0.835,FALSE
"skew_global_null","skew","trait","rotation",1,23,4700023,4752023,20,24,2,399,0.1575,FALSE
"skew_global_null","skew","group:trait","rotation",1,23,4700023,4753023,20,24,2,399,0.1825,FALSE
"skew_global_null","skew","group","rotation",1,24,4700024,4751024,20,24,2,399,0.3325,FALSE
"skew_global_null","skew","trait","rotation",1,24,4700024,4752024,20,24,2,399,0.15,FALSE
"skew_global_null","skew","group:trait","rotation",1,24,4700024,4753024,20,24,2,399,0.0725,FALSE
"skew_global_null","skew","group","rotation",1,25,4700025,4751025,20,24,2,399,0.645,FALSE
"skew_global_null","skew","trait","rotation",1,25,4700025,4752025,20,24,2,399,0.8825,FALSE
"skew_global_null","skew","group:trait","rotation",1,25,4700025,4753025,20,24,2,399,0.2275,FALSE
"skew_global_null","skew","group","rotation",1,26,4700026,4751026,20,24,2,399,0.5225,FALSE
"skew_global_null","skew","trait","rotation",1,26,4700026,4752026,20,24,2,399,0.8475,FALSE
"skew_global_null","skew","group:trait","rotation",1,26,4700026,4753026,20,24,2,399,0.85,FALSE
"skew_global_null","skew","group","rotation",1,27,4700027,4751027,20,24,2,399,0.1525,FALSE
"skew_global_null","skew","trait","rotation",1,27,4700027,4752027,20,24,2,399,0.8425,FALSE
"skew_global_null","skew","group:trait","rotation",1,27,4700027,4753027,20,24,2,399,0.7925,FALSE
"skew_global_null","skew","group","rotation",1,28,4700028,4751028,20,24,2,399,0.8425,FALSE
"skew_global_null","skew","trait","rotation",1,28,4700028,4752028,20,24,2,399,0.405,FALSE
"skew_global_null","skew","group:trait","rotation",1,28,4700028,4753028,20,24,2,399,0.2375,FALSE
"skew_global_null","skew","group","rotation",1,29,4700029,4751029,20,24,2,399,0.4875,FALSE
"skew_global_null","skew","trait","rotation",1,29,4700029,4752029,20,24,2,399,0.95,FALSE
"skew_global_null","skew","group:trait","rotation",1,29,4700029,4753029,20,24,2,399,0.59,FALSE
"skew_global_null","skew","group","rotation",1,30,4700030,4751030,20,24,2,399,0.4025,FALSE
"skew_global_null","skew","trait","rotation",1,30,4700030,4752030,20,24,2,399,0.5675,FALSE
"skew_global_null","skew","group:trait","rotation",1,30,4700030,4753030,20,24,2,399,0.6675,FALSE
"skew_global_null","skew","group","rotation",1,31,4700031,4751031,20,24,2,399,0.7475,FALSE
"skew_global_null","skew","trait","rotation",1,31,4700031,4752031,20,24,2,399,0.6025,FALSE
"skew_global_null","skew","group:trait","rotation",1,31,4700031,4753031,20,24,2,399,0.765,FALSE
"skew_global_null","skew","group","rotation",1,32,4700032,4751032,20,24,2,399,0.1025,FALSE
"skew_global_null","skew","trait","rotation",1,32,4700032,4752032,20,24,2,399,0.775,FALSE
"skew_global_null","skew","group:trait","rotation",1,32,4700032,4753032,20,24,2,399,0.6025,FALSE
"skew_global_null","skew","group","rotation",1,33,4700033,4751033,20,24,2,399,0.6075,FALSE
"skew_global_null","skew","trait","rotation",1,33,4700033,4752033,20,24,2,399,0.1225,FALSE
"skew_global_null","skew","group:trait","rotation",1,33,4700033,4753033,20,24,2,399,0.145,FALSE
"skew_global_null","skew","group","rotation",1,34,4700034,4751034,20,24,2,399,0.27,FALSE
"skew_global_null","skew","trait","rotation",1,34,4700034,4752034,20,24,2,399,0.8375,FALSE
"skew_global_null","skew","group:trait","rotation",1,34,4700034,4753034,20,24,2,399,0.6,FALSE
"skew_global_null","skew","group","rotation",1,35,4700035,4751035,20,24,2,399,0.97,FALSE
"skew_global_null","skew","trait","rotation",1,35,4700035,4752035,20,24,2,399,0.51,FALSE
"skew_global_null","skew","group:trait","rotation",1,35,4700035,4753035,20,24,2,399,0.215,FALSE
"skew_global_null","skew","group","rotation",1,36,4700036,4751036,20,24,2,399,0.6675,FALSE
"skew_global_null","skew","trait","rotation",1,36,4700036,4752036,20,24,2,399,0.345,FALSE
"skew_global_null","skew","group:trait","rotation",1,36,4700036,4753036,20,24,2,399,0.5975,FALSE
"skew_global_null","skew","group","rotation",1,37,4700037,4751037,20,24,2,399,0.9425,FALSE
"skew_global_null","skew","trait","rotation",1,37,4700037,4752037,20,24,2,399,0.6275,FALSE
"skew_global_null","skew","group:trait","rotation",1,37,4700037,4753037,20,24,2,399,0.7425,FALSE
"skew_global_null","skew","group","rotation",1,38,4700038,4751038,20,24,2,399,0.5425,FALSE
"skew_global_null","skew","trait","rotation",1,38,4700038,4752038,20,24,2,399,0.495,FALSE
"skew_global_null","skew","group:trait","rotation",1,38,4700038,4753038,20,24,2,399,0.97,FALSE
"skew_global_null","skew","group","rotation",1,39,4700039,4751039,20,24,2,399,0.05,TRUE
"skew_global_null","skew","trait","rotation",1,39,4700039,4752039,20,24,2,399,0.31,FALSE
"skew_global_null","skew","group:trait","rotation",1,39,4700039,4753039,20,24,2,399,0.4,FALSE
"skew_global_null","skew","group","rotation",1,40,4700040,4751040,20,24,2,399,0.7025,FALSE
"skew_global_null","skew","trait","rotation",1,40,4700040,4752040,20,24,2,399,0.58,FALSE
"skew_global_null","skew","group:trait","rotation",1,40,4700040,4753040,20,24,2,399,0.3075,FALSE
"skew_global_null","skew","group","rotation",1,41,4700041,4751041,20,24,2,399,0.26,FALSE
"skew_global_null","skew","trait","rotation",1,41,4700041,4752041,20,24,2,399,0.8075,FALSE
"skew_global_null","skew","group:trait","rotation",1,41,4700041,4753041,20,24,2,399,0.6,FALSE
"skew_global_null","skew","group","rotation",1,42,4700042,4751042,20,24,2,399,0.4625,FALSE
"skew_global_null","skew","trait","rotation",1,42,4700042,4752042,20,24,2,399,0.04,TRUE
"skew_global_null","skew","group:trait","rotation",1,42,4700042,4753042,20,24,2,399,0.0075,TRUE
"skew_global_null","skew","group","rotation",1,43,4700043,4751043,20,24,2,399,0.995,FALSE
"skew_global_null","skew","trait","rotation",1,43,4700043,4752043,20,24,2,399,0.8425,FALSE
"skew_global_null","skew","group:trait","rotation",1,43,4700043,4753043,20,24,2,399,0.82,FALSE
"skew_global_null","skew","group","rotation",1,44,4700044,4751044,20,24,2,399,0.045,TRUE
"skew_global_null","skew","trait","rotation",1,44,4700044,4752044,20,24,2,399,0.565,FALSE
"skew_global_null","skew","group:trait","rotation",1,44,4700044,4753044,20,24,2,399,0.9,FALSE
"skew_global_null","skew","group","rotation",1,45,4700045,4751045,20,24,2,399,0.5675,FALSE
"skew_global_null","skew","trait","rotation",1,45,4700045,4752045,20,24,2,399,0.045,TRUE
"skew_global_null","skew","group:trait","rotation",1,45,4700045,4753045,20,24,2,399,0.5325,FALSE
"skew_global_null","skew","group","rotation",1,46,4700046,4751046,20,24,2,399,0.07,FALSE
"skew_global_null","skew","trait","rotation",1,46,4700046,4752046,20,24,2,399,0.56,FALSE
"skew_global_null","skew","group:trait","rotation",1,46,4700046,4753046,20,24,2,399,0.3425,FALSE
"skew_global_null","skew","group","rotation",1,47,4700047,4751047,20,24,2,399,0.8825,FALSE
"skew_global_null","skew","trait","rotation",1,47,4700047,4752047,20,24,2,399,0.6225,FALSE
"skew_global_null","skew","group:trait","rotation",1,47,4700047,4753047,20,24,2,399,0.9525,FALSE
"skew_global_null","skew","group","rotation",1,48,4700048,4751048,20,24,2,399,0.5725,FALSE
"skew_global_null","skew","trait","rotation",1,48,4700048,4752048,20,24,2,399,0.9525,FALSE
"skew_global_null","skew","group:trait","rotation",1,48,4700048,4753048,20,24,2,399,0.22,FALSE
"skew_global_null","skew","group","rotation",1,49,4700049,4751049,20,24,2,399,0.635,FALSE
"skew_global_null","skew","trait","rotation",1,49,4700049,4752049,20,24,2,399,0.5375,FALSE
"skew_global_null","skew","group:trait","rotation",1,49,4700049,4753049,20,24,2,399,0.4425,FALSE
"skew_global_null","skew","group","rotation",1,50,4700050,4751050,20,24,2,399,0.12,FALSE
"skew_global_null","skew","trait","rotation",1,50,4700050,4752050,20,24,2,399,0.34,FALSE
"skew_global_null","skew","group:trait","rotation",1,50,4700050,4753050,20,24,2,399,0.09,FALSE
"skew_global_null","skew","group","rotation",1,51,4700051,4751051,20,24,2,399,0.4475,FALSE
"skew_global_null","skew","trait","rotation",1,51,4700051,4752051,20,24,2,399,0.0375,TRUE
"skew_global_null","skew","group:trait","rotation",1,51,4700051,4753051,20,24,2,399,0.0075,TRUE
"skew_global_null","skew","group","rotation",1,52,4700052,4751052,20,24,2,399,0.5675,FALSE
"skew_global_null","skew","trait","rotation",1,52,4700052,4752052,20,24,2,399,0.0925,FALSE
"skew_global_null","skew","group:trait","rotation",1,52,4700052,4753052,20,24,2,399,0.36,FALSE
"skew_global_null","skew","group","rotation",1,53,4700053,4751053,20,24,2,399,0.77,FALSE
"skew_global_null","skew","trait","rotation",1,53,4700053,4752053,20,24,2,399,0.9325,FALSE
"skew_global_null","skew","group:trait","rotation",1,53,4700053,4753053,20,24,2,399,0.875,FALSE
"skew_global_null","skew","group","rotation",1,54,4700054,4751054,20,24,2,399,0.71,FALSE
"skew_global_null","skew","trait","rotation",1,54,4700054,4752054,20,24,2,399,0.465,FALSE
"skew_global_null","skew","group:trait","rotation",1,54,4700054,4753054,20,24,2,399,0.6225,FALSE
"skew_global_null","skew","group","rotation",1,55,4700055,4751055,20,24,2,399,0.225,FALSE
"skew_global_null","skew","trait","rotation",1,55,4700055,4752055,20,24,2,399,0.615,FALSE
"skew_global_null","skew","group:trait","rotation",1,55,4700055,4753055,20,24,2,399,0.535,FALSE
"skew_global_null","skew","group","rotation",1,56,4700056,4751056,20,24,2,399,0.93,FALSE
"skew_global_null","skew","trait","rotation",1,56,4700056,4752056,20,24,2,399,0.2875,FALSE
"skew_global_null","skew","group:trait","rotation",1,56,4700056,4753056,20,24,2,399,0.99,FALSE
"skew_global_null","skew","group","rotation",1,57,4700057,4751057,20,24,2,399,0.555,FALSE
"skew_global_null","skew","trait","rotation",1,57,4700057,4752057,20,24,2,399,0.6525,FALSE
"skew_global_null","skew","group:trait","rotation",1,57,4700057,4753057,20,24,2,399,0.8975,FALSE
"skew_global_null","skew","group","rotation",1,58,4700058,4751058,20,24,2,399,0.87,FALSE
"skew_global_null","skew","trait","rotation",1,58,4700058,4752058,20,24,2,399,0.6225,FALSE
"skew_global_null","skew","group:trait","rotation",1,58,4700058,4753058,20,24,2,399,0.9525,FALSE
"skew_global_null","skew","group","rotation",1,59,4700059,4751059,20,24,2,399,0.9975,FALSE
"skew_global_null","skew","trait","rotation",1,59,4700059,4752059,20,24,2,399,0.505,FALSE
"skew_global_null","skew","group:trait","rotation",1,59,4700059,4753059,20,24,2,399,0.2125,FALSE
"skew_global_null","skew","group","rotation",1,60,4700060,4751060,20,24,2,399,0.3725,FALSE
"skew_global_null","skew","trait","rotation",1,60,4700060,4752060,20,24,2,399,0.3825,FALSE
"skew_global_null","skew","group:trait","rotation",1,60,4700060,4753060,20,24,2,399,0.005,TRUE
"skew_global_null","skew","group","rotation",1,61,4700061,4751061,20,24,2,399,0.985,FALSE
"skew_global_null","skew","trait","rotation",1,61,4700061,4752061,20,24,2,399,0.2675,FALSE
"skew_global_null","skew","group:trait","rotation",1,61,4700061,4753061,20,24,2,399,0.78,FALSE
"skew_global_null","skew","group","rotation",1,62,4700062,4751062,20,24,2,399,0.785,FALSE
"skew_global_null","skew","trait","rotation",1,62,4700062,4752062,20,24,2,399,0.34,FALSE
"skew_global_null","skew","group:trait","rotation",1,62,4700062,4753062,20,24,2,399,0.38,FALSE
"skew_global_null","skew","group","rotation",1,63,4700063,4751063,20,24,2,399,0.6825,FALSE
"skew_global_null","skew","trait","rotation",1,63,4700063,4752063,20,24,2,399,0.595,FALSE
"skew_global_null","skew","group:trait","rotation",1,63,4700063,4753063,20,24,2,399,0.55,FALSE
"skew_global_null","skew","group","rotation",1,64,4700064,4751064,20,24,2,399,0.6525,FALSE
"skew_global_null","skew","trait","rotation",1,64,4700064,4752064,20,24,2,399,0.9025,FALSE
"skew_global_null","skew","group:trait","rotation",1,64,4700064,4753064,20,24,2,399,0.15,FALSE
"skew_global_null","skew","group","rotation",1,65,4700065,4751065,20,24,2,399,0.715,FALSE
"skew_global_null","skew","trait","rotation",1,65,4700065,4752065,20,24,2,399,0.63,FALSE
"skew_global_null","skew","group:trait","rotation",1,65,4700065,4753065,20,24,2,399,0.3725,FALSE
"skew_global_null","skew","group","rotation",1,66,4700066,4751066,20,24,2,399,0.6225,FALSE
"skew_global_null","skew","trait","rotation",1,66,4700066,4752066,20,24,2,399,0.1175,FALSE
"skew_global_null","skew","group:trait","rotation",1,66,4700066,4753066,20,24,2,399,0.08,FALSE
"skew_global_null","skew","group","rotation",1,67,4700067,4751067,20,24,2,399,0.21,FALSE
"skew_global_null","skew","trait","rotation",1,67,4700067,4752067,20,24,2,399,0.02,TRUE
"skew_global_null","skew","group:trait","rotation",1,67,4700067,4753067,20,24,2,399,0.105,FALSE
"skew_global_null","skew","group","rotation",1,68,4700068,4751068,20,24,2,399,0.3625,FALSE
"skew_global_null","skew","trait","rotation",1,68,4700068,4752068,20,24,2,399,0.4375,FALSE
"skew_global_null","skew","group:trait","rotation",1,68,4700068,4753068,20,24,2,399,0.7975,FALSE
"skew_global_null","skew","group","rotation",1,69,4700069,4751069,20,24,2,399,0.9475,FALSE
"skew_global_null","skew","trait","rotation",1,69,4700069,4752069,20,24,2,399,0.3675,FALSE
"skew_global_null","skew","group:trait","rotation",1,69,4700069,4753069,20,24,2,399,0.685,FALSE
"skew_global_null","skew","group","rotation",1,70,4700070,4751070,20,24,2,399,0.8425,FALSE
"skew_global_null","skew","trait","rotation",1,70,4700070,4752070,20,24,2,399,0.42,FALSE
"skew_global_null","skew","group:trait","rotation",1,70,4700070,4753070,20,24,2,399,0.8325,FALSE
"skew_global_null","skew","group","rotation",1,71,4700071,4751071,20,24,2,399,0.2925,FALSE
"skew_global_null","skew","trait","rotation",1,71,4700071,4752071,20,24,2,399,0.465,FALSE
"skew_global_null","skew","group:trait","rotation",1,71,4700071,4753071,20,24,2,399,0.02,TRUE
"skew_global_null","skew","group","rotation",1,72,4700072,4751072,20,24,2,399,0.1775,FALSE
"skew_global_null","skew","trait","rotation",1,72,4700072,4752072,20,24,2,399,0.3075,FALSE
"skew_global_null","skew","group:trait","rotation",1,72,4700072,4753072,20,24,2,399,0.835,FALSE
"skew_global_null","skew","group","rotation",1,73,4700073,4751073,20,24,2,399,0.835,FALSE
"skew_global_null","skew","trait","rotation",1,73,4700073,4752073,20,24,2,399,0.9375,FALSE
"skew_global_null","skew","group:trait","rotation",1,73,4700073,4753073,20,24,2,399,0.9925,FALSE
"skew_global_null","skew","group","rotation",1,74,4700074,4751074,20,24,2,399,0.9175,FALSE
"skew_global_null","skew","trait","rotation",1,74,4700074,4752074,20,24,2,399,0.6825,FALSE
"skew_global_null","skew","group:trait","rotation",1,74,4700074,4753074,20,24,2,399,0.045,TRUE
"skew_global_null","skew","group","rotation",1,75,4700075,4751075,20,24,2,399,0.84,FALSE
"skew_global_null","skew","trait","rotation",1,75,4700075,4752075,20,24,2,399,0.435,FALSE
"skew_global_null","skew","group:trait","rotation",1,75,4700075,4753075,20,24,2,399,0.915,FALSE
"skew_global_null","skew","group","rotation",1,76,4700076,4751076,20,24,2,399,0.5875,FALSE
"skew_global_null","skew","trait","rotation",1,76,4700076,4752076,20,24,2,399,0.685,FALSE
"skew_global_null","skew","group:trait","rotation",1,76,4700076,4753076,20,24,2,399,0.7175,FALSE
"skew_global_null","skew","group","rotation",1,77,4700077,4751077,20,24,2,399,0.92,FALSE
"skew_global_null","skew","trait","rotation",1,77,4700077,4752077,20,24,2,399,0.7975,FALSE
"skew_global_null","skew","group:trait","rotation",1,77,4700077,4753077,20,24,2,399,0.7225,FALSE
"skew_global_null","skew","group","rotation",1,78,4700078,4751078,20,24,2,399,0.56,FALSE
"skew_global_null","skew","trait","rotation",1,78,4700078,4752078,20,24,2,399,0.655,FALSE
"skew_global_null","skew","group:trait","rotation",1,78,4700078,4753078,20,24,2,399,0.7025,FALSE
"skew_global_null","skew","group","rotation",1,79,4700079,4751079,20,24,2,399,0.1275,FALSE
"skew_global_null","skew","trait","rotation",1,79,4700079,4752079,20,24,2,399,0.965,FALSE
"skew_global_null","skew","group:trait","rotation",1,79,4700079,4753079,20,24,2,399,0.485,FALSE
"skew_global_null","skew","group","rotation",1,80,4700080,4751080,20,24,2,399,0.4175,FALSE
"skew_global_null","skew","trait","rotation",1,80,4700080,4752080,20,24,2,399,0.645,FALSE
"skew_global_null","skew","group:trait","rotation",1,80,4700080,4753080,20,24,2,399,0.715,FALSE
"skew_global_null","skew","group","rotation",1,81,4700081,4751081,20,24,2,399,0.0475,TRUE
"skew_global_null","skew","trait","rotation",1,81,4700081,4752081,20,24,2,399,0.485,FALSE
"skew_global_null","skew","group:trait","rotation",1,81,4700081,4753081,20,24,2,399,0.7075,FALSE
"skew_global_null","skew","group","rotation",1,82,4700082,4751082,20,24,2,399,0.8275,FALSE
"skew_global_null","skew","trait","rotation",1,82,4700082,4752082,20,24,2,399,0.2475,FALSE
"skew_global_null","skew","group:trait","rotation",1,82,4700082,4753082,20,24,2,399,0.235,FALSE
"skew_global_null","skew","group","rotation",1,83,4700083,4751083,20,24,2,399,0.535,FALSE
"skew_global_null","skew","trait","rotation",1,83,4700083,4752083,20,24,2,399,0.59,FALSE
"skew_global_null","skew","group:trait","rotation",1,83,4700083,4753083,20,24,2,399,0.835,FALSE
"skew_global_null","skew","group","rotation",1,84,4700084,4751084,20,24,2,399,0.7,FALSE
"skew_global_null","skew","trait","rotation",1,84,4700084,4752084,20,24,2,399,0.565,FALSE
"skew_global_null","skew","group:trait","rotation",1,84,4700084,4753084,20,24,2,399,0.735,FALSE
"skew_global_null","skew","group","rotation",1,85,4700085,4751085,20,24,2,399,0.9475,FALSE
"skew_global_null","skew","trait","rotation",1,85,4700085,4752085,20,24,2,399,0.97,FALSE
"skew_global_null","skew","group:trait","rotation",1,85,4700085,4753085,20,24,2,399,0.7975,FALSE
"skew_global_null","skew","group","rotation",1,86,4700086,4751086,20,24,2,399,0.2825,FALSE
"skew_global_null","skew","trait","rotation",1,86,4700086,4752086,20,24,2,399,0.695,FALSE
"skew_global_null","skew","group:trait","rotation",1,86,4700086,4753086,20,24,2,399,0.6625,FALSE
"skew_global_null","skew","group","rotation",1,87,4700087,4751087,20,24,2,399,0.84,FALSE
"skew_global_null","skew","trait","rotation",1,87,4700087,4752087,20,24,2,399,0.85,FALSE
"skew_global_null","skew","group:trait","rotation",1,87,4700087,4753087,20,24,2,399,0.9325,FALSE
"skew_global_null","skew","group","rotation",1,88,4700088,4751088,20,24,2,399,0.405,FALSE
"skew_global_null","skew","trait","rotation",1,88,4700088,4752088,20,24,2,399,0.975,FALSE
"skew_global_null","skew","group:trait","rotation",1,88,4700088,4753088,20,24,2,399,0.6,FALSE
"skew_global_null","skew","group","rotation",1,89,4700089,4751089,20,24,2,399,0.0825,FALSE
"skew_global_null","skew","trait","rotation",1,89,4700089,4752089,20,24,2,399,0.7,FALSE
"skew_global_null","skew","group:trait","rotation",1,89,4700089,4753089,20,24,2,399,0.325,FALSE
"skew_global_null","skew","group","rotation",1,90,4700090,4751090,20,24,2,399,0.785,FALSE
"skew_global_null","skew","trait","rotation",1,90,4700090,4752090,20,24,2,399,0.0975,FALSE
"skew_global_null","skew","group:trait","rotation",1,90,4700090,4753090,20,24,2,399,0.88,FALSE
"skew_global_null","skew","group","rotation",1,91,4700091,4751091,20,24,2,399,0.785,FALSE
"skew_global_null","skew","trait","rotation",1,91,4700091,4752091,20,24,2,399,0.9625,FALSE
"skew_global_null","skew","group:trait","rotation",1,91,4700091,4753091,20,24,2,399,0.1675,FALSE
"skew_global_null","skew","group","rotation",1,92,4700092,4751092,20,24,2,399,0.8075,FALSE
"skew_global_null","skew","trait","rotation",1,92,4700092,4752092,20,24,2,399,0.9325,FALSE
"skew_global_null","skew","group:trait","rotation",1,92,4700092,4753092,20,24,2,399,0.1525,FALSE
"skew_global_null","skew","group","rotation",1,93,4700093,4751093,20,24,2,399,0.2725,FALSE
"skew_global_null","skew","trait","rotation",1,93,4700093,4752093,20,24,2,399,0.97,FALSE
"skew_global_null","skew","group:trait","rotation",1,93,4700093,4753093,20,24,2,399,0.585,FALSE
"skew_global_null","skew","group","rotation",1,94,4700094,4751094,20,24,2,399,0.7525,FALSE
"skew_global_null","skew","trait","rotation",1,94,4700094,4752094,20,24,2,399,0.7375,FALSE
"skew_global_null","skew","group:trait","rotation",1,94,4700094,4753094,20,24,2,399,0.445,FALSE
"skew_global_null","skew","group","rotation",1,95,4700095,4751095,20,24,2,399,0.95,FALSE
"skew_global_null","skew","trait","rotation",1,95,4700095,4752095,20,24,2,399,0.87,FALSE
"skew_global_null","skew","group:trait","rotation",1,95,4700095,4753095,20,24,2,399,0.59,FALSE
"skew_global_null","skew","group","rotation",1,96,4700096,4751096,20,24,2,399,0.0875,FALSE
"skew_global_null","skew","trait","rotation",1,96,4700096,4752096,20,24,2,399,0.4125,FALSE
"skew_global_null","skew","group:trait","rotation",1,96,4700096,4753096,20,24,2,399,0.445,FALSE
"skew_global_null","skew","group","rotation",1,97,4700097,4751097,20,24,2,399,0.42,FALSE
"skew_global_null","skew","trait","rotation",1,97,4700097,4752097,20,24,2,399,0.7675,FALSE
"skew_global_null","skew","group:trait","rotation",1,97,4700097,4753097,20,24,2,399,0.5625,FALSE
"skew_global_null","skew","group","rotation",1,98,4700098,4751098,20,24,2,399,0.2675,FALSE
"skew_global_null","skew","trait","rotation",1,98,4700098,4752098,20,24,2,399,0.965,FALSE
"skew_global_null","skew","group:trait","rotation",1,98,4700098,4753098,20,24,2,399,0.49,FALSE
"skew_global_null","skew","group","rotation",1,99,4700099,4751099,20,24,2,399,0.3025,FALSE
"skew_global_null","skew","trait","rotation",1,99,4700099,4752099,20,24,2,399,0.3275,FALSE
"skew_global_null","skew","group:trait","rotation",1,99,4700099,4753099,20,24,2,399,0.68,FALSE
"skew_global_null","skew","group","rotation",1,100,4700100,4751100,20,24,2,399,0.135,FALSE
"skew_global_null","skew","trait","rotation",1,100,4700100,4752100,20,24,2,399,0.26,FALSE
"skew_global_null","skew","group:trait","rotation",1,100,4700100,4753100,20,24,2,399,0.61,FALSE
"skew_global_null","skew","group","rotation",2,1,4800001,4851001,20,24,2,399,0.53,FALSE
"skew_global_null","skew","trait","rotation",2,1,4800001,4852001,20,24,2,399,0.025,TRUE
"skew_global_null","skew","group:trait","rotation",2,1,4800001,4853001,20,24,2,399,0.04,TRUE
"skew_global_null","skew","group","rotation",2,2,4800002,4851002,20,24,2,399,0.36,FALSE
"skew_global_null","skew","trait","rotation",2,2,4800002,4852002,20,24,2,399,0.355,FALSE
"skew_global_null","skew","group:trait","rotation",2,2,4800002,4853002,20,24,2,399,0.145,FALSE
"skew_global_null","skew","group","rotation",2,3,4800003,4851003,20,24,2,399,0.3275,FALSE
"skew_global_null","skew","trait","rotation",2,3,4800003,4852003,20,24,2,399,0.5025,FALSE
"skew_global_null","skew","group:trait","rotation",2,3,4800003,4853003,20,24,2,399,0.2325,FALSE
"skew_global_null","skew","group","rotation",2,4,4800004,4851004,20,24,2,399,0.5575,FALSE
"skew_global_null","skew","trait","rotation",2,4,4800004,4852004,20,24,2,399,0.7,FALSE
"skew_global_null","skew","group:trait","rotation",2,4,4800004,4853004,20,24,2,399,0.6975,FALSE
"skew_global_null","skew","group","rotation",2,5,4800005,4851005,20,24,2,399,0.555,FALSE
"skew_global_null","skew","trait","rotation",2,5,4800005,4852005,20,24,2,399,0.0725,FALSE
"skew_global_null","skew","group:trait","rotation",2,5,4800005,4853005,20,24,2,399,0.1825,FALSE
"skew_global_null","skew","group","rotation",2,6,4800006,4851006,20,24,2,399,0.6325,FALSE
"skew_global_null","skew","trait","rotation",2,6,4800006,4852006,20,24,2,399,0.7825,FALSE
"skew_global_null","skew","group:trait","rotation",2,6,4800006,4853006,20,24,2,399,0.6725,FALSE
"skew_global_null","skew","group","rotation",2,7,4800007,4851007,20,24,2,399,0.3425,FALSE
"skew_global_null","skew","trait","rotation",2,7,4800007,4852007,20,24,2,399,0.255,FALSE
"skew_global_null","skew","group:trait","rotation",2,7,4800007,4853007,20,24,2,399,0.9475,FALSE
"skew_global_null","skew","group","rotation",2,8,4800008,4851008,20,24,2,399,0.4475,FALSE
"skew_global_null","skew","trait","rotation",2,8,4800008,4852008,20,24,2,399,0.575,FALSE
"skew_global_null","skew","group:trait","rotation",2,8,4800008,4853008,20,24,2,399,0.87,FALSE
"skew_global_null","skew","group","rotation",2,9,4800009,4851009,20,24,2,399,0.6325,FALSE
"skew_global_null","skew","trait","rotation",2,9,4800009,4852009,20,24,2,399,0.5575,FALSE
"skew_global_null","skew","group:trait","rotation",2,9,4800009,4853009,20,24,2,399,0.4875,FALSE
"skew_global_null","skew","group","rotation",2,10,4800010,4851010,20,24,2,399,0.37,FALSE
"skew_global_null","skew","trait","rotation",2,10,4800010,4852010,20,24,2,399,0.535,FALSE
"skew_global_null","skew","group:trait","rotation",2,10,4800010,4853010,20,24,2,399,0.8325,FALSE
"skew_global_null","skew","group","rotation",2,11,4800011,4851011,20,24,2,399,0.7975,FALSE
"skew_global_null","skew","trait","rotation",2,11,4800011,4852011,20,24,2,399,0.8625,FALSE
"skew_global_null","skew","group:trait","rotation",2,11,4800011,4853011,20,24,2,399,0.7775,FALSE
"skew_global_null","skew","group","rotation",2,12,4800012,4851012,20,24,2,399,0.8125,FALSE
"skew_global_null","skew","trait","rotation",2,12,4800012,4852012,20,24,2,399,0.9675,FALSE
"skew_global_null","skew","group:trait","rotation",2,12,4800012,4853012,20,24,2,399,0.945,FALSE
"skew_global_null","skew","group","rotation",2,13,4800013,4851013,20,24,2,399,0.255,FALSE
"skew_global_null","skew","trait","rotation",2,13,4800013,4852013,20,24,2,399,0.2575,FALSE
"skew_global_null","skew","group:trait","rotation",2,13,4800013,4853013,20,24,2,399,0.34,FALSE
"skew_global_null","skew","group","rotation",2,14,4800014,4851014,20,24,2,399,0.52,FALSE
"skew_global_null","skew","trait","rotation",2,14,4800014,4852014,20,24,2,399,0.1625,FALSE
"skew_global_null","skew","group:trait","rotation",2,14,4800014,4853014,20,24,2,399,0.2475,FALSE
"skew_global_null","skew","group","rotation",2,15,4800015,4851015,20,24,2,399,0.63,FALSE
"skew_global_null","skew","trait","rotation",2,15,4800015,4852015,20,24,2,399,0.89,FALSE
"skew_global_null","skew","group:trait","rotation",2,15,4800015,4853015,20,24,2,399,0.895,FALSE
"skew_global_null","skew","group","rotation",2,16,4800016,4851016,20,24,2,399,0.945,FALSE
"skew_global_null","skew","trait","rotation",2,16,4800016,4852016,20,24,2,399,0.445,FALSE
"skew_global_null","skew","group:trait","rotation",2,16,4800016,4853016,20,24,2,399,0.2825,FALSE
"skew_global_null","skew","group","rotation",2,17,4800017,4851017,20,24,2,399,0.0475,TRUE
"skew_global_null","skew","trait","rotation",2,17,4800017,4852017,20,24,2,399,0.4475,FALSE
"skew_global_null","skew","group:trait","rotation",2,17,4800017,4853017,20,24,2,399,0.555,FALSE
"skew_global_null","skew","group","rotation",2,18,4800018,4851018,20,24,2,399,0.1325,FALSE
"skew_global_null","skew","trait","rotation",2,18,4800018,4852018,20,24,2,399,0.4525,FALSE
"skew_global_null","skew","group:trait","rotation",2,18,4800018,4853018,20,24,2,399,0.8775,FALSE
"skew_global_null","skew","group","rotation",2,19,4800019,4851019,20,24,2,399,0.985,FALSE
"skew_global_null","skew","trait","rotation",2,19,4800019,4852019,20,24,2,399,0.1475,FALSE
"skew_global_null","skew","group:trait","rotation",2,19,4800019,4853019,20,24,2,399,0.14,FALSE
"skew_global_null","skew","group","rotation",2,20,4800020,4851020,20,24,2,399,0.5725,FALSE
"skew_global_null","skew","trait","rotation",2,20,4800020,4852020,20,24,2,399,0.08,FALSE
"skew_global_null","skew","group:trait","rotation",2,20,4800020,4853020,20,24,2,399,0.325,FALSE
"skew_global_null","skew","group","rotation",2,21,4800021,4851021,20,24,2,399,0.255,FALSE
"skew_global_null","skew","trait","rotation",2,21,4800021,4852021,20,24,2,399,0.44,FALSE
"skew_global_null","skew","group:trait","rotation",2,21,4800021,4853021,20,24,2,399,0.17,FALSE
"skew_global_null","skew","group","rotation",2,22,4800022,4851022,20,24,2,399,0.3875,FALSE
"skew_global_null","skew","trait","rotation",2,22,4800022,4852022,20,24,2,399,0.76,FALSE
"skew_global_null","skew","group:trait","rotation",2,22,4800022,4853022,20,24,2,399,0.76,FALSE
"skew_global_null","skew","group","rotation",2,23,4800023,4851023,20,24,2,399,0.7375,FALSE
"skew_global_null","skew","trait","rotation",2,23,4800023,4852023,20,24,2,399,0.83,FALSE
"skew_global_null","skew","group:trait","rotation",2,23,4800023,4853023,20,24,2,399,0.2275,FALSE
"skew_global_null","skew","group","rotation",2,24,4800024,4851024,20,24,2,399,0.8425,FALSE
"skew_global_null","skew","trait","rotation",2,24,4800024,4852024,20,24,2,399,0.6325,FALSE
"skew_global_null","skew","group:trait","rotation",2,24,4800024,4853024,20,24,2,399,0.315,FALSE
"skew_global_null","skew","group","rotation",2,25,4800025,4851025,20,24,2,399,0.91,FALSE
"skew_global_null","skew","trait","rotation",2,25,4800025,4852025,20,24,2,399,0.185,FALSE
"skew_global_null","skew","group:trait","rotation",2,25,4800025,4853025,20,24,2,399,0.9625,FALSE
"skew_global_null","skew","group","rotation",2,26,4800026,4851026,20,24,2,399,0.6625,FALSE
"skew_global_null","skew","trait","rotation",2,26,4800026,4852026,20,24,2,399,0.37,FALSE
"skew_global_null","skew","group:trait","rotation",2,26,4800026,4853026,20,24,2,399,0.27,FALSE
"skew_global_null","skew","group","rotation",2,27,4800027,4851027,20,24,2,399,0.3925,FALSE
"skew_global_null","skew","trait","rotation",2,27,4800027,4852027,20,24,2,399,0.5075,FALSE
"skew_global_null","skew","group:trait","rotation",2,27,4800027,4853027,20,24,2,399,0.715,FALSE
"skew_global_null","skew","group","rotation",2,28,4800028,4851028,20,24,2,399,0.3825,FALSE
"skew_global_null","skew","trait","rotation",2,28,4800028,4852028,20,24,2,399,0.0175,TRUE
"skew_global_null","skew","group:trait","rotation",2,28,4800028,4853028,20,24,2,399,0.275,FALSE
"skew_global_null","skew","group","rotation",2,29,4800029,4851029,20,24,2,399,0.41,FALSE
"skew_global_null","skew","trait","rotation",2,29,4800029,4852029,20,24,2,399,0.9625,FALSE
"skew_global_null","skew","group:trait","rotation",2,29,4800029,4853029,20,24,2,399,0.985,FALSE
"skew_global_null","skew","group","rotation",2,30,4800030,4851030,20,24,2,399,0.81,FALSE
"skew_global_null","skew","trait","rotation",2,30,4800030,4852030,20,24,2,399,0.3925,FALSE
"skew_global_null","skew","group:trait","rotation",2,30,4800030,4853030,20,24,2,399,0.26,FALSE
"skew_global_null","skew","group","rotation",2,31,4800031,4851031,20,24,2,399,0.335,FALSE
"skew_global_null","skew","trait","rotation",2,31,4800031,4852031,20,24,2,399,0.095,FALSE
"skew_global_null","skew","group:trait","rotation",2,31,4800031,4853031,20,24,2,399,0.0825,FALSE
"skew_global_null","skew","group","rotation",2,32,4800032,4851032,20,24,2,399,0.9425,FALSE
"skew_global_null","skew","trait","rotation",2,32,4800032,4852032,20,24,2,399,0.7475,FALSE
"skew_global_null","skew","group:trait","rotation",2,32,4800032,4853032,20,24,2,399,0.2425,FALSE
"skew_global_null","skew","group","rotation",2,33,4800033,4851033,20,24,2,399,0.6725,FALSE
"skew_global_null","skew","trait","rotation",2,33,4800033,4852033,20,24,2,399,0.8175,FALSE
"skew_global_null","skew","group:trait","rotation",2,33,4800033,4853033,20,24,2,399,0.2775,FALSE
"skew_global_null","skew","group","rotation",2,34,4800034,4851034,20,24,2,399,0.67,FALSE
"skew_global_null","skew","trait","rotation",2,34,4800034,4852034,20,24,2,399,0.77,FALSE
"skew_global_null","skew","group:trait","rotation",2,34,4800034,4853034,20,24,2,399,0.845,FALSE
"skew_global_null","skew","group","rotation",2,35,4800035,4851035,20,24,2,399,0.405,FALSE
"skew_global_null","skew","trait","rotation",2,35,4800035,4852035,20,24,2,399,0.5275,FALSE
"skew_global_null","skew","group:trait","rotation",2,35,4800035,4853035,20,24,2,399,0.3,FALSE
"skew_global_null","skew","group","rotation",2,36,4800036,4851036,20,24,2,399,0.505,FALSE
"skew_global_null","skew","trait","rotation",2,36,4800036,4852036,20,24,2,399,0.6775,FALSE
"skew_global_null","skew","group:trait","rotation",2,36,4800036,4853036,20,24,2,399,0.47,FALSE
"skew_global_null","skew","group","rotation",2,37,4800037,4851037,20,24,2,399,0.7625,FALSE
"skew_global_null","skew","trait","rotation",2,37,4800037,4852037,20,24,2,399,0.7,FALSE
"skew_global_null","skew","group:trait","rotation",2,37,4800037,4853037,20,24,2,399,0.47,FALSE
"skew_global_null","skew","group","rotation",2,38,4800038,4851038,20,24,2,399,0.2225,FALSE
"skew_global_null","skew","trait","rotation",2,38,4800038,4852038,20,24,2,399,0.855,FALSE
"skew_global_null","skew","group:trait","rotation",2,38,4800038,4853038,20,24,2,399,0.81,FALSE
"skew_global_null","skew","group","rotation",2,39,4800039,4851039,20,24,2,399,0.495,FALSE
"skew_global_null","skew","trait","rotation",2,39,4800039,4852039,20,24,2,399,0.78,FALSE
"skew_global_null","skew","group:trait","rotation",2,39,4800039,4853039,20,24,2,399,0.3075,FALSE
"skew_global_null","skew","group","rotation",2,40,4800040,4851040,20,24,2,399,0.0375,TRUE
"skew_global_null","skew","trait","rotation",2,40,4800040,4852040,20,24,2,399,0.2425,FALSE
"skew_global_null","skew","group:trait","rotation",2,40,4800040,4853040,20,24,2,399,0.3925,FALSE
"skew_global_null","skew","group","rotation",2,41,4800041,4851041,20,24,2,399,0.4475,FALSE
"skew_global_null","skew","trait","rotation",2,41,4800041,4852041,20,24,2,399,0.7575,FALSE
"skew_global_null","skew","group:trait","rotation",2,41,4800041,4853041,20,24,2,399,0.7225,FALSE
"skew_global_null","skew","group","rotation",2,42,4800042,4851042,20,24,2,399,0.625,FALSE
"skew_global_null","skew","trait","rotation",2,42,4800042,4852042,20,24,2,399,0.9175,FALSE
"skew_global_null","skew","group:trait","rotation",2,42,4800042,4853042,20,24,2,399,0.6775,FALSE
"skew_global_null","skew","group","rotation",2,43,4800043,4851043,20,24,2,399,0.3775,FALSE
"skew_global_null","skew","trait","rotation",2,43,4800043,4852043,20,24,2,399,0.0425,TRUE
"skew_global_null","skew","group:trait","rotation",2,43,4800043,4853043,20,24,2,399,0.02,TRUE
"skew_global_null","skew","group","rotation",2,44,4800044,4851044,20,24,2,399,0.0325,TRUE
"skew_global_null","skew","trait","rotation",2,44,4800044,4852044,20,24,2,399,0.8425,FALSE
"skew_global_null","skew","group:trait","rotation",2,44,4800044,4853044,20,24,2,399,0.1875,FALSE
"skew_global_null","skew","group","rotation",2,45,4800045,4851045,20,24,2,399,0.0825,FALSE
"skew_global_null","skew","trait","rotation",2,45,4800045,4852045,20,24,2,399,0.865,FALSE
"skew_global_null","skew","group:trait","rotation",2,45,4800045,4853045,20,24,2,399,0.0975,FALSE
"skew_global_null","skew","group","rotation",2,46,4800046,4851046,20,24,2,399,0.535,FALSE
"skew_global_null","skew","trait","rotation",2,46,4800046,4852046,20,24,2,399,0.3975,FALSE
"skew_global_null","skew","group:trait","rotation",2,46,4800046,4853046,20,24,2,399,0.485,FALSE
"skew_global_null","skew","group","rotation",2,47,4800047,4851047,20,24,2,399,0.29,FALSE
"skew_global_null","skew","trait","rotation",2,47,4800047,4852047,20,24,2,399,0.935,FALSE
"skew_global_null","skew","group:trait","rotation",2,47,4800047,4853047,20,24,2,399,0.955,FALSE
"skew_global_null","skew","group","rotation",2,48,4800048,4851048,20,24,2,399,0.715,FALSE
"skew_global_null","skew","trait","rotation",2,48,4800048,4852048,20,24,2,399,0.27,FALSE
"skew_global_null","skew","group:trait","rotation",2,48,4800048,4853048,20,24,2,399,0.5225,FALSE
"skew_global_null","skew","group","rotation",2,49,4800049,4851049,20,24,2,399,0.9875,FALSE
"skew_global_null","skew","trait","rotation",2,49,4800049,4852049,20,24,2,399,0.33,FALSE
"skew_global_null","skew","group:trait","rotation",2,49,4800049,4853049,20,24,2,399,0.31,FALSE
"skew_global_null","skew","group","rotation",2,50,4800050,4851050,20,24,2,399,0.6925,FALSE
"skew_global_null","skew","trait","rotation",2,50,4800050,4852050,20,24,2,399,0.855,FALSE
"skew_global_null","skew","group:trait","rotation",2,50,4800050,4853050,20,24,2,399,0.165,FALSE
"skew_global_null","skew","group","rotation",2,51,4800051,4851051,20,24,2,399,0.3375,FALSE
"skew_global_null","skew","trait","rotation",2,51,4800051,4852051,20,24,2,399,0.695,FALSE
"skew_global_null","skew","group:trait","rotation",2,51,4800051,4853051,20,24,2,399,0.955,FALSE
"skew_global_null","skew","group","rotation",2,52,4800052,4851052,20,24,2,399,0.0575,FALSE
"skew_global_null","skew","trait","rotation",2,52,4800052,4852052,20,24,2,399,0.005,TRUE
"skew_global_null","skew","group:trait","rotation",2,52,4800052,4853052,20,24,2,399,0.0725,FALSE
"skew_global_null","skew","group","rotation",2,53,4800053,4851053,20,24,2,399,0.2125,FALSE
"skew_global_null","skew","trait","rotation",2,53,4800053,4852053,20,24,2,399,0.8975,FALSE
"skew_global_null","skew","group:trait","rotation",2,53,4800053,4853053,20,24,2,399,0.5175,FALSE
"skew_global_null","skew","group","rotation",2,54,4800054,4851054,20,24,2,399,0.7175,FALSE
"skew_global_null","skew","trait","rotation",2,54,4800054,4852054,20,24,2,399,0.6975,FALSE
"skew_global_null","skew","group:trait","rotation",2,54,4800054,4853054,20,24,2,399,0.9825,FALSE
"skew_global_null","skew","group","rotation",2,55,4800055,4851055,20,24,2,399,0.71,FALSE
"skew_global_null","skew","trait","rotation",2,55,4800055,4852055,20,24,2,399,0.7775,FALSE
"skew_global_null","skew","group:trait","rotation",2,55,4800055,4853055,20,24,2,399,0.045,TRUE
"skew_global_null","skew","group","rotation",2,56,4800056,4851056,20,24,2,399,0.3875,FALSE
"skew_global_null","skew","trait","rotation",2,56,4800056,4852056,20,24,2,399,0.92,FALSE
"skew_global_null","skew","group:trait","rotation",2,56,4800056,4853056,20,24,2,399,0.42,FALSE
"skew_global_null","skew","group","rotation",2,57,4800057,4851057,20,24,2,399,0.84,FALSE
"skew_global_null","skew","trait","rotation",2,57,4800057,4852057,20,24,2,399,0.39,FALSE
"skew_global_null","skew","group:trait","rotation",2,57,4800057,4853057,20,24,2,399,0.6425,FALSE
"skew_global_null","skew","group","rotation",2,58,4800058,4851058,20,24,2,399,0.89,FALSE
"skew_global_null","skew","trait","rotation",2,58,4800058,4852058,20,24,2,399,0.88,FALSE
"skew_global_null","skew","group:trait","rotation",2,58,4800058,4853058,20,24,2,399,0.235,FALSE
"skew_global_null","skew","group","rotation",2,59,4800059,4851059,20,24,2,399,0.9375,FALSE
"skew_global_null","skew","trait","rotation",2,59,4800059,4852059,20,24,2,399,0.61,FALSE
"skew_global_null","skew","group:trait","rotation",2,59,4800059,4853059,20,24,2,399,0.695,FALSE
"skew_global_null","skew","group","rotation",2,60,4800060,4851060,20,24,2,399,0.055,FALSE
"skew_global_null","skew","trait","rotation",2,60,4800060,4852060,20,24,2,399,0.14,FALSE
"skew_global_null","skew","group:trait","rotation",2,60,4800060,4853060,20,24,2,399,0.1175,FALSE
"skew_global_null","skew","group","rotation",2,61,4800061,4851061,20,24,2,399,0.32,FALSE
"skew_global_null","skew","trait","rotation",2,61,4800061,4852061,20,24,2,399,0.2625,FALSE
"skew_global_null","skew","group:trait","rotation",2,61,4800061,4853061,20,24,2,399,0.31,FALSE
"skew_global_null","skew","group","rotation",2,62,4800062,4851062,20,24,2,399,0.1675,FALSE
"skew_global_null","skew","trait","rotation",2,62,4800062,4852062,20,24,2,399,0.0025,TRUE
"skew_global_null","skew","group:trait","rotation",2,62,4800062,4853062,20,24,2,399,0.0175,TRUE
"skew_global_null","skew","group","rotation",2,63,4800063,4851063,20,24,2,399,0.91,FALSE
"skew_global_null","skew","trait","rotation",2,63,4800063,4852063,20,24,2,399,0.135,FALSE
"skew_global_null","skew","group:trait","rotation",2,63,4800063,4853063,20,24,2,399,0.29,FALSE
"skew_global_null","skew","group","rotation",2,64,4800064,4851064,20,24,2,399,0.66,FALSE
"skew_global_null","skew","trait","rotation",2,64,4800064,4852064,20,24,2,399,0.6425,FALSE
"skew_global_null","skew","group:trait","rotation",2,64,4800064,4853064,20,24,2,399,0.335,FALSE
"skew_global_null","skew","group","rotation",2,65,4800065,4851065,20,24,2,399,0.185,FALSE
"skew_global_null","skew","trait","rotation",2,65,4800065,4852065,20,24,2,399,0.76,FALSE
"skew_global_null","skew","group:trait","rotation",2,65,4800065,4853065,20,24,2,399,0.9525,FALSE
"skew_global_null","skew","group","rotation",2,66,4800066,4851066,20,24,2,399,0.5225,FALSE
"skew_global_null","skew","trait","rotation",2,66,4800066,4852066,20,24,2,399,0.0175,TRUE
"skew_global_null","skew","group:trait","rotation",2,66,4800066,4853066,20,24,2,399,0.065,FALSE
"skew_global_null","skew","group","rotation",2,67,4800067,4851067,20,24,2,399,0.57,FALSE
"skew_global_null","skew","trait","rotation",2,67,4800067,4852067,20,24,2,399,0.95,FALSE
"skew_global_null","skew","group:trait","rotation",2,67,4800067,4853067,20,24,2,399,0.9175,FALSE
"skew_global_null","skew","group","rotation",2,68,4800068,4851068,20,24,2,399,0.6725,FALSE
"skew_global_null","skew","trait","rotation",2,68,4800068,4852068,20,24,2,399,0.74,FALSE
"skew_global_null","skew","group:trait","rotation",2,68,4800068,4853068,20,24,2,399,0.815,FALSE
"skew_global_null","skew","group","rotation",2,69,4800069,4851069,20,24,2,399,0.5325,FALSE
"skew_global_null","skew","trait","rotation",2,69,4800069,4852069,20,24,2,399,0.97,FALSE
"skew_global_null","skew","group:trait","rotation",2,69,4800069,4853069,20,24,2,399,0.2625,FALSE
"skew_global_null","skew","group","rotation",2,70,4800070,4851070,20,24,2,399,0.6425,FALSE
"skew_global_null","skew","trait","rotation",2,70,4800070,4852070,20,24,2,399,0.75,FALSE
"skew_global_null","skew","group:trait","rotation",2,70,4800070,4853070,20,24,2,399,0.8425,FALSE
"skew_global_null","skew","group","rotation",2,71,4800071,4851071,20,24,2,399,0.88,FALSE
"skew_global_null","skew","trait","rotation",2,71,4800071,4852071,20,24,2,399,0.905,FALSE
"skew_global_null","skew","group:trait","rotation",2,71,4800071,4853071,20,24,2,399,0.51,FALSE
"skew_global_null","skew","group","rotation",2,72,4800072,4851072,20,24,2,399,0.2125,FALSE
"skew_global_null","skew","trait","rotation",2,72,4800072,4852072,20,24,2,399,0.1925,FALSE
"skew_global_null","skew","group:trait","rotation",2,72,4800072,4853072,20,24,2,399,0.3725,FALSE
"skew_global_null","skew","group","rotation",2,73,4800073,4851073,20,24,2,399,0.96,FALSE
"skew_global_null","skew","trait","rotation",2,73,4800073,4852073,20,24,2,399,0.79,FALSE
"skew_global_null","skew","group:trait","rotation",2,73,4800073,4853073,20,24,2,399,0.1675,FALSE
"skew_global_null","skew","group","rotation",2,74,4800074,4851074,20,24,2,399,0.355,FALSE
"skew_global_null","skew","trait","rotation",2,74,4800074,4852074,20,24,2,399,0.14,FALSE
"skew_global_null","skew","group:trait","rotation",2,74,4800074,4853074,20,24,2,399,0.18,FALSE
"skew_global_null","skew","group","rotation",2,75,4800075,4851075,20,24,2,399,0.2925,FALSE
"skew_global_null","skew","trait","rotation",2,75,4800075,4852075,20,24,2,399,0.2975,FALSE
"skew_global_null","skew","group:trait","rotation",2,75,4800075,4853075,20,24,2,399,0.9675,FALSE
"skew_global_null","skew","group","rotation",2,76,4800076,4851076,20,24,2,399,0.0225,TRUE
"skew_global_null","skew","trait","rotation",2,76,4800076,4852076,20,24,2,399,0.3425,FALSE
"skew_global_null","skew","group:trait","rotation",2,76,4800076,4853076,20,24,2,399,0.705,FALSE
"skew_global_null","skew","group","rotation",2,77,4800077,4851077,20,24,2,399,0.35,FALSE
"skew_global_null","skew","trait","rotation",2,77,4800077,4852077,20,24,2,399,0.6225,FALSE
"skew_global_null","skew","group:trait","rotation",2,77,4800077,4853077,20,24,2,399,0.0975,FALSE
"skew_global_null","skew","group","rotation",2,78,4800078,4851078,20,24,2,399,0.1525,FALSE
"skew_global_null","skew","trait","rotation",2,78,4800078,4852078,20,24,2,399,0.5975,FALSE
"skew_global_null","skew","group:trait","rotation",2,78,4800078,4853078,20,24,2,399,0.25,FALSE
"skew_global_null","skew","group","rotation",2,79,4800079,4851079,20,24,2,399,0.4825,FALSE
"skew_global_null","skew","trait","rotation",2,79,4800079,4852079,20,24,2,399,0.61,FALSE
"skew_global_null","skew","group:trait","rotation",2,79,4800079,4853079,20,24,2,399,0.7525,FALSE
"skew_global_null","skew","group","rotation",2,80,4800080,4851080,20,24,2,399,0.7175,FALSE
"skew_global_null","skew","trait","rotation",2,80,4800080,4852080,20,24,2,399,0.635,FALSE
"skew_global_null","skew","group:trait","rotation",2,80,4800080,4853080,20,24,2,399,0.56,FALSE
"skew_global_null","skew","group","rotation",2,81,4800081,4851081,20,24,2,399,0.745,FALSE
"skew_global_null","skew","trait","rotation",2,81,4800081,4852081,20,24,2,399,0.5475,FALSE
"skew_global_null","skew","group:trait","rotation",2,81,4800081,4853081,20,24,2,399,0.86,FALSE
"skew_global_null","skew","group","rotation",2,82,4800082,4851082,20,24,2,399,0.32,FALSE
"skew_global_null","skew","trait","rotation",2,82,4800082,4852082,20,24,2,399,0.305,FALSE
"skew_global_null","skew","group:trait","rotation",2,82,4800082,4853082,20,24,2,399,0.5825,FALSE
"skew_global_null","skew","group","rotation",2,83,4800083,4851083,20,24,2,399,0.915,FALSE
"skew_global_null","skew","trait","rotation",2,83,4800083,4852083,20,24,2,399,0.6125,FALSE
"skew_global_null","skew","group:trait","rotation",2,83,4800083,4853083,20,24,2,399,0.465,FALSE
"skew_global_null","skew","group","rotation",2,84,4800084,4851084,20,24,2,399,0.7575,FALSE
"skew_global_null","skew","trait","rotation",2,84,4800084,4852084,20,24,2,399,0.425,FALSE
"skew_global_null","skew","group:trait","rotation",2,84,4800084,4853084,20,24,2,399,0.2475,FALSE
"skew_global_null","skew","group","rotation",2,85,4800085,4851085,20,24,2,399,0.415,FALSE
"skew_global_null","skew","trait","rotation",2,85,4800085,4852085,20,24,2,399,0.6025,FALSE
"skew_global_null","skew","group:trait","rotation",2,85,4800085,4853085,20,24,2,399,0.9975,FALSE
"skew_global_null","skew","group","rotation",2,86,4800086,4851086,20,24,2,399,0.465,FALSE
"skew_global_null","skew","trait","rotation",2,86,4800086,4852086,20,24,2,399,0.825,FALSE
"skew_global_null","skew","group:trait","rotation",2,86,4800086,4853086,20,24,2,399,0.4175,FALSE
"skew_global_null","skew","group","rotation",2,87,4800087,4851087,20,24,2,399,0.7975,FALSE
"skew_global_null","skew","trait","rotation",2,87,4800087,4852087,20,24,2,399,0.0675,FALSE
"skew_global_null","skew","group:trait","rotation",2,87,4800087,4853087,20,24,2,399,0.0425,TRUE
"skew_global_null","skew","group","rotation",2,88,4800088,4851088,20,24,2,399,0.16,FALSE
"skew_global_null","skew","trait","rotation",2,88,4800088,4852088,20,24,2,399,0.37,FALSE
"skew_global_null","skew","group:trait","rotation",2,88,4800088,4853088,20,24,2,399,0.945,FALSE
"skew_global_null","skew","group","rotation",2,89,4800089,4851089,20,24,2,399,0.83,FALSE
"skew_global_null","skew","trait","rotation",2,89,4800089,4852089,20,24,2,399,0.225,FALSE
"skew_global_null","skew","group:trait","rotation",2,89,4800089,4853089,20,24,2,399,0.8825,FALSE
"skew_global_null","skew","group","rotation",2,90,4800090,4851090,20,24,2,399,0.725,FALSE
"skew_global_null","skew","trait","rotation",2,90,4800090,4852090,20,24,2,399,0.4125,FALSE
"skew_global_null","skew","group:trait","rotation",2,90,4800090,4853090,20,24,2,399,0.8175,FALSE
"skew_global_null","skew","group","rotation",2,91,4800091,4851091,20,24,2,399,0.5825,FALSE
"skew_global_null","skew","trait","rotation",2,91,4800091,4852091,20,24,2,399,0.25,FALSE
"skew_global_null","skew","group:trait","rotation",2,91,4800091,4853091,20,24,2,399,0.1125,FALSE
"skew_global_null","skew","group","rotation",2,92,4800092,4851092,20,24,2,399,0.6,FALSE
"skew_global_null","skew","trait","rotation",2,92,4800092,4852092,20,24,2,399,0.1875,FALSE
"skew_global_null","skew","group:trait","rotation",2,92,4800092,4853092,20,24,2,399,0.37,FALSE
"skew_global_null","skew","group","rotation",2,93,4800093,4851093,20,24,2,399,0.4625,FALSE
"skew_global_null","skew","trait","rotation",2,93,4800093,4852093,20,24,2,399,0.505,FALSE
"skew_global_null","skew","group:trait","rotation",2,93,4800093,4853093,20,24,2,399,0.495,FALSE
"skew_global_null","skew","group","rotation",2,94,4800094,4851094,20,24,2,399,0.2,FALSE
"skew_global_null","skew","trait","rotation",2,94,4800094,4852094,20,24,2,399,0.0025,TRUE
"skew_global_null","skew","group:trait","rotation",2,94,4800094,4853094,20,24,2,399,0.0125,TRUE
"skew_global_null","skew","group","rotation",2,95,4800095,4851095,20,24,2,399,0.0575,FALSE
"skew_global_null","skew","trait","rotation",2,95,4800095,4852095,20,24,2,399,0.895,FALSE
"skew_global_null","skew","group:trait","rotation",2,95,4800095,4853095,20,24,2,399,0.1775,FALSE
"skew_global_null","skew","group","rotation",2,96,4800096,4851096,20,24,2,399,0.875,FALSE
"skew_global_null","skew","trait","rotation",2,96,4800096,4852096,20,24,2,399,0.7225,FALSE
"skew_global_null","skew","group:trait","rotation",2,96,4800096,4853096,20,24,2,399,0.93,FALSE
"skew_global_null","skew","group","rotation",2,97,4800097,4851097,20,24,2,399,0.005,TRUE
"skew_global_null","skew","trait","rotation",2,97,4800097,4852097,20,24,2,399,0.5675,FALSE
"skew_global_null","skew","group:trait","rotation",2,97,4800097,4853097,20,24,2,399,0.53,FALSE
"skew_global_null","skew","group","rotation",2,98,4800098,4851098,20,24,2,399,0.66,FALSE
"skew_global_null","skew","trait","rotation",2,98,4800098,4852098,20,24,2,399,0.4425,FALSE
"skew_global_null","skew","group:trait","rotation",2,98,4800098,4853098,20,24,2,399,0.32,FALSE
"skew_global_null","skew","group","rotation",2,99,4800099,4851099,20,24,2,399,0.7075,FALSE
"skew_global_null","skew","trait","rotation",2,99,4800099,4852099,20,24,2,399,0.8575,FALSE
"skew_global_null","skew","group:trait","rotation",2,99,4800099,4853099,20,24,2,399,0.865,FALSE
"skew_global_null","skew","group","rotation",2,100,4800100,4851100,20,24,2,399,0.7125,FALSE
"skew_global_null","skew","trait","rotation",2,100,4800100,4852100,20,24,2,399,0.6625,FALSE
"skew_global_null","skew","group:trait","rotation",2,100,4800100,4853100,20,24,2,399,0.8625,FALSE
"skew_global_null","skew","group","rotation",3,1,4900001,4951001,20,24,2,399,0.0775,FALSE
"skew_global_null","skew","trait","rotation",3,1,4900001,4952001,20,24,2,399,0.22,FALSE
"skew_global_null","skew","group:trait","rotation",3,1,4900001,4953001,20,24,2,399,0.3825,FALSE
"skew_global_null","skew","group","rotation",3,2,4900002,4951002,20,24,2,399,0.1825,FALSE
"skew_global_null","skew","trait","rotation",3,2,4900002,4952002,20,24,2,399,0.8525,FALSE
"skew_global_null","skew","group:trait","rotation",3,2,4900002,4953002,20,24,2,399,0.4975,FALSE
"skew_global_null","skew","group","rotation",3,3,4900003,4951003,20,24,2,399,0.065,FALSE
"skew_global_null","skew","trait","rotation",3,3,4900003,4952003,20,24,2,399,0.185,FALSE
"skew_global_null","skew","group:trait","rotation",3,3,4900003,4953003,20,24,2,399,0.4675,FALSE
"skew_global_null","skew","group","rotation",3,4,4900004,4951004,20,24,2,399,0.0125,TRUE
"skew_global_null","skew","trait","rotation",3,4,4900004,4952004,20,24,2,399,0.005,TRUE
"skew_global_null","skew","group:trait","rotation",3,4,4900004,4953004,20,24,2,399,0.005,TRUE
"skew_global_null","skew","group","rotation",3,5,4900005,4951005,20,24,2,399,0.8525,FALSE
"skew_global_null","skew","trait","rotation",3,5,4900005,4952005,20,24,2,399,0.2725,FALSE
"skew_global_null","skew","group:trait","rotation",3,5,4900005,4953005,20,24,2,399,0.48,FALSE
"skew_global_null","skew","group","rotation",3,6,4900006,4951006,20,24,2,399,0.3025,FALSE
"skew_global_null","skew","trait","rotation",3,6,4900006,4952006,20,24,2,399,0.435,FALSE
"skew_global_null","skew","group:trait","rotation",3,6,4900006,4953006,20,24,2,399,0.1175,FALSE
"skew_global_null","skew","group","rotation",3,7,4900007,4951007,20,24,2,399,0.145,FALSE
"skew_global_null","skew","trait","rotation",3,7,4900007,4952007,20,24,2,399,0.78,FALSE
"skew_global_null","skew","group:trait","rotation",3,7,4900007,4953007,20,24,2,399,0.5975,FALSE
"skew_global_null","skew","group","rotation",3,8,4900008,4951008,20,24,2,399,0.3075,FALSE
"skew_global_null","skew","trait","rotation",3,8,4900008,4952008,20,24,2,399,0.465,FALSE
"skew_global_null","skew","group:trait","rotation",3,8,4900008,4953008,20,24,2,399,0.6275,FALSE
"skew_global_null","skew","group","rotation",3,9,4900009,4951009,20,24,2,399,0.0075,TRUE
"skew_global_null","skew","trait","rotation",3,9,4900009,4952009,20,24,2,399,0.06,FALSE
"skew_global_null","skew","group:trait","rotation",3,9,4900009,4953009,20,24,2,399,0.2375,FALSE
"skew_global_null","skew","group","rotation",3,10,4900010,4951010,20,24,2,399,0.5175,FALSE
"skew_global_null","skew","trait","rotation",3,10,4900010,4952010,20,24,2,399,0.2925,FALSE
"skew_global_null","skew","group:trait","rotation",3,10,4900010,4953010,20,24,2,399,0.4125,FALSE
"skew_global_null","skew","group","rotation",3,11,4900011,4951011,20,24,2,399,0.7375,FALSE
"skew_global_null","skew","trait","rotation",3,11,4900011,4952011,20,24,2,399,0.8275,FALSE
"skew_global_null","skew","group:trait","rotation",3,11,4900011,4953011,20,24,2,399,0.8125,FALSE
"skew_global_null","skew","group","rotation",3,12,4900012,4951012,20,24,2,399,0.615,FALSE
"skew_global_null","skew","trait","rotation",3,12,4900012,4952012,20,24,2,399,0.5575,FALSE
"skew_global_null","skew","group:trait","rotation",3,12,4900012,4953012,20,24,2,399,0.43,FALSE
"skew_global_null","skew","group","rotation",3,13,4900013,4951013,20,24,2,399,0.565,FALSE
"skew_global_null","skew","trait","rotation",3,13,4900013,4952013,20,24,2,399,0.3325,FALSE
"skew_global_null","skew","group:trait","rotation",3,13,4900013,4953013,20,24,2,399,0.18,FALSE
"skew_global_null","skew","group","rotation",3,14,4900014,4951014,20,24,2,399,0.445,FALSE
"skew_global_null","skew","trait","rotation",3,14,4900014,4952014,20,24,2,399,0.1625,FALSE
"skew_global_null","skew","group:trait","rotation",3,14,4900014,4953014,20,24,2,399,0.355,FALSE
"skew_global_null","skew","group","rotation",3,15,4900015,4951015,20,24,2,399,0.4675,FALSE
"skew_global_null","skew","trait","rotation",3,15,4900015,4952015,20,24,2,399,0.9175,FALSE
"skew_global_null","skew","group:trait","rotation",3,15,4900015,4953015,20,24,2,399,0.2575,FALSE
"skew_global_null","skew","group","rotation",3,16,4900016,4951016,20,24,2,399,0.465,FALSE
"skew_global_null","skew","trait","rotation",3,16,4900016,4952016,20,24,2,399,0.075,FALSE
"skew_global_null","skew","group:trait","rotation",3,16,4900016,4953016,20,24,2,399,0.025,TRUE
"skew_global_null","skew","group","rotation",3,17,4900017,4951017,20,24,2,399,0.6225,FALSE
"skew_global_null","skew","trait","rotation",3,17,4900017,4952017,20,24,2,399,0.83,FALSE
"skew_global_null","skew","group:trait","rotation",3,17,4900017,4953017,20,24,2,399,0.335,FALSE
"skew_global_null","skew","group","rotation",3,18,4900018,4951018,20,24,2,399,0.8675,FALSE
"skew_global_null","skew","trait","rotation",3,18,4900018,4952018,20,24,2,399,0.695,FALSE
"skew_global_null","skew","group:trait","rotation",3,18,4900018,4953018,20,24,2,399,0.6825,FALSE
"skew_global_null","skew","group","rotation",3,19,4900019,4951019,20,24,2,399,0.665,FALSE
"skew_global_null","skew","trait","rotation",3,19,4900019,4952019,20,24,2,399,0.915,FALSE
"skew_global_null","skew","group:trait","rotation",3,19,4900019,4953019,20,24,2,399,0.8,FALSE
"skew_global_null","skew","group","rotation",3,20,4900020,4951020,20,24,2,399,0.67,FALSE
"skew_global_null","skew","trait","rotation",3,20,4900020,4952020,20,24,2,399,0.715,FALSE
"skew_global_null","skew","group:trait","rotation",3,20,4900020,4953020,20,24,2,399,0.72,FALSE
"skew_global_null","skew","group","rotation",3,21,4900021,4951021,20,24,2,399,0.515,FALSE
"skew_global_null","skew","trait","rotation",3,21,4900021,4952021,20,24,2,399,0.275,FALSE
"skew_global_null","skew","group:trait","rotation",3,21,4900021,4953021,20,24,2,399,0.14,FALSE
"skew_global_null","skew","group","rotation",3,22,4900022,4951022,20,24,2,399,0.7425,FALSE
"skew_global_null","skew","trait","rotation",3,22,4900022,4952022,20,24,2,399,0.9575,FALSE
"skew_global_null","skew","group:trait","rotation",3,22,4900022,4953022,20,24,2,399,0.78,FALSE
"skew_global_null","skew","group","rotation",3,23,4900023,4951023,20,24,2,399,0.0325,TRUE
"skew_global_null","skew","trait","rotation",3,23,4900023,4952023,20,24,2,399,0.215,FALSE
"skew_global_null","skew","group:trait","rotation",3,23,4900023,4953023,20,24,2,399,0.165,FALSE
"skew_global_null","skew","group","rotation",3,24,4900024,4951024,20,24,2,399,0.9525,FALSE
"skew_global_null","skew","trait","rotation",3,24,4900024,4952024,20,24,2,399,0.6525,FALSE
"skew_global_null","skew","group:trait","rotation",3,24,4900024,4953024,20,24,2,399,0.9425,FALSE
"skew_global_null","skew","group","rotation",3,25,4900025,4951025,20,24,2,399,0.345,FALSE
"skew_global_null","skew","trait","rotation",3,25,4900025,4952025,20,24,2,399,0.1575,FALSE
"skew_global_null","skew","group:trait","rotation",3,25,4900025,4953025,20,24,2,399,0.2925,FALSE
"skew_global_null","skew","group","rotation",3,26,4900026,4951026,20,24,2,399,0.84,FALSE
"skew_global_null","skew","trait","rotation",3,26,4900026,4952026,20,24,2,399,0.37,FALSE
"skew_global_null","skew","group:trait","rotation",3,26,4900026,4953026,20,24,2,399,0.4025,FALSE
"skew_global_null","skew","group","rotation",3,27,4900027,4951027,20,24,2,399,0.94,FALSE
"skew_global_null","skew","trait","rotation",3,27,4900027,4952027,20,24,2,399,0.7975,FALSE
"skew_global_null","skew","group:trait","rotation",3,27,4900027,4953027,20,24,2,399,0.7675,FALSE
"skew_global_null","skew","group","rotation",3,28,4900028,4951028,20,24,2,399,0.3825,FALSE
"skew_global_null","skew","trait","rotation",3,28,4900028,4952028,20,24,2,399,0.3825,FALSE
"skew_global_null","skew","group:trait","rotation",3,28,4900028,4953028,20,24,2,399,0.73,FALSE
"skew_global_null","skew","group","rotation",3,29,4900029,4951029,20,24,2,399,0.8325,FALSE
"skew_global_null","skew","trait","rotation",3,29,4900029,4952029,20,24,2,399,0.07,FALSE
"skew_global_null","skew","group:trait","rotation",3,29,4900029,4953029,20,24,2,399,0.39,FALSE
"skew_global_null","skew","group","rotation",3,30,4900030,4951030,20,24,2,399,0.0175,TRUE
"skew_global_null","skew","trait","rotation",3,30,4900030,4952030,20,24,2,399,0.925,FALSE
"skew_global_null","skew","group:trait","rotation",3,30,4900030,4953030,20,24,2,399,0.905,FALSE
"skew_global_null","skew","group","rotation",3,31,4900031,4951031,20,24,2,399,0.3025,FALSE
"skew_global_null","skew","trait","rotation",3,31,4900031,4952031,20,24,2,399,0.4475,FALSE
"skew_global_null","skew","group:trait","rotation",3,31,4900031,4953031,20,24,2,399,0.12,FALSE
"skew_global_null","skew","group","rotation",3,32,4900032,4951032,20,24,2,399,0.825,FALSE
"skew_global_null","skew","trait","rotation",3,32,4900032,4952032,20,24,2,399,0.9675,FALSE
"skew_global_null","skew","group:trait","rotation",3,32,4900032,4953032,20,24,2,399,0.38,FALSE
"skew_global_null","skew","group","rotation",3,33,4900033,4951033,20,24,2,399,0.485,FALSE
"skew_global_null","skew","trait","rotation",3,33,4900033,4952033,20,24,2,399,0.61,FALSE
"skew_global_null","skew","group:trait","rotation",3,33,4900033,4953033,20,24,2,399,0.4975,FALSE
"skew_global_null","skew","group","rotation",3,34,4900034,4951034,20,24,2,399,0.6925,FALSE
"skew_global_null","skew","trait","rotation",3,34,4900034,4952034,20,24,2,399,0.5625,FALSE
"skew_global_null","skew","group:trait","rotation",3,34,4900034,4953034,20,24,2,399,0.705,FALSE
"skew_global_null","skew","group","rotation",3,35,4900035,4951035,20,24,2,399,0.4625,FALSE
"skew_global_null","skew","trait","rotation",3,35,4900035,4952035,20,24,2,399,0.395,FALSE
"skew_global_null","skew","group:trait","rotation",3,35,4900035,4953035,20,24,2,399,0.0875,FALSE
"skew_global_null","skew","group","rotation",3,36,4900036,4951036,20,24,2,399,0.1525,FALSE
"skew_global_null","skew","trait","rotation",3,36,4900036,4952036,20,24,2,399,0.9825,FALSE
"skew_global_null","skew","group:trait","rotation",3,36,4900036,4953036,20,24,2,399,0.1125,FALSE
"skew_global_null","skew","group","rotation",3,37,4900037,4951037,20,24,2,399,0.3775,FALSE
"skew_global_null","skew","trait","rotation",3,37,4900037,4952037,20,24,2,399,0.8525,FALSE
"skew_global_null","skew","group:trait","rotation",3,37,4900037,4953037,20,24,2,399,0.2525,FALSE
"skew_global_null","skew","group","rotation",3,38,4900038,4951038,20,24,2,399,0.8575,FALSE
"skew_global_null","skew","trait","rotation",3,38,4900038,4952038,20,24,2,399,0.83,FALSE
"skew_global_null","skew","group:trait","rotation",3,38,4900038,4953038,20,24,2,399,0.5825,FALSE
"skew_global_null","skew","group","rotation",3,39,4900039,4951039,20,24,2,399,0.845,FALSE
"skew_global_null","skew","trait","rotation",3,39,4900039,4952039,20,24,2,399,0.8675,FALSE
"skew_global_null","skew","group:trait","rotation",3,39,4900039,4953039,20,24,2,399,0.6575,FALSE
"skew_global_null","skew","group","rotation",3,40,4900040,4951040,20,24,2,399,0.7,FALSE
"skew_global_null","skew","trait","rotation",3,40,4900040,4952040,20,24,2,399,0.72,FALSE
"skew_global_null","skew","group:trait","rotation",3,40,4900040,4953040,20,24,2,399,0.7725,FALSE
"skew_global_null","skew","group","rotation",3,41,4900041,4951041,20,24,2,399,0.865,FALSE
"skew_global_null","skew","trait","rotation",3,41,4900041,4952041,20,24,2,399,0.3575,FALSE
"skew_global_null","skew","group:trait","rotation",3,41,4900041,4953041,20,24,2,399,0.6425,FALSE
"skew_global_null","skew","group","rotation",3,42,4900042,4951042,20,24,2,399,0.7075,FALSE
"skew_global_null","skew","trait","rotation",3,42,4900042,4952042,20,24,2,399,0.9625,FALSE
"skew_global_null","skew","group:trait","rotation",3,42,4900042,4953042,20,24,2,399,0.9425,FALSE
"skew_global_null","skew","group","rotation",3,43,4900043,4951043,20,24,2,399,0.425,FALSE
"skew_global_null","skew","trait","rotation",3,43,4900043,4952043,20,24,2,399,0.4925,FALSE
"skew_global_null","skew","group:trait","rotation",3,43,4900043,4953043,20,24,2,399,0.3975,FALSE
"skew_global_null","skew","group","rotation",3,44,4900044,4951044,20,24,2,399,0.1175,FALSE
"skew_global_null","skew","trait","rotation",3,44,4900044,4952044,20,24,2,399,0.915,FALSE
"skew_global_null","skew","group:trait","rotation",3,44,4900044,4953044,20,24,2,399,0.7375,FALSE
"skew_global_null","skew","group","rotation",3,45,4900045,4951045,20,24,2,399,0.675,FALSE
"skew_global_null","skew","trait","rotation",3,45,4900045,4952045,20,24,2,399,0.42,FALSE
"skew_global_null","skew","group:trait","rotation",3,45,4900045,4953045,20,24,2,399,0.4875,FALSE
"skew_global_null","skew","group","rotation",3,46,4900046,4951046,20,24,2,399,0.9375,FALSE
"skew_global_null","skew","trait","rotation",3,46,4900046,4952046,20,24,2,399,0.6325,FALSE
"skew_global_null","skew","group:trait","rotation",3,46,4900046,4953046,20,24,2,399,0.905,FALSE
"skew_global_null","skew","group","rotation",3,47,4900047,4951047,20,24,2,399,0.1925,FALSE
"skew_global_null","skew","trait","rotation",3,47,4900047,4952047,20,24,2,399,0.26,FALSE
"skew_global_null","skew","group:trait","rotation",3,47,4900047,4953047,20,24,2,399,0.05,TRUE
"skew_global_null","skew","group","rotation",3,48,4900048,4951048,20,24,2,399,0.5375,FALSE
"skew_global_null","skew","trait","rotation",3,48,4900048,4952048,20,24,2,399,0.655,FALSE
"skew_global_null","skew","group:trait","rotation",3,48,4900048,4953048,20,24,2,399,0.48,FALSE
"skew_global_null","skew","group","rotation",3,49,4900049,4951049,20,24,2,399,0.185,FALSE
"skew_global_null","skew","trait","rotation",3,49,4900049,4952049,20,24,2,399,0.595,FALSE
"skew_global_null","skew","group:trait","rotation",3,49,4900049,4953049,20,24,2,399,0.2125,FALSE
"skew_global_null","skew","group","rotation",3,50,4900050,4951050,20,24,2,399,0.285,FALSE
"skew_global_null","skew","trait","rotation",3,50,4900050,4952050,20,24,2,399,0.9175,FALSE
"skew_global_null","skew","group:trait","rotation",3,50,4900050,4953050,20,24,2,399,0.9225,FALSE
"skew_global_null","skew","group","rotation",3,51,4900051,4951051,20,24,2,399,0.2075,FALSE
"skew_global_null","skew","trait","rotation",3,51,4900051,4952051,20,24,2,399,0.2725,FALSE
"skew_global_null","skew","group:trait","rotation",3,51,4900051,4953051,20,24,2,399,0.805,FALSE
"skew_global_null","skew","group","rotation",3,52,4900052,4951052,20,24,2,399,0.065,FALSE
"skew_global_null","skew","trait","rotation",3,52,4900052,4952052,20,24,2,399,0.2725,FALSE
"skew_global_null","skew","group:trait","rotation",3,52,4900052,4953052,20,24,2,399,0.19,FALSE
"skew_global_null","skew","group","rotation",3,53,4900053,4951053,20,24,2,399,0.9725,FALSE
"skew_global_null","skew","trait","rotation",3,53,4900053,4952053,20,24,2,399,0.01,TRUE
"skew_global_null","skew","group:trait","rotation",3,53,4900053,4953053,20,24,2,399,0.0625,FALSE
"skew_global_null","skew","group","rotation",3,54,4900054,4951054,20,24,2,399,0.675,FALSE
"skew_global_null","skew","trait","rotation",3,54,4900054,4952054,20,24,2,399,0.9825,FALSE
"skew_global_null","skew","group:trait","rotation",3,54,4900054,4953054,20,24,2,399,0.5575,FALSE
"skew_global_null","skew","group","rotation",3,55,4900055,4951055,20,24,2,399,0.7425,FALSE
"skew_global_null","skew","trait","rotation",3,55,4900055,4952055,20,24,2,399,0.975,FALSE
"skew_global_null","skew","group:trait","rotation",3,55,4900055,4953055,20,24,2,399,0.9,FALSE
"skew_global_null","skew","group","rotation",3,56,4900056,4951056,20,24,2,399,0.125,FALSE
"skew_global_null","skew","trait","rotation",3,56,4900056,4952056,20,24,2,399,0.2725,FALSE
"skew_global_null","skew","group:trait","rotation",3,56,4900056,4953056,20,24,2,399,0.805,FALSE
"skew_global_null","skew","group","rotation",3,57,4900057,4951057,20,24,2,399,0.6775,FALSE
"skew_global_null","skew","trait","rotation",3,57,4900057,4952057,20,24,2,399,0.4925,FALSE
"skew_global_null","skew","group:trait","rotation",3,57,4900057,4953057,20,24,2,399,0.695,FALSE
"skew_global_null","skew","group","rotation",3,58,4900058,4951058,20,24,2,399,0.77,FALSE
"skew_global_null","skew","trait","rotation",3,58,4900058,4952058,20,24,2,399,0.0375,TRUE
"skew_global_null","skew","group:trait","rotation",3,58,4900058,4953058,20,24,2,399,0.1825,FALSE
"skew_global_null","skew","group","rotation",3,59,4900059,4951059,20,24,2,399,0.5225,FALSE
"skew_global_null","skew","trait","rotation",3,59,4900059,4952059,20,24,2,399,0.4225,FALSE
"skew_global_null","skew","group:trait","rotation",3,59,4900059,4953059,20,24,2,399,0.605,FALSE
"skew_global_null","skew","group","rotation",3,60,4900060,4951060,20,24,2,399,0.275,FALSE
"skew_global_null","skew","trait","rotation",3,60,4900060,4952060,20,24,2,399,0.005,TRUE
"skew_global_null","skew","group:trait","rotation",3,60,4900060,4953060,20,24,2,399,0.0025,TRUE
"skew_global_null","skew","group","rotation",3,61,4900061,4951061,20,24,2,399,0.2925,FALSE
"skew_global_null","skew","trait","rotation",3,61,4900061,4952061,20,24,2,399,0.4075,FALSE
"skew_global_null","skew","group:trait","rotation",3,61,4900061,4953061,20,24,2,399,0.47,FALSE
"skew_global_null","skew","group","rotation",3,62,4900062,4951062,20,24,2,399,0.6975,FALSE
"skew_global_null","skew","trait","rotation",3,62,4900062,4952062,20,24,2,399,0.1575,FALSE
"skew_global_null","skew","group:trait","rotation",3,62,4900062,4953062,20,24,2,399,0.14,FALSE
"skew_global_null","skew","group","rotation",3,63,4900063,4951063,20,24,2,399,0.2325,FALSE
"skew_global_null","skew","trait","rotation",3,63,4900063,4952063,20,24,2,399,0.725,FALSE
"skew_global_null","skew","group:trait","rotation",3,63,4900063,4953063,20,24,2,399,0.8575,FALSE
"skew_global_null","skew","group","rotation",3,64,4900064,4951064,20,24,2,399,0.5325,FALSE
"skew_global_null","skew","trait","rotation",3,64,4900064,4952064,20,24,2,399,0.36,FALSE
"skew_global_null","skew","group:trait","rotation",3,64,4900064,4953064,20,24,2,399,0.405,FALSE
"skew_global_null","skew","group","rotation",3,65,4900065,4951065,20,24,2,399,0.8625,FALSE
"skew_global_null","skew","trait","rotation",3,65,4900065,4952065,20,24,2,399,0.51,FALSE
"skew_global_null","skew","group:trait","rotation",3,65,4900065,4953065,20,24,2,399,0.5475,FALSE
"skew_global_null","skew","group","rotation",3,66,4900066,4951066,20,24,2,399,0.93,FALSE
"skew_global_null","skew","trait","rotation",3,66,4900066,4952066,20,24,2,399,0.465,FALSE
"skew_global_null","skew","group:trait","rotation",3,66,4900066,4953066,20,24,2,399,0.0375,TRUE
"skew_global_null","skew","group","rotation",3,67,4900067,4951067,20,24,2,399,0.195,FALSE
"skew_global_null","skew","trait","rotation",3,67,4900067,4952067,20,24,2,399,0.065,FALSE
"skew_global_null","skew","group:trait","rotation",3,67,4900067,4953067,20,24,2,399,0.025,TRUE
"skew_global_null","skew","group","rotation",3,68,4900068,4951068,20,24,2,399,0.835,FALSE
"skew_global_null","skew","trait","rotation",3,68,4900068,4952068,20,24,2,399,0.9275,FALSE
"skew_global_null","skew","group:trait","rotation",3,68,4900068,4953068,20,24,2,399,0.86,FALSE
"skew_global_null","skew","group","rotation",3,69,4900069,4951069,20,24,2,399,0.7,FALSE
"skew_global_null","skew","trait","rotation",3,69,4900069,4952069,20,24,2,399,0.7425,FALSE
"skew_global_null","skew","group:trait","rotation",3,69,4900069,4953069,20,24,2,399,0.6275,FALSE
"skew_global_null","skew","group","rotation",3,70,4900070,4951070,20,24,2,399,0.425,FALSE
"skew_global_null","skew","trait","rotation",3,70,4900070,4952070,20,24,2,399,0.795,FALSE
"skew_global_null","skew","group:trait","rotation",3,70,4900070,4953070,20,24,2,399,0.64,FALSE
"skew_global_null","skew","group","rotation",3,71,4900071,4951071,20,24,2,399,0.065,FALSE
"skew_global_null","skew","trait","rotation",3,71,4900071,4952071,20,24,2,399,0.7475,FALSE
"skew_global_null","skew","group:trait","rotation",3,71,4900071,4953071,20,24,2,399,0.89,FALSE
"skew_global_null","skew","group","rotation",3,72,4900072,4951072,20,24,2,399,0.6525,FALSE
"skew_global_null","skew","trait","rotation",3,72,4900072,4952072,20,24,2,399,0.94,FALSE
"skew_global_null","skew","group:trait","rotation",3,72,4900072,4953072,20,24,2,399,0.72,FALSE
"skew_global_null","skew","group","rotation",3,73,4900073,4951073,20,24,2,399,0.43,FALSE
"skew_global_null","skew","trait","rotation",3,73,4900073,4952073,20,24,2,399,0.6775,FALSE
"skew_global_null","skew","group:trait","rotation",3,73,4900073,4953073,20,24,2,399,0.785,FALSE
"skew_global_null","skew","group","rotation",3,74,4900074,4951074,20,24,2,399,0.4075,FALSE
"skew_global_null","skew","trait","rotation",3,74,4900074,4952074,20,24,2,399,0.035,TRUE
"skew_global_null","skew","group:trait","rotation",3,74,4900074,4953074,20,24,2,399,0.95,FALSE
"skew_global_null","skew","group","rotation",3,75,4900075,4951075,20,24,2,399,0.91,FALSE
"skew_global_null","skew","trait","rotation",3,75,4900075,4952075,20,24,2,399,0.6475,FALSE
"skew_global_null","skew","group:trait","rotation",3,75,4900075,4953075,20,24,2,399,0.6975,FALSE
"skew_global_null","skew","group","rotation",3,76,4900076,4951076,20,24,2,399,0.85,FALSE
"skew_global_null","skew","trait","rotation",3,76,4900076,4952076,20,24,2,399,0.2,FALSE
"skew_global_null","skew","group:trait","rotation",3,76,4900076,4953076,20,24,2,399,0.1975,FALSE
"skew_global_null","skew","group","rotation",3,77,4900077,4951077,20,24,2,399,0.725,FALSE
"skew_global_null","skew","trait","rotation",3,77,4900077,4952077,20,24,2,399,0.7825,FALSE
"skew_global_null","skew","group:trait","rotation",3,77,4900077,4953077,20,24,2,399,0.8675,FALSE
"skew_global_null","skew","group","rotation",3,78,4900078,4951078,20,24,2,399,0.765,FALSE
"skew_global_null","skew","trait","rotation",3,78,4900078,4952078,20,24,2,399,0.785,FALSE
"skew_global_null","skew","group:trait","rotation",3,78,4900078,4953078,20,24,2,399,0.6775,FALSE
"skew_global_null","skew","group","rotation",3,79,4900079,4951079,20,24,2,399,0.7075,FALSE
"skew_global_null","skew","trait","rotation",3,79,4900079,4952079,20,24,2,399,0.64,FALSE
"skew_global_null","skew","group:trait","rotation",3,79,4900079,4953079,20,24,2,399,0.8125,FALSE
"skew_global_null","skew","group","rotation",3,80,4900080,4951080,20,24,2,399,0.7275,FALSE
"skew_global_null","skew","trait","rotation",3,80,4900080,4952080,20,24,2,399,0.9325,FALSE
"skew_global_null","skew","group:trait","rotation",3,80,4900080,4953080,20,24,2,399,0.8525,FALSE
"skew_global_null","skew","group","rotation",3,81,4900081,4951081,20,24,2,399,0.9725,FALSE
"skew_global_null","skew","trait","rotation",3,81,4900081,4952081,20,24,2,399,0.0575,FALSE
"skew_global_null","skew","group:trait","rotation",3,81,4900081,4953081,20,24,2,399,0.045,TRUE
"skew_global_null","skew","group","rotation",3,82,4900082,4951082,20,24,2,399,0.5375,FALSE
"skew_global_null","skew","trait","rotation",3,82,4900082,4952082,20,24,2,399,0.8175,FALSE
"skew_global_null","skew","group:trait","rotation",3,82,4900082,4953082,20,24,2,399,0.9925,FALSE
"skew_global_null","skew","group","rotation",3,83,4900083,4951083,20,24,2,399,0.56,FALSE
"skew_global_null","skew","trait","rotation",3,83,4900083,4952083,20,24,2,399,0.385,FALSE
"skew_global_null","skew","group:trait","rotation",3,83,4900083,4953083,20,24,2,399,0.9275,FALSE
"skew_global_null","skew","group","rotation",3,84,4900084,4951084,20,24,2,399,0.345,FALSE
"skew_global_null","skew","trait","rotation",3,84,4900084,4952084,20,24,2,399,0.3875,FALSE
"skew_global_null","skew","group:trait","rotation",3,84,4900084,4953084,20,24,2,399,0.99,FALSE
"skew_global_null","skew","group","rotation",3,85,4900085,4951085,20,24,2,399,0.6,FALSE
"skew_global_null","skew","trait","rotation",3,85,4900085,4952085,20,24,2,399,0.315,FALSE
"skew_global_null","skew","group:trait","rotation",3,85,4900085,4953085,20,24,2,399,0.1175,FALSE
"skew_global_null","skew","group","rotation",3,86,4900086,4951086,20,24,2,399,0.1475,FALSE
"skew_global_null","skew","trait","rotation",3,86,4900086,4952086,20,24,2,399,0.5625,FALSE
"skew_global_null","skew","group:trait","rotation",3,86,4900086,4953086,20,24,2,399,0.6,FALSE
"skew_global_null","skew","group","rotation",3,87,4900087,4951087,20,24,2,399,0.635,FALSE
"skew_global_null","skew","trait","rotation",3,87,4900087,4952087,20,24,2,399,0.015,TRUE
"skew_global_null","skew","group:trait","rotation",3,87,4900087,4953087,20,24,2,399,0.1325,FALSE
"skew_global_null","skew","group","rotation",3,88,4900088,4951088,20,24,2,399,0.9625,FALSE
"skew_global_null","skew","trait","rotation",3,88,4900088,4952088,20,24,2,399,0.3175,FALSE
"skew_global_null","skew","group:trait","rotation",3,88,4900088,4953088,20,24,2,399,0.14,FALSE
"skew_global_null","skew","group","rotation",3,89,4900089,4951089,20,24,2,399,0.1025,FALSE
"skew_global_null","skew","trait","rotation",3,89,4900089,4952089,20,24,2,399,0.2225,FALSE
"skew_global_null","skew","group:trait","rotation",3,89,4900089,4953089,20,24,2,399,0.655,FALSE
"skew_global_null","skew","group","rotation",3,90,4900090,4951090,20,24,2,399,0.0425,TRUE
"skew_global_null","skew","trait","rotation",3,90,4900090,4952090,20,24,2,399,0.015,TRUE
"skew_global_null","skew","group:trait","rotation",3,90,4900090,4953090,20,24,2,399,0.5775,FALSE
"skew_global_null","skew","group","rotation",3,91,4900091,4951091,20,24,2,399,0.28,FALSE
"skew_global_null","skew","trait","rotation",3,91,4900091,4952091,20,24,2,399,0.855,FALSE
"skew_global_null","skew","group:trait","rotation",3,91,4900091,4953091,20,24,2,399,0.8225,FALSE
"skew_global_null","skew","group","rotation",3,92,4900092,4951092,20,24,2,399,0.4375,FALSE
"skew_global_null","skew","trait","rotation",3,92,4900092,4952092,20,24,2,399,0.46,FALSE
"skew_global_null","skew","group:trait","rotation",3,92,4900092,4953092,20,24,2,399,0.2575,FALSE
"skew_global_null","skew","group","rotation",3,93,4900093,4951093,20,24,2,399,0.6475,FALSE
"skew_global_null","skew","trait","rotation",3,93,4900093,4952093,20,24,2,399,0.8275,FALSE
"skew_global_null","skew","group:trait","rotation",3,93,4900093,4953093,20,24,2,399,0.8575,FALSE
"skew_global_null","skew","group","rotation",3,94,4900094,4951094,20,24,2,399,0.8175,FALSE
"skew_global_null","skew","trait","rotation",3,94,4900094,4952094,20,24,2,399,0.73,FALSE
"skew_global_null","skew","group:trait","rotation",3,94,4900094,4953094,20,24,2,399,0.7175,FALSE
"skew_global_null","skew","group","rotation",3,95,4900095,4951095,20,24,2,399,0.88,FALSE
"skew_global_null","skew","trait","rotation",3,95,4900095,4952095,20,24,2,399,0.9325,FALSE
"skew_global_null","skew","group:trait","rotation",3,95,4900095,4953095,20,24,2,399,0.6475,FALSE
"skew_global_null","skew","group","rotation",3,96,4900096,4951096,20,24,2,399,0.4125,FALSE
"skew_global_null","skew","trait","rotation",3,96,4900096,4952096,20,24,2,399,0.315,FALSE
"skew_global_null","skew","group:trait","rotation",3,96,4900096,4953096,20,24,2,399,0.7,FALSE
"skew_global_null","skew","group","rotation",3,97,4900097,4951097,20,24,2,399,0.005,TRUE
"skew_global_null","skew","trait","rotation",3,97,4900097,4952097,20,24,2,399,0.78,FALSE
"skew_global_null","skew","group:trait","rotation",3,97,4900097,4953097,20,24,2,399,0.835,FALSE
"skew_global_null","skew","group","rotation",3,98,4900098,4951098,20,24,2,399,0.985,FALSE
"skew_global_null","skew","trait","rotation",3,98,4900098,4952098,20,24,2,399,0.055,FALSE
"skew_global_null","skew","group:trait","rotation",3,98,4900098,4953098,20,24,2,399,0.075,FALSE
"skew_global_null","skew","group","rotation",3,99,4900099,4951099,20,24,2,399,0.9575,FALSE
"skew_global_null","skew","trait","rotation",3,99,4900099,4952099,20,24,2,399,0.7075,FALSE
"skew_global_null","skew","group:trait","rotation",3,99,4900099,4953099,20,24,2,399,0.7275,FALSE
"skew_global_null","skew","group","rotation",3,100,4900100,4951100,20,24,2,399,0.865,FALSE
"skew_global_null","skew","trait","rotation",3,100,4900100,4952100,20,24,2,399,0.49,FALSE
"skew_global_null","skew","group:trait","rotation",3,100,4900100,4953100,20,24,2,399,0.65,FALSE
"skew_global_null","skew","group","rotation",4,1,5000001,5051001,20,24,2,399,0.88,FALSE
"skew_global_null","skew","trait","rotation",4,1,5000001,5052001,20,24,2,399,0.3375,FALSE
"skew_global_null","skew","group:trait","rotation",4,1,5000001,5053001,20,24,2,399,0.5225,FALSE
"skew_global_null","skew","group","rotation",4,2,5000002,5051002,20,24,2,399,0.7975,FALSE
"skew_global_null","skew","trait","rotation",4,2,5000002,5052002,20,24,2,399,0.42,FALSE
"skew_global_null","skew","group:trait","rotation",4,2,5000002,5053002,20,24,2,399,0.0825,FALSE
"skew_global_null","skew","group","rotation",4,3,5000003,5051003,20,24,2,399,0.12,FALSE
"skew_global_null","skew","trait","rotation",4,3,5000003,5052003,20,24,2,399,0.195,FALSE
"skew_global_null","skew","group:trait","rotation",4,3,5000003,5053003,20,24,2,399,0.2375,FALSE
"skew_global_null","skew","group","rotation",4,4,5000004,5051004,20,24,2,399,0.9775,FALSE
"skew_global_null","skew","trait","rotation",4,4,5000004,5052004,20,24,2,399,0.9725,FALSE
"skew_global_null","skew","group:trait","rotation",4,4,5000004,5053004,20,24,2,399,0.455,FALSE
"skew_global_null","skew","group","rotation",4,5,5000005,5051005,20,24,2,399,0.4225,FALSE
"skew_global_null","skew","trait","rotation",4,5,5000005,5052005,20,24,2,399,0.8075,FALSE
"skew_global_null","skew","group:trait","rotation",4,5,5000005,5053005,20,24,2,399,0.41,FALSE
"skew_global_null","skew","group","rotation",4,6,5000006,5051006,20,24,2,399,0.5625,FALSE
"skew_global_null","skew","trait","rotation",4,6,5000006,5052006,20,24,2,399,0.1875,FALSE
"skew_global_null","skew","group:trait","rotation",4,6,5000006,5053006,20,24,2,399,0.15,FALSE
"skew_global_null","skew","group","rotation",4,7,5000007,5051007,20,24,2,399,0.57,FALSE
"skew_global_null","skew","trait","rotation",4,7,5000007,5052007,20,24,2,399,0.5775,FALSE
"skew_global_null","skew","group:trait","rotation",4,7,5000007,5053007,20,24,2,399,0.315,FALSE
"skew_global_null","skew","group","rotation",4,8,5000008,5051008,20,24,2,399,0.095,FALSE
"skew_global_null","skew","trait","rotation",4,8,5000008,5052008,20,24,2,399,0.0275,TRUE
"skew_global_null","skew","group:trait","rotation",4,8,5000008,5053008,20,24,2,399,0.0925,FALSE
"skew_global_null","skew","group","rotation",4,9,5000009,5051009,20,24,2,399,0.5375,FALSE
"skew_global_null","skew","trait","rotation",4,9,5000009,5052009,20,24,2,399,0.095,FALSE
"skew_global_null","skew","group:trait","rotation",4,9,5000009,5053009,20,24,2,399,0.04,TRUE
"skew_global_null","skew","group","rotation",4,10,5000010,5051010,20,24,2,399,0.7,FALSE
"skew_global_null","skew","trait","rotation",4,10,5000010,5052010,20,24,2,399,0.4275,FALSE
"skew_global_null","skew","group:trait","rotation",4,10,5000010,5053010,20,24,2,399,0.54,FALSE
"skew_global_null","skew","group","rotation",4,11,5000011,5051011,20,24,2,399,0.665,FALSE
"skew_global_null","skew","trait","rotation",4,11,5000011,5052011,20,24,2,399,0.665,FALSE
"skew_global_null","skew","group:trait","rotation",4,11,5000011,5053011,20,24,2,399,0.93,FALSE
"skew_global_null","skew","group","rotation",4,12,5000012,5051012,20,24,2,399,0.275,FALSE
"skew_global_null","skew","trait","rotation",4,12,5000012,5052012,20,24,2,399,0.945,FALSE
"skew_global_null","skew","group:trait","rotation",4,12,5000012,5053012,20,24,2,399,0.3375,FALSE
"skew_global_null","skew","group","rotation",4,13,5000013,5051013,20,24,2,399,0.4525,FALSE
"skew_global_null","skew","trait","rotation",4,13,5000013,5052013,20,24,2,399,0.4425,FALSE
"skew_global_null","skew","group:trait","rotation",4,13,5000013,5053013,20,24,2,399,0.2175,FALSE
"skew_global_null","skew","group","rotation",4,14,5000014,5051014,20,24,2,399,0.4175,FALSE
"skew_global_null","skew","trait","rotation",4,14,5000014,5052014,20,24,2,399,0.005,TRUE
"skew_global_null","skew","group:trait","rotation",4,14,5000014,5053014,20,24,2,399,0.01,TRUE
"skew_global_null","skew","group","rotation",4,15,5000015,5051015,20,24,2,399,0.1525,FALSE
"skew_global_null","skew","trait","rotation",4,15,5000015,5052015,20,24,2,399,0.905,FALSE
"skew_global_null","skew","group:trait","rotation",4,15,5000015,5053015,20,24,2,399,0.1375,FALSE
"skew_global_null","skew","group","rotation",4,16,5000016,5051016,20,24,2,399,0.42,FALSE
"skew_global_null","skew","trait","rotation",4,16,5000016,5052016,20,24,2,399,0.905,FALSE
"skew_global_null","skew","group:trait","rotation",4,16,5000016,5053016,20,24,2,399,0.135,FALSE
"skew_global_null","skew","group","rotation",4,17,5000017,5051017,20,24,2,399,0.8575,FALSE
"skew_global_null","skew","trait","rotation",4,17,5000017,5052017,20,24,2,399,0.725,FALSE
"skew_global_null","skew","group:trait","rotation",4,17,5000017,5053017,20,24,2,399,0.1575,FALSE
"skew_global_null","skew","group","rotation",4,18,5000018,5051018,20,24,2,399,0.575,FALSE
"skew_global_null","skew","trait","rotation",4,18,5000018,5052018,20,24,2,399,0.81,FALSE
"skew_global_null","skew","group:trait","rotation",4,18,5000018,5053018,20,24,2,399,0.0575,FALSE
"skew_global_null","skew","group","rotation",4,19,5000019,5051019,20,24,2,399,0.685,FALSE
"skew_global_null","skew","trait","rotation",4,19,5000019,5052019,20,24,2,399,0.605,FALSE
"skew_global_null","skew","group:trait","rotation",4,19,5000019,5053019,20,24,2,399,0.6125,FALSE
"skew_global_null","skew","group","rotation",4,20,5000020,5051020,20,24,2,399,0.71,FALSE
"skew_global_null","skew","trait","rotation",4,20,5000020,5052020,20,24,2,399,0.915,FALSE
"skew_global_null","skew","group:trait","rotation",4,20,5000020,5053020,20,24,2,399,0.965,FALSE
"skew_global_null","skew","group","rotation",4,21,5000021,5051021,20,24,2,399,0.8825,FALSE
"skew_global_null","skew","trait","rotation",4,21,5000021,5052021,20,24,2,399,0.955,FALSE
"skew_global_null","skew","group:trait","rotation",4,21,5000021,5053021,20,24,2,399,0.4725,FALSE
"skew_global_null","skew","group","rotation",4,22,5000022,5051022,20,24,2,399,0.425,FALSE
"skew_global_null","skew","trait","rotation",4,22,5000022,5052022,20,24,2,399,0.035,TRUE
"skew_global_null","skew","group:trait","rotation",4,22,5000022,5053022,20,24,2,399,0.1225,FALSE
"skew_global_null","skew","group","rotation",4,23,5000023,5051023,20,24,2,399,0.77,FALSE
"skew_global_null","skew","trait","rotation",4,23,5000023,5052023,20,24,2,399,0.4,FALSE
"skew_global_null","skew","group:trait","rotation",4,23,5000023,5053023,20,24,2,399,0.395,FALSE
"skew_global_null","skew","group","rotation",4,24,5000024,5051024,20,24,2,399,0.415,FALSE
"skew_global_null","skew","trait","rotation",4,24,5000024,5052024,20,24,2,399,0.07,FALSE
"skew_global_null","skew","group:trait","rotation",4,24,5000024,5053024,20,24,2,399,0.225,FALSE
"skew_global_null","skew","group","rotation",4,25,5000025,5051025,20,24,2,399,0.8675,FALSE
"skew_global_null","skew","trait","rotation",4,25,5000025,5052025,20,24,2,399,0.0225,TRUE
"skew_global_null","skew","group:trait","rotation",4,25,5000025,5053025,20,24,2,399,0.05,TRUE
"skew_global_null","skew","group","rotation",4,26,5000026,5051026,20,24,2,399,0.4,FALSE
"skew_global_null","skew","trait","rotation",4,26,5000026,5052026,20,24,2,399,0.55,FALSE
"skew_global_null","skew","group:trait","rotation",4,26,5000026,5053026,20,24,2,399,0.1925,FALSE
"skew_global_null","skew","group","rotation",4,27,5000027,5051027,20,24,2,399,0.97,FALSE
"skew_global_null","skew","trait","rotation",4,27,5000027,5052027,20,24,2,399,0.45,FALSE
"skew_global_null","skew","group:trait","rotation",4,27,5000027,5053027,20,24,2,399,0.7875,FALSE
"skew_global_null","skew","group","rotation",4,28,5000028,5051028,20,24,2,399,0.335,FALSE
"skew_global_null","skew","trait","rotation",4,28,5000028,5052028,20,24,2,399,0.405,FALSE
"skew_global_null","skew","group:trait","rotation",4,28,5000028,5053028,20,24,2,399,0.6775,FALSE
"skew_global_null","skew","group","rotation",4,29,5000029,5051029,20,24,2,399,0.8825,FALSE
"skew_global_null","skew","trait","rotation",4,29,5000029,5052029,20,24,2,399,0.5775,FALSE
"skew_global_null","skew","group:trait","rotation",4,29,5000029,5053029,20,24,2,399,0.2425,FALSE
"skew_global_null","skew","group","rotation",4,30,5000030,5051030,20,24,2,399,0.725,FALSE
"skew_global_null","skew","trait","rotation",4,30,5000030,5052030,20,24,2,399,0.425,FALSE
"skew_global_null","skew","group:trait","rotation",4,30,5000030,5053030,20,24,2,399,0.415,FALSE
"skew_global_null","skew","group","rotation",4,31,5000031,5051031,20,24,2,399,0.275,FALSE
"skew_global_null","skew","trait","rotation",4,31,5000031,5052031,20,24,2,399,0.3675,FALSE
"skew_global_null","skew","group:trait","rotation",4,31,5000031,5053031,20,24,2,399,0.5625,FALSE
"skew_global_null","skew","group","rotation",4,32,5000032,5051032,20,24,2,399,0.5875,FALSE
"skew_global_null","skew","trait","rotation",4,32,5000032,5052032,20,24,2,399,0.5825,FALSE
"skew_global_null","skew","group:trait","rotation",4,32,5000032,5053032,20,24,2,399,0.66,FALSE
"skew_global_null","skew","group","rotation",4,33,5000033,5051033,20,24,2,399,0.015,TRUE
"skew_global_null","skew","trait","rotation",4,33,5000033,5052033,20,24,2,399,0.975,FALSE
"skew_global_null","skew","group:trait","rotation",4,33,5000033,5053033,20,24,2,399,0.4,FALSE
"skew_global_null","skew","group","rotation",4,34,5000034,5051034,20,24,2,399,0.9925,FALSE
"skew_global_null","skew","trait","rotation",4,34,5000034,5052034,20,24,2,399,0.75,FALSE
"skew_global_null","skew","group:trait","rotation",4,34,5000034,5053034,20,24,2,399,0.9675,FALSE
"skew_global_null","skew","group","rotation",4,35,5000035,5051035,20,24,2,399,0.84,FALSE
"skew_global_null","skew","trait","rotation",4,35,5000035,5052035,20,24,2,399,0.2575,FALSE
"skew_global_null","skew","group:trait","rotation",4,35,5000035,5053035,20,24,2,399,0.175,FALSE
"skew_global_null","skew","group","rotation",4,36,5000036,5051036,20,24,2,399,0.4325,FALSE
"skew_global_null","skew","trait","rotation",4,36,5000036,5052036,20,24,2,399,0.7525,FALSE
"skew_global_null","skew","group:trait","rotation",4,36,5000036,5053036,20,24,2,399,0.4025,FALSE
"skew_global_null","skew","group","rotation",4,37,5000037,5051037,20,24,2,399,0.0375,TRUE
"skew_global_null","skew","trait","rotation",4,37,5000037,5052037,20,24,2,399,0.1175,FALSE
"skew_global_null","skew","group:trait","rotation",4,37,5000037,5053037,20,24,2,399,0.5475,FALSE
"skew_global_null","skew","group","rotation",4,38,5000038,5051038,20,24,2,399,0.0625,FALSE
"skew_global_null","skew","trait","rotation",4,38,5000038,5052038,20,24,2,399,0.6475,FALSE
"skew_global_null","skew","group:trait","rotation",4,38,5000038,5053038,20,24,2,399,0.9925,FALSE
"skew_global_null","skew","group","rotation",4,39,5000039,5051039,20,24,2,399,0.68,FALSE
"skew_global_null","skew","trait","rotation",4,39,5000039,5052039,20,24,2,399,0.9625,FALSE
"skew_global_null","skew","group:trait","rotation",4,39,5000039,5053039,20,24,2,399,0.5075,FALSE
"skew_global_null","skew","group","rotation",4,40,5000040,5051040,20,24,2,399,0.7225,FALSE
"skew_global_null","skew","trait","rotation",4,40,5000040,5052040,20,24,2,399,0.2175,FALSE
"skew_global_null","skew","group:trait","rotation",4,40,5000040,5053040,20,24,2,399,0.2,FALSE
"skew_global_null","skew","group","rotation",4,41,5000041,5051041,20,24,2,399,0.9275,FALSE
"skew_global_null","skew","trait","rotation",4,41,5000041,5052041,20,24,2,399,0.91,FALSE
"skew_global_null","skew","group:trait","rotation",4,41,5000041,5053041,20,24,2,399,0.725,FALSE
"skew_global_null","skew","group","rotation",4,42,5000042,5051042,20,24,2,399,0.63,FALSE
"skew_global_null","skew","trait","rotation",4,42,5000042,5052042,20,24,2,399,0.59,FALSE
"skew_global_null","skew","group:trait","rotation",4,42,5000042,5053042,20,24,2,399,0.9975,FALSE
"skew_global_null","skew","group","rotation",4,43,5000043,5051043,20,24,2,399,0.475,FALSE
"skew_global_null","skew","trait","rotation",4,43,5000043,5052043,20,24,2,399,0.7225,FALSE
"skew_global_null","skew","group:trait","rotation",4,43,5000043,5053043,20,24,2,399,0.455,FALSE
"skew_global_null","skew","group","rotation",4,44,5000044,5051044,20,24,2,399,0.955,FALSE
"skew_global_null","skew","trait","rotation",4,44,5000044,5052044,20,24,2,399,0.185,FALSE
"skew_global_null","skew","group:trait","rotation",4,44,5000044,5053044,20,24,2,399,0.62,FALSE
"skew_global_null","skew","group","rotation",4,45,5000045,5051045,20,24,2,399,0.9625,FALSE
"skew_global_null","skew","trait","rotation",4,45,5000045,5052045,20,24,2,399,0.9,FALSE
"skew_global_null","skew","group:trait","rotation",4,45,5000045,5053045,20,24,2,399,0.145,FALSE
"skew_global_null","skew","group","rotation",4,46,5000046,5051046,20,24,2,399,0.7575,FALSE
"skew_global_null","skew","trait","rotation",4,46,5000046,5052046,20,24,2,399,0.675,FALSE
"skew_global_null","skew","group:trait","rotation",4,46,5000046,5053046,20,24,2,399,0.8325,FALSE
"skew_global_null","skew","group","rotation",4,47,5000047,5051047,20,24,2,399,0.5225,FALSE
"skew_global_null","skew","trait","rotation",4,47,5000047,5052047,20,24,2,399,0.0625,FALSE
"skew_global_null","skew","group:trait","rotation",4,47,5000047,5053047,20,24,2,399,0.1525,FALSE
"skew_global_null","skew","group","rotation",4,48,5000048,5051048,20,24,2,399,0.07,FALSE
"skew_global_null","skew","trait","rotation",4,48,5000048,5052048,20,24,2,399,0.1775,FALSE
"skew_global_null","skew","group:trait","rotation",4,48,5000048,5053048,20,24,2,399,0.3575,FALSE
"skew_global_null","skew","group","rotation",4,49,5000049,5051049,20,24,2,399,0.395,FALSE
"skew_global_null","skew","trait","rotation",4,49,5000049,5052049,20,24,2,399,0.2125,FALSE
"skew_global_null","skew","group:trait","rotation",4,49,5000049,5053049,20,24,2,399,0.2475,FALSE
"skew_global_null","skew","group","rotation",4,50,5000050,5051050,20,24,2,399,0.5575,FALSE
"skew_global_null","skew","trait","rotation",4,50,5000050,5052050,20,24,2,399,0.34,FALSE
"skew_global_null","skew","group:trait","rotation",4,50,5000050,5053050,20,24,2,399,0.75,FALSE
"skew_global_null","skew","group","rotation",4,51,5000051,5051051,20,24,2,399,0.6125,FALSE
"skew_global_null","skew","trait","rotation",4,51,5000051,5052051,20,24,2,399,0.52,FALSE
"skew_global_null","skew","group:trait","rotation",4,51,5000051,5053051,20,24,2,399,0.2825,FALSE
"skew_global_null","skew","group","rotation",4,52,5000052,5051052,20,24,2,399,0.8725,FALSE
"skew_global_null","skew","trait","rotation",4,52,5000052,5052052,20,24,2,399,0.275,FALSE
"skew_global_null","skew","group:trait","rotation",4,52,5000052,5053052,20,24,2,399,0.26,FALSE
"skew_global_null","skew","group","rotation",4,53,5000053,5051053,20,24,2,399,0.9875,FALSE
"skew_global_null","skew","trait","rotation",4,53,5000053,5052053,20,24,2,399,0.7425,FALSE
"skew_global_null","skew","group:trait","rotation",4,53,5000053,5053053,20,24,2,399,1,FALSE
"skew_global_null","skew","group","rotation",4,54,5000054,5051054,20,24,2,399,0.5375,FALSE
"skew_global_null","skew","trait","rotation",4,54,5000054,5052054,20,24,2,399,0.9875,FALSE
"skew_global_null","skew","group:trait","rotation",4,54,5000054,5053054,20,24,2,399,0.77,FALSE
"skew_global_null","skew","group","rotation",4,55,5000055,5051055,20,24,2,399,0.1825,FALSE
"skew_global_null","skew","trait","rotation",4,55,5000055,5052055,20,24,2,399,0.7625,FALSE
"skew_global_null","skew","group:trait","rotation",4,55,5000055,5053055,20,24,2,399,0.7525,FALSE
"skew_global_null","skew","group","rotation",4,56,5000056,5051056,20,24,2,399,0.655,FALSE
"skew_global_null","skew","trait","rotation",4,56,5000056,5052056,20,24,2,399,0.57,FALSE
"skew_global_null","skew","group:trait","rotation",4,56,5000056,5053056,20,24,2,399,0.71,FALSE
"skew_global_null","skew","group","rotation",4,57,5000057,5051057,20,24,2,399,0.91,FALSE
"skew_global_null","skew","trait","rotation",4,57,5000057,5052057,20,24,2,399,0.69,FALSE
"skew_global_null","skew","group:trait","rotation",4,57,5000057,5053057,20,24,2,399,0.185,FALSE
"skew_global_null","skew","group","rotation",4,58,5000058,5051058,20,24,2,399,0.66,FALSE
"skew_global_null","skew","trait","rotation",4,58,5000058,5052058,20,24,2,399,0.025,TRUE
"skew_global_null","skew","group:trait","rotation",4,58,5000058,5053058,20,24,2,399,0.04,TRUE
"skew_global_null","skew","group","rotation",4,59,5000059,5051059,20,24,2,399,0.4075,FALSE
"skew_global_null","skew","trait","rotation",4,59,5000059,5052059,20,24,2,399,0.455,FALSE
"skew_global_null","skew","group:trait","rotation",4,59,5000059,5053059,20,24,2,399,0.1375,FALSE
"skew_global_null","skew","group","rotation",4,60,5000060,5051060,20,24,2,399,0.5075,FALSE
"skew_global_null","skew","trait","rotation",4,60,5000060,5052060,20,24,2,399,0.1725,FALSE
"skew_global_null","skew","group:trait","rotation",4,60,5000060,5053060,20,24,2,399,0.0325,TRUE
"skew_global_null","skew","group","rotation",4,61,5000061,5051061,20,24,2,399,0.2875,FALSE
"skew_global_null","skew","trait","rotation",4,61,5000061,5052061,20,24,2,399,0.5825,FALSE
"skew_global_null","skew","group:trait","rotation",4,61,5000061,5053061,20,24,2,399,0.8525,FALSE
"skew_global_null","skew","group","rotation",4,62,5000062,5051062,20,24,2,399,0.695,FALSE
"skew_global_null","skew","trait","rotation",4,62,5000062,5052062,20,24,2,399,0.0625,FALSE
"skew_global_null","skew","group:trait","rotation",4,62,5000062,5053062,20,24,2,399,0.9475,FALSE
"skew_global_null","skew","group","rotation",4,63,5000063,5051063,20,24,2,399,0.72,FALSE
"skew_global_null","skew","trait","rotation",4,63,5000063,5052063,20,24,2,399,0.6875,FALSE
"skew_global_null","skew","group:trait","rotation",4,63,5000063,5053063,20,24,2,399,0.71,FALSE
"skew_global_null","skew","group","rotation",4,64,5000064,5051064,20,24,2,399,0.4575,FALSE
"skew_global_null","skew","trait","rotation",4,64,5000064,5052064,20,24,2,399,0.94,FALSE
"skew_global_null","skew","group:trait","rotation",4,64,5000064,5053064,20,24,2,399,0.645,FALSE
"skew_global_null","skew","group","rotation",4,65,5000065,5051065,20,24,2,399,0.62,FALSE
"skew_global_null","skew","trait","rotation",4,65,5000065,5052065,20,24,2,399,0.28,FALSE
"skew_global_null","skew","group:trait","rotation",4,65,5000065,5053065,20,24,2,399,0.8525,FALSE
"skew_global_null","skew","group","rotation",4,66,5000066,5051066,20,24,2,399,0.83,FALSE
"skew_global_null","skew","trait","rotation",4,66,5000066,5052066,20,24,2,399,0.6325,FALSE
"skew_global_null","skew","group:trait","rotation",4,66,5000066,5053066,20,24,2,399,0.93,FALSE
"skew_global_null","skew","group","rotation",4,67,5000067,5051067,20,24,2,399,0.71,FALSE
"skew_global_null","skew","trait","rotation",4,67,5000067,5052067,20,24,2,399,0.64,FALSE
"skew_global_null","skew","group:trait","rotation",4,67,5000067,5053067,20,24,2,399,0.5975,FALSE
"skew_global_null","skew","group","rotation",4,68,5000068,5051068,20,24,2,399,0.0975,FALSE
"skew_global_null","skew","trait","rotation",4,68,5000068,5052068,20,24,2,399,0.7325,FALSE
"skew_global_null","skew","group:trait","rotation",4,68,5000068,5053068,20,24,2,399,0.75,FALSE
"skew_global_null","skew","group","rotation",4,69,5000069,5051069,20,24,2,399,0.4925,FALSE
"skew_global_null","skew","trait","rotation",4,69,5000069,5052069,20,24,2,399,0.0925,FALSE
"skew_global_null","skew","group:trait","rotation",4,69,5000069,5053069,20,24,2,399,0.16,FALSE
"skew_global_null","skew","group","rotation",4,70,5000070,5051070,20,24,2,399,0.4075,FALSE
"skew_global_null","skew","trait","rotation",4,70,5000070,5052070,20,24,2,399,0.0275,TRUE
"skew_global_null","skew","group:trait","rotation",4,70,5000070,5053070,20,24,2,399,0.0125,TRUE
"skew_global_null","skew","group","rotation",4,71,5000071,5051071,20,24,2,399,0.8775,FALSE
"skew_global_null","skew","trait","rotation",4,71,5000071,5052071,20,24,2,399,0.65,FALSE
"skew_global_null","skew","group:trait","rotation",4,71,5000071,5053071,20,24,2,399,0.5725,FALSE
"skew_global_null","skew","group","rotation",4,72,5000072,5051072,20,24,2,399,0.9625,FALSE
"skew_global_null","skew","trait","rotation",4,72,5000072,5052072,20,24,2,399,0.02,TRUE
"skew_global_null","skew","group:trait","rotation",4,72,5000072,5053072,20,24,2,399,0.125,FALSE
"skew_global_null","skew","group","rotation",4,73,5000073,5051073,20,24,2,399,0.37,FALSE
"skew_global_null","skew","trait","rotation",4,73,5000073,5052073,20,24,2,399,0.395,FALSE
"skew_global_null","skew","group:trait","rotation",4,73,5000073,5053073,20,24,2,399,0.4325,FALSE
"skew_global_null","skew","group","rotation",4,74,5000074,5051074,20,24,2,399,0.9125,FALSE
"skew_global_null","skew","trait","rotation",4,74,5000074,5052074,20,24,2,399,0.2075,FALSE
"skew_global_null","skew","group:trait","rotation",4,74,5000074,5053074,20,24,2,399,0.285,FALSE
"skew_global_null","skew","group","rotation",4,75,5000075,5051075,20,24,2,399,0.085,FALSE
"skew_global_null","skew","trait","rotation",4,75,5000075,5052075,20,24,2,399,0.1175,FALSE
"skew_global_null","skew","group:trait","rotation",4,75,5000075,5053075,20,24,2,399,0.3,FALSE
"skew_global_null","skew","group","rotation",4,76,5000076,5051076,20,24,2,399,0.0625,FALSE
"skew_global_null","skew","trait","rotation",4,76,5000076,5052076,20,24,2,399,0.7425,FALSE
"skew_global_null","skew","group:trait","rotation",4,76,5000076,5053076,20,24,2,399,0.5525,FALSE
"skew_global_null","skew","group","rotation",4,77,5000077,5051077,20,24,2,399,0.5825,FALSE
"skew_global_null","skew","trait","rotation",4,77,5000077,5052077,20,24,2,399,0.85,FALSE
"skew_global_null","skew","group:trait","rotation",4,77,5000077,5053077,20,24,2,399,0.66,FALSE
"skew_global_null","skew","group","rotation",4,78,5000078,5051078,20,24,2,399,0.415,FALSE
"skew_global_null","skew","trait","rotation",4,78,5000078,5052078,20,24,2,399,0.34,FALSE
"skew_global_null","skew","group:trait","rotation",4,78,5000078,5053078,20,24,2,399,0.575,FALSE
"skew_global_null","skew","group","rotation",4,79,5000079,5051079,20,24,2,399,0.375,FALSE
"skew_global_null","skew","trait","rotation",4,79,5000079,5052079,20,24,2,399,0.805,FALSE
"skew_global_null","skew","group:trait","rotation",4,79,5000079,5053079,20,24,2,399,0.4275,FALSE
"skew_global_null","skew","group","rotation",4,80,5000080,5051080,20,24,2,399,0.98,FALSE
"skew_global_null","skew","trait","rotation",4,80,5000080,5052080,20,24,2,399,0.6275,FALSE
"skew_global_null","skew","group:trait","rotation",4,80,5000080,5053080,20,24,2,399,0.5725,FALSE
"skew_global_null","skew","group","rotation",4,81,5000081,5051081,20,24,2,399,0.595,FALSE
"skew_global_null","skew","trait","rotation",4,81,5000081,5052081,20,24,2,399,0.5675,FALSE
"skew_global_null","skew","group:trait","rotation",4,81,5000081,5053081,20,24,2,399,0.2175,FALSE
"skew_global_null","skew","group","rotation",4,82,5000082,5051082,20,24,2,399,0.1625,FALSE
"skew_global_null","skew","trait","rotation",4,82,5000082,5052082,20,24,2,399,0.6025,FALSE
"skew_global_null","skew","group:trait","rotation",4,82,5000082,5053082,20,24,2,399,0.9575,FALSE
"skew_global_null","skew","group","rotation",4,83,5000083,5051083,20,24,2,399,0.4725,FALSE
"skew_global_null","skew","trait","rotation",4,83,5000083,5052083,20,24,2,399,0.6275,FALSE
"skew_global_null","skew","group:trait","rotation",4,83,5000083,5053083,20,24,2,399,0.8925,FALSE
"skew_global_null","skew","group","rotation",4,84,5000084,5051084,20,24,2,399,0.46,FALSE
"skew_global_null","skew","trait","rotation",4,84,5000084,5052084,20,24,2,399,0.7175,FALSE
"skew_global_null","skew","group:trait","rotation",4,84,5000084,5053084,20,24,2,399,0.55,FALSE
"skew_global_null","skew","group","rotation",4,85,5000085,5051085,20,24,2,399,0.985,FALSE
"skew_global_null","skew","trait","rotation",4,85,5000085,5052085,20,24,2,399,0.3825,FALSE
"skew_global_null","skew","group:trait","rotation",4,85,5000085,5053085,20,24,2,399,0.465,FALSE
"skew_global_null","skew","group","rotation",4,86,5000086,5051086,20,24,2,399,0.9375,FALSE
"skew_global_null","skew","trait","rotation",4,86,5000086,5052086,20,24,2,399,0.4625,FALSE
"skew_global_null","skew","group:trait","rotation",4,86,5000086,5053086,20,24,2,399,0.96,FALSE
"skew_global_null","skew","group","rotation",4,87,5000087,5051087,20,24,2,399,0.9675,FALSE
"skew_global_null","skew","trait","rotation",4,87,5000087,5052087,20,24,2,399,0.4,FALSE
"skew_global_null","skew","group:trait","rotation",4,87,5000087,5053087,20,24,2,399,0.4675,FALSE
"skew_global_null","skew","group","rotation",4,88,5000088,5051088,20,24,2,399,0.92,FALSE
"skew_global_null","skew","trait","rotation",4,88,5000088,5052088,20,24,2,399,0.8175,FALSE
"skew_global_null","skew","group:trait","rotation",4,88,5000088,5053088,20,24,2,399,0.705,FALSE
"skew_global_null","skew","group","rotation",4,89,5000089,5051089,20,24,2,399,0.9075,FALSE
"skew_global_null","skew","trait","rotation",4,89,5000089,5052089,20,24,2,399,0.07,FALSE
"skew_global_null","skew","group:trait","rotation",4,89,5000089,5053089,20,24,2,399,0.2825,FALSE
"skew_global_null","skew","group","rotation",4,90,5000090,5051090,20,24,2,399,0.445,FALSE
"skew_global_null","skew","trait","rotation",4,90,5000090,5052090,20,24,2,399,0.8475,FALSE
"skew_global_null","skew","group:trait","rotation",4,90,5000090,5053090,20,24,2,399,0.955,FALSE
"skew_global_null","skew","group","rotation",4,91,5000091,5051091,20,24,2,399,0.6225,FALSE
"skew_global_null","skew","trait","rotation",4,91,5000091,5052091,20,24,2,399,0.415,FALSE
"skew_global_null","skew","group:trait","rotation",4,91,5000091,5053091,20,24,2,399,0.32,FALSE
"skew_global_null","skew","group","rotation",4,92,5000092,5051092,20,24,2,399,0.18,FALSE
"skew_global_null","skew","trait","rotation",4,92,5000092,5052092,20,24,2,399,0.2125,FALSE
"skew_global_null","skew","group:trait","rotation",4,92,5000092,5053092,20,24,2,399,0.4525,FALSE
"skew_global_null","skew","group","rotation",4,93,5000093,5051093,20,24,2,399,0.4825,FALSE
"skew_global_null","skew","trait","rotation",4,93,5000093,5052093,20,24,2,399,0.5525,FALSE
"skew_global_null","skew","group:trait","rotation",4,93,5000093,5053093,20,24,2,399,0.225,FALSE
"skew_global_null","skew","group","rotation",4,94,5000094,5051094,20,24,2,399,0.13,FALSE
"skew_global_null","skew","trait","rotation",4,94,5000094,5052094,20,24,2,399,0.185,FALSE
"skew_global_null","skew","group:trait","rotation",4,94,5000094,5053094,20,24,2,399,0.1,FALSE
"skew_global_null","skew","group","rotation",4,95,5000095,5051095,20,24,2,399,0.2525,FALSE
"skew_global_null","skew","trait","rotation",4,95,5000095,5052095,20,24,2,399,0.1175,FALSE
"skew_global_null","skew","group:trait","rotation",4,95,5000095,5053095,20,24,2,399,0.93,FALSE
"skew_global_null","skew","group","rotation",4,96,5000096,5051096,20,24,2,399,0.65,FALSE
"skew_global_null","skew","trait","rotation",4,96,5000096,5052096,20,24,2,399,0.4575,FALSE
"skew_global_null","skew","group:trait","rotation",4,96,5000096,5053096,20,24,2,399,0.805,FALSE
"skew_global_null","skew","group","rotation",4,97,5000097,5051097,20,24,2,399,0.2475,FALSE
"skew_global_null","skew","trait","rotation",4,97,5000097,5052097,20,24,2,399,0.6925,FALSE
"skew_global_null","skew","group:trait","rotation",4,97,5000097,5053097,20,24,2,399,0.905,FALSE
"skew_global_null","skew","group","rotation",4,98,5000098,5051098,20,24,2,399,0.32,FALSE
"skew_global_null","skew","trait","rotation",4,98,5000098,5052098,20,24,2,399,0.825,FALSE
"skew_global_null","skew","group:trait","rotation",4,98,5000098,5053098,20,24,2,399,0.7475,FALSE
"skew_global_null","skew","group","rotation",4,99,5000099,5051099,20,24,2,399,0.46,FALSE
"skew_global_null","skew","trait","rotation",4,99,5000099,5052099,20,24,2,399,0.4075,FALSE
"skew_global_null","skew","group:trait","rotation",4,99,5000099,5053099,20,24,2,399,0.39,FALSE
"skew_global_null","skew","group","rotation",4,100,5000100,5051100,20,24,2,399,0.0975,FALSE
"skew_global_null","skew","trait","rotation",4,100,5000100,5052100,20,24,2,399,0.735,FALSE
"skew_global_null","skew","group:trait","rotation",4,100,5000100,5053100,20,24,2,399,0.7,FALSE
"skew_global_null","skew","group","rotation",5,1,5100001,5151001,20,24,2,399,0.385,FALSE
"skew_global_null","skew","trait","rotation",5,1,5100001,5152001,20,24,2,399,0.3625,FALSE
"skew_global_null","skew","group:trait","rotation",5,1,5100001,5153001,20,24,2,399,0.71,FALSE
"skew_global_null","skew","group","rotation",5,2,5100002,5151002,20,24,2,399,0.0775,FALSE
"skew_global_null","skew","trait","rotation",5,2,5100002,5152002,20,24,2,399,0.76,FALSE
"skew_global_null","skew","group:trait","rotation",5,2,5100002,5153002,20,24,2,399,0.535,FALSE
"skew_global_null","skew","group","rotation",5,3,5100003,5151003,20,24,2,399,0.6075,FALSE
"skew_global_null","skew","trait","rotation",5,3,5100003,5152003,20,24,2,399,0.87,FALSE
"skew_global_null","skew","group:trait","rotation",5,3,5100003,5153003,20,24,2,399,0.6075,FALSE
"skew_global_null","skew","group","rotation",5,4,5100004,5151004,20,24,2,399,0.3425,FALSE
"skew_global_null","skew","trait","rotation",5,4,5100004,5152004,20,24,2,399,0.5725,FALSE
"skew_global_null","skew","group:trait","rotation",5,4,5100004,5153004,20,24,2,399,0.25,FALSE
"skew_global_null","skew","group","rotation",5,5,5100005,5151005,20,24,2,399,0.125,FALSE
"skew_global_null","skew","trait","rotation",5,5,5100005,5152005,20,24,2,399,0.145,FALSE
"skew_global_null","skew","group:trait","rotation",5,5,5100005,5153005,20,24,2,399,0.2925,FALSE
"skew_global_null","skew","group","rotation",5,6,5100006,5151006,20,24,2,399,0.35,FALSE
"skew_global_null","skew","trait","rotation",5,6,5100006,5152006,20,24,2,399,0.1025,FALSE
"skew_global_null","skew","group:trait","rotation",5,6,5100006,5153006,20,24,2,399,0.2975,FALSE
"skew_global_null","skew","group","rotation",5,7,5100007,5151007,20,24,2,399,0.825,FALSE
"skew_global_null","skew","trait","rotation",5,7,5100007,5152007,20,24,2,399,0.125,FALSE
"skew_global_null","skew","group:trait","rotation",5,7,5100007,5153007,20,24,2,399,0.235,FALSE
"skew_global_null","skew","group","rotation",5,8,5100008,5151008,20,24,2,399,0.715,FALSE
"skew_global_null","skew","trait","rotation",5,8,5100008,5152008,20,24,2,399,0.3075,FALSE
"skew_global_null","skew","group:trait","rotation",5,8,5100008,5153008,20,24,2,399,0.715,FALSE
"skew_global_null","skew","group","rotation",5,9,5100009,5151009,20,24,2,399,0.4375,FALSE
"skew_global_null","skew","trait","rotation",5,9,5100009,5152009,20,24,2,399,0.89,FALSE
"skew_global_null","skew","group:trait","rotation",5,9,5100009,5153009,20,24,2,399,0.925,FALSE
"skew_global_null","skew","group","rotation",5,10,5100010,5151010,20,24,2,399,0.625,FALSE
"skew_global_null","skew","trait","rotation",5,10,5100010,5152010,20,24,2,399,0.3975,FALSE
"skew_global_null","skew","group:trait","rotation",5,10,5100010,5153010,20,24,2,399,0.3075,FALSE
"skew_global_null","skew","group","rotation",5,11,5100011,5151011,20,24,2,399,0.475,FALSE
"skew_global_null","skew","trait","rotation",5,11,5100011,5152011,20,24,2,399,0.03,TRUE
"skew_global_null","skew","group:trait","rotation",5,11,5100011,5153011,20,24,2,399,0.005,TRUE
"skew_global_null","skew","group","rotation",5,12,5100012,5151012,20,24,2,399,0.5475,FALSE
"skew_global_null","skew","trait","rotation",5,12,5100012,5152012,20,24,2,399,0.7925,FALSE
"skew_global_null","skew","group:trait","rotation",5,12,5100012,5153012,20,24,2,399,0.895,FALSE
"skew_global_null","skew","group","rotation",5,13,5100013,5151013,20,24,2,399,0.8825,FALSE
"skew_global_null","skew","trait","rotation",5,13,5100013,5152013,20,24,2,399,0.5675,FALSE
"skew_global_null","skew","group:trait","rotation",5,13,5100013,5153013,20,24,2,399,0.9175,FALSE
"skew_global_null","skew","group","rotation",5,14,5100014,5151014,20,24,2,399,0.9825,FALSE
"skew_global_null","skew","trait","rotation",5,14,5100014,5152014,20,24,2,399,0.865,FALSE
"skew_global_null","skew","group:trait","rotation",5,14,5100014,5153014,20,24,2,399,0.3025,FALSE
"skew_global_null","skew","group","rotation",5,15,5100015,5151015,20,24,2,399,0.8125,FALSE
"skew_global_null","skew","trait","rotation",5,15,5100015,5152015,20,24,2,399,0.655,FALSE
"skew_global_null","skew","group:trait","rotation",5,15,5100015,5153015,20,24,2,399,0.725,FALSE
"skew_global_null","skew","group","rotation",5,16,5100016,5151016,20,24,2,399,0.915,FALSE
"skew_global_null","skew","trait","rotation",5,16,5100016,5152016,20,24,2,399,0.535,FALSE
"skew_global_null","skew","group:trait","rotation",5,16,5100016,5153016,20,24,2,399,0.515,FALSE
"skew_global_null","skew","group","rotation",5,17,5100017,5151017,20,24,2,399,1,FALSE
"skew_global_null","skew","trait","rotation",5,17,5100017,5152017,20,24,2,399,0.7775,FALSE
"skew_global_null","skew","group:trait","rotation",5,17,5100017,5153017,20,24,2,399,0.7475,FALSE
"skew_global_null","skew","group","rotation",5,18,5100018,5151018,20,24,2,399,0.2875,FALSE
"skew_global_null","skew","trait","rotation",5,18,5100018,5152018,20,24,2,399,0.94,FALSE
"skew_global_null","skew","group:trait","rotation",5,18,5100018,5153018,20,24,2,399,0.8375,FALSE
"skew_global_null","skew","group","rotation",5,19,5100019,5151019,20,24,2,399,0.5125,FALSE
"skew_global_null","skew","trait","rotation",5,19,5100019,5152019,20,24,2,399,0.635,FALSE
"skew_global_null","skew","group:trait","rotation",5,19,5100019,5153019,20,24,2,399,0.46,FALSE
"skew_global_null","skew","group","rotation",5,20,5100020,5151020,20,24,2,399,0.7,FALSE
"skew_global_null","skew","trait","rotation",5,20,5100020,5152020,20,24,2,399,0.1875,FALSE
"skew_global_null","skew","group:trait","rotation",5,20,5100020,5153020,20,24,2,399,0.2725,FALSE
"skew_global_null","skew","group","rotation",5,21,5100021,5151021,20,24,2,399,0.7025,FALSE
"skew_global_null","skew","trait","rotation",5,21,5100021,5152021,20,24,2,399,0.0275,TRUE
"skew_global_null","skew","group:trait","rotation",5,21,5100021,5153021,20,24,2,399,0.5025,FALSE
"skew_global_null","skew","group","rotation",5,22,5100022,5151022,20,24,2,399,0.935,FALSE
"skew_global_null","skew","trait","rotation",5,22,5100022,5152022,20,24,2,399,0.405,FALSE
"skew_global_null","skew","group:trait","rotation",5,22,5100022,5153022,20,24,2,399,0.88,FALSE
"skew_global_null","skew","group","rotation",5,23,5100023,5151023,20,24,2,399,0.1975,FALSE
"skew_global_null","skew","trait","rotation",5,23,5100023,5152023,20,24,2,399,0.595,FALSE
"skew_global_null","skew","group:trait","rotation",5,23,5100023,5153023,20,24,2,399,0.83,FALSE
"skew_global_null","skew","group","rotation",5,24,5100024,5151024,20,24,2,399,0.4375,FALSE
"skew_global_null","skew","trait","rotation",5,24,5100024,5152024,20,24,2,399,0.96,FALSE
"skew_global_null","skew","group:trait","rotation",5,24,5100024,5153024,20,24,2,399,0.95,FALSE
"skew_global_null","skew","group","rotation",5,25,5100025,5151025,20,24,2,399,0.24,FALSE
"skew_global_null","skew","trait","rotation",5,25,5100025,5152025,20,24,2,399,0.93,FALSE
"skew_global_null","skew","group:trait","rotation",5,25,5100025,5153025,20,24,2,399,0.6275,FALSE
"skew_global_null","skew","group","rotation",5,26,5100026,5151026,20,24,2,399,0.01,TRUE
"skew_global_null","skew","trait","rotation",5,26,5100026,5152026,20,24,2,399,0.5175,FALSE
"skew_global_null","skew","group:trait","rotation",5,26,5100026,5153026,20,24,2,399,0.4075,FALSE
"skew_global_null","skew","group","rotation",5,27,5100027,5151027,20,24,2,399,0.5175,FALSE
"skew_global_null","skew","trait","rotation",5,27,5100027,5152027,20,24,2,399,0.27,FALSE
"skew_global_null","skew","group:trait","rotation",5,27,5100027,5153027,20,24,2,399,0.505,FALSE
"skew_global_null","skew","group","rotation",5,28,5100028,5151028,20,24,2,399,0.1075,FALSE
"skew_global_null","skew","trait","rotation",5,28,5100028,5152028,20,24,2,399,0.51,FALSE
"skew_global_null","skew","group:trait","rotation",5,28,5100028,5153028,20,24,2,399,0.67,FALSE
"skew_global_null","skew","group","rotation",5,29,5100029,5151029,20,24,2,399,0.395,FALSE
"skew_global_null","skew","trait","rotation",5,29,5100029,5152029,20,24,2,399,0.22,FALSE
"skew_global_null","skew","group:trait","rotation",5,29,5100029,5153029,20,24,2,399,0.315,FALSE
"skew_global_null","skew","group","rotation",5,30,5100030,5151030,20,24,2,399,0.495,FALSE
"skew_global_null","skew","trait","rotation",5,30,5100030,5152030,20,24,2,399,0.475,FALSE
"skew_global_null","skew","group:trait","rotation",5,30,5100030,5153030,20,24,2,399,0.935,FALSE
"skew_global_null","skew","group","rotation",5,31,5100031,5151031,20,24,2,399,0.205,FALSE
"skew_global_null","skew","trait","rotation",5,31,5100031,5152031,20,24,2,399,0.7875,FALSE
"skew_global_null","skew","group:trait","rotation",5,31,5100031,5153031,20,24,2,399,0.95,FALSE
"skew_global_null","skew","group","rotation",5,32,5100032,5151032,20,24,2,399,0.7025,FALSE
"skew_global_null","skew","trait","rotation",5,32,5100032,5152032,20,24,2,399,0.78,FALSE
"skew_global_null","skew","group:trait","rotation",5,32,5100032,5153032,20,24,2,399,0.1975,FALSE
"skew_global_null","skew","group","rotation",5,33,5100033,5151033,20,24,2,399,0.235,FALSE
"skew_global_null","skew","trait","rotation",5,33,5100033,5152033,20,24,2,399,0.435,FALSE
"skew_global_null","skew","group:trait","rotation",5,33,5100033,5153033,20,24,2,399,0.69,FALSE
"skew_global_null","skew","group","rotation",5,34,5100034,5151034,20,24,2,399,0.5825,FALSE
"skew_global_null","skew","trait","rotation",5,34,5100034,5152034,20,24,2,399,0.725,FALSE
"skew_global_null","skew","group:trait","rotation",5,34,5100034,5153034,20,24,2,399,0.7575,FALSE
"skew_global_null","skew","group","rotation",5,35,5100035,5151035,20,24,2,399,0.5025,FALSE
"skew_global_null","skew","trait","rotation",5,35,5100035,5152035,20,24,2,399,0.87,FALSE
"skew_global_null","skew","group:trait","rotation",5,35,5100035,5153035,20,24,2,399,0.355,FALSE
"skew_global_null","skew","group","rotation",5,36,5100036,5151036,20,24,2,399,0.065,FALSE
"skew_global_null","skew","trait","rotation",5,36,5100036,5152036,20,24,2,399,0.885,FALSE
"skew_global_null","skew","group:trait","rotation",5,36,5100036,5153036,20,24,2,399,0.2875,FALSE
"skew_global_null","skew","group","rotation",5,37,5100037,5151037,20,24,2,399,0.1025,FALSE
"skew_global_null","skew","trait","rotation",5,37,5100037,5152037,20,24,2,399,0.8,FALSE
"skew_global_null","skew","group:trait","rotation",5,37,5100037,5153037,20,24,2,399,0.1475,FALSE
"skew_global_null","skew","group","rotation",5,38,5100038,5151038,20,24,2,399,0.0625,FALSE
"skew_global_null","skew","trait","rotation",5,38,5100038,5152038,20,24,2,399,0.055,FALSE
"skew_global_null","skew","group:trait","rotation",5,38,5100038,5153038,20,24,2,399,0.15,FALSE
"skew_global_null","skew","group","rotation",5,39,5100039,5151039,20,24,2,399,0.545,FALSE
"skew_global_null","skew","trait","rotation",5,39,5100039,5152039,20,24,2,399,0.6775,FALSE
"skew_global_null","skew","group:trait","rotation",5,39,5100039,5153039,20,24,2,399,0.98,FALSE
"skew_global_null","skew","group","rotation",5,40,5100040,5151040,20,24,2,399,0.365,FALSE
"skew_global_null","skew","trait","rotation",5,40,5100040,5152040,20,24,2,399,0.4875,FALSE
"skew_global_null","skew","group:trait","rotation",5,40,5100040,5153040,20,24,2,399,0.91,FALSE
"skew_global_null","skew","group","rotation",5,41,5100041,5151041,20,24,2,399,0.1925,FALSE
"skew_global_null","skew","trait","rotation",5,41,5100041,5152041,20,24,2,399,0.705,FALSE
"skew_global_null","skew","group:trait","rotation",5,41,5100041,5153041,20,24,2,399,0.615,FALSE
"skew_global_null","skew","group","rotation",5,42,5100042,5151042,20,24,2,399,0.46,FALSE
"skew_global_null","skew","trait","rotation",5,42,5100042,5152042,20,24,2,399,0.8375,FALSE
"skew_global_null","skew","group:trait","rotation",5,42,5100042,5153042,20,24,2,399,0.6125,FALSE
"skew_global_null","skew","group","rotation",5,43,5100043,5151043,20,24,2,399,0.875,FALSE
"skew_global_null","skew","trait","rotation",5,43,5100043,5152043,20,24,2,399,0.985,FALSE
"skew_global_null","skew","group:trait","rotation",5,43,5100043,5153043,20,24,2,399,0.86,FALSE
"skew_global_null","skew","group","rotation",5,44,5100044,5151044,20,24,2,399,0.715,FALSE
"skew_global_null","skew","trait","rotation",5,44,5100044,5152044,20,24,2,399,0.9825,FALSE
"skew_global_null","skew","group:trait","rotation",5,44,5100044,5153044,20,24,2,399,0.86,FALSE
"skew_global_null","skew","group","rotation",5,45,5100045,5151045,20,24,2,399,0.3525,FALSE
"skew_global_null","skew","trait","rotation",5,45,5100045,5152045,20,24,2,399,0.8275,FALSE
"skew_global_null","skew","group:trait","rotation",5,45,5100045,5153045,20,24,2,399,0.8075,FALSE
"skew_global_null","skew","group","rotation",5,46,5100046,5151046,20,24,2,399,0.1675,FALSE
"skew_global_null","skew","trait","rotation",5,46,5100046,5152046,20,24,2,399,0.9325,FALSE
"skew_global_null","skew","group:trait","rotation",5,46,5100046,5153046,20,24,2,399,0.13,FALSE
"skew_global_null","skew","group","rotation",5,47,5100047,5151047,20,24,2,399,0.6775,FALSE
"skew_global_null","skew","trait","rotation",5,47,5100047,5152047,20,24,2,399,0.965,FALSE
"skew_global_null","skew","group:trait","rotation",5,47,5100047,5153047,20,24,2,399,0.8825,FALSE
"skew_global_null","skew","group","rotation",5,48,5100048,5151048,20,24,2,399,0.565,FALSE
"skew_global_null","skew","trait","rotation",5,48,5100048,5152048,20,24,2,399,0.7325,FALSE
"skew_global_null","skew","group:trait","rotation",5,48,5100048,5153048,20,24,2,399,0.5,FALSE
"skew_global_null","skew","group","rotation",5,49,5100049,5151049,20,24,2,399,0.1775,FALSE
"skew_global_null","skew","trait","rotation",5,49,5100049,5152049,20,24,2,399,0.1275,FALSE
"skew_global_null","skew","group:trait","rotation",5,49,5100049,5153049,20,24,2,399,0.0975,FALSE
"skew_global_null","skew","group","rotation",5,50,5100050,5151050,20,24,2,399,0.6925,FALSE
"skew_global_null","skew","trait","rotation",5,50,5100050,5152050,20,24,2,399,0.5525,FALSE
"skew_global_null","skew","group:trait","rotation",5,50,5100050,5153050,20,24,2,399,0.8475,FALSE
"skew_global_null","skew","group","rotation",5,51,5100051,5151051,20,24,2,399,0.08,FALSE
"skew_global_null","skew","trait","rotation",5,51,5100051,5152051,20,24,2,399,0.92,FALSE
"skew_global_null","skew","group:trait","rotation",5,51,5100051,5153051,20,24,2,399,0.9025,FALSE
"skew_global_null","skew","group","rotation",5,52,5100052,5151052,20,24,2,399,0.5875,FALSE
"skew_global_null","skew","trait","rotation",5,52,5100052,5152052,20,24,2,399,0.01,TRUE
"skew_global_null","skew","group:trait","rotation",5,52,5100052,5153052,20,24,2,399,0.0175,TRUE
"skew_global_null","skew","group","rotation",5,53,5100053,5151053,20,24,2,399,0.5175,FALSE
"skew_global_null","skew","trait","rotation",5,53,5100053,5152053,20,24,2,399,0.3625,FALSE
"skew_global_null","skew","group:trait","rotation",5,53,5100053,5153053,20,24,2,399,0.225,FALSE
"skew_global_null","skew","group","rotation",5,54,5100054,5151054,20,24,2,399,0.46,FALSE
"skew_global_null","skew","trait","rotation",5,54,5100054,5152054,20,24,2,399,0.7325,FALSE
"skew_global_null","skew","group:trait","rotation",5,54,5100054,5153054,20,24,2,399,0.905,FALSE
"skew_global_null","skew","group","rotation",5,55,5100055,5151055,20,24,2,399,0.5625,FALSE
"skew_global_null","skew","trait","rotation",5,55,5100055,5152055,20,24,2,399,0.9775,FALSE
"skew_global_null","skew","group:trait","rotation",5,55,5100055,5153055,20,24,2,399,0.9225,FALSE
"skew_global_null","skew","group","rotation",5,56,5100056,5151056,20,24,2,399,0.155,FALSE
"skew_global_null","skew","trait","rotation",5,56,5100056,5152056,20,24,2,399,0.15,FALSE
"skew_global_null","skew","group:trait","rotation",5,56,5100056,5153056,20,24,2,399,0.415,FALSE
"skew_global_null","skew","group","rotation",5,57,5100057,5151057,20,24,2,399,0.67,FALSE
"skew_global_null","skew","trait","rotation",5,57,5100057,5152057,20,24,2,399,0.955,FALSE
"skew_global_null","skew","group:trait","rotation",5,57,5100057,5153057,20,24,2,399,0.5325,FALSE
"skew_global_null","skew","group","rotation",5,58,5100058,5151058,20,24,2,399,0.4775,FALSE
"skew_global_null","skew","trait","rotation",5,58,5100058,5152058,20,24,2,399,0.5925,FALSE
"skew_global_null","skew","group:trait","rotation",5,58,5100058,5153058,20,24,2,399,0.7975,FALSE
"skew_global_null","skew","group","rotation",5,59,5100059,5151059,20,24,2,399,0.9475,FALSE
"skew_global_null","skew","trait","rotation",5,59,5100059,5152059,20,24,2,399,0.155,FALSE
"skew_global_null","skew","group:trait","rotation",5,59,5100059,5153059,20,24,2,399,0.205,FALSE
"skew_global_null","skew","group","rotation",5,60,5100060,5151060,20,24,2,399,0.4825,FALSE
"skew_global_null","skew","trait","rotation",5,60,5100060,5152060,20,24,2,399,0.3175,FALSE
"skew_global_null","skew","group:trait","rotation",5,60,5100060,5153060,20,24,2,399,0.7025,FALSE
"skew_global_null","skew","group","rotation",5,61,5100061,5151061,20,24,2,399,0.3225,FALSE
"skew_global_null","skew","trait","rotation",5,61,5100061,5152061,20,24,2,399,0.49,FALSE
"skew_global_null","skew","group:trait","rotation",5,61,5100061,5153061,20,24,2,399,0.05,TRUE
"skew_global_null","skew","group","rotation",5,62,5100062,5151062,20,24,2,399,0.6875,FALSE
"skew_global_null","skew","trait","rotation",5,62,5100062,5152062,20,24,2,399,0.5175,FALSE
"skew_global_null","skew","group:trait","rotation",5,62,5100062,5153062,20,24,2,399,0.5275,FALSE
"skew_global_null","skew","group","rotation",5,63,5100063,5151063,20,24,2,399,0.8775,FALSE
"skew_global_null","skew","trait","rotation",5,63,5100063,5152063,20,24,2,399,0.9425,FALSE
"skew_global_null","skew","group:trait","rotation",5,63,5100063,5153063,20,24,2,399,0.6675,FALSE
"skew_global_null","skew","group","rotation",5,64,5100064,5151064,20,24,2,399,0.5925,FALSE
"skew_global_null","skew","trait","rotation",5,64,5100064,5152064,20,24,2,399,0.19,FALSE
"skew_global_null","skew","group:trait","rotation",5,64,5100064,5153064,20,24,2,399,0.285,FALSE
"skew_global_null","skew","group","rotation",5,65,5100065,5151065,20,24,2,399,0.0625,FALSE
"skew_global_null","skew","trait","rotation",5,65,5100065,5152065,20,24,2,399,0.665,FALSE
"skew_global_null","skew","group:trait","rotation",5,65,5100065,5153065,20,24,2,399,0.155,FALSE
"skew_global_null","skew","group","rotation",5,66,5100066,5151066,20,24,2,399,0.885,FALSE
"skew_global_null","skew","trait","rotation",5,66,5100066,5152066,20,24,2,399,0.2475,FALSE
"skew_global_null","skew","group:trait","rotation",5,66,5100066,5153066,20,24,2,399,0.725,FALSE
"skew_global_null","skew","group","rotation",5,67,5100067,5151067,20,24,2,399,0.4675,FALSE
"skew_global_null","skew","trait","rotation",5,67,5100067,5152067,20,24,2,399,0.635,FALSE
"skew_global_null","skew","group:trait","rotation",5,67,5100067,5153067,20,24,2,399,0.6275,FALSE
"skew_global_null","skew","group","rotation",5,68,5100068,5151068,20,24,2,399,0.865,FALSE
"skew_global_null","skew","trait","rotation",5,68,5100068,5152068,20,24,2,399,0.555,FALSE
"skew_global_null","skew","group:trait","rotation",5,68,5100068,5153068,20,24,2,399,0.7575,FALSE
"skew_global_null","skew","group","rotation",5,69,5100069,5151069,20,24,2,399,0.025,TRUE
"skew_global_null","skew","trait","rotation",5,69,5100069,5152069,20,24,2,399,0.4475,FALSE
"skew_global_null","skew","group:trait","rotation",5,69,5100069,5153069,20,24,2,399,0.0075,TRUE
"skew_global_null","skew","group","rotation",5,70,5100070,5151070,20,24,2,399,0.2875,FALSE
"skew_global_null","skew","trait","rotation",5,70,5100070,5152070,20,24,2,399,0.6825,FALSE
"skew_global_null","skew","group:trait","rotation",5,70,5100070,5153070,20,24,2,399,0.6475,FALSE
"skew_global_null","skew","group","rotation",5,71,5100071,5151071,20,24,2,399,0.285,FALSE
"skew_global_null","skew","trait","rotation",5,71,5100071,5152071,20,24,2,399,0.0175,TRUE
"skew_global_null","skew","group:trait","rotation",5,71,5100071,5153071,20,24,2,399,0.0025,TRUE
"skew_global_null","skew","group","rotation",5,72,5100072,5151072,20,24,2,399,0.825,FALSE
"skew_global_null","skew","trait","rotation",5,72,5100072,5152072,20,24,2,399,0.1975,FALSE
"skew_global_null","skew","group:trait","rotation",5,72,5100072,5153072,20,24,2,399,0.01,TRUE
"skew_global_null","skew","group","rotation",5,73,5100073,5151073,20,24,2,399,0.1925,FALSE
"skew_global_null","skew","trait","rotation",5,73,5100073,5152073,20,24,2,399,0.14,FALSE
"skew_global_null","skew","group:trait","rotation",5,73,5100073,5153073,20,24,2,399,0.5375,FALSE
"skew_global_null","skew","group","rotation",5,74,5100074,5151074,20,24,2,399,0.8025,FALSE
"skew_global_null","skew","trait","rotation",5,74,5100074,5152074,20,24,2,399,0.3575,FALSE
"skew_global_null","skew","group:trait","rotation",5,74,5100074,5153074,20,24,2,399,0.895,FALSE
"skew_global_null","skew","group","rotation",5,75,5100075,5151075,20,24,2,399,0.7375,FALSE
"skew_global_null","skew","trait","rotation",5,75,5100075,5152075,20,24,2,399,0.1675,FALSE
"skew_global_null","skew","group:trait","rotation",5,75,5100075,5153075,20,24,2,399,0.2,FALSE
"skew_global_null","skew","group","rotation",5,76,5100076,5151076,20,24,2,399,0.32,FALSE
"skew_global_null","skew","trait","rotation",5,76,5100076,5152076,20,24,2,399,0.5175,FALSE
"skew_global_null","skew","group:trait","rotation",5,76,5100076,5153076,20,24,2,399,0.8275,FALSE
"skew_global_null","skew","group","rotation",5,77,5100077,5151077,20,24,2,399,0.1625,FALSE
"skew_global_null","skew","trait","rotation",5,77,5100077,5152077,20,24,2,399,0.5625,FALSE
"skew_global_null","skew","group:trait","rotation",5,77,5100077,5153077,20,24,2,399,0.8475,FALSE
"skew_global_null","skew","group","rotation",5,78,5100078,5151078,20,24,2,399,0.6025,FALSE
"skew_global_null","skew","trait","rotation",5,78,5100078,5152078,20,24,2,399,0.7975,FALSE
"skew_global_null","skew","group:trait","rotation",5,78,5100078,5153078,20,24,2,399,0.7525,FALSE
"skew_global_null","skew","group","rotation",5,79,5100079,5151079,20,24,2,399,0.0325,TRUE
"skew_global_null","skew","trait","rotation",5,79,5100079,5152079,20,24,2,399,0.04,TRUE
"skew_global_null","skew","group:trait","rotation",5,79,5100079,5153079,20,24,2,399,0.045,TRUE
"skew_global_null","skew","group","rotation",5,80,5100080,5151080,20,24,2,399,0.2475,FALSE
"skew_global_null","skew","trait","rotation",5,80,5100080,5152080,20,24,2,399,0.125,FALSE
"skew_global_null","skew","group:trait","rotation",5,80,5100080,5153080,20,24,2,399,0.675,FALSE
"skew_global_null","skew","group","rotation",5,81,5100081,5151081,20,24,2,399,0.8125,FALSE
"skew_global_null","skew","trait","rotation",5,81,5100081,5152081,20,24,2,399,0.5675,FALSE
"skew_global_null","skew","group:trait","rotation",5,81,5100081,5153081,20,24,2,399,0.9575,FALSE
"skew_global_null","skew","group","rotation",5,82,5100082,5151082,20,24,2,399,0.75,FALSE
"skew_global_null","skew","trait","rotation",5,82,5100082,5152082,20,24,2,399,0.9375,FALSE
"skew_global_null","skew","group:trait","rotation",5,82,5100082,5153082,20,24,2,399,0.15,FALSE
"skew_global_null","skew","group","rotation",5,83,5100083,5151083,20,24,2,399,0.9375,FALSE
"skew_global_null","skew","trait","rotation",5,83,5100083,5152083,20,24,2,399,0.7875,FALSE
"skew_global_null","skew","group:trait","rotation",5,83,5100083,5153083,20,24,2,399,0.33,FALSE
"skew_global_null","skew","group","rotation",5,84,5100084,5151084,20,24,2,399,0.6775,FALSE
"skew_global_null","skew","trait","rotation",5,84,5100084,5152084,20,24,2,399,0.835,FALSE
"skew_global_null","skew","group:trait","rotation",5,84,5100084,5153084,20,24,2,399,0.4675,FALSE
"skew_global_null","skew","group","rotation",5,85,5100085,5151085,20,24,2,399,0.56,FALSE
"skew_global_null","skew","trait","rotation",5,85,5100085,5152085,20,24,2,399,0.7875,FALSE
"skew_global_null","skew","group:trait","rotation",5,85,5100085,5153085,20,24,2,399,0.525,FALSE
"skew_global_null","skew","group","rotation",5,86,5100086,5151086,20,24,2,399,0.8225,FALSE
"skew_global_null","skew","trait","rotation",5,86,5100086,5152086,20,24,2,399,0.8975,FALSE
"skew_global_null","skew","group:trait","rotation",5,86,5100086,5153086,20,24,2,399,0.98,FALSE
"skew_global_null","skew","group","rotation",5,87,5100087,5151087,20,24,2,399,0.4025,FALSE
"skew_global_null","skew","trait","rotation",5,87,5100087,5152087,20,24,2,399,0.525,FALSE
"skew_global_null","skew","group:trait","rotation",5,87,5100087,5153087,20,24,2,399,0.505,FALSE
"skew_global_null","skew","group","rotation",5,88,5100088,5151088,20,24,2,399,0.655,FALSE
"skew_global_null","skew","trait","rotation",5,88,5100088,5152088,20,24,2,399,0.465,FALSE
"skew_global_null","skew","group:trait","rotation",5,88,5100088,5153088,20,24,2,399,0.0525,FALSE
"skew_global_null","skew","group","rotation",5,89,5100089,5151089,20,24,2,399,0.63,FALSE
"skew_global_null","skew","trait","rotation",5,89,5100089,5152089,20,24,2,399,0.59,FALSE
"skew_global_null","skew","group:trait","rotation",5,89,5100089,5153089,20,24,2,399,0.1875,FALSE
"skew_global_null","skew","group","rotation",5,90,5100090,5151090,20,24,2,399,0.35,FALSE
"skew_global_null","skew","trait","rotation",5,90,5100090,5152090,20,24,2,399,0.6475,FALSE
"skew_global_null","skew","group:trait","rotation",5,90,5100090,5153090,20,24,2,399,0.96,FALSE
"skew_global_null","skew","group","rotation",5,91,5100091,5151091,20,24,2,399,0.8675,FALSE
"skew_global_null","skew","trait","rotation",5,91,5100091,5152091,20,24,2,399,0.6325,FALSE
"skew_global_null","skew","group:trait","rotation",5,91,5100091,5153091,20,24,2,399,0.6375,FALSE
"skew_global_null","skew","group","rotation",5,92,5100092,5151092,20,24,2,399,0.7625,FALSE
"skew_global_null","skew","trait","rotation",5,92,5100092,5152092,20,24,2,399,0.5725,FALSE
"skew_global_null","skew","group:trait","rotation",5,92,5100092,5153092,20,24,2,399,0.435,FALSE
"skew_global_null","skew","group","rotation",5,93,5100093,5151093,20,24,2,399,0.5975,FALSE
"skew_global_null","skew","trait","rotation",5,93,5100093,5152093,20,24,2,399,0.885,FALSE
"skew_global_null","skew","group:trait","rotation",5,93,5100093,5153093,20,24,2,399,0.1975,FALSE
"skew_global_null","skew","group","rotation",5,94,5100094,5151094,20,24,2,399,0.81,FALSE
"skew_global_null","skew","trait","rotation",5,94,5100094,5152094,20,24,2,399,0.51,FALSE
"skew_global_null","skew","group:trait","rotation",5,94,5100094,5153094,20,24,2,399,0.03,TRUE
"skew_global_null","skew","group","rotation",5,95,5100095,5151095,20,24,2,399,0.4175,FALSE
"skew_global_null","skew","trait","rotation",5,95,5100095,5152095,20,24,2,399,0.63,FALSE
"skew_global_null","skew","group:trait","rotation",5,95,5100095,5153095,20,24,2,399,0.4425,FALSE
"skew_global_null","skew","group","rotation",5,96,5100096,5151096,20,24,2,399,0.4425,FALSE
"skew_global_null","skew","trait","rotation",5,96,5100096,5152096,20,24,2,399,0.9875,FALSE
"skew_global_null","skew","group:trait","rotation",5,96,5100096,5153096,20,24,2,399,0.8775,FALSE
"skew_global_null","skew","group","rotation",5,97,5100097,5151097,20,24,2,399,0.3625,FALSE
"skew_global_null","skew","trait","rotation",5,97,5100097,5152097,20,24,2,399,0.8175,FALSE
"skew_global_null","skew","group:trait","rotation",5,97,5100097,5153097,20,24,2,399,0.6175,FALSE
"skew_global_null","skew","group","rotation",5,98,5100098,5151098,20,24,2,399,0.9725,FALSE
"skew_global_null","skew","trait","rotation",5,98,5100098,5152098,20,24,2,399,0.505,FALSE
"skew_global_null","skew","group:trait","rotation",5,98,5100098,5153098,20,24,2,399,0.4475,FALSE
"skew_global_null","skew","group","rotation",5,99,5100099,5151099,20,24,2,399,0.9575,FALSE
"skew_global_null","skew","trait","rotation",5,99,5100099,5152099,20,24,2,399,0.2125,FALSE
"skew_global_null","skew","group:trait","rotation",5,99,5100099,5153099,20,24,2,399,0.985,FALSE
"skew_global_null","skew","group","rotation",5,100,5100100,5151100,20,24,2,399,0.5525,FALSE
"skew_global_null","skew","trait","rotation",5,100,5100100,5152100,20,24,2,399,0.9975,FALSE
"skew_global_null","skew","group:trait","rotation",5,100,5100100,5153100,20,24,2,399,0.615,FALSE
"strong_interaction_power","gaussian","group:trait","rotation",1,1,5300001,5350001,20,24,2,199,0.005,TRUE
"strong_interaction_power","gaussian","group:trait","freedman_lane",1,1,5300001,5350001,20,24,2,199,0.005,TRUE
"strong_interaction_power","gaussian","group:trait","rotation",1,2,5300002,5350002,20,24,2,199,0.64,FALSE
"strong_interaction_power","gaussian","group:trait","freedman_lane",1,2,5300002,5350002,20,24,2,199,0.575,FALSE
"strong_interaction_power","gaussian","group:trait","rotation",1,3,5300003,5350003,20,24,2,199,0.02,TRUE
"strong_interaction_power","gaussian","group:trait","freedman_lane",1,3,5300003,5350003,20,24,2,199,0.01,TRUE
"strong_interaction_power","gaussian","group:trait","rotation",1,4,5300004,5350004,20,24,2,199,0.265,FALSE
"strong_interaction_power","gaussian","group:trait","freedman_lane",1,4,5300004,5350004,20,24,2,199,0.145,FALSE
"strong_interaction_power","gaussian","group:trait","rotation",1,5,5300005,5350005,20,24,2,199,0.03,TRUE
"strong_interaction_power","gaussian","group:trait","freedman_lane",1,5,5300005,5350005,20,24,2,199,0.045,TRUE
"strong_interaction_power","gaussian","group:trait","rotation",1,6,5300006,5350006,20,24,2,199,0.105,FALSE
"strong_interaction_power","gaussian","group:trait","freedman_lane",1,6,5300006,5350006,20,24,2,199,0.095,FALSE
"strong_interaction_power","gaussian","group:trait","rotation",1,7,5300007,5350007,20,24,2,199,0.01,TRUE
"strong_interaction_power","gaussian","group:trait","freedman_lane",1,7,5300007,5350007,20,24,2,199,0.01,TRUE
"strong_interaction_power","gaussian","group:trait","rotation",1,8,5300008,5350008,20,24,2,199,0.285,FALSE
"strong_interaction_power","gaussian","group:trait","freedman_lane",1,8,5300008,5350008,20,24,2,199,0.28,FALSE
"strong_interaction_power","gaussian","group:trait","rotation",1,9,5300009,5350009,20,24,2,199,0.075,FALSE
"strong_interaction_power","gaussian","group:trait","freedman_lane",1,9,5300009,5350009,20,24,2,199,0.085,FALSE
"strong_interaction_power","gaussian","group:trait","rotation",1,10,5300010,5350010,20,24,2,199,0.01,TRUE
"strong_interaction_power","gaussian","group:trait","freedman_lane",1,10,5300010,5350010,20,24,2,199,0.005,TRUE
"strong_interaction_power","gaussian","group:trait","rotation",1,11,5300011,5350011,20,24,2,199,0.125,FALSE
"strong_interaction_power","gaussian","group:trait","freedman_lane",1,11,5300011,5350011,20,24,2,199,0.125,FALSE
"strong_interaction_power","gaussian","group:trait","rotation",1,12,5300012,5350012,20,24,2,199,0.26,FALSE
"strong_interaction_power","gaussian","group:trait","freedman_lane",1,12,5300012,5350012,20,24,2,199,0.15,FALSE
"strong_interaction_power","gaussian","group:trait","rotation",1,13,5300013,5350013,20,24,2,199,0.045,TRUE
"strong_interaction_power","gaussian","group:trait","freedman_lane",1,13,5300013,5350013,20,24,2,199,0.015,TRUE
"strong_interaction_power","gaussian","group:trait","rotation",1,14,5300014,5350014,20,24,2,199,0.055,FALSE
"strong_interaction_power","gaussian","group:trait","freedman_lane",1,14,5300014,5350014,20,24,2,199,0.02,TRUE
"strong_interaction_power","gaussian","group:trait","rotation",1,15,5300015,5350015,20,24,2,199,0.355,FALSE
"strong_interaction_power","gaussian","group:trait","freedman_lane",1,15,5300015,5350015,20,24,2,199,0.28,FALSE
"strong_interaction_power","gaussian","group:trait","rotation",1,16,5300016,5350016,20,24,2,199,0.12,FALSE
"strong_interaction_power","gaussian","group:trait","freedman_lane",1,16,5300016,5350016,20,24,2,199,0.085,FALSE
"strong_interaction_power","gaussian","group:trait","rotation",1,17,5300017,5350017,20,24,2,199,0.095,FALSE
"strong_interaction_power","gaussian","group:trait","freedman_lane",1,17,5300017,5350017,20,24,2,199,0.08,FALSE
"strong_interaction_power","gaussian","group:trait","rotation",1,18,5300018,5350018,20,24,2,199,0.135,FALSE
"strong_interaction_power","gaussian","group:trait","freedman_lane",1,18,5300018,5350018,20,24,2,199,0.11,FALSE
"strong_interaction_power","gaussian","group:trait","rotation",1,19,5300019,5350019,20,24,2,199,0.045,TRUE
"strong_interaction_power","gaussian","group:trait","freedman_lane",1,19,5300019,5350019,20,24,2,199,0.02,TRUE
"strong_interaction_power","gaussian","group:trait","rotation",1,20,5300020,5350020,20,24,2,199,0.155,FALSE
"strong_interaction_power","gaussian","group:trait","freedman_lane",1,20,5300020,5350020,20,24,2,199,0.05,TRUE
"strong_interaction_power","gaussian","group:trait","rotation",1,21,5300021,5350021,20,24,2,199,0.015,TRUE
"strong_interaction_power","gaussian","group:trait","freedman_lane",1,21,5300021,5350021,20,24,2,199,0.04,TRUE
"strong_interaction_power","gaussian","group:trait","rotation",1,22,5300022,5350022,20,24,2,199,0.2,FALSE
"strong_interaction_power","gaussian","group:trait","freedman_lane",1,22,5300022,5350022,20,24,2,199,0.14,FALSE
"strong_interaction_power","gaussian","group:trait","rotation",1,23,5300023,5350023,20,24,2,199,0.165,FALSE
"strong_interaction_power","gaussian","group:trait","freedman_lane",1,23,5300023,5350023,20,24,2,199,0.12,FALSE
"strong_interaction_power","gaussian","group:trait","rotation",1,24,5300024,5350024,20,24,2,199,0.33,FALSE
"strong_interaction_power","gaussian","group:trait","freedman_lane",1,24,5300024,5350024,20,24,2,199,0.33,FALSE
"strong_interaction_power","gaussian","group:trait","rotation",1,25,5300025,5350025,20,24,2,199,0.055,FALSE
"strong_interaction_power","gaussian","group:trait","freedman_lane",1,25,5300025,5350025,20,24,2,199,0.02,TRUE
"strong_interaction_power","gaussian","group:trait","rotation",1,26,5300026,5350026,20,24,2,199,0.085,FALSE
"strong_interaction_power","gaussian","group:trait","freedman_lane",1,26,5300026,5350026,20,24,2,199,0.055,FALSE
"strong_interaction_power","gaussian","group:trait","rotation",1,27,5300027,5350027,20,24,2,199,0.055,FALSE
"strong_interaction_power","gaussian","group:trait","freedman_lane",1,27,5300027,5350027,20,24,2,199,0.045,TRUE
"strong_interaction_power","gaussian","group:trait","rotation",1,28,5300028,5350028,20,24,2,199,0.235,FALSE
"strong_interaction_power","gaussian","group:trait","freedman_lane",1,28,5300028,5350028,20,24,2,199,0.25,FALSE
"strong_interaction_power","gaussian","group:trait","rotation",1,29,5300029,5350029,20,24,2,199,0.115,FALSE
"strong_interaction_power","gaussian","group:trait","freedman_lane",1,29,5300029,5350029,20,24,2,199,0.08,FALSE
"strong_interaction_power","gaussian","group:trait","rotation",1,30,5300030,5350030,20,24,2,199,0.01,TRUE
"strong_interaction_power","gaussian","group:trait","freedman_lane",1,30,5300030,5350030,20,24,2,199,0.01,TRUE
"strong_interaction_power","gaussian","group:trait","rotation",1,31,5300031,5350031,20,24,2,199,0.16,FALSE
"strong_interaction_power","gaussian","group:trait","freedman_lane",1,31,5300031,5350031,20,24,2,199,0.14,FALSE
"strong_interaction_power","gaussian","group:trait","rotation",1,32,5300032,5350032,20,24,2,199,0.01,TRUE
"strong_interaction_power","gaussian","group:trait","freedman_lane",1,32,5300032,5350032,20,24,2,199,0.005,TRUE
"strong_interaction_power","gaussian","group:trait","rotation",1,33,5300033,5350033,20,24,2,199,0.14,FALSE
"strong_interaction_power","gaussian","group:trait","freedman_lane",1,33,5300033,5350033,20,24,2,199,0.09,FALSE
"strong_interaction_power","gaussian","group:trait","rotation",1,34,5300034,5350034,20,24,2,199,0.015,TRUE
"strong_interaction_power","gaussian","group:trait","freedman_lane",1,34,5300034,5350034,20,24,2,199,0.01,TRUE
"strong_interaction_power","gaussian","group:trait","rotation",1,35,5300035,5350035,20,24,2,199,0.185,FALSE
"strong_interaction_power","gaussian","group:trait","freedman_lane",1,35,5300035,5350035,20,24,2,199,0.115,FALSE
"strong_interaction_power","gaussian","group:trait","rotation",1,36,5300036,5350036,20,24,2,199,0.015,TRUE
"strong_interaction_power","gaussian","group:trait","freedman_lane",1,36,5300036,5350036,20,24,2,199,0.01,TRUE
"strong_interaction_power","gaussian","group:trait","rotation",1,37,5300037,5350037,20,24,2,199,0.005,TRUE
"strong_interaction_power","gaussian","group:trait","freedman_lane",1,37,5300037,5350037,20,24,2,199,0.005,TRUE
"strong_interaction_power","gaussian","group:trait","rotation",1,38,5300038,5350038,20,24,2,199,0.12,FALSE
"strong_interaction_power","gaussian","group:trait","freedman_lane",1,38,5300038,5350038,20,24,2,199,0.045,TRUE
"strong_interaction_power","gaussian","group:trait","rotation",1,39,5300039,5350039,20,24,2,199,0.025,TRUE
"strong_interaction_power","gaussian","group:trait","freedman_lane",1,39,5300039,5350039,20,24,2,199,0.01,TRUE
"strong_interaction_power","gaussian","group:trait","rotation",1,40,5300040,5350040,20,24,2,199,0.03,TRUE
"strong_interaction_power","gaussian","group:trait","freedman_lane",1,40,5300040,5350040,20,24,2,199,0.03,TRUE
"strong_interaction_power","gaussian","group:trait","rotation",1,41,5300041,5350041,20,24,2,199,0.055,FALSE
"strong_interaction_power","gaussian","group:trait","freedman_lane",1,41,5300041,5350041,20,24,2,199,0.03,TRUE
"strong_interaction_power","gaussian","group:trait","rotation",1,42,5300042,5350042,20,24,2,199,0.145,FALSE
"strong_interaction_power","gaussian","group:trait","freedman_lane",1,42,5300042,5350042,20,24,2,199,0.06,FALSE
"strong_interaction_power","gaussian","group:trait","rotation",1,43,5300043,5350043,20,24,2,199,0.15,FALSE
"strong_interaction_power","gaussian","group:trait","freedman_lane",1,43,5300043,5350043,20,24,2,199,0.145,FALSE
"strong_interaction_power","gaussian","group:trait","rotation",1,44,5300044,5350044,20,24,2,199,0.04,TRUE
"strong_interaction_power","gaussian","group:trait","freedman_lane",1,44,5300044,5350044,20,24,2,199,0.02,TRUE
"strong_interaction_power","gaussian","group:trait","rotation",1,45,5300045,5350045,20,24,2,199,0.005,TRUE
"strong_interaction_power","gaussian","group:trait","freedman_lane",1,45,5300045,5350045,20,24,2,199,0.01,TRUE
"strong_interaction_power","gaussian","group:trait","rotation",1,46,5300046,5350046,20,24,2,199,0.065,FALSE
"strong_interaction_power","gaussian","group:trait","freedman_lane",1,46,5300046,5350046,20,24,2,199,0.03,TRUE
"strong_interaction_power","gaussian","group:trait","rotation",1,47,5300047,5350047,20,24,2,199,0.035,TRUE
"strong_interaction_power","gaussian","group:trait","freedman_lane",1,47,5300047,5350047,20,24,2,199,0.03,TRUE
"strong_interaction_power","gaussian","group:trait","rotation",1,48,5300048,5350048,20,24,2,199,0.105,FALSE
"strong_interaction_power","gaussian","group:trait","freedman_lane",1,48,5300048,5350048,20,24,2,199,0.11,FALSE
"strong_interaction_power","gaussian","group:trait","rotation",1,49,5300049,5350049,20,24,2,199,0.005,TRUE
"strong_interaction_power","gaussian","group:trait","freedman_lane",1,49,5300049,5350049,20,24,2,199,0.01,TRUE
"strong_interaction_power","gaussian","group:trait","rotation",1,50,5300050,5350050,20,24,2,199,0.085,FALSE
"strong_interaction_power","gaussian","group:trait","freedman_lane",1,50,5300050,5350050,20,24,2,199,0.01,TRUE
"strong_interaction_power","gaussian","group:trait","rotation",1,51,5300051,5350051,20,24,2,199,0.035,TRUE
"strong_interaction_power","gaussian","group:trait","freedman_lane",1,51,5300051,5350051,20,24,2,199,0.005,TRUE
"strong_interaction_power","gaussian","group:trait","rotation",1,52,5300052,5350052,20,24,2,199,0.17,FALSE
"strong_interaction_power","gaussian","group:trait","freedman_lane",1,52,5300052,5350052,20,24,2,199,0.14,FALSE
"strong_interaction_power","gaussian","group:trait","rotation",1,53,5300053,5350053,20,24,2,199,0.025,TRUE
"strong_interaction_power","gaussian","group:trait","freedman_lane",1,53,5300053,5350053,20,24,2,199,0.01,TRUE
"strong_interaction_power","gaussian","group:trait","rotation",1,54,5300054,5350054,20,24,2,199,0.145,FALSE
"strong_interaction_power","gaussian","group:trait","freedman_lane",1,54,5300054,5350054,20,24,2,199,0.09,FALSE
"strong_interaction_power","gaussian","group:trait","rotation",1,55,5300055,5350055,20,24,2,199,0.28,FALSE
"strong_interaction_power","gaussian","group:trait","freedman_lane",1,55,5300055,5350055,20,24,2,199,0.2,FALSE
"strong_interaction_power","gaussian","group:trait","rotation",1,56,5300056,5350056,20,24,2,199,0.065,FALSE
"strong_interaction_power","gaussian","group:trait","freedman_lane",1,56,5300056,5350056,20,24,2,199,0.03,TRUE
"strong_interaction_power","gaussian","group:trait","rotation",1,57,5300057,5350057,20,24,2,199,0.02,TRUE
"strong_interaction_power","gaussian","group:trait","freedman_lane",1,57,5300057,5350057,20,24,2,199,0.01,TRUE
"strong_interaction_power","gaussian","group:trait","rotation",1,58,5300058,5350058,20,24,2,199,0.04,TRUE
"strong_interaction_power","gaussian","group:trait","freedman_lane",1,58,5300058,5350058,20,24,2,199,0.04,TRUE
"strong_interaction_power","gaussian","group:trait","rotation",1,59,5300059,5350059,20,24,2,199,0.09,FALSE
"strong_interaction_power","gaussian","group:trait","freedman_lane",1,59,5300059,5350059,20,24,2,199,0.075,FALSE
"strong_interaction_power","gaussian","group:trait","rotation",1,60,5300060,5350060,20,24,2,199,0.015,TRUE
"strong_interaction_power","gaussian","group:trait","freedman_lane",1,60,5300060,5350060,20,24,2,199,0.02,TRUE
"strong_interaction_power","gaussian","group:trait","rotation",1,61,5300061,5350061,20,24,2,199,0.11,FALSE
"strong_interaction_power","gaussian","group:trait","freedman_lane",1,61,5300061,5350061,20,24,2,199,0.055,FALSE
"strong_interaction_power","gaussian","group:trait","rotation",1,62,5300062,5350062,20,24,2,199,0.01,TRUE
"strong_interaction_power","gaussian","group:trait","freedman_lane",1,62,5300062,5350062,20,24,2,199,0.005,TRUE
"strong_interaction_power","gaussian","group:trait","rotation",1,63,5300063,5350063,20,24,2,199,0.26,FALSE
"strong_interaction_power","gaussian","group:trait","freedman_lane",1,63,5300063,5350063,20,24,2,199,0.16,FALSE
"strong_interaction_power","gaussian","group:trait","rotation",1,64,5300064,5350064,20,24,2,199,0.02,TRUE
"strong_interaction_power","gaussian","group:trait","freedman_lane",1,64,5300064,5350064,20,24,2,199,0.005,TRUE
"strong_interaction_power","gaussian","group:trait","rotation",1,65,5300065,5350065,20,24,2,199,0.35,FALSE
"strong_interaction_power","gaussian","group:trait","freedman_lane",1,65,5300065,5350065,20,24,2,199,0.29,FALSE
"strong_interaction_power","gaussian","group:trait","rotation",1,66,5300066,5350066,20,24,2,199,0.095,FALSE
"strong_interaction_power","gaussian","group:trait","freedman_lane",1,66,5300066,5350066,20,24,2,199,0.06,FALSE
"strong_interaction_power","gaussian","group:trait","rotation",1,67,5300067,5350067,20,24,2,199,0.015,TRUE
"strong_interaction_power","gaussian","group:trait","freedman_lane",1,67,5300067,5350067,20,24,2,199,0.015,TRUE
"strong_interaction_power","gaussian","group:trait","rotation",1,68,5300068,5350068,20,24,2,199,0.21,FALSE
"strong_interaction_power","gaussian","group:trait","freedman_lane",1,68,5300068,5350068,20,24,2,199,0.135,FALSE
"strong_interaction_power","gaussian","group:trait","rotation",1,69,5300069,5350069,20,24,2,199,0.115,FALSE
"strong_interaction_power","gaussian","group:trait","freedman_lane",1,69,5300069,5350069,20,24,2,199,0.08,FALSE
"strong_interaction_power","gaussian","group:trait","rotation",1,70,5300070,5350070,20,24,2,199,0.22,FALSE
"strong_interaction_power","gaussian","group:trait","freedman_lane",1,70,5300070,5350070,20,24,2,199,0.16,FALSE
"strong_interaction_power","gaussian","group:trait","rotation",1,71,5300071,5350071,20,24,2,199,0.225,FALSE
"strong_interaction_power","gaussian","group:trait","freedman_lane",1,71,5300071,5350071,20,24,2,199,0.135,FALSE
"strong_interaction_power","gaussian","group:trait","rotation",1,72,5300072,5350072,20,24,2,199,0.115,FALSE
"strong_interaction_power","gaussian","group:trait","freedman_lane",1,72,5300072,5350072,20,24,2,199,0.045,TRUE
"strong_interaction_power","gaussian","group:trait","rotation",1,73,5300073,5350073,20,24,2,199,0.04,TRUE
"strong_interaction_power","gaussian","group:trait","freedman_lane",1,73,5300073,5350073,20,24,2,199,0.015,TRUE
"strong_interaction_power","gaussian","group:trait","rotation",1,74,5300074,5350074,20,24,2,199,0.075,FALSE
"strong_interaction_power","gaussian","group:trait","freedman_lane",1,74,5300074,5350074,20,24,2,199,0.035,TRUE
"strong_interaction_power","gaussian","group:trait","rotation",1,75,5300075,5350075,20,24,2,199,0.005,TRUE
"strong_interaction_power","gaussian","group:trait","freedman_lane",1,75,5300075,5350075,20,24,2,199,0.01,TRUE
"strong_interaction_power","gaussian","group:trait","rotation",1,76,5300076,5350076,20,24,2,199,0.005,TRUE
"strong_interaction_power","gaussian","group:trait","freedman_lane",1,76,5300076,5350076,20,24,2,199,0.005,TRUE
"strong_interaction_power","gaussian","group:trait","rotation",1,77,5300077,5350077,20,24,2,199,0.025,TRUE
"strong_interaction_power","gaussian","group:trait","freedman_lane",1,77,5300077,5350077,20,24,2,199,0.005,TRUE
"strong_interaction_power","gaussian","group:trait","rotation",1,78,5300078,5350078,20,24,2,199,0.245,FALSE
"strong_interaction_power","gaussian","group:trait","freedman_lane",1,78,5300078,5350078,20,24,2,199,0.155,FALSE
"strong_interaction_power","gaussian","group:trait","rotation",1,79,5300079,5350079,20,24,2,199,0.02,TRUE
"strong_interaction_power","gaussian","group:trait","freedman_lane",1,79,5300079,5350079,20,24,2,199,0.025,TRUE
"strong_interaction_power","gaussian","group:trait","rotation",1,80,5300080,5350080,20,24,2,199,0.07,FALSE
"strong_interaction_power","gaussian","group:trait","freedman_lane",1,80,5300080,5350080,20,24,2,199,0.125,FALSE
"strong_interaction_power","gaussian","group:trait","rotation",1,81,5300081,5350081,20,24,2,199,0.34,FALSE
"strong_interaction_power","gaussian","group:trait","freedman_lane",1,81,5300081,5350081,20,24,2,199,0.3,FALSE
"strong_interaction_power","gaussian","group:trait","rotation",1,82,5300082,5350082,20,24,2,199,0.01,TRUE
"strong_interaction_power","gaussian","group:trait","freedman_lane",1,82,5300082,5350082,20,24,2,199,0.01,TRUE
"strong_interaction_power","gaussian","group:trait","rotation",1,83,5300083,5350083,20,24,2,199,0.03,TRUE
"strong_interaction_power","gaussian","group:trait","freedman_lane",1,83,5300083,5350083,20,24,2,199,0.04,TRUE
"strong_interaction_power","gaussian","group:trait","rotation",1,84,5300084,5350084,20,24,2,199,0.06,FALSE
"strong_interaction_power","gaussian","group:trait","freedman_lane",1,84,5300084,5350084,20,24,2,199,0.07,FALSE
"strong_interaction_power","gaussian","group:trait","rotation",1,85,5300085,5350085,20,24,2,199,0.08,FALSE
"strong_interaction_power","gaussian","group:trait","freedman_lane",1,85,5300085,5350085,20,24,2,199,0.045,TRUE
"strong_interaction_power","gaussian","group:trait","rotation",1,86,5300086,5350086,20,24,2,199,0.075,FALSE
"strong_interaction_power","gaussian","group:trait","freedman_lane",1,86,5300086,5350086,20,24,2,199,0.03,TRUE
"strong_interaction_power","gaussian","group:trait","rotation",1,87,5300087,5350087,20,24,2,199,0.015,TRUE
"strong_interaction_power","gaussian","group:trait","freedman_lane",1,87,5300087,5350087,20,24,2,199,0.005,TRUE
"strong_interaction_power","gaussian","group:trait","rotation",1,88,5300088,5350088,20,24,2,199,0.095,FALSE
"strong_interaction_power","gaussian","group:trait","freedman_lane",1,88,5300088,5350088,20,24,2,199,0.045,TRUE
"strong_interaction_power","gaussian","group:trait","rotation",1,89,5300089,5350089,20,24,2,199,0.01,TRUE
"strong_interaction_power","gaussian","group:trait","freedman_lane",1,89,5300089,5350089,20,24,2,199,0.01,TRUE
"strong_interaction_power","gaussian","group:trait","rotation",1,90,5300090,5350090,20,24,2,199,0.035,TRUE
"strong_interaction_power","gaussian","group:trait","freedman_lane",1,90,5300090,5350090,20,24,2,199,0.035,TRUE
"strong_interaction_power","gaussian","group:trait","rotation",1,91,5300091,5350091,20,24,2,199,0.03,TRUE
"strong_interaction_power","gaussian","group:trait","freedman_lane",1,91,5300091,5350091,20,24,2,199,0.02,TRUE
"strong_interaction_power","gaussian","group:trait","rotation",1,92,5300092,5350092,20,24,2,199,0.03,TRUE
"strong_interaction_power","gaussian","group:trait","freedman_lane",1,92,5300092,5350092,20,24,2,199,0.01,TRUE
"strong_interaction_power","gaussian","group:trait","rotation",1,93,5300093,5350093,20,24,2,199,0.095,FALSE
"strong_interaction_power","gaussian","group:trait","freedman_lane",1,93,5300093,5350093,20,24,2,199,0.06,FALSE
"strong_interaction_power","gaussian","group:trait","rotation",1,94,5300094,5350094,20,24,2,199,0.16,FALSE
"strong_interaction_power","gaussian","group:trait","freedman_lane",1,94,5300094,5350094,20,24,2,199,0.095,FALSE
"strong_interaction_power","gaussian","group:trait","rotation",1,95,5300095,5350095,20,24,2,199,0.01,TRUE
"strong_interaction_power","gaussian","group:trait","freedman_lane",1,95,5300095,5350095,20,24,2,199,0.025,TRUE
"strong_interaction_power","gaussian","group:trait","rotation",1,96,5300096,5350096,20,24,2,199,0.09,FALSE
"strong_interaction_power","gaussian","group:trait","freedman_lane",1,96,5300096,5350096,20,24,2,199,0.01,TRUE
"strong_interaction_power","gaussian","group:trait","rotation",1,97,5300097,5350097,20,24,2,199,0.03,TRUE
"strong_interaction_power","gaussian","group:trait","freedman_lane",1,97,5300097,5350097,20,24,2,199,0.03,TRUE
"strong_interaction_power","gaussian","group:trait","rotation",1,98,5300098,5350098,20,24,2,199,0.08,FALSE
"strong_interaction_power","gaussian","group:trait","freedman_lane",1,98,5300098,5350098,20,24,2,199,0.075,FALSE
"strong_interaction_power","gaussian","group:trait","rotation",1,99,5300099,5350099,20,24,2,199,0.01,TRUE
"strong_interaction_power","gaussian","group:trait","freedman_lane",1,99,5300099,5350099,20,24,2,199,0.025,TRUE
"strong_interaction_power","gaussian","group:trait","rotation",1,100,5300100,5350100,20,24,2,199,0.005,TRUE
"strong_interaction_power","gaussian","group:trait","freedman_lane",1,100,5300100,5350100,20,24,2,199,0.005,TRUE
"strong_interaction_power","gaussian","group:trait","rotation",2,1,5400001,5450001,20,24,2,199,0.045,TRUE
"strong_interaction_power","gaussian","group:trait","freedman_lane",2,1,5400001,5450001,20,24,2,199,0.05,TRUE
"strong_interaction_power","gaussian","group:trait","rotation",2,2,5400002,5450002,20,24,2,199,0.005,TRUE
"strong_interaction_power","gaussian","group:trait","freedman_lane",2,2,5400002,5450002,20,24,2,199,0.005,TRUE
"strong_interaction_power","gaussian","group:trait","rotation",2,3,5400003,5450003,20,24,2,199,0.235,FALSE
"strong_interaction_power","gaussian","group:trait","freedman_lane",2,3,5400003,5450003,20,24,2,199,0.09,FALSE
"strong_interaction_power","gaussian","group:trait","rotation",2,4,5400004,5450004,20,24,2,199,0.025,TRUE
"strong_interaction_power","gaussian","group:trait","freedman_lane",2,4,5400004,5450004,20,24,2,199,0.005,TRUE
"strong_interaction_power","gaussian","group:trait","rotation",2,5,5400005,5450005,20,24,2,199,0.03,TRUE
"strong_interaction_power","gaussian","group:trait","freedman_lane",2,5,5400005,5450005,20,24,2,199,0.035,TRUE
"strong_interaction_power","gaussian","group:trait","rotation",2,6,5400006,5450006,20,24,2,199,0.19,FALSE
"strong_interaction_power","gaussian","group:trait","freedman_lane",2,6,5400006,5450006,20,24,2,199,0.17,FALSE
"strong_interaction_power","gaussian","group:trait","rotation",2,7,5400007,5450007,20,24,2,199,0.24,FALSE
"strong_interaction_power","gaussian","group:trait","freedman_lane",2,7,5400007,5450007,20,24,2,199,0.12,FALSE
"strong_interaction_power","gaussian","group:trait","rotation",2,8,5400008,5450008,20,24,2,199,0.15,FALSE
"strong_interaction_power","gaussian","group:trait","freedman_lane",2,8,5400008,5450008,20,24,2,199,0.16,FALSE
"strong_interaction_power","gaussian","group:trait","rotation",2,9,5400009,5450009,20,24,2,199,0.17,FALSE
"strong_interaction_power","gaussian","group:trait","freedman_lane",2,9,5400009,5450009,20,24,2,199,0.205,FALSE
"strong_interaction_power","gaussian","group:trait","rotation",2,10,5400010,5450010,20,24,2,199,0.11,FALSE
"strong_interaction_power","gaussian","group:trait","freedman_lane",2,10,5400010,5450010,20,24,2,199,0.09,FALSE
"strong_interaction_power","gaussian","group:trait","rotation",2,11,5400011,5450011,20,24,2,199,0.07,FALSE
"strong_interaction_power","gaussian","group:trait","freedman_lane",2,11,5400011,5450011,20,24,2,199,0.03,TRUE
"strong_interaction_power","gaussian","group:trait","rotation",2,12,5400012,5450012,20,24,2,199,0.4,FALSE
"strong_interaction_power","gaussian","group:trait","freedman_lane",2,12,5400012,5450012,20,24,2,199,0.34,FALSE
"strong_interaction_power","gaussian","group:trait","rotation",2,13,5400013,5450013,20,24,2,199,0.275,FALSE
"strong_interaction_power","gaussian","group:trait","freedman_lane",2,13,5400013,5450013,20,24,2,199,0.245,FALSE
"strong_interaction_power","gaussian","group:trait","rotation",2,14,5400014,5450014,20,24,2,199,0.02,TRUE
"strong_interaction_power","gaussian","group:trait","freedman_lane",2,14,5400014,5450014,20,24,2,199,0.01,TRUE
"strong_interaction_power","gaussian","group:trait","rotation",2,15,5400015,5450015,20,24,2,199,0.185,FALSE
"strong_interaction_power","gaussian","group:trait","freedman_lane",2,15,5400015,5450015,20,24,2,199,0.18,FALSE
"strong_interaction_power","gaussian","group:trait","rotation",2,16,5400016,5450016,20,24,2,199,0.235,FALSE
"strong_interaction_power","gaussian","group:trait","freedman_lane",2,16,5400016,5450016,20,24,2,199,0.19,FALSE
"strong_interaction_power","gaussian","group:trait","rotation",2,17,5400017,5450017,20,24,2,199,0.005,TRUE
"strong_interaction_power","gaussian","group:trait","freedman_lane",2,17,5400017,5450017,20,24,2,199,0.005,TRUE
"strong_interaction_power","gaussian","group:trait","rotation",2,18,5400018,5450018,20,24,2,199,0.05,TRUE
"strong_interaction_power","gaussian","group:trait","freedman_lane",2,18,5400018,5450018,20,24,2,199,0.025,TRUE
"strong_interaction_power","gaussian","group:trait","rotation",2,19,5400019,5450019,20,24,2,199,0.305,FALSE
"strong_interaction_power","gaussian","group:trait","freedman_lane",2,19,5400019,5450019,20,24,2,199,0.285,FALSE
"strong_interaction_power","gaussian","group:trait","rotation",2,20,5400020,5450020,20,24,2,199,0.05,TRUE
"strong_interaction_power","gaussian","group:trait","freedman_lane",2,20,5400020,5450020,20,24,2,199,0.045,TRUE
"strong_interaction_power","gaussian","group:trait","rotation",2,21,5400021,5450021,20,24,2,199,0.285,FALSE
"strong_interaction_power","gaussian","group:trait","freedman_lane",2,21,5400021,5450021,20,24,2,199,0.235,FALSE
"strong_interaction_power","gaussian","group:trait","rotation",2,22,5400022,5450022,20,24,2,199,0.02,TRUE
"strong_interaction_power","gaussian","group:trait","freedman_lane",2,22,5400022,5450022,20,24,2,199,0.005,TRUE
"strong_interaction_power","gaussian","group:trait","rotation",2,23,5400023,5450023,20,24,2,199,0.33,FALSE
"strong_interaction_power","gaussian","group:trait","freedman_lane",2,23,5400023,5450023,20,24,2,199,0.245,FALSE
"strong_interaction_power","gaussian","group:trait","rotation",2,24,5400024,5450024,20,24,2,199,0.145,FALSE
"strong_interaction_power","gaussian","group:trait","freedman_lane",2,24,5400024,5450024,20,24,2,199,0.125,FALSE
"strong_interaction_power","gaussian","group:trait","rotation",2,25,5400025,5450025,20,24,2,199,0.05,TRUE
"strong_interaction_power","gaussian","group:trait","freedman_lane",2,25,5400025,5450025,20,24,2,199,0.03,TRUE
"strong_interaction_power","gaussian","group:trait","rotation",2,26,5400026,5450026,20,24,2,199,0.015,TRUE
"strong_interaction_power","gaussian","group:trait","freedman_lane",2,26,5400026,5450026,20,24,2,199,0.005,TRUE
"strong_interaction_power","gaussian","group:trait","rotation",2,27,5400027,5450027,20,24,2,199,0.06,FALSE
"strong_interaction_power","gaussian","group:trait","freedman_lane",2,27,5400027,5450027,20,24,2,199,0.025,TRUE
"strong_interaction_power","gaussian","group:trait","rotation",2,28,5400028,5450028,20,24,2,199,0.11,FALSE
"strong_interaction_power","gaussian","group:trait","freedman_lane",2,28,5400028,5450028,20,24,2,199,0.045,TRUE
"strong_interaction_power","gaussian","group:trait","rotation",2,29,5400029,5450029,20,24,2,199,0.06,FALSE
"strong_interaction_power","gaussian","group:trait","freedman_lane",2,29,5400029,5450029,20,24,2,199,0.015,TRUE
"strong_interaction_power","gaussian","group:trait","rotation",2,30,5400030,5450030,20,24,2,199,0.09,FALSE
"strong_interaction_power","gaussian","group:trait","freedman_lane",2,30,5400030,5450030,20,24,2,199,0.035,TRUE
"strong_interaction_power","gaussian","group:trait","rotation",2,31,5400031,5450031,20,24,2,199,0.015,TRUE
"strong_interaction_power","gaussian","group:trait","freedman_lane",2,31,5400031,5450031,20,24,2,199,0.005,TRUE
"strong_interaction_power","gaussian","group:trait","rotation",2,32,5400032,5450032,20,24,2,199,0.01,TRUE
"strong_interaction_power","gaussian","group:trait","freedman_lane",2,32,5400032,5450032,20,24,2,199,0.015,TRUE
"strong_interaction_power","gaussian","group:trait","rotation",2,33,5400033,5450033,20,24,2,199,0.155,FALSE
"strong_interaction_power","gaussian","group:trait","freedman_lane",2,33,5400033,5450033,20,24,2,199,0.095,FALSE
"strong_interaction_power","gaussian","group:trait","rotation",2,34,5400034,5450034,20,24,2,199,0.27,FALSE
"strong_interaction_power","gaussian","group:trait","freedman_lane",2,34,5400034,5450034,20,24,2,199,0.11,FALSE
"strong_interaction_power","gaussian","group:trait","rotation",2,35,5400035,5450035,20,24,2,199,0.035,TRUE
"strong_interaction_power","gaussian","group:trait","freedman_lane",2,35,5400035,5450035,20,24,2,199,0.01,TRUE
"strong_interaction_power","gaussian","group:trait","rotation",2,36,5400036,5450036,20,24,2,199,0.22,FALSE
"strong_interaction_power","gaussian","group:trait","freedman_lane",2,36,5400036,5450036,20,24,2,199,0.22,FALSE
"strong_interaction_power","gaussian","group:trait","rotation",2,37,5400037,5450037,20,24,2,199,0.085,FALSE
"strong_interaction_power","gaussian","group:trait","freedman_lane",2,37,5400037,5450037,20,24,2,199,0.03,TRUE
"strong_interaction_power","gaussian","group:trait","rotation",2,38,5400038,5450038,20,24,2,199,0.115,FALSE
"strong_interaction_power","gaussian","group:trait","freedman_lane",2,38,5400038,5450038,20,24,2,199,0.11,FALSE
"strong_interaction_power","gaussian","group:trait","rotation",2,39,5400039,5450039,20,24,2,199,0.035,TRUE
"strong_interaction_power","gaussian","group:trait","freedman_lane",2,39,5400039,5450039,20,24,2,199,0.025,TRUE
"strong_interaction_power","gaussian","group:trait","rotation",2,40,5400040,5450040,20,24,2,199,0.01,TRUE
"strong_interaction_power","gaussian","group:trait","freedman_lane",2,40,5400040,5450040,20,24,2,199,0.005,TRUE
"strong_interaction_power","gaussian","group:trait","rotation",2,41,5400041,5450041,20,24,2,199,0.11,FALSE
"strong_interaction_power","gaussian","group:trait","freedman_lane",2,41,5400041,5450041,20,24,2,199,0.105,FALSE
"strong_interaction_power","gaussian","group:trait","rotation",2,42,5400042,5450042,20,24,2,199,0.025,TRUE
"strong_interaction_power","gaussian","group:trait","freedman_lane",2,42,5400042,5450042,20,24,2,199,0.02,TRUE
"strong_interaction_power","gaussian","group:trait","rotation",2,43,5400043,5450043,20,24,2,199,0.09,FALSE
"strong_interaction_power","gaussian","group:trait","freedman_lane",2,43,5400043,5450043,20,24,2,199,0.06,FALSE
"strong_interaction_power","gaussian","group:trait","rotation",2,44,5400044,5450044,20,24,2,199,0.065,FALSE
"strong_interaction_power","gaussian","group:trait","freedman_lane",2,44,5400044,5450044,20,24,2,199,0.02,TRUE
"strong_interaction_power","gaussian","group:trait","rotation",2,45,5400045,5450045,20,24,2,199,0.035,TRUE
"strong_interaction_power","gaussian","group:trait","freedman_lane",2,45,5400045,5450045,20,24,2,199,0.02,TRUE
"strong_interaction_power","gaussian","group:trait","rotation",2,46,5400046,5450046,20,24,2,199,0.2,FALSE
"strong_interaction_power","gaussian","group:trait","freedman_lane",2,46,5400046,5450046,20,24,2,199,0.11,FALSE
"strong_interaction_power","gaussian","group:trait","rotation",2,47,5400047,5450047,20,24,2,199,0.085,FALSE
"strong_interaction_power","gaussian","group:trait","freedman_lane",2,47,5400047,5450047,20,24,2,199,0.04,TRUE
"strong_interaction_power","gaussian","group:trait","rotation",2,48,5400048,5450048,20,24,2,199,0.005,TRUE
"strong_interaction_power","gaussian","group:trait","freedman_lane",2,48,5400048,5450048,20,24,2,199,0.01,TRUE
"strong_interaction_power","gaussian","group:trait","rotation",2,49,5400049,5450049,20,24,2,199,0.045,TRUE
"strong_interaction_power","gaussian","group:trait","freedman_lane",2,49,5400049,5450049,20,24,2,199,0.015,TRUE
"strong_interaction_power","gaussian","group:trait","rotation",2,50,5400050,5450050,20,24,2,199,0.015,TRUE
"strong_interaction_power","gaussian","group:trait","freedman_lane",2,50,5400050,5450050,20,24,2,199,0.01,TRUE
"strong_interaction_power","gaussian","group:trait","rotation",2,51,5400051,5450051,20,24,2,199,0.01,TRUE
"strong_interaction_power","gaussian","group:trait","freedman_lane",2,51,5400051,5450051,20,24,2,199,0.01,TRUE
"strong_interaction_power","gaussian","group:trait","rotation",2,52,5400052,5450052,20,24,2,199,0.04,TRUE
"strong_interaction_power","gaussian","group:trait","freedman_lane",2,52,5400052,5450052,20,24,2,199,0.03,TRUE
"strong_interaction_power","gaussian","group:trait","rotation",2,53,5400053,5450053,20,24,2,199,0.125,FALSE
"strong_interaction_power","gaussian","group:trait","freedman_lane",2,53,5400053,5450053,20,24,2,199,0.045,TRUE
"strong_interaction_power","gaussian","group:trait","rotation",2,54,5400054,5450054,20,24,2,199,0.22,FALSE
"strong_interaction_power","gaussian","group:trait","freedman_lane",2,54,5400054,5450054,20,24,2,199,0.075,FALSE
"strong_interaction_power","gaussian","group:trait","rotation",2,55,5400055,5450055,20,24,2,199,0.32,FALSE
"strong_interaction_power","gaussian","group:trait","freedman_lane",2,55,5400055,5450055,20,24,2,199,0.27,FALSE
"strong_interaction_power","gaussian","group:trait","rotation",2,56,5400056,5450056,20,24,2,199,0.38,FALSE
"strong_interaction_power","gaussian","group:trait","freedman_lane",2,56,5400056,5450056,20,24,2,199,0.265,FALSE
"strong_interaction_power","gaussian","group:trait","rotation",2,57,5400057,5450057,20,24,2,199,0.06,FALSE
"strong_interaction_power","gaussian","group:trait","freedman_lane",2,57,5400057,5450057,20,24,2,199,0.05,TRUE
"strong_interaction_power","gaussian","group:trait","rotation",2,58,5400058,5450058,20,24,2,199,0.02,TRUE
"strong_interaction_power","gaussian","group:trait","freedman_lane",2,58,5400058,5450058,20,24,2,199,0.01,TRUE
"strong_interaction_power","gaussian","group:trait","rotation",2,59,5400059,5450059,20,24,2,199,0.11,FALSE
"strong_interaction_power","gaussian","group:trait","freedman_lane",2,59,5400059,5450059,20,24,2,199,0.05,TRUE
"strong_interaction_power","gaussian","group:trait","rotation",2,60,5400060,5450060,20,24,2,199,0.615,FALSE
"strong_interaction_power","gaussian","group:trait","freedman_lane",2,60,5400060,5450060,20,24,2,199,0.51,FALSE
"strong_interaction_power","gaussian","group:trait","rotation",2,61,5400061,5450061,20,24,2,199,0.11,FALSE
"strong_interaction_power","gaussian","group:trait","freedman_lane",2,61,5400061,5450061,20,24,2,199,0.09,FALSE
"strong_interaction_power","gaussian","group:trait","rotation",2,62,5400062,5450062,20,24,2,199,0.14,FALSE
"strong_interaction_power","gaussian","group:trait","freedman_lane",2,62,5400062,5450062,20,24,2,199,0.095,FALSE
"strong_interaction_power","gaussian","group:trait","rotation",2,63,5400063,5450063,20,24,2,199,0.035,TRUE
"strong_interaction_power","gaussian","group:trait","freedman_lane",2,63,5400063,5450063,20,24,2,199,0.025,TRUE
"strong_interaction_power","gaussian","group:trait","rotation",2,64,5400064,5450064,20,24,2,199,0.04,TRUE
"strong_interaction_power","gaussian","group:trait","freedman_lane",2,64,5400064,5450064,20,24,2,199,0.005,TRUE
"strong_interaction_power","gaussian","group:trait","rotation",2,65,5400065,5450065,20,24,2,199,0.23,FALSE
"strong_interaction_power","gaussian","group:trait","freedman_lane",2,65,5400065,5450065,20,24,2,199,0.105,FALSE
"strong_interaction_power","gaussian","group:trait","rotation",2,66,5400066,5450066,20,24,2,199,0.055,FALSE
"strong_interaction_power","gaussian","group:trait","freedman_lane",2,66,5400066,5450066,20,24,2,199,0.05,TRUE
"strong_interaction_power","gaussian","group:trait","rotation",2,67,5400067,5450067,20,24,2,199,0.27,FALSE
"strong_interaction_power","gaussian","group:trait","freedman_lane",2,67,5400067,5450067,20,24,2,199,0.18,FALSE
"strong_interaction_power","gaussian","group:trait","rotation",2,68,5400068,5450068,20,24,2,199,0.04,TRUE
"strong_interaction_power","gaussian","group:trait","freedman_lane",2,68,5400068,5450068,20,24,2,199,0.01,TRUE
"strong_interaction_power","gaussian","group:trait","rotation",2,69,5400069,5450069,20,24,2,199,0.12,FALSE
"strong_interaction_power","gaussian","group:trait","freedman_lane",2,69,5400069,5450069,20,24,2,199,0.13,FALSE
"strong_interaction_power","gaussian","group:trait","rotation",2,70,5400070,5450070,20,24,2,199,0.03,TRUE
"strong_interaction_power","gaussian","group:trait","freedman_lane",2,70,5400070,5450070,20,24,2,199,0.035,TRUE
"strong_interaction_power","gaussian","group:trait","rotation",2,71,5400071,5450071,20,24,2,199,0.025,TRUE
"strong_interaction_power","gaussian","group:trait","freedman_lane",2,71,5400071,5450071,20,24,2,199,0.01,TRUE
"strong_interaction_power","gaussian","group:trait","rotation",2,72,5400072,5450072,20,24,2,199,0.08,FALSE
"strong_interaction_power","gaussian","group:trait","freedman_lane",2,72,5400072,5450072,20,24,2,199,0.045,TRUE
"strong_interaction_power","gaussian","group:trait","rotation",2,73,5400073,5450073,20,24,2,199,0.05,TRUE
"strong_interaction_power","gaussian","group:trait","freedman_lane",2,73,5400073,5450073,20,24,2,199,0.035,TRUE
"strong_interaction_power","gaussian","group:trait","rotation",2,74,5400074,5450074,20,24,2,199,0.285,FALSE
"strong_interaction_power","gaussian","group:trait","freedman_lane",2,74,5400074,5450074,20,24,2,199,0.25,FALSE
"strong_interaction_power","gaussian","group:trait","rotation",2,75,5400075,5450075,20,24,2,199,0.25,FALSE
"strong_interaction_power","gaussian","group:trait","freedman_lane",2,75,5400075,5450075,20,24,2,199,0.17,FALSE
"strong_interaction_power","gaussian","group:trait","rotation",2,76,5400076,5450076,20,24,2,199,0.04,TRUE
"strong_interaction_power","gaussian","group:trait","freedman_lane",2,76,5400076,5450076,20,24,2,199,0.025,TRUE
"strong_interaction_power","gaussian","group:trait","rotation",2,77,5400077,5450077,20,24,2,199,0.085,FALSE
"strong_interaction_power","gaussian","group:trait","freedman_lane",2,77,5400077,5450077,20,24,2,199,0.045,TRUE
"strong_interaction_power","gaussian","group:trait","rotation",2,78,5400078,5450078,20,24,2,199,0.055,FALSE
"strong_interaction_power","gaussian","group:trait","freedman_lane",2,78,5400078,5450078,20,24,2,199,0.025,TRUE
"strong_interaction_power","gaussian","group:trait","rotation",2,79,5400079,5450079,20,24,2,199,0.005,TRUE
"strong_interaction_power","gaussian","group:trait","freedman_lane",2,79,5400079,5450079,20,24,2,199,0.005,TRUE
"strong_interaction_power","gaussian","group:trait","rotation",2,80,5400080,5450080,20,24,2,199,0.315,FALSE
"strong_interaction_power","gaussian","group:trait","freedman_lane",2,80,5400080,5450080,20,24,2,199,0.305,FALSE
"strong_interaction_power","gaussian","group:trait","rotation",2,81,5400081,5450081,20,24,2,199,0.01,TRUE
"strong_interaction_power","gaussian","group:trait","freedman_lane",2,81,5400081,5450081,20,24,2,199,0.01,TRUE
"strong_interaction_power","gaussian","group:trait","rotation",2,82,5400082,5450082,20,24,2,199,0.03,TRUE
"strong_interaction_power","gaussian","group:trait","freedman_lane",2,82,5400082,5450082,20,24,2,199,0.005,TRUE
"strong_interaction_power","gaussian","group:trait","rotation",2,83,5400083,5450083,20,24,2,199,0.09,FALSE
"strong_interaction_power","gaussian","group:trait","freedman_lane",2,83,5400083,5450083,20,24,2,199,0.07,FALSE
"strong_interaction_power","gaussian","group:trait","rotation",2,84,5400084,5450084,20,24,2,199,0.005,TRUE
"strong_interaction_power","gaussian","group:trait","freedman_lane",2,84,5400084,5450084,20,24,2,199,0.005,TRUE
"strong_interaction_power","gaussian","group:trait","rotation",2,85,5400085,5450085,20,24,2,199,0.05,TRUE
"strong_interaction_power","gaussian","group:trait","freedman_lane",2,85,5400085,5450085,20,24,2,199,0.03,TRUE
"strong_interaction_power","gaussian","group:trait","rotation",2,86,5400086,5450086,20,24,2,199,0.005,TRUE
"strong_interaction_power","gaussian","group:trait","freedman_lane",2,86,5400086,5450086,20,24,2,199,0.005,TRUE
"strong_interaction_power","gaussian","group:trait","rotation",2,87,5400087,5450087,20,24,2,199,0.085,FALSE
"strong_interaction_power","gaussian","group:trait","freedman_lane",2,87,5400087,5450087,20,24,2,199,0.07,FALSE
"strong_interaction_power","gaussian","group:trait","rotation",2,88,5400088,5450088,20,24,2,199,0.265,FALSE
"strong_interaction_power","gaussian","group:trait","freedman_lane",2,88,5400088,5450088,20,24,2,199,0.155,FALSE
"strong_interaction_power","gaussian","group:trait","rotation",2,89,5400089,5450089,20,24,2,199,0.005,TRUE
"strong_interaction_power","gaussian","group:trait","freedman_lane",2,89,5400089,5450089,20,24,2,199,0.005,TRUE
"strong_interaction_power","gaussian","group:trait","rotation",2,90,5400090,5450090,20,24,2,199,0.395,FALSE
"strong_interaction_power","gaussian","group:trait","freedman_lane",2,90,5400090,5450090,20,24,2,199,0.36,FALSE
"strong_interaction_power","gaussian","group:trait","rotation",2,91,5400091,5450091,20,24,2,199,0.005,TRUE
"strong_interaction_power","gaussian","group:trait","freedman_lane",2,91,5400091,5450091,20,24,2,199,0.005,TRUE
"strong_interaction_power","gaussian","group:trait","rotation",2,92,5400092,5450092,20,24,2,199,0.115,FALSE
"strong_interaction_power","gaussian","group:trait","freedman_lane",2,92,5400092,5450092,20,24,2,199,0.08,FALSE
"strong_interaction_power","gaussian","group:trait","rotation",2,93,5400093,5450093,20,24,2,199,0.3,FALSE
"strong_interaction_power","gaussian","group:trait","freedman_lane",2,93,5400093,5450093,20,24,2,199,0.28,FALSE
"strong_interaction_power","gaussian","group:trait","rotation",2,94,5400094,5450094,20,24,2,199,0.01,TRUE
"strong_interaction_power","gaussian","group:trait","freedman_lane",2,94,5400094,5450094,20,24,2,199,0.005,TRUE
"strong_interaction_power","gaussian","group:trait","rotation",2,95,5400095,5450095,20,24,2,199,0.025,TRUE
"strong_interaction_power","gaussian","group:trait","freedman_lane",2,95,5400095,5450095,20,24,2,199,0.01,TRUE
"strong_interaction_power","gaussian","group:trait","rotation",2,96,5400096,5450096,20,24,2,199,0.205,FALSE
"strong_interaction_power","gaussian","group:trait","freedman_lane",2,96,5400096,5450096,20,24,2,199,0.14,FALSE
"strong_interaction_power","gaussian","group:trait","rotation",2,97,5400097,5450097,20,24,2,199,0.62,FALSE
"strong_interaction_power","gaussian","group:trait","freedman_lane",2,97,5400097,5450097,20,24,2,199,0.61,FALSE
"strong_interaction_power","gaussian","group:trait","rotation",2,98,5400098,5450098,20,24,2,199,0.025,TRUE
"strong_interaction_power","gaussian","group:trait","freedman_lane",2,98,5400098,5450098,20,24,2,199,0.015,TRUE
"strong_interaction_power","gaussian","group:trait","rotation",2,99,5400099,5450099,20,24,2,199,0.03,TRUE
"strong_interaction_power","gaussian","group:trait","freedman_lane",2,99,5400099,5450099,20,24,2,199,0.025,TRUE
"strong_interaction_power","gaussian","group:trait","rotation",2,100,5400100,5450100,20,24,2,199,0.025,TRUE
"strong_interaction_power","gaussian","group:trait","freedman_lane",2,100,5400100,5450100,20,24,2,199,0.02,TRUE
"strong_interaction_power","gaussian","group:trait","rotation",3,1,5500001,5550001,20,24,2,199,0.11,FALSE
"strong_interaction_power","gaussian","group:trait","freedman_lane",3,1,5500001,5550001,20,24,2,199,0.085,FALSE
"strong_interaction_power","gaussian","group:trait","rotation",3,2,5500002,5550002,20,24,2,199,0.005,TRUE
"strong_interaction_power","gaussian","group:trait","freedman_lane",3,2,5500002,5550002,20,24,2,199,0.005,TRUE
"strong_interaction_power","gaussian","group:trait","rotation",3,3,5500003,5550003,20,24,2,199,0.125,FALSE
"strong_interaction_power","gaussian","group:trait","freedman_lane",3,3,5500003,5550003,20,24,2,199,0.105,FALSE
"strong_interaction_power","gaussian","group:trait","rotation",3,4,5500004,5550004,20,24,2,199,0.03,TRUE
"strong_interaction_power","gaussian","group:trait","freedman_lane",3,4,5500004,5550004,20,24,2,199,0.04,TRUE
"strong_interaction_power","gaussian","group:trait","rotation",3,5,5500005,5550005,20,24,2,199,0.09,FALSE
"strong_interaction_power","gaussian","group:trait","freedman_lane",3,5,5500005,5550005,20,24,2,199,0.09,FALSE
"strong_interaction_power","gaussian","group:trait","rotation",3,6,5500006,5550006,20,24,2,199,0.03,TRUE
"strong_interaction_power","gaussian","group:trait","freedman_lane",3,6,5500006,5550006,20,24,2,199,0.01,TRUE
"strong_interaction_power","gaussian","group:trait","rotation",3,7,5500007,5550007,20,24,2,199,0.005,TRUE
"strong_interaction_power","gaussian","group:trait","freedman_lane",3,7,5500007,5550007,20,24,2,199,0.005,TRUE
"strong_interaction_power","gaussian","group:trait","rotation",3,8,5500008,5550008,20,24,2,199,0.29,FALSE
"strong_interaction_power","gaussian","group:trait","freedman_lane",3,8,5500008,5550008,20,24,2,199,0.28,FALSE
"strong_interaction_power","gaussian","group:trait","rotation",3,9,5500009,5550009,20,24,2,199,0.02,TRUE
"strong_interaction_power","gaussian","group:trait","freedman_lane",3,9,5500009,5550009,20,24,2,199,0.025,TRUE
"strong_interaction_power","gaussian","group:trait","rotation",3,10,5500010,5550010,20,24,2,199,0.005,TRUE
"strong_interaction_power","gaussian","group:trait","freedman_lane",3,10,5500010,5550010,20,24,2,199,0.005,TRUE
"strong_interaction_power","gaussian","group:trait","rotation",3,11,5500011,5550011,20,24,2,199,0.13,FALSE
"strong_interaction_power","gaussian","group:trait","freedman_lane",3,11,5500011,5550011,20,24,2,199,0.06,FALSE
"strong_interaction_power","gaussian","group:trait","rotation",3,12,5500012,5550012,20,24,2,199,0.425,FALSE
"strong_interaction_power","gaussian","group:trait","freedman_lane",3,12,5500012,5550012,20,24,2,199,0.415,FALSE
"strong_interaction_power","gaussian","group:trait","rotation",3,13,5500013,5550013,20,24,2,199,0.225,FALSE
"strong_interaction_power","gaussian","group:trait","freedman_lane",3,13,5500013,5550013,20,24,2,199,0.19,FALSE
"strong_interaction_power","gaussian","group:trait","rotation",3,14,5500014,5550014,20,24,2,199,0.005,TRUE
"strong_interaction_power","gaussian","group:trait","freedman_lane",3,14,5500014,5550014,20,24,2,199,0.005,TRUE
"strong_interaction_power","gaussian","group:trait","rotation",3,15,5500015,5550015,20,24,2,199,0.01,TRUE
"strong_interaction_power","gaussian","group:trait","freedman_lane",3,15,5500015,5550015,20,24,2,199,0.015,TRUE
"strong_interaction_power","gaussian","group:trait","rotation",3,16,5500016,5550016,20,24,2,199,0.245,FALSE
"strong_interaction_power","gaussian","group:trait","freedman_lane",3,16,5500016,5550016,20,24,2,199,0.17,FALSE
"strong_interaction_power","gaussian","group:trait","rotation",3,17,5500017,5550017,20,24,2,199,0.13,FALSE
"strong_interaction_power","gaussian","group:trait","freedman_lane",3,17,5500017,5550017,20,24,2,199,0.18,FALSE
"strong_interaction_power","gaussian","group:trait","rotation",3,18,5500018,5550018,20,24,2,199,0.005,TRUE
"strong_interaction_power","gaussian","group:trait","freedman_lane",3,18,5500018,5550018,20,24,2,199,0.005,TRUE
"strong_interaction_power","gaussian","group:trait","rotation",3,19,5500019,5550019,20,24,2,199,0.055,FALSE
"strong_interaction_power","gaussian","group:trait","freedman_lane",3,19,5500019,5550019,20,24,2,199,0.03,TRUE
"strong_interaction_power","gaussian","group:trait","rotation",3,20,5500020,5550020,20,24,2,199,0.295,FALSE
"strong_interaction_power","gaussian","group:trait","freedman_lane",3,20,5500020,5550020,20,24,2,199,0.26,FALSE
"strong_interaction_power","gaussian","group:trait","rotation",3,21,5500021,5550021,20,24,2,199,0.12,FALSE
"strong_interaction_power","gaussian","group:trait","freedman_lane",3,21,5500021,5550021,20,24,2,199,0.08,FALSE
"strong_interaction_power","gaussian","group:trait","rotation",3,22,5500022,5550022,20,24,2,199,0.185,FALSE
"strong_interaction_power","gaussian","group:trait","freedman_lane",3,22,5500022,5550022,20,24,2,199,0.1,FALSE
"strong_interaction_power","gaussian","group:trait","rotation",3,23,5500023,5550023,20,24,2,199,0.04,TRUE
"strong_interaction_power","gaussian","group:trait","freedman_lane",3,23,5500023,5550023,20,24,2,199,0.025,TRUE
"strong_interaction_power","gaussian","group:trait","rotation",3,24,5500024,5550024,20,24,2,199,0.195,FALSE
"strong_interaction_power","gaussian","group:trait","freedman_lane",3,24,5500024,5550024,20,24,2,199,0.12,FALSE
"strong_interaction_power","gaussian","group:trait","rotation",3,25,5500025,5550025,20,24,2,199,0.11,FALSE
"strong_interaction_power","gaussian","group:trait","freedman_lane",3,25,5500025,5550025,20,24,2,199,0.09,FALSE
"strong_interaction_power","gaussian","group:trait","rotation",3,26,5500026,5550026,20,24,2,199,0.065,FALSE
"strong_interaction_power","gaussian","group:trait","freedman_lane",3,26,5500026,5550026,20,24,2,199,0.02,TRUE
"strong_interaction_power","gaussian","group:trait","rotation",3,27,5500027,5550027,20,24,2,199,0.01,TRUE
"strong_interaction_power","gaussian","group:trait","freedman_lane",3,27,5500027,5550027,20,24,2,199,0.005,TRUE
"strong_interaction_power","gaussian","group:trait","rotation",3,28,5500028,5550028,20,24,2,199,0.005,TRUE
"strong_interaction_power","gaussian","group:trait","freedman_lane",3,28,5500028,5550028,20,24,2,199,0.005,TRUE
"strong_interaction_power","gaussian","group:trait","rotation",3,29,5500029,5550029,20,24,2,199,0.12,FALSE
"strong_interaction_power","gaussian","group:trait","freedman_lane",3,29,5500029,5550029,20,24,2,199,0.105,FALSE
"strong_interaction_power","gaussian","group:trait","rotation",3,30,5500030,5550030,20,24,2,199,0.1,FALSE
"strong_interaction_power","gaussian","group:trait","freedman_lane",3,30,5500030,5550030,20,24,2,199,0.025,TRUE
"strong_interaction_power","gaussian","group:trait","rotation",3,31,5500031,5550031,20,24,2,199,0.19,FALSE
"strong_interaction_power","gaussian","group:trait","freedman_lane",3,31,5500031,5550031,20,24,2,199,0.11,FALSE
"strong_interaction_power","gaussian","group:trait","rotation",3,32,5500032,5550032,20,24,2,199,0.01,TRUE
"strong_interaction_power","gaussian","group:trait","freedman_lane",3,32,5500032,5550032,20,24,2,199,0.01,TRUE
"strong_interaction_power","gaussian","group:trait","rotation",3,33,5500033,5550033,20,24,2,199,0.085,FALSE
"strong_interaction_power","gaussian","group:trait","freedman_lane",3,33,5500033,5550033,20,24,2,199,0.035,TRUE
"strong_interaction_power","gaussian","group:trait","rotation",3,34,5500034,5550034,20,24,2,199,0.005,TRUE
"strong_interaction_power","gaussian","group:trait","freedman_lane",3,34,5500034,5550034,20,24,2,199,0.005,TRUE
"strong_interaction_power","gaussian","group:trait","rotation",3,35,5500035,5550035,20,24,2,199,0.02,TRUE
"strong_interaction_power","gaussian","group:trait","freedman_lane",3,35,5500035,5550035,20,24,2,199,0.005,TRUE
"strong_interaction_power","gaussian","group:trait","rotation",3,36,5500036,5550036,20,24,2,199,0.02,TRUE
"strong_interaction_power","gaussian","group:trait","freedman_lane",3,36,5500036,5550036,20,24,2,199,0.005,TRUE
"strong_interaction_power","gaussian","group:trait","rotation",3,37,5500037,5550037,20,24,2,199,0.355,FALSE
"strong_interaction_power","gaussian","group:trait","freedman_lane",3,37,5500037,5550037,20,24,2,199,0.28,FALSE
"strong_interaction_power","gaussian","group:trait","rotation",3,38,5500038,5550038,20,24,2,199,0.03,TRUE
"strong_interaction_power","gaussian","group:trait","freedman_lane",3,38,5500038,5550038,20,24,2,199,0.01,TRUE
"strong_interaction_power","gaussian","group:trait","rotation",3,39,5500039,5550039,20,24,2,199,0.295,FALSE
"strong_interaction_power","gaussian","group:trait","freedman_lane",3,39,5500039,5550039,20,24,2,199,0.205,FALSE
"strong_interaction_power","gaussian","group:trait","rotation",3,40,5500040,5550040,20,24,2,199,0.055,FALSE
"strong_interaction_power","gaussian","group:trait","freedman_lane",3,40,5500040,5550040,20,24,2,199,0.02,TRUE
"strong_interaction_power","gaussian","group:trait","rotation",3,41,5500041,5550041,20,24,2,199,0.005,TRUE
"strong_interaction_power","gaussian","group:trait","freedman_lane",3,41,5500041,5550041,20,24,2,199,0.005,TRUE
"strong_interaction_power","gaussian","group:trait","rotation",3,42,5500042,5550042,20,24,2,199,0.03,TRUE
"strong_interaction_power","gaussian","group:trait","freedman_lane",3,42,5500042,5550042,20,24,2,199,0.005,TRUE
"strong_interaction_power","gaussian","group:trait","rotation",3,43,5500043,5550043,20,24,2,199,0.005,TRUE
"strong_interaction_power","gaussian","group:trait","freedman_lane",3,43,5500043,5550043,20,24,2,199,0.005,TRUE
"strong_interaction_power","gaussian","group:trait","rotation",3,44,5500044,5550044,20,24,2,199,0.065,FALSE
"strong_interaction_power","gaussian","group:trait","freedman_lane",3,44,5500044,5550044,20,24,2,199,0.04,TRUE
"strong_interaction_power","gaussian","group:trait","rotation",3,45,5500045,5550045,20,24,2,199,0.01,TRUE
"strong_interaction_power","gaussian","group:trait","freedman_lane",3,45,5500045,5550045,20,24,2,199,0.005,TRUE
"strong_interaction_power","gaussian","group:trait","rotation",3,46,5500046,5550046,20,24,2,199,0.035,TRUE
"strong_interaction_power","gaussian","group:trait","freedman_lane",3,46,5500046,5550046,20,24,2,199,0.01,TRUE
"strong_interaction_power","gaussian","group:trait","rotation",3,47,5500047,5550047,20,24,2,199,0.005,TRUE
"strong_interaction_power","gaussian","group:trait","freedman_lane",3,47,5500047,5550047,20,24,2,199,0.005,TRUE
"strong_interaction_power","gaussian","group:trait","rotation",3,48,5500048,5550048,20,24,2,199,0.005,TRUE
"strong_interaction_power","gaussian","group:trait","freedman_lane",3,48,5500048,5550048,20,24,2,199,0.005,TRUE
"strong_interaction_power","gaussian","group:trait","rotation",3,49,5500049,5550049,20,24,2,199,0.08,FALSE
"strong_interaction_power","gaussian","group:trait","freedman_lane",3,49,5500049,5550049,20,24,2,199,0.04,TRUE
"strong_interaction_power","gaussian","group:trait","rotation",3,50,5500050,5550050,20,24,2,199,0.085,FALSE
"strong_interaction_power","gaussian","group:trait","freedman_lane",3,50,5500050,5550050,20,24,2,199,0.03,TRUE
"strong_interaction_power","gaussian","group:trait","rotation",3,51,5500051,5550051,20,24,2,199,0.05,TRUE
"strong_interaction_power","gaussian","group:trait","freedman_lane",3,51,5500051,5550051,20,24,2,199,0.025,TRUE
"strong_interaction_power","gaussian","group:trait","rotation",3,52,5500052,5550052,20,24,2,199,0.085,FALSE
"strong_interaction_power","gaussian","group:trait","freedman_lane",3,52,5500052,5550052,20,24,2,199,0.1,FALSE
"strong_interaction_power","gaussian","group:trait","rotation",3,53,5500053,5550053,20,24,2,199,0.01,TRUE
"strong_interaction_power","gaussian","group:trait","freedman_lane",3,53,5500053,5550053,20,24,2,199,0.01,TRUE
"strong_interaction_power","gaussian","group:trait","rotation",3,54,5500054,5550054,20,24,2,199,0.06,FALSE
"strong_interaction_power","gaussian","group:trait","freedman_lane",3,54,5500054,5550054,20,24,2,199,0.05,TRUE
"strong_interaction_power","gaussian","group:trait","rotation",3,55,5500055,5550055,20,24,2,199,0.01,TRUE
"strong_interaction_power","gaussian","group:trait","freedman_lane",3,55,5500055,5550055,20,24,2,199,0.02,TRUE
"strong_interaction_power","gaussian","group:trait","rotation",3,56,5500056,5550056,20,24,2,199,0.04,TRUE
"strong_interaction_power","gaussian","group:trait","freedman_lane",3,56,5500056,5550056,20,24,2,199,0.035,TRUE
"strong_interaction_power","gaussian","group:trait","rotation",3,57,5500057,5550057,20,24,2,199,0.07,FALSE
"strong_interaction_power","gaussian","group:trait","freedman_lane",3,57,5500057,5550057,20,24,2,199,0.055,FALSE
"strong_interaction_power","gaussian","group:trait","rotation",3,58,5500058,5550058,20,24,2,199,0.175,FALSE
"strong_interaction_power","gaussian","group:trait","freedman_lane",3,58,5500058,5550058,20,24,2,199,0.15,FALSE
"strong_interaction_power","gaussian","group:trait","rotation",3,59,5500059,5550059,20,24,2,199,0.04,TRUE
"strong_interaction_power","gaussian","group:trait","freedman_lane",3,59,5500059,5550059,20,24,2,199,0.025,TRUE
"strong_interaction_power","gaussian","group:trait","rotation",3,60,5500060,5550060,20,24,2,199,0.25,FALSE
"strong_interaction_power","gaussian","group:trait","freedman_lane",3,60,5500060,5550060,20,24,2,199,0.205,FALSE
"strong_interaction_power","gaussian","group:trait","rotation",3,61,5500061,5550061,20,24,2,199,0.015,TRUE
"strong_interaction_power","gaussian","group:trait","freedman_lane",3,61,5500061,5550061,20,24,2,199,0.005,TRUE
"strong_interaction_power","gaussian","group:trait","rotation",3,62,5500062,5550062,20,24,2,199,0.085,FALSE
"strong_interaction_power","gaussian","group:trait","freedman_lane",3,62,5500062,5550062,20,24,2,199,0.05,TRUE
"strong_interaction_power","gaussian","group:trait","rotation",3,63,5500063,5550063,20,24,2,199,0.22,FALSE
"strong_interaction_power","gaussian","group:trait","freedman_lane",3,63,5500063,5550063,20,24,2,199,0.175,FALSE
"strong_interaction_power","gaussian","group:trait","rotation",3,64,5500064,5550064,20,24,2,199,0.15,FALSE
"strong_interaction_power","gaussian","group:trait","freedman_lane",3,64,5500064,5550064,20,24,2,199,0.12,FALSE
"strong_interaction_power","gaussian","group:trait","rotation",3,65,5500065,5550065,20,24,2,199,0.005,TRUE
"strong_interaction_power","gaussian","group:trait","freedman_lane",3,65,5500065,5550065,20,24,2,199,0.005,TRUE
"strong_interaction_power","gaussian","group:trait","rotation",3,66,5500066,5550066,20,24,2,199,0.01,TRUE
"strong_interaction_power","gaussian","group:trait","freedman_lane",3,66,5500066,5550066,20,24,2,199,0.005,TRUE
"strong_interaction_power","gaussian","group:trait","rotation",3,67,5500067,5550067,20,24,2,199,0.005,TRUE
"strong_interaction_power","gaussian","group:trait","freedman_lane",3,67,5500067,5550067,20,24,2,199,0.005,TRUE
"strong_interaction_power","gaussian","group:trait","rotation",3,68,5500068,5550068,20,24,2,199,0.005,TRUE
"strong_interaction_power","gaussian","group:trait","freedman_lane",3,68,5500068,5550068,20,24,2,199,0.005,TRUE
"strong_interaction_power","gaussian","group:trait","rotation",3,69,5500069,5550069,20,24,2,199,0.07,FALSE
"strong_interaction_power","gaussian","group:trait","freedman_lane",3,69,5500069,5550069,20,24,2,199,0.05,TRUE
"strong_interaction_power","gaussian","group:trait","rotation",3,70,5500070,5550070,20,24,2,199,0.06,FALSE
"strong_interaction_power","gaussian","group:trait","freedman_lane",3,70,5500070,5550070,20,24,2,199,0.06,FALSE
"strong_interaction_power","gaussian","group:trait","rotation",3,71,5500071,5550071,20,24,2,199,0.055,FALSE
"strong_interaction_power","gaussian","group:trait","freedman_lane",3,71,5500071,5550071,20,24,2,199,0.015,TRUE
"strong_interaction_power","gaussian","group:trait","rotation",3,72,5500072,5550072,20,24,2,199,0.01,TRUE
"strong_interaction_power","gaussian","group:trait","freedman_lane",3,72,5500072,5550072,20,24,2,199,0.005,TRUE
"strong_interaction_power","gaussian","group:trait","rotation",3,73,5500073,5550073,20,24,2,199,0.13,FALSE
"strong_interaction_power","gaussian","group:trait","freedman_lane",3,73,5500073,5550073,20,24,2,199,0.12,FALSE
"strong_interaction_power","gaussian","group:trait","rotation",3,74,5500074,5550074,20,24,2,199,0.09,FALSE
"strong_interaction_power","gaussian","group:trait","freedman_lane",3,74,5500074,5550074,20,24,2,199,0.055,FALSE
"strong_interaction_power","gaussian","group:trait","rotation",3,75,5500075,5550075,20,24,2,199,0.035,TRUE
"strong_interaction_power","gaussian","group:trait","freedman_lane",3,75,5500075,5550075,20,24,2,199,0.005,TRUE
"strong_interaction_power","gaussian","group:trait","rotation",3,76,5500076,5550076,20,24,2,199,0.055,FALSE
"strong_interaction_power","gaussian","group:trait","freedman_lane",3,76,5500076,5550076,20,24,2,199,0.06,FALSE
"strong_interaction_power","gaussian","group:trait","rotation",3,77,5500077,5550077,20,24,2,199,0.02,TRUE
"strong_interaction_power","gaussian","group:trait","freedman_lane",3,77,5500077,5550077,20,24,2,199,0.01,TRUE
"strong_interaction_power","gaussian","group:trait","rotation",3,78,5500078,5550078,20,24,2,199,0.105,FALSE
"strong_interaction_power","gaussian","group:trait","freedman_lane",3,78,5500078,5550078,20,24,2,199,0.035,TRUE
"strong_interaction_power","gaussian","group:trait","rotation",3,79,5500079,5550079,20,24,2,199,0.4,FALSE
"strong_interaction_power","gaussian","group:trait","freedman_lane",3,79,5500079,5550079,20,24,2,199,0.285,FALSE
"strong_interaction_power","gaussian","group:trait","rotation",3,80,5500080,5550080,20,24,2,199,0.28,FALSE
"strong_interaction_power","gaussian","group:trait","freedman_lane",3,80,5500080,5550080,20,24,2,199,0.15,FALSE
"strong_interaction_power","gaussian","group:trait","rotation",3,81,5500081,5550081,20,24,2,199,0.17,FALSE
"strong_interaction_power","gaussian","group:trait","freedman_lane",3,81,5500081,5550081,20,24,2,199,0.1,FALSE
"strong_interaction_power","gaussian","group:trait","rotation",3,82,5500082,5550082,20,24,2,199,0.375,FALSE
"strong_interaction_power","gaussian","group:trait","freedman_lane",3,82,5500082,5550082,20,24,2,199,0.285,FALSE
"strong_interaction_power","gaussian","group:trait","rotation",3,83,5500083,5550083,20,24,2,199,0.045,TRUE
"strong_interaction_power","gaussian","group:trait","freedman_lane",3,83,5500083,5550083,20,24,2,199,0.025,TRUE
"strong_interaction_power","gaussian","group:trait","rotation",3,84,5500084,5550084,20,24,2,199,0.14,FALSE
"strong_interaction_power","gaussian","group:trait","freedman_lane",3,84,5500084,5550084,20,24,2,199,0.055,FALSE
"strong_interaction_power","gaussian","group:trait","rotation",3,85,5500085,5550085,20,24,2,199,0.3,FALSE
"strong_interaction_power","gaussian","group:trait","freedman_lane",3,85,5500085,5550085,20,24,2,199,0.35,FALSE
"strong_interaction_power","gaussian","group:trait","rotation",3,86,5500086,5550086,20,24,2,199,0.01,TRUE
"strong_interaction_power","gaussian","group:trait","freedman_lane",3,86,5500086,5550086,20,24,2,199,0.005,TRUE
"strong_interaction_power","gaussian","group:trait","rotation",3,87,5500087,5550087,20,24,2,199,0.085,FALSE
"strong_interaction_power","gaussian","group:trait","freedman_lane",3,87,5500087,5550087,20,24,2,199,0.065,FALSE
"strong_interaction_power","gaussian","group:trait","rotation",3,88,5500088,5550088,20,24,2,199,0.01,TRUE
"strong_interaction_power","gaussian","group:trait","freedman_lane",3,88,5500088,5550088,20,24,2,199,0.005,TRUE
"strong_interaction_power","gaussian","group:trait","rotation",3,89,5500089,5550089,20,24,2,199,0.09,FALSE
"strong_interaction_power","gaussian","group:trait","freedman_lane",3,89,5500089,5550089,20,24,2,199,0.075,FALSE
"strong_interaction_power","gaussian","group:trait","rotation",3,90,5500090,5550090,20,24,2,199,0.005,TRUE
"strong_interaction_power","gaussian","group:trait","freedman_lane",3,90,5500090,5550090,20,24,2,199,0.005,TRUE
"strong_interaction_power","gaussian","group:trait","rotation",3,91,5500091,5550091,20,24,2,199,0.22,FALSE
"strong_interaction_power","gaussian","group:trait","freedman_lane",3,91,5500091,5550091,20,24,2,199,0.17,FALSE
"strong_interaction_power","gaussian","group:trait","rotation",3,92,5500092,5550092,20,24,2,199,0.095,FALSE
"strong_interaction_power","gaussian","group:trait","freedman_lane",3,92,5500092,5550092,20,24,2,199,0.085,FALSE
"strong_interaction_power","gaussian","group:trait","rotation",3,93,5500093,5550093,20,24,2,199,0.06,FALSE
"strong_interaction_power","gaussian","group:trait","freedman_lane",3,93,5500093,5550093,20,24,2,199,0.045,TRUE
"strong_interaction_power","gaussian","group:trait","rotation",3,94,5500094,5550094,20,24,2,199,0.075,FALSE
"strong_interaction_power","gaussian","group:trait","freedman_lane",3,94,5500094,5550094,20,24,2,199,0.04,TRUE
"strong_interaction_power","gaussian","group:trait","rotation",3,95,5500095,5550095,20,24,2,199,0.31,FALSE
"strong_interaction_power","gaussian","group:trait","freedman_lane",3,95,5500095,5550095,20,24,2,199,0.19,FALSE
"strong_interaction_power","gaussian","group:trait","rotation",3,96,5500096,5550096,20,24,2,199,0.005,TRUE
"strong_interaction_power","gaussian","group:trait","freedman_lane",3,96,5500096,5550096,20,24,2,199,0.005,TRUE
"strong_interaction_power","gaussian","group:trait","rotation",3,97,5500097,5550097,20,24,2,199,0.24,FALSE
"strong_interaction_power","gaussian","group:trait","freedman_lane",3,97,5500097,5550097,20,24,2,199,0.205,FALSE
"strong_interaction_power","gaussian","group:trait","rotation",3,98,5500098,5550098,20,24,2,199,0.6,FALSE
"strong_interaction_power","gaussian","group:trait","freedman_lane",3,98,5500098,5550098,20,24,2,199,0.48,FALSE
"strong_interaction_power","gaussian","group:trait","rotation",3,99,5500099,5550099,20,24,2,199,0.175,FALSE
"strong_interaction_power","gaussian","group:trait","freedman_lane",3,99,5500099,5550099,20,24,2,199,0.1,FALSE
"strong_interaction_power","gaussian","group:trait","rotation",3,100,5500100,5550100,20,24,2,199,0.265,FALSE
"strong_interaction_power","gaussian","group:trait","freedman_lane",3,100,5500100,5550100,20,24,2,199,0.175,FALSE
