"family","setting","estimand","n","batch","base_seed","replicate","p_value","legacy_ks_threshold","legacy_quantile_threshold"
"between_freedman_lane","primary_n20","group",20,1,800,1,0.68,0.05,0.09
"between_freedman_lane","primary_n20","group",20,1,800,2,0.2625,0.05,0.09
"between_freedman_lane","primary_n20","group",20,1,800,3,0.05,0.05,0.09
"between_freedman_lane","primary_n20","group",20,1,800,4,0.3675,0.05,0.09
"between_freedman_lane","primary_n20","group",20,1,800,5,0.26,0.05,0.09
"between_freedman_lane","primary_n20","group",20,1,800,6,0.06,0.05,0.09
"between_freedman_lane","primary_n20","group",20,1,800,7,0.22,0.05,0.09
"between_freedman_lane","primary_n20","group",20,1,800,8,0.3025,0.05,0.09
"between_freedman_lane","primary_n20","group",20,1,800,9,0.4725,0.05,0.09
"between_freedman_lane","primary_n20","group",20,1,800,10,0.7775,0.05,0.09
"between_freedman_lane","primary_n20","group",20,1,800,11,0.185,0.05,0.09
"between_freedman_lane","primary_n20","group",20,1,800,12,0.605,0.05,0.09
"between_freedman_lane","primary_n20","group",20,1,800,13,0.73,0.05,0.09
"between_freedman_lane","primary_n20","group",20,1,800,14,0.845,0.05,0.09
"between_freedman_lane","primary_n20","group",20,1,800,15,0.79,0.05,0.09
"between_freedman_lane","primary_n20","group",20,1,800,16,0.6,0.05,0.09
"between_freedman_lane","primary_n20","group",20,1,800,17,0.16,0.05,0.09
"between_freedman_lane","primary_n20","group",20,1,800,18,0.575,0.05,0.09
"between_freedman_lane","primary_n20","group",20,1,800,19,0.8225,0.05,0.09
"between_freedman_lane","primary_n20","group",20,1,800,20,0.57,0.05,0.09
"between_freedman_lane","primary_n20","group",20,1,800,21,0.245,0.05,0.09
"between_freedman_lane","primary_n20","group",20,1,800,22,0.4725,0.05,0.09
"between_freedman_lane","primary_n20","group",20,1,800,23,0.2625,0.05,0.09
"between_freedman_lane","primary_n20","group",20,1,800,24,0.955,0.05,0.09
"between_freedman_lane","primary_n20","group",20,1,800,25,0.19,0.05,0.09
"between_freedman_lane","primary_n20","group",20,1,800,26,0.59,0.05,0.09
"between_freedman_lane","primary_n20","group",20,1,800,27,0.48,0.05,0.09
"between_freedman_lane","primary_n20","group",20,1,800,28,0.8875,0.05,0.09
"between_freedman_lane","primary_n20","group",20,1,800,29,0.3325,0.05,0.09
"between_freedman_lane","primary_n20","group",20,1,800,30,0.6225,0.05,0.09
"between_freedman_lane","primary_n20","group",20,1,800,31,0.06,0.05,0.09
"between_freedman_lane","primary_n20","group",20,1,800,32,0.965,0.05,0.09
"between_freedman_lane","primary_n20","group",20,1,800,33,1,0.05,0.09
"between_freedman_lane","primary_n20","group",20,1,800,34,0.24,0.05,0.09
"between_freedman_lane","primary_n20","group",20,1,800,35,0.0275,0.05,0.09
"between_freedman_lane","primary_n20","group",20,1,800,36,0.01,0.05,0.09
"between_freedman_lane","primary_n20","group",20,1,800,37,0.175,0.05,0.09
"between_freedman_lane","primary_n20","group",20,1,800,38,0.48,0.05,0.09
"between_freedman_lane","primary_n20","group",20,1,800,39,0.07,0.05,0.09
"between_freedman_lane","primary_n20","group",20,1,800,40,0.78,0.05,0.09
"between_freedman_lane","primary_n20","group",20,1,800,41,0.3725,0.05,0.09
"between_freedman_lane","primary_n20","group",20,1,800,42,0.5725,0.05,0.09
"between_freedman_lane","primary_n20","group",20,1,800,43,0.215,0.05,0.09
"between_freedman_lane","primary_n20","group",20,1,800,44,0.6125,0.05,0.09
"between_freedman_lane","primary_n20","group",20,1,800,45,0.005,0.05,0.09
"between_freedman_lane","primary_n20","group",20,1,800,46,0.5175,0.05,0.09
"between_freedman_lane","primary_n20","group",20,1,800,47,0.61,0.05,0.09
"between_freedman_lane","primary_n20","group",20,1,800,48,0.3775,0.05,0.09
"between_freedman_lane","primary_n20","group",20,1,800,49,0.27,0.05,0.09
"between_freedman_lane","primary_n20","group",20,1,800,50,0.9375,0.05,0.09
"between_freedman_lane","primary_n20","group",20,1,800,51,0.9875,0.05,0.09
"between_freedman_lane","primary_n20","group",20,1,800,52,0.955,0.05,0.09
"between_freedman_lane","primary_n20","group",20,1,800,53,0.4725,0.05,0.09
"between_freedman_lane","primary_n20","group",20,1,800,54,0.0075,0.05,0.09
"between_freedman_lane","primary_n20","group",20,1,800,55,0.49,0.05,0.09
"between_freedman_lane","primary_n20","group",20,1,800,56,0.4275,0.05,0.09
"between_freedman_lane","primary_n20","group",20,1,800,57,0.19,0.05,0.09
"between_freedman_lane","primary_n20","group",20,1,800,58,0.24,0.05,0.09
"between_freedman_lane","primary_n20","group",20,1,800,59,0.33,0.05,0.09
"between_freedman_lane","primary_n20","group",20,1,800,60,0.3975,0.05,0.09
"between_freedman_lane","primary_n20","group",20,1,800,61,0.3375,0.05,0.09
"between_freedman_lane","primary_n20","group",20,1,800,62,0.355,0.05,0.09
"between_freedman_lane","primary_n20","group",20,1,800,63,0.36,0.05,0.09
"between_freedman_lane","primary_n20","group",20,1,800,64,0.175,0.05,0.09
"between_freedman_lane","primary_n20","group",20,1,800,65,0.5075,0.05,0.09
"between_freedman_lane","primary_n20","group",20,1,800,66,0.25,0.05,0.09
"between_freedman_lane","primary_n20","group",20,1,800,67,0.0025,0.05,0.09
"between_freedman_lane","primary_n20","group",20,1,800,68,0.105,0.05,0.09
"between_freedman_lane","primary_n20","group",20,1,800,69,0.6825,0.05,0.09
"between_freedman_lane","primary_n20","group",20,1,800,70,0.26,0.05,0.09
"between_freedman_lane","primary_n20","group",20,1,800,71,0.915,0.05,0.09
"between_freedman_lane","primary_n20","group",20,1,800,72,0.77,0.05,0.09
"between_freedman_lane","primary_n20","group",20,1,800,73,0.4625,0.05,0.09
"between_freedman_lane","primary_n20","group",20,1,800,74,0.9275,0.05,0.09
"between_freedman_lane","primary_n20","group",20,1,800,75,0.4675,0.05,0.09
"between_freedman_lane","primary_n20","group",20,1,800,76,0.915,0.05,0.09
"between_freedman_lane","primary_n20","group",20,1,800,77,0.535,0.05,0.09
"between_freedman_lane","primary_n20","group",20,1,800,78,0.0075,0.05,0.09
"between_freedman_lane","primary_n20","group",20,1,800,79,0.5725,0.05,0.09
"between_freedman_lane","primary_n20","group",20,1,800,80,0.1825,0.05,0.09
"between_freedman_lane","primary_n20","group",20,1,800,81,0.1275,0.05,0.09
"between_freedman_lane","primary_n20","group",20,1,800,82,0.335,0.05,0.09
"between_freedman_lane","primary_n20","group",20,1,800,83,0.18,0.05,0.09
"between_freedman_lane","primary_n20","group",20,1,800,84,0.985,0.05,0.09
"between_freedman_lane","primary_n20","group",20,1,800,85,0.2675,0.05,0.09
"between_freedman_lane","primary_n20","group",20,1,800,86,0.87,0.05,0.09
"between_freedman_lane","primary_n20","group",20,1,800,87,0.445,0.05,0.09
"between_freedman_lane","primary_n20","group",20,1,800,88,0.86,0.05,0.09
"between_freedman_lane","primary_n20","group",20,1,800,89,0.15,0.05,0.09
"between_freedman_lane","primary_n20","group",20,1,800,90,0.885,0.05,0.09
"between_freedman_lane","primary_n20","group",20,1,800,91,0.325,0.05,0.09
"between_freedman_lane","primary_n20","group",20,1,800,92,0.1275,0.05,0.09
"between_freedman_lane","primary_n20","group",20,1,800,93,0.1775,0.05,0.09
"between_freedman_lane","primary_n20","group",20,1,800,94,0.5025,0.05,0.09
"between_freedman_lane","primary_n20","group",20,1,800,95,0.9925,0.05,0.09
"between_freedman_lane","primary_n20","group",20,1,800,96,0.8,0.05,0.09
"between_freedman_lane","primary_n20","group",20,1,800,97,0.11,0.05,0.09
"between_freedman_lane","primary_n20","group",20,1,800,98,0.9725,0.05,0.09
"between_freedman_lane","primary_n20","group",20,1,800,99,0.365,0.05,0.09
"between_freedman_lane","primary_n20","group",20,1,800,100,0.4575,0.05,0.09
"between_freedman_lane","primary_n20","group",20,1,800,101,0.755,0.05,0.09
"between_freedman_lane","primary_n20","group",20,1,800,102,0.4575,0.05,0.09
"between_freedman_lane","primary_n20","group",20,1,800,103,0.155,0.05,0.09
"between_freedman_lane","primary_n20","group",20,1,800,104,0.0075,0.05,0.09
"between_freedman_lane","primary_n20","group",20,1,800,105,0.485,0.05,0.09
"between_freedman_lane","primary_n20","group",20,1,800,106,0.2875,0.05,0.09
"between_freedman_lane","primary_n20","group",20,1,800,107,0.64,0.05,0.09
"between_freedman_lane","primary_n20","group",20,1,800,108,0.285,0.05,0.09
"between_freedman_lane","primary_n20","group",20,1,800,109,0.7775,0.05,0.09
"between_freedman_lane","primary_n20","group",20,1,800,110,0.685,0.05,0.09
"between_freedman_lane","primary_n20","group",20,1,800,111,0.36,0.05,0.09
"between_freedman_lane","primary_n20","group",20,1,800,112,0.835,0.05,0.09
"between_freedman_lane","primary_n20","group",20,1,800,113,0.5525,0.05,0.09
"between_freedman_lane","primary_n20","group",20,1,800,114,0.1375,0.05,0.09
"between_freedman_lane","primary_n20","group",20,1,800,115,0.715,0.05,0.09
"between_freedman_lane","primary_n20","group",20,1,800,116,0.3225,0.05,0.09
"between_freedman_lane","primary_n20","group",20,1,800,117,0.1475,0.05,0.09
"between_freedman_lane","primary_n20","group",20,1,800,118,0.0725,0.05,0.09
"between_freedman_lane","primary_n20","group",20,1,800,119,0.215,0.05,0.09
"between_freedman_lane","primary_n20","group",20,1,800,120,0.2425,0.05,0.09
"between_freedman_lane","primary_n20","group",20,1,800,121,0.8575,0.05,0.09
"between_freedman_lane","primary_n20","group",20,1,800,122,0.695,0.05,0.09
"between_freedman_lane","primary_n20","group",20,1,800,123,0.115,0.05,0.09
"between_freedman_lane","primary_n20","group",20,1,800,124,0.0975,0.05,0.09
"between_freedman_lane","primary_n20","group",20,1,800,125,0.1325,0.05,0.09
"between_freedman_lane","primary_n20","group",20,1,800,126,0.4775,0.05,0.09
"between_freedman_lane","primary_n20","group",20,1,800,127,0.8325,0.05,0.09
"between_freedman_lane","primary_n20","group",20,1,800,128,0.6025,0.05,0.09
"between_freedman_lane","primary_n20","group",20,1,800,129,0.3475,0.05,0.09
"between_freedman_lane","primary_n20","group",20,1,800,130,0.2825,0.05,0.09
"between_freedman_lane","primary_n20","group",20,1,800,131,0.0125,0.05,0.09
"between_freedman_lane","primary_n20","group",20,1,800,132,0.805,0.05,0.09
"between_freedman_lane","primary_n20","group",20,1,800,133,0.21,0.05,0.09
"between_freedman_lane","primary_n20","group",20,1,800,134,0.0775,0.05,0.09
"between_freedman_lane","primary_n20","group",20,1,800,135,0.545,0.05,0.09
"between_freedman_lane","primary_n20","group",20,1,800,136,0.26,0.05,0.09
"between_freedman_lane","primary_n20","group",20,1,800,137,0.9625,0.05,0.09
"between_freedman_lane","primary_n20","group",20,1,800,138,0.055,0.05,0.09
"between_freedman_lane","primary_n20","group",20,1,800,139,0.7375,0.05,0.09
"between_freedman_lane","primary_n20","group",20,1,800,140,0.7125,0.05,0.09
"between_freedman_lane","primary_n20","group",20,1,800,141,0.2325,0.05,0.09
"between_freedman_lane","primary_n20","group",20,1,800,142,0.3975,0.05,0.09
"between_freedman_lane","primary_n20","group",20,1,800,143,0.3275,0.05,0.09
"between_freedman_lane","primary_n20","group",20,1,800,144,0.5625,0.05,0.09
"between_freedman_lane","primary_n20","group",20,1,800,145,0.3175,0.05,0.09
"between_freedman_lane","primary_n20","group",20,1,800,146,0.6225,0.05,0.09
"between_freedman_lane","primary_n20","group",20,1,800,147,0.085,0.05,0.09
"between_freedman_lane","primary_n20","group",20,1,800,148,0.9725,0.05,0.09
"between_freedman_lane","primary_n20","group",20,1,800,149,0.255,0.05,0.09
"between_freedman_lane","primary_n20","group",20,1,800,150,0.5575,0.05,0.09
"between_freedman_lane","primary_n20","group",20,1,800,151,0.9375,0.05,0.09
"between_freedman_lane","primary_n20","group",20,1,800,152,0.19,0.05,0.09
"between_freedman_lane","primary_n20","group",20,1,800,153,0.525,0.05,0.09
"between_freedman_lane","primary_n20","group",20,1,800,154,0.54,0.05,0.09
"between_freedman_lane","primary_n20","group",20,1,800,155,0.72,0.05,0.09
"between_freedman_lane","primary_n20","group",20,1,800,156,0.79,0.05,0.09
"between_freedman_lane","primary_n20","group",20,1,800,157,0.2775,0.05,0.09
"between_freedman_lane","primary_n20","group",20,1,800,158,0.4475,0.05,0.09
"between_freedman_lane","primary_n20","group",20,1,800,159,0.3425,0.05,0.09
"between_freedman_lane","primary_n20","group",20,1,800,160,0.9925,0.05,0.09
"between_freedman_lane","primary_n20","group",20,1,800,161,0.6025,0.05,0.09
"between_freedman_lane","primary_n20","group",20,1,800,162,0.74,0.05,0.09
"between_freedman_lane","primary_n20","group",20,1,800,163,0.8625,0.05,0.09
"between_freedman_lane","primary_n20","group",20,1,800,164,0.105,0.05,0.09
"between_freedman_lane","primary_n20","group",20,1,800,165,0.48,0.05,0.09
"between_freedman_lane","primary_n20","group",20,1,800,166,0.5275,0.05,0.09
"between_freedman_lane","primary_n20","group",20,1,800,167,0.3525,0.05,0.09
"between_freedman_lane","primary_n20","group",20,1,800,168,0.6325,0.05,0.09
"between_freedman_lane","primary_n20","group",20,1,800,169,0.0125,0.05,0.09
"between_freedman_lane","primary_n20","group",20,1,800,170,0.87,0.05,0.09
"between_freedman_lane","primary_n20","group",20,1,800,171,0.4125,0.05,0.09
"between_freedman_lane","primary_n20","group",20,1,800,172,0.115,0.05,0.09
"between_freedman_lane","primary_n20","group",20,1,800,173,0.4125,0.05,0.09
"between_freedman_lane","primary_n20","group",20,1,800,174,0.58,0.05,0.09
"between_freedman_lane","primary_n20","group",20,1,800,175,0.7375,0.05,0.09
"between_freedman_lane","primary_n20","group",20,1,800,176,0.25,0.05,0.09
"between_freedman_lane","primary_n20","group",20,1,800,177,0.1875,0.05,0.09
"between_freedman_lane","primary_n20","group",20,1,800,178,0.045,0.05,0.09
"between_freedman_lane","primary_n20","group",20,1,800,179,0.66,0.05,0.09
"between_freedman_lane","primary_n20","group",20,1,800,180,0.7425,0.05,0.09
"between_freedman_lane","primary_n20","group",20,1,800,181,0.8175,0.05,0.09
"between_freedman_lane","primary_n20","group",20,1,800,182,0.095,0.05,0.09
"between_freedman_lane","primary_n20","group",20,1,800,183,0.86,0.05,0.09
"between_freedman_lane","primary_n20","group",20,1,800,184,0.7875,0.05,0.09
"between_freedman_lane","primary_n20","group",20,1,800,185,0.9725,0.05,0.09
"between_freedman_lane","primary_n20","group",20,1,800,186,0.1575,0.05,0.09
"between_freedman_lane","primary_n20","group",20,1,800,187,0.9425,0.05,0.09
"between_freedman_lane","primary_n20","group",20,1,800,188,0.6125,0.05,0.09
"between_freedman_lane","primary_n20","group",20,1,800,189,0.425,0.05,0.09
"between_freedman_lane","primary_n20","group",20,1,800,190,0.7675,0.05,0.09
"between_freedman_lane","primary_n20","group",20,1,800,191,0.02,0.05,0.09
"between_freedman_lane","primary_n20","group",20,1,800,192,0.4425,0.05,0.09
"between_freedman_lane","primary_n20","group",20,1,800,193,0.375,0.05,0.09
"between_freedman_lane","primary_n20","group",20,1,800,194,0.675,0.05,0.09
"between_freedman_lane","primary_n20","group",20,1,800,195,0.4075,0.05,0.09
"between_freedman_lane","primary_n20","group",20,1,800,196,0.46,0.05,0.09
"between_freedman_lane","primary_n20","group",20,1,800,197,0.99,0.05,0.09
"between_freedman_lane","primary_n20","group",20,1,800,198,0.4525,0.05,0.09
"between_freedman_lane","primary_n20","group",20,1,800,199,0.9825,0.05,0.09
"between_freedman_lane","primary_n20","group",20,1,800,200,0.3975,0.05,0.09
"between_freedman_lane","primary_n20","trait",20,1,800,1,0.4975,0.05,0.09
"between_freedman_lane","primary_n20","trait",20,1,800,2,0.42,0.05,0.09
"between_freedman_lane","primary_n20","trait",20,1,800,3,0.0275,0.05,0.09
"between_freedman_lane","primary_n20","trait",20,1,800,4,0.39,0.05,0.09
"between_freedman_lane","primary_n20","trait",20,1,800,5,0.9975,0.05,0.09
"between_freedman_lane","primary_n20","trait",20,1,800,6,0.1925,0.05,0.09
"between_freedman_lane","primary_n20","trait",20,1,800,7,0.5825,0.05,0.09
"between_freedman_lane","primary_n20","trait",20,1,800,8,0.1125,0.05,0.09
"between_freedman_lane","primary_n20","trait",20,1,800,9,0.4025,0.05,0.09
"between_freedman_lane","primary_n20","trait",20,1,800,10,0.5125,0.05,0.09
"between_freedman_lane","primary_n20","trait",20,1,800,11,0.0025,0.05,0.09
"between_freedman_lane","primary_n20","trait",20,1,800,12,0.5525,0.05,0.09
"between_freedman_lane","primary_n20","trait",20,1,800,13,0.4125,0.05,0.09
"between_freedman_lane","primary_n20","trait",20,1,800,14,0.1475,0.05,0.09
"between_freedman_lane","primary_n20","trait",20,1,800,15,0.3475,0.05,0.09
"between_freedman_lane","primary_n20","trait",20,1,800,16,0.6675,0.05,0.09
"between_freedman_lane","primary_n20","trait",20,1,800,17,1,0.05,0.09
"between_freedman_lane","primary_n20","trait",20,1,800,18,0.2375,0.05,0.09
"between_freedman_lane","primary_n20","trait",20,1,800,19,0.075,0.05,0.09
"between_freedman_lane","primary_n20","trait",20,1,800,20,0.275,0.05,0.09
"between_freedman_lane","primary_n20","trait",20,1,800,21,0.8425,0.05,0.09
"between_freedman_lane","primary_n20","trait",20,1,800,22,0.7625,0.05,0.09
"between_freedman_lane","primary_n20","trait",20,1,800,23,0.555,0.05,0.09
"between_freedman_lane","primary_n20","trait",20,1,800,24,0.215,0.05,0.09
"between_freedman_lane","primary_n20","trait",20,1,800,25,0.1575,0.05,0.09
"between_freedman_lane","primary_n20","trait",20,1,800,26,0.465,0.05,0.09
"between_freedman_lane","primary_n20","trait",20,1,800,27,0.7,0.05,0.09
"between_freedman_lane","primary_n20","trait",20,1,800,28,0.745,0.05,0.09
"between_freedman_lane","primary_n20","trait",20,1,800,29,0.2875,0.05,0.09
"between_freedman_lane","primary_n20","trait",20,1,800,30,0.1,0.05,0.09
"between_freedman_lane","primary_n20","trait",20,1,800,31,0.22,0.05,0.09
"between_freedman_lane","primary_n20","trait",20,1,800,32,0.2025,0.05,0.09
"between_freedman_lane","primary_n20","trait",20,1,800,33,0.715,0.05,0.09
"between_freedman_lane","primary_n20","trait",20,1,800,34,0.2075,0.05,0.09
"between_freedman_lane","primary_n20","trait",20,1,800,35,0.2375,0.05,0.09
"between_freedman_lane","primary_n20","trait",20,1,800,36,0.075,0.05,0.09
"between_freedman_lane","primary_n20","trait",20,1,800,37,0.635,0.05,0.09
"between_freedman_lane","primary_n20","trait",20,1,800,38,0.37,0.05,0.09
"between_freedman_lane","primary_n20","trait",20,1,800,39,0.9775,0.05,0.09
"between_freedman_lane","primary_n20","trait",20,1,800,40,0.75,0.05,0.09
"between_freedman_lane","primary_n20","trait",20,1,800,41,0.115,0.05,0.09
"between_freedman_lane","primary_n20","trait",20,1,800,42,0.4225,0.05,0.09
"between_freedman_lane","primary_n20","trait",20,1,800,43,0.24,0.05,0.09
"between_freedman_lane","primary_n20","trait",20,1,800,44,0.47,0.05,0.09
"between_freedman_lane","primary_n20","trait",20,1,800,45,0.145,0.05,0.09
"between_freedman_lane","primary_n20","trait",20,1,800,46,0.695,0.05,0.09
"between_freedman_lane","primary_n20","trait",20,1,800,47,0.4825,0.05,0.09
"between_freedman_lane","primary_n20","trait",20,1,800,48,0.8,0.05,0.09
"between_freedman_lane","primary_n20","trait",20,1,800,49,0.4675,0.05,0.09
"between_freedman_lane","primary_n20","trait",20,1,800,50,0.5925,0.05,0.09
"between_freedman_lane","primary_n20","trait",20,1,800,51,0.88,0.05,0.09
"between_freedman_lane","primary_n20","trait",20,1,800,52,0.75,0.05,0.09
"between_freedman_lane","primary_n20","trait",20,1,800,53,0.2475,0.05,0.09
"between_freedman_lane","primary_n20","trait",20,1,800,54,0.025,0.05,0.09
"between_freedman_lane","primary_n20","trait",20,1,800,55,0.405,0.05,0.09
"between_freedman_lane","primary_n20","trait",20,1,800,56,0.06,0.05,0.09
"between_freedman_lane","primary_n20","trait",20,1,800,57,0.01,0.05,0.09
"between_freedman_lane","primary_n20","trait",20,1,800,58,0.025,0.05,0.09
"between_freedman_lane","primary_n20","trait",20,1,800,59,0.2575,0.05,0.09
"between_freedman_lane","primary_n20","trait",20,1,800,60,0.5575,0.05,0.09
"between_freedman_lane","primary_n20","trait",20,1,800,61,0.1475,0.05,0.09
"between_freedman_lane","primary_n20","trait",20,1,800,62,0.16,0.05,0.09
"between_freedman_lane","primary_n20","trait",20,1,800,63,0.81,0.05,0.09
"between_freedman_lane","primary_n20","trait",20,1,800,64,0.525,0.05,0.09
"between_freedman_lane","primary_n20","trait",20,1,800,65,0.3475,0.05,0.09
"between_freedman_lane","primary_n20","trait",20,1,800,66,0.2875,0.05,0.09
"between_freedman_lane","primary_n20","trait",20,1,800,67,0.22,0.05,0.09
"between_freedman_lane","primary_n20","trait",20,1,800,68,0.49,0.05,0.09
"between_freedman_lane","primary_n20","trait",20,1,800,69,0.77,0.05,0.09
"between_freedman_lane","primary_n20","trait",20,1,800,70,0.375,0.05,0.09
"between_freedman_lane","primary_n20","trait",20,1,800,71,0.845,0.05,0.09
"between_freedman_lane","primary_n20","trait",20,1,800,72,0.5525,0.05,0.09
"between_freedman_lane","primary_n20","trait",20,1,800,73,0.7675,0.05,0.09
"between_freedman_lane","primary_n20","trait",20,1,800,74,0.9325,0.05,0.09
"between_freedman_lane","primary_n20","trait",20,1,800,75,0.9425,0.05,0.09
"between_freedman_lane","primary_n20","trait",20,1,800,76,0.8325,0.05,0.09
"between_freedman_lane","primary_n20","trait",20,1,800,77,0.04,0.05,0.09
"between_freedman_lane","primary_n20","trait",20,1,800,78,0.07,0.05,0.09
"between_freedman_lane","primary_n20","trait",20,1,800,79,0.7325,0.05,0.09
"between_freedman_lane","primary_n20","trait",20,1,800,80,0.72,0.05,0.09
"between_freedman_lane","primary_n20","trait",20,1,800,81,0.28,0.05,0.09
"between_freedman_lane","primary_n20","trait",20,1,800,82,0.4975,0.05,0.09
"between_freedman_lane","primary_n20","trait",20,1,800,83,0.26,0.05,0.09
"between_freedman_lane","primary_n20","trait",20,1,800,84,0.22,0.05,0.09
"between_freedman_lane","primary_n20","trait",20,1,800,85,0.4425,0.05,0.09
"between_freedman_lane","primary_n20","trait",20,1,800,86,0.165,0.05,0.09
"between_freedman_lane","primary_n20","trait",20,1,800,87,0.385,0.05,0.09
"between_freedman_lane","primary_n20","trait",20,1,800,88,0.8275,0.05,0.09
"between_freedman_lane","primary_n20","trait",20,1,800,89,0.885,0.05,0.09
"between_freedman_lane","primary_n20","trait",20,1,800,90,0.7075,0.05,0.09
"between_freedman_lane","primary_n20","trait",20,1,800,91,0.22,0.05,0.09
"between_freedman_lane","primary_n20","trait",20,1,800,92,0.2925,0.05,0.09
"between_freedman_lane","primary_n20","trait",20,1,800,93,0.48,0.05,0.09
"between_freedman_lane","primary_n20","trait",20,1,800,94,0.11,0.05,0.09
"between_freedman_lane","primary_n20","trait",20,1,800,95,0.655,0.05,0.09
"between_freedman_lane","primary_n20","trait",20,1,800,96,0.1125,0.05,0.09
"between_freedman_lane","primary_n20","trait",20,1,800,97,0.635,0.05,0.09
"between_freedman_lane","primary_n20","trait",20,1,800,98,0.305,0.05,0.09
"between_freedman_lane","primary_n20","trait",20,1,800,99,0.065,0.05,0.09
"between_freedman_lane","primary_n20","trait",20,1,800,100,0.515,0.05,0.09
"between_freedman_lane","primary_n20","trait",20,1,800,101,0.43,0.05,0.09
"between_freedman_lane","primary_n20","trait",20,1,800,102,0.6025,0.05,0.09
"between_freedman_lane","primary_n20","trait",20,1,800,103,0.4375,0.05,0.09
"between_freedman_lane","primary_n20","trait",20,1,800,104,0.13,0.05,0.09
"between_freedman_lane","primary_n20","trait",20,1,800,105,0.9825,0.05,0.09
"between_freedman_lane","primary_n20","trait",20,1,800,106,0.005,0.05,0.09
"between_freedman_lane","primary_n20","trait",20,1,800,107,0.535,0.05,0.09
"between_freedman_lane","primary_n20","trait",20,1,800,108,0.665,0.05,0.09
"between_freedman_lane","primary_n20","trait",20,1,800,109,0.65,0.05,0.09
"between_freedman_lane","primary_n20","trait",20,1,800,110,0.84,0.05,0.09
"between_freedman_lane","primary_n20","trait",20,1,800,111,0.25,0.05,0.09
"between_freedman_lane","primary_n20","trait",20,1,800,112,0.7325,0.05,0.09
"between_freedman_lane","primary_n20","trait",20,1,800,113,0.2825,0.05,0.09
"between_freedman_lane","primary_n20","trait",20,1,800,114,0.0825,0.05,0.09
"between_freedman_lane","primary_n20","trait",20,1,800,115,0.3175,0.05,0.09
"between_freedman_lane","primary_n20","trait",20,1,800,116,0.3175,0.05,0.09
"between_freedman_lane","primary_n20","trait",20,1,800,117,0.11,0.05,0.09
"between_freedman_lane","primary_n20","trait",20,1,800,118,0.4775,0.05,0.09
"between_freedman_lane","primary_n20","trait",20,1,800,119,0.215,0.05,0.09
"between_freedman_lane","primary_n20","trait",20,1,800,120,0.755,0.05,0.09
"between_freedman_lane","primary_n20","trait",20,1,800,121,0.5675,0.05,0.09
"between_freedman_lane","primary_n20","trait",20,1,800,122,0.01,0.05,0.09
"between_freedman_lane","primary_n20","trait",20,1,800,123,0.47,0.05,0.09
"between_freedman_lane","primary_n20","trait",20,1,800,124,0.99,0.05,0.09
"between_freedman_lane","primary_n20","trait",20,1,800,125,0.3325,0.05,0.09
"between_freedman_lane","primary_n20","trait",20,1,800,126,0.44,0.05,0.09
"between_freedman_lane","primary_n20","trait",20,1,800,127,0.01,0.05,0.09
"between_freedman_lane","primary_n20","trait",20,1,800,128,0.4275,0.05,0.09
"between_freedman_lane","primary_n20","trait",20,1,800,129,0.695,0.05,0.09
"between_freedman_lane","primary_n20","trait",20,1,800,130,0.64,0.05,0.09
"between_freedman_lane","primary_n20","trait",20,1,800,131,0.3875,0.05,0.09
"between_freedman_lane","primary_n20","trait",20,1,800,132,0.225,0.05,0.09
"between_freedman_lane","primary_n20","trait",20,1,800,133,0.9875,0.05,0.09
"between_freedman_lane","primary_n20","trait",20,1,800,134,0.1325,0.05,0.09
"between_freedman_lane","primary_n20","trait",20,1,800,135,0.8925,0.05,0.09
"between_freedman_lane","primary_n20","trait",20,1,800,136,0.1875,0.05,0.09
"between_freedman_lane","primary_n20","trait",20,1,800,137,0.17,0.05,0.09
"between_freedman_lane","primary_n20","trait",20,1,800,138,0.08,0.05,0.09
"between_freedman_lane","primary_n20","trait",20,1,800,139,0.3525,0.05,0.09
"between_freedman_lane","primary_n20","trait",20,1,800,140,0.1175,0.05,0.09
"between_freedman_lane","primary_n20","trait",20,1,800,141,0.2425,0.05,0.09
"between_freedman_lane","primary_n20","trait",20,1,800,142,0.3825,0.05,0.09
"between_freedman_lane","primary_n20","trait",20,1,800,143,0.13,0.05,0.09
"between_freedman_lane","primary_n20","trait",20,1,800,144,0.3925,0.05,0.09
"between_freedman_lane","primary_n20","trait",20,1,800,145,0.2475,0.05,0.09
"between_freedman_lane","primary_n20","trait",20,1,800,146,0.955,0.05,0.09
"between_freedman_lane","primary_n20","trait",20,1,800,147,0.7525,0.05,0.09
"between_freedman_lane","primary_n20","trait",20,1,800,148,0.13,0.05,0.09
"between_freedman_lane","primary_n20","trait",20,1,800,149,0.025,0.05,0.09
"between_freedman_lane","primary_n20","trait",20,1,800,150,0.935,0.05,0.09
"between_freedman_lane","primary_n20","trait",20,1,800,151,0.95,0.05,0.09
"between_freedman_lane","primary_n20","trait",20,1,800,152,0.68,0.05,0.09
"between_freedman_lane","primary_n20","trait",20,1,800,153,0.665,0.05,0.09
"between_freedman_lane","primary_n20","trait",20,1,800,154,0.7975,0.05,0.09
"between_freedman_lane","primary_n20","trait",20,1,800,155,0.0225,0.05,0.09
"between_freedman_lane","primary_n20","trait",20,1,800,156,0.1125,0.05,0.09
"between_freedman_lane","primary_n20","trait",20,1,800,157,0.0775,0.05,0.09
"between_freedman_lane","primary_n20","trait",20,1,800,158,0.94,0.05,0.09
"between_freedman_lane","primary_n20","trait",20,1,800,159,0.6325,0.05,0.09
"between_freedman_lane","primary_n20","trait",20,1,800,160,0.215,0.05,0.09
"between_freedman_lane","primary_n20","trait",20,1,800,161,0.885,0.05,0.09
"between_freedman_lane","primary_n20","trait",20,1,800,162,0.9175,0.05,0.09
"between_freedman_lane","primary_n20","trait",20,1,800,163,0.405,0.05,0.09
"between_freedman_lane","primary_n20","trait",20,1,800,164,0.085,0.05,0.09
"between_freedman_lane","primary_n20","trait",20,1,800,165,0.515,0.05,0.09
"between_freedman_lane","primary_n20","trait",20,1,800,166,0.68,0.05,0.09
"between_freedman_lane","primary_n20","trait",20,1,800,167,0.4075,0.05,0.09
"between_freedman_lane","primary_n20","trait",20,1,800,168,0.2325,0.05,0.09
"between_freedman_lane","primary_n20","trait",20,1,800,169,0.7275,0.05,0.09
"between_freedman_lane","primary_n20","trait",20,1,800,170,0.3625,0.05,0.09
"between_freedman_lane","primary_n20","trait",20,1,800,171,0.6575,0.05,0.09
"between_freedman_lane","primary_n20","trait",20,1,800,172,0.2025,0.05,0.09
"between_freedman_lane","primary_n20","trait",20,1,800,173,0.125,0.05,0.09
"between_freedman_lane","primary_n20","trait",20,1,800,174,0.4275,0.05,0.09
"between_freedman_lane","primary_n20","trait",20,1,800,175,0.6025,0.05,0.09
"between_freedman_lane","primary_n20","trait",20,1,800,176,0.7825,0.05,0.09
"between_freedman_lane","primary_n20","trait",20,1,800,177,0.5875,0.05,0.09
"between_freedman_lane","primary_n20","trait",20,1,800,178,0.16,0.05,0.09
"between_freedman_lane","primary_n20","trait",20,1,800,179,0.325,0.05,0.09
"between_freedman_lane","primary_n20","trait",20,1,800,180,0.0475,0.05,0.09
"between_freedman_lane","primary_n20","trait",20,1,800,181,0.59,0.05,0.09
"between_freedman_lane","primary_n20","trait",20,1,800,182,0.4875,0.05,0.09
"between_freedman_lane","primary_n20","trait",20,1,800,183,0.6425,0.05,0.09
"between_freedman_lane","primary_n20","trait",20,1,800,184,0.2175,0.05,0.09
"between_freedman_lane","primary_n20","trait",20,1,800,185,0.1075,0.05,0.09
"between_freedman_lane","primary_n20","trait",20,1,800,186,0.4625,0.05,0.09
"between_freedman_lane","primary_n20","trait",20,1,800,187,0.8625,0.05,0.09
"between_freedman_lane","primary_n20","trait",20,1,800,188,0.645,0.05,0.09
"between_freedman_lane","primary_n20","trait",20,1,800,189,0.355,0.05,0.09
"between_freedman_lane","primary_n20","trait",20,1,800,190,0.37,0.05,0.09
"between_freedman_lane","primary_n20","trait",20,1,800,191,0.025,0.05,0.09
"between_freedman_lane","primary_n20","trait",20,1,800,192,0.8475,0.05,0.09
"between_freedman_lane","primary_n20","trait",20,1,800,193,0.4775,0.05,0.09
"between_freedman_lane","primary_n20","trait",20,1,800,194,0.8475,0.05,0.09
"between_freedman_lane","primary_n20","trait",20,1,800,195,0.975,0.05,0.09
"between_freedman_lane","primary_n20","trait",20,1,800,196,0.0825,0.05,0.09
"between_freedman_lane","primary_n20","trait",20,1,800,197,0.91,0.05,0.09
"between_freedman_lane","primary_n20","trait",20,1,800,198,0.035,0.05,0.09
"between_freedman_lane","primary_n20","trait",20,1,800,199,0.0375,0.05,0.09
"between_freedman_lane","primary_n20","trait",20,1,800,200,0.035,0.05,0.09
"between_freedman_lane","primary_n20","group:trait",20,1,800,1,0.1,0.05,0.09
"between_freedman_lane","primary_n20","group:trait",20,1,800,2,0.19,0.05,0.09
"between_freedman_lane","primary_n20","group:trait",20,1,800,3,0.62,0.05,0.09
"between_freedman_lane","primary_n20","group:trait",20,1,800,4,0.3525,0.05,0.09
"between_freedman_lane","primary_n20","group:trait",20,1,800,5,0.76,0.05,0.09
"between_freedman_lane","primary_n20","group:trait",20,1,800,6,0.1425,0.05,0.09
"between_freedman_lane","primary_n20","group:trait",20,1,800,7,0.1575,0.05,0.09
"between_freedman_lane","primary_n20","group:trait",20,1,800,8,0.1075,0.05,0.09
"between_freedman_lane","primary_n20","group:trait",20,1,800,9,0.82,0.05,0.09
"between_freedman_lane","primary_n20","group:trait",20,1,800,10,0.5175,0.05,0.09
"between_freedman_lane","primary_n20","group:trait",20,1,800,11,0.015,0.05,0.09
"between_freedman_lane","primary_n20","group:trait",20,1,800,12,0.8175,0.05,0.09
"between_freedman_lane","primary_n20","group:trait",20,1,800,13,0.49,0.05,0.09
"between_freedman_lane","primary_n20","group:trait",20,1,800,14,0.02,0.05,0.09
"between_freedman_lane","primary_n20","group:trait",20,1,800,15,0.3075,0.05,0.09
"between_freedman_lane","primary_n20","group:trait",20,1,800,16,0.9875,0.05,0.09
"between_freedman_lane","primary_n20","group:trait",20,1,800,17,0.52,0.05,0.09
"between_freedman_lane","primary_n20","group:trait",20,1,800,18,0.0675,0.05,0.09
"between_freedman_lane","primary_n20","group:trait",20,1,800,19,0.85,0.05,0.09
"between_freedman_lane","primary_n20","group:trait",20,1,800,20,0.495,0.05,0.09
"between_freedman_lane","primary_n20","group:trait",20,1,800,21,0.1875,0.05,0.09
"between_freedman_lane","primary_n20","group:trait",20,1,800,22,0.4775,0.05,0.09
"between_freedman_lane","primary_n20","group:trait",20,1,800,23,0.6525,0.05,0.09
"between_freedman_lane","primary_n20","group:trait",20,1,800,24,0.135,0.05,0.09
"between_freedman_lane","primary_n20","group:trait",20,1,800,25,0.8475,0.05,0.09
"between_freedman_lane","primary_n20","group:trait",20,1,800,26,0.81,0.05,0.09
"between_freedman_lane","primary_n20","group:trait",20,1,800,27,0.655,0.05,0.09
"between_freedman_lane","primary_n20","group:trait",20,1,800,28,0.565,0.05,0.09
"between_freedman_lane","primary_n20","group:trait",20,1,800,29,0.075,0.05,0.09
"between_freedman_lane","primary_n20","group:trait",20,1,800,30,0.36,0.05,0.09
"between_freedman_lane","primary_n20","group:trait",20,1,800,31,0.5725,0.05,0.09
"between_freedman_lane","primary_n20","group:trait",20,1,800,32,0.5675,0.05,0.09
"between_freedman_lane","primary_n20","group:trait",20,1,800,33,0.8075,0.05,0.09
"between_freedman_lane","primary_n20","group:trait",20,1,800,34,0.6175,0.05,0.09
"between_freedman_lane","primary_n20","group:trait",20,1,800,35,0.3125,0.05,0.09
"between_freedman_lane","primary_n20","group:trait",20,1,800,36,0.0075,0.05,0.09
"between_freedman_lane","primary_n20","group:trait",20,1,800,37,0.0725,0.05,0.09
"between_freedman_lane","primary_n20","group:trait",20,1,800,38,0.7225,0.05,0.09
"between_freedman_lane","primary_n20","group:trait",20,1,800,39,0.96,0.05,0.09
"between_freedman_lane","primary_n20","group:trait",20,1,800,40,0.8425,0.05,0.09
"between_freedman_lane","primary_n20","group:trait",20,1,800,41,0.53,0.05,0.09
"between_freedman_lane","primary_n20","group:trait",20,1,800,42,0.29,0.05,0.09
"between_freedman_lane","primary_n20","group:trait",20,1,800,43,0.5975,0.05,0.09
"between_freedman_lane","primary_n20","group:trait",20,1,800,44,0.62,0.05,0.09
"between_freedman_lane","primary_n20","group:trait",20,1,800,45,0.3525,0.05,0.09
"between_freedman_lane","primary_n20","group:trait",20,1,800,46,0.7875,0.05,0.09
"between_freedman_lane","primary_n20","group:trait",20,1,800,47,0.77,0.05,0.09
"between_freedman_lane","primary_n20","group:trait",20,1,800,48,0.4425,0.05,0.09
"between_freedman_lane","primary_n20","group:trait",20,1,800,49,0.3275,0.05,0.09
"between_freedman_lane","primary_n20","group:trait",20,1,800,50,0.295,0.05,0.09
"between_freedman_lane","primary_n20","group:trait",20,1,800,51,0.485,0.05,0.09
"between_freedman_lane","primary_n20","group:trait",20,1,800,52,0.4125,0.05,0.09
"between_freedman_lane","primary_n20","group:trait",20,1,800,53,0.8825,0.05,0.09
"between_freedman_lane","primary_n20","group:trait",20,1,800,54,0.0625,0.05,0.09
"between_freedman_lane","primary_n20","group:trait",20,1,800,55,0.97,0.05,0.09
"between_freedman_lane","primary_n20","group:trait",20,1,800,56,0.3275,0.05,0.09
"between_freedman_lane","primary_n20","group:trait",20,1,800,57,0.285,0.05,0.09
"between_freedman_lane","primary_n20","group:trait",20,1,800,58,0.2775,0.05,0.09
"between_freedman_lane","primary_n20","group:trait",20,1,800,59,0.7525,0.05,0.09
"between_freedman_lane","primary_n20","group:trait",20,1,800,60,0.7275,0.05,0.09
"between_freedman_lane","primary_n20","group:trait",20,1,800,61,0.9575,0.05,0.09
"between_freedman_lane","primary_n20","group:trait",20,1,800,62,0.9625,0.05,0.09
"between_freedman_lane","primary_n20","group:trait",20,1,800,63,0.3975,0.05,0.09
"between_freedman_lane","primary_n20","group:trait",20,1,800,64,0.7425,0.05,0.09
"between_freedman_lane","primary_n20","group:trait",20,1,800,65,0.32,0.05,0.09
"between_freedman_lane","primary_n20","group:trait",20,1,800,66,0.615,0.05,0.09
"between_freedman_lane","primary_n20","group:trait",20,1,800,67,0.465,0.05,0.09
"between_freedman_lane","primary_n20","group:trait",20,1,800,68,0.79,0.05,0.09
"between_freedman_lane","primary_n20","group:trait",20,1,800,69,0.99,0.05,0.09
"between_freedman_lane","primary_n20","group:trait",20,1,800,70,0.0775,0.05,0.09
"between_freedman_lane","primary_n20","group:trait",20,1,800,71,0.3725,0.05,0.09
"between_freedman_lane","primary_n20","group:trait",20,1,800,72,0.765,0.05,0.09
"between_freedman_lane","primary_n20","group:trait",20,1,800,73,0.395,0.05,0.09
"between_freedman_lane","primary_n20","group:trait",20,1,800,74,0.9175,0.05,0.09
"between_freedman_lane","primary_n20","group:trait",20,1,800,75,0.645,0.05,0.09
"between_freedman_lane","primary_n20","group:trait",20,1,800,76,0.505,0.05,0.09
"between_freedman_lane","primary_n20","group:trait",20,1,800,77,0.0875,0.05,0.09
"between_freedman_lane","primary_n20","group:trait",20,1,800,78,0.035,0.05,0.09
"between_freedman_lane","primary_n20","group:trait",20,1,800,79,0.9,0.05,0.09
"between_freedman_lane","primary_n20","group:trait",20,1,800,80,0.78,0.05,0.09
"between_freedman_lane","primary_n20","group:trait",20,1,800,81,0.1475,0.05,0.09
"between_freedman_lane","primary_n20","group:trait",20,1,800,82,0.6925,0.05,0.09
"between_freedman_lane","primary_n20","group:trait",20,1,800,83,0.86,0.05,0.09
"between_freedman_lane","primary_n20","group:trait",20,1,800,84,0.19,0.05,0.09
"between_freedman_lane","primary_n20","group:trait",20,1,800,85,0.7175,0.05,0.09
"between_freedman_lane","primary_n20","group:trait",20,1,800,86,0.27,0.05,0.09
"between_freedman_lane","primary_n20","group:trait",20,1,800,87,0.0625,0.05,0.09
"between_freedman_lane","primary_n20","group:trait",20,1,800,88,0.8125,0.05,0.09
"between_freedman_lane","primary_n20","group:trait",20,1,800,89,0.7025,0.05,0.09
"between_freedman_lane","primary_n20","group:trait",20,1,800,90,0.9375,0.05,0.09
"between_freedman_lane","primary_n20","group:trait",20,1,800,91,0.685,0.05,0.09
"between_freedman_lane","primary_n20","group:trait",20,1,800,92,0.25,0.05,0.09
"between_freedman_lane","primary_n20","group:trait",20,1,800,93,0.2375,0.05,0.09
"between_freedman_lane","primary_n20","group:trait",20,1,800,94,0.415,0.05,0.09
"between_freedman_lane","primary_n20","group:trait",20,1,800,95,0.7775,0.05,0.09
"between_freedman_lane","primary_n20","group:trait",20,1,800,96,0.845,0.05,0.09
"between_freedman_lane","primary_n20","group:trait",20,1,800,97,0.94,0.05,0.09
"between_freedman_lane","primary_n20","group:trait",20,1,800,98,0.5325,0.05,0.09
"between_freedman_lane","primary_n20","group:trait",20,1,800,99,0.0825,0.05,0.09
"between_freedman_lane","primary_n20","group:trait",20,1,800,100,0.3525,0.05,0.09
"between_freedman_lane","primary_n20","group:trait",20,1,800,101,0.335,0.05,0.09
"between_freedman_lane","primary_n20","group:trait",20,1,800,102,0.6175,0.05,0.09
"between_freedman_lane","primary_n20","group:trait",20,1,800,103,0.24,0.05,0.09
"between_freedman_lane","primary_n20","group:trait",20,1,800,104,0.8975,0.05,0.09
"between_freedman_lane","primary_n20","group:trait",20,1,800,105,0.8225,0.05,0.09
"between_freedman_lane","primary_n20","group:trait",20,1,800,106,0.0025,0.05,0.09
"between_freedman_lane","primary_n20","group:trait",20,1,800,107,0.84,0.05,0.09
"between_freedman_lane","primary_n20","group:trait",20,1,800,108,0.2475,0.05,0.09
"between_freedman_lane","primary_n20","group:trait",20,1,800,109,0.6475,0.05,0.09
"between_freedman_lane","primary_n20","group:trait",20,1,800,110,0.8525,0.05,0.09
"between_freedman_lane","primary_n20","group:trait",20,1,800,111,0.51,0.05,0.09
"between_freedman_lane","primary_n20","group:trait",20,1,800,112,0.645,0.05,0.09
"between_freedman_lane","primary_n20","group:trait",20,1,800,113,0.3825,0.05,0.09
"between_freedman_lane","primary_n20","group:trait",20,1,800,114,0.645,0.05,0.09
"between_freedman_lane","primary_n20","group:trait",20,1,800,115,0.215,0.05,0.09
"between_freedman_lane","primary_n20","group:trait",20,1,800,116,0.7925,0.05,0.09
"between_freedman_lane","primary_n20","group:trait",20,1,800,117,0.2475,0.05,0.09
"between_freedman_lane","primary_n20","group:trait",20,1,800,118,0.34,0.05,0.09
"between_freedman_lane","primary_n20","group:trait",20,1,800,119,0.2075,0.05,0.09
"between_freedman_lane","primary_n20","group:trait",20,1,800,120,0.515,0.05,0.09
"between_freedman_lane","primary_n20","group:trait",20,1,800,121,0.0625,0.05,0.09
"between_freedman_lane","primary_n20","group:trait",20,1,800,122,0.9075,0.05,0.09
"between_freedman_lane","primary_n20","group:trait",20,1,800,123,0.1975,0.05,0.09
"between_freedman_lane","primary_n20","group:trait",20,1,800,124,0.165,0.05,0.09
"between_freedman_lane","primary_n20","group:trait",20,1,800,125,0.7775,0.05,0.09
"between_freedman_lane","primary_n20","group:trait",20,1,800,126,0.6475,0.05,0.09
"between_freedman_lane","primary_n20","group:trait",20,1,800,127,0.0225,0.05,0.09
"between_freedman_lane","primary_n20","group:trait",20,1,800,128,0.86,0.05,0.09
"between_freedman_lane","primary_n20","group:trait",20,1,800,129,0.7775,0.05,0.09
"between_freedman_lane","primary_n20","group:trait",20,1,800,130,0.24,0.05,0.09
"between_freedman_lane","primary_n20","group:trait",20,1,800,131,0.6475,0.05,0.09
"between_freedman_lane","primary_n20","group:trait",20,1,800,132,0.7925,0.05,0.09
"between_freedman_lane","primary_n20","group:trait",20,1,800,133,0.72,0.05,0.09
"between_freedman_lane","primary_n20","group:trait",20,1,800,134,0.335,0.05,0.09
"between_freedman_lane","primary_n20","group:trait",20,1,800,135,0.865,0.05,0.09
"between_freedman_lane","primary_n20","group:trait",20,1,800,136,0.1925,0.05,0.09
"between_freedman_lane","primary_n20","group:trait",20,1,800,137,0.2525,0.05,0.09
"between_freedman_lane","primary_n20","group:trait",20,1,800,138,0.6525,0.05,0.09
"between_freedman_lane","primary_n20","group:trait",20,1,800,139,0.9725,0.05,0.09
"between_freedman_lane","primary_n20","group:trait",20,1,800,140,0.02,0.05,0.09
"between_freedman_lane","primary_n20","group:trait",20,1,800,141,0.7675,0.05,0.09
"between_freedman_lane","primary_n20","group:trait",20,1,800,142,0.1525,0.05,0.09
"between_freedman_lane","primary_n20","group:trait",20,1,800,143,0.145,0.05,0.09
"between_freedman_lane","primary_n20","group:trait",20,1,800,144,0.295,0.05,0.09
"between_freedman_lane","primary_n20","group:trait",20,1,800,145,0.0175,0.05,0.09
"between_freedman_lane","primary_n20","group:trait",20,1,800,146,0.55,0.05,0.09
"between_freedman_lane","primary_n20","group:trait",20,1,800,147,0.7325,0.05,0.09
"between_freedman_lane","primary_n20","group:trait",20,1,800,148,0.22,0.05,0.09
"between_freedman_lane","primary_n20","group:trait",20,1,800,149,0.06,0.05,0.09
"between_freedman_lane","primary_n20","group:trait",20,1,800,150,0.255,0.05,0.09
"between_freedman_lane","primary_n20","group:trait",20,1,800,151,0.405,0.05,0.09
"between_freedman_lane","primary_n20","group:trait",20,1,800,152,0.665,0.05,0.09
"between_freedman_lane","primary_n20","group:trait",20,1,800,153,0.6,0.05,0.09
"between_freedman_lane","primary_n20","group:trait",20,1,800,154,0.5775,0.05,0.09
"between_freedman_lane","primary_n20","group:trait",20,1,800,155,0.3175,0.05,0.09
"between_freedman_lane","primary_n20","group:trait",20,1,800,156,0.5275,0.05,0.09
"between_freedman_lane","primary_n20","group:trait",20,1,800,157,0.175,0.05,0.09
"between_freedman_lane","primary_n20","group:trait",20,1,800,158,0.5125,0.05,0.09
"between_freedman_lane","primary_n20","group:trait",20,1,800,159,0.96,0.05,0.09
"between_freedman_lane","primary_n20","group:trait",20,1,800,160,0.155,0.05,0.09
"between_freedman_lane","primary_n20","group:trait",20,1,800,161,0.8375,0.05,0.09
"between_freedman_lane","primary_n20","group:trait",20,1,800,162,0.415,0.05,0.09
"between_freedman_lane","primary_n20","group:trait",20,1,800,163,0.2675,0.05,0.09
"between_freedman_lane","primary_n20","group:trait",20,1,800,164,0.03,0.05,0.09
"between_freedman_lane","primary_n20","group:trait",20,1,800,165,0.4425,0.05,0.09
"between_freedman_lane","primary_n20","group:trait",20,1,800,166,0.4175,0.05,0.09
"between_freedman_lane","primary_n20","group:trait",20,1,800,167,0.525,0.05,0.09
"between_freedman_lane","primary_n20","group:trait",20,1,800,168,0.11,0.05,0.09
"between_freedman_lane","primary_n20","group:trait",20,1,800,169,0.6575,0.05,0.09
"between_freedman_lane","primary_n20","group:trait",20,1,800,170,0.8325,0.05,0.09
"between_freedman_lane","primary_n20","group:trait",20,1,800,171,0.2075,0.05,0.09
"between_freedman_lane","primary_n20","group:trait",20,1,800,172,0.5175,0.05,0.09
"between_freedman_lane","primary_n20","group:trait",20,1,800,173,0.4875,0.05,0.09
"between_freedman_lane","primary_n20","group:trait",20,1,800,174,0.715,0.05,0.09
"between_freedman_lane","primary_n20","group:trait",20,1,800,175,0.9775,0.05,0.09
"between_freedman_lane","primary_n20","group:trait",20,1,800,176,0.5875,0.05,0.09
"between_freedman_lane","primary_n20","group:trait",20,1,800,177,0.475,0.05,0.09
"between_freedman_lane","primary_n20","group:trait",20,1,800,178,0.15,0.05,0.09
"between_freedman_lane","primary_n20","group:trait",20,1,800,179,0.195,0.05,0.09
"between_freedman_lane","primary_n20","group:trait",20,1,800,180,0.9075,0.05,0.09
"between_freedman_lane","primary_n20","group:trait",20,1,800,181,0.155,0.05,0.09
"between_freedman_lane","primary_n20","group:trait",20,1,800,182,0.7175,0.05,0.09
"between_freedman_lane","primary_n20","group:trait",20,1,800,183,0.635,0.05,0.09
"between_freedman_lane","primary_n20","group:trait",20,1,800,184,0.2275,0.05,0.09
"between_freedman_lane","primary_n20","group:trait",20,1,800,185,0.0925,0.05,0.09
"between_freedman_lane","primary_n20","group:trait",20,1,800,186,0.5225,0.05,0.09
"between_freedman_lane","primary_n20","group:trait",20,1,800,187,0.455,0.05,0.09
"between_freedman_lane","primary_n20","group:trait",20,1,800,188,0.5975,0.05,0.09
"between_freedman_lane","primary_n20","group:trait",20,1,800,189,0.21,0.05,0.09
"between_freedman_lane","primary_n20","group:trait",20,1,800,190,0.2075,0.05,0.09
"between_freedman_lane","primary_n20","group:trait",20,1,800,191,0.17,0.05,0.09
"between_freedman_lane","primary_n20","group:trait",20,1,800,192,0.7525,0.05,0.09
"between_freedman_lane","primary_n20","group:trait",20,1,800,193,0.945,0.05,0.09
"between_freedman_lane","primary_n20","group:trait",20,1,800,194,0.115,0.05,0.09
"between_freedman_lane","primary_n20","group:trait",20,1,800,195,0.615,0.05,0.09
"between_freedman_lane","primary_n20","group:trait",20,1,800,196,0.0225,0.05,0.09
"between_freedman_lane","primary_n20","group:trait",20,1,800,197,0.5,0.05,0.09
"between_freedman_lane","primary_n20","group:trait",20,1,800,198,0.0525,0.05,0.09
"between_freedman_lane","primary_n20","group:trait",20,1,800,199,0.0225,0.05,0.09
"between_freedman_lane","primary_n20","group:trait",20,1,800,200,0.1125,0.05,0.09
"between_freedman_lane","primary_n20","group",20,2,100800,1,0.9725,0.05,0.09
"between_freedman_lane","primary_n20","group",20,2,100800,2,0.5425,0.05,0.09
"between_freedman_lane","primary_n20","group",20,2,100800,3,0.4,0.05,0.09
"between_freedman_lane","primary_n20","group",20,2,100800,4,0.2975,0.05,0.09
"between_freedman_lane","primary_n20","group",20,2,100800,5,0.0625,0.05,0.09
"between_freedman_lane","primary_n20","group",20,2,100800,6,0.14,0.05,0.09
"between_freedman_lane","primary_n20","group",20,2,100800,7,0.3175,0.05,0.09
"between_freedman_lane","primary_n20","group",20,2,100800,8,0.825,0.05,0.09
"between_freedman_lane","primary_n20","group",20,2,100800,9,0.0175,0.05,0.09
"between_freedman_lane","primary_n20","group",20,2,100800,10,0.975,0.05,0.09
"between_freedman_lane","primary_n20","group",20,2,100800,11,0.405,0.05,0.09
"between_freedman_lane","primary_n20","group",20,2,100800,12,0.5625,0.05,0.09
"between_freedman_lane","primary_n20","group",20,2,100800,13,0.505,0.05,0.09
"between_freedman_lane","primary_n20","group",20,2,100800,14,0.3025,0.05,0.09
"between_freedman_lane","primary_n20","group",20,2,100800,15,0.1625,0.05,0.09
"between_freedman_lane","primary_n20","group",20,2,100800,16,0.1475,0.05,0.09
"between_freedman_lane","primary_n20","group",20,2,100800,17,0.97,0.05,0.09
"between_freedman_lane","primary_n20","group",20,2,100800,18,0.0025,0.05,0.09
"between_freedman_lane","primary_n20","group",20,2,100800,19,0.29,0.05,0.09
"between_freedman_lane","primary_n20","group",20,2,100800,20,0.365,0.05,0.09
"between_freedman_lane","primary_n20","group",20,2,100800,21,0.29,0.05,0.09
"between_freedman_lane","primary_n20","group",20,2,100800,22,0.71,0.05,0.09
"between_freedman_lane","primary_n20","group",20,2,100800,23,0.255,0.05,0.09
"between_freedman_lane","primary_n20","group",20,2,100800,24,0.7875,0.05,0.09
"between_freedman_lane","primary_n20","group",20,2,100800,25,0.7575,0.05,0.09
"between_freedman_lane","primary_n20","group",20,2,100800,26,0.46,0.05,0.09
"between_freedman_lane","primary_n20","group",20,2,100800,27,0.1025,0.05,0.09
"between_freedman_lane","primary_n20","group",20,2,100800,28,0.835,0.05,0.09
"between_freedman_lane","primary_n20","group",20,2,100800,29,0.445,0.05,0.09
"between_freedman_lane","primary_n20","group",20,2,100800,30,0.72,0.05,0.09
"between_freedman_lane","primary_n20","group",20,2,100800,31,0.68,0.05,0.09
"between_freedman_lane","primary_n20","group",20,2,100800,32,0.18,0.05,0.09
"between_freedman_lane","primary_n20","group",20,2,100800,33,0.0125,0.05,0.09
"between_freedman_lane","primary_n20","group",20,2,100800,34,0.345,0.05,0.09
"between_freedman_lane","primary_n20","group",20,2,100800,35,0.08,0.05,0.09
"between_freedman_lane","primary_n20","group",20,2,100800,36,0.095,0.05,0.09
"between_freedman_lane","primary_n20","group",20,2,100800,37,0.7575,0.05,0.09
"between_freedman_lane","primary_n20","group",20,2,100800,38,0.5825,0.05,0.09
"between_freedman_lane","primary_n20","group",20,2,100800,39,0.465,0.05,0.09
"between_freedman_lane","primary_n20","group",20,2,100800,40,0.3725,0.05,0.09
"between_freedman_lane","primary_n20","group",20,2,100800,41,0.9675,0.05,0.09
"between_freedman_lane","primary_n20","group",20,2,100800,42,0.6275,0.05,0.09
"between_freedman_lane","primary_n20","group",20,2,100800,43,0.1625,0.05,0.09
"between_freedman_lane","primary_n20","group",20,2,100800,44,0.72,0.05,0.09
"between_freedman_lane","primary_n20","group",20,2,100800,45,0.8625,0.05,0.09
"between_freedman_lane","primary_n20","group",20,2,100800,46,0.2375,0.05,0.09
"between_freedman_lane","primary_n20","group",20,2,100800,47,0.755,0.05,0.09
"between_freedman_lane","primary_n20","group",20,2,100800,48,0.095,0.05,0.09
"between_freedman_lane","primary_n20","group",20,2,100800,49,0.045,0.05,0.09
"between_freedman_lane","primary_n20","group",20,2,100800,50,0.4875,0.05,0.09
"between_freedman_lane","primary_n20","group",20,2,100800,51,0.33,0.05,0.09
"between_freedman_lane","primary_n20","group",20,2,100800,52,0.69,0.05,0.09
"between_freedman_lane","primary_n20","group",20,2,100800,53,0.9125,0.05,0.09
"between_freedman_lane","primary_n20","group",20,2,100800,54,0.225,0.05,0.09
"between_freedman_lane","primary_n20","group",20,2,100800,55,0.6175,0.05,0.09
"between_freedman_lane","primary_n20","group",20,2,100800,56,0.8825,0.05,0.09
"between_freedman_lane","primary_n20","group",20,2,100800,57,0.03,0.05,0.09
"between_freedman_lane","primary_n20","group",20,2,100800,58,0.335,0.05,0.09
"between_freedman_lane","primary_n20","group",20,2,100800,59,0.9725,0.05,0.09
"between_freedman_lane","primary_n20","group",20,2,100800,60,0.8,0.05,0.09
"between_freedman_lane","primary_n20","group",20,2,100800,61,0.68,0.05,0.09
"between_freedman_lane","primary_n20","group",20,2,100800,62,0.505,0.05,0.09
"between_freedman_lane","primary_n20","group",20,2,100800,63,0.53,0.05,0.09
"between_freedman_lane","primary_n20","group",20,2,100800,64,0.0325,0.05,0.09
"between_freedman_lane","primary_n20","group",20,2,100800,65,0.97,0.05,0.09
"between_freedman_lane","primary_n20","group",20,2,100800,66,0.9275,0.05,0.09
"between_freedman_lane","primary_n20","group",20,2,100800,67,0.8575,0.05,0.09
"between_freedman_lane","primary_n20","group",20,2,100800,68,0.395,0.05,0.09
"between_freedman_lane","primary_n20","group",20,2,100800,69,0.885,0.05,0.09
"between_freedman_lane","primary_n20","group",20,2,100800,70,0.345,0.05,0.09
"between_freedman_lane","primary_n20","group",20,2,100800,71,0.24,0.05,0.09
"between_freedman_lane","primary_n20","group",20,2,100800,72,0.1975,0.05,0.09
"between_freedman_lane","primary_n20","group",20,2,100800,73,0.3525,0.05,0.09
"between_freedman_lane","primary_n20","group",20,2,100800,74,0.0625,0.05,0.09
"between_freedman_lane","primary_n20","group",20,2,100800,75,0.5175,0.05,0.09
"between_freedman_lane","primary_n20","group",20,2,100800,76,0.1475,0.05,0.09
"between_freedman_lane","primary_n20","group",20,2,100800,77,0.255,0.05,0.09
"between_freedman_lane","primary_n20","group",20,2,100800,78,0.05,0.05,0.09
"between_freedman_lane","primary_n20","group",20,2,100800,79,0.4675,0.05,0.09
"between_freedman_lane","primary_n20","group",20,2,100800,80,0.135,0.05,0.09
"between_freedman_lane","primary_n20","group",20,2,100800,81,0.0825,0.05,0.09
"between_freedman_lane","primary_n20","group",20,2,100800,82,0.4375,0.05,0.09
"between_freedman_lane","primary_n20","group",20,2,100800,83,0.6775,0.05,0.09
"between_freedman_lane","primary_n20","group",20,2,100800,84,0.9475,0.05,0.09
"between_freedman_lane","primary_n20","group",20,2,100800,85,0.8275,0.05,0.09
"between_freedman_lane","primary_n20","group",20,2,100800,86,0.9875,0.05,0.09
"between_freedman_lane","primary_n20","group",20,2,100800,87,0.0075,0.05,0.09
"between_freedman_lane","primary_n20","group",20,2,100800,88,0.6775,0.05,0.09
"between_freedman_lane","primary_n20","group",20,2,100800,89,0.13,0.05,0.09
"between_freedman_lane","primary_n20","group",20,2,100800,90,0.8075,0.05,0.09
"between_freedman_lane","primary_n20","group",20,2,100800,91,0.2225,0.05,0.09
"between_freedman_lane","primary_n20","group",20,2,100800,92,0.85,0.05,0.09
"between_freedman_lane","primary_n20","group",20,2,100800,93,0.9075,0.05,0.09
"between_freedman_lane","primary_n20","group",20,2,100800,94,0.21,0.05,0.09
"between_freedman_lane","primary_n20","group",20,2,100800,95,0.6275,0.05,0.09
"between_freedman_lane","primary_n20","group",20,2,100800,96,0.1925,0.05,0.09
"between_freedman_lane","primary_n20","group",20,2,100800,97,0.37,0.05,0.09
"between_freedman_lane","primary_n20","group",20,2,100800,98,0.0625,0.05,0.09
"between_freedman_lane","primary_n20","group",20,2,100800,99,0.94,0.05,0.09
"between_freedman_lane","primary_n20","group",20,2,100800,100,1,0.05,0.09
"between_freedman_lane","primary_n20","group",20,2,100800,101,0.9025,0.05,0.09
"between_freedman_lane","primary_n20","group",20,2,100800,102,0.28,0.05,0.09
"between_freedman_lane","primary_n20","group",20,2,100800,103,0.3375,0.05,0.09
"between_freedman_lane","primary_n20","group",20,2,100800,104,0.19,0.05,0.09
"between_freedman_lane","primary_n20","group",20,2,100800,105,0.1325,0.05,0.09
"between_freedman_lane","primary_n20","group",20,2,100800,106,0.6375,0.05,0.09
"between_freedman_lane","primary_n20","group",20,2,100800,107,0.1825,0.05,0.09
"between_freedman_lane","primary_n20","group",20,2,100800,108,0.9125,0.05,0.09
"between_freedman_lane","primary_n20","group",20,2,100800,109,0.6475,0.05,0.09
"between_freedman_lane","primary_n20","group",20,2,100800,110,0.3325,0.05,0.09
"between_freedman_lane","primary_n20","group",20,2,100800,111,0.3875,0.05,0.09
"between_freedman_lane","primary_n20","group",20,2,100800,112,0.325,0.05,0.09
"between_freedman_lane","primary_n20","group",20,2,100800,113,0.1,0.05,0.09
"between_freedman_lane","primary_n20","group",20,2,100800,114,0.02,0.05,0.09
"between_freedman_lane","primary_n20","group",20,2,100800,115,0.12,0.05,0.09
"between_freedman_lane","primary_n20","group",20,2,100800,116,0.96,0.05,0.09
"between_freedman_lane","primary_n20","group",20,2,100800,117,0.0975,0.05,0.09
"between_freedman_lane","primary_n20","group",20,2,100800,118,0.16,0.05,0.09
"between_freedman_lane","primary_n20","group",20,2,100800,119,0.1,0.05,0.09
"between_freedman_lane","primary_n20","group",20,2,100800,120,0.725,0.05,0.09
"between_freedman_lane","primary_n20","group",20,2,100800,121,0.57,0.05,0.09
"between_freedman_lane","primary_n20","group",20,2,100800,122,0.0125,0.05,0.09
"between_freedman_lane","primary_n20","group",20,2,100800,123,0.2125,0.05,0.09
"between_freedman_lane","primary_n20","group",20,2,100800,124,0.9475,0.05,0.09
"between_freedman_lane","primary_n20","group",20,2,100800,125,0.5525,0.05,0.09
"between_freedman_lane","primary_n20","group",20,2,100800,126,0.07,0.05,0.09
"between_freedman_lane","primary_n20","group",20,2,100800,127,0.1925,0.05,0.09
"between_freedman_lane","primary_n20","group",20,2,100800,128,0.5475,0.05,0.09
"between_freedman_lane","primary_n20","group",20,2,100800,129,0.29,0.05,0.09
"between_freedman_lane","primary_n20","group",20,2,100800,130,0.855,0.05,0.09
"between_freedman_lane","primary_n20","group",20,2,100800,131,0.355,0.05,0.09
"between_freedman_lane","primary_n20","group",20,2,100800,132,0.3025,0.05,0.09
"between_freedman_lane","primary_n20","group",20,2,100800,133,0.5925,0.05,0.09
"between_freedman_lane","primary_n20","group",20,2,100800,134,0.0675,0.05,0.09
"between_freedman_lane","primary_n20","group",20,2,100800,135,0.1625,0.05,0.09
"between_freedman_lane","primary_n20","group",20,2,100800,136,0.91,0.05,0.09
"between_freedman_lane","primary_n20","group",20,2,100800,137,0.5925,0.05,0.09
"between_freedman_lane","primary_n20","group",20,2,100800,138,0.855,0.05,0.09
"between_freedman_lane","primary_n20","group",20,2,100800,139,0.195,0.05,0.09
"between_freedman_lane","primary_n20","group",20,2,100800,140,0.48,0.05,0.09
"between_freedman_lane","primary_n20","group",20,2,100800,141,0.2725,0.05,0.09
"between_freedman_lane","primary_n20","group",20,2,100800,142,0.6275,0.05,0.09
"between_freedman_lane","primary_n20","group",20,2,100800,143,0.065,0.05,0.09
"between_freedman_lane","primary_n20","group",20,2,100800,144,0.2975,0.05,0.09
"between_freedman_lane","primary_n20","group",20,2,100800,145,0.715,0.05,0.09
"between_freedman_lane","primary_n20","group",20,2,100800,146,0.48,0.05,0.09
"between_freedman_lane","primary_n20","group",20,2,100800,147,0.8025,0.05,0.09
"between_freedman_lane","primary_n20","group",20,2,100800,148,0.29,0.05,0.09
"between_freedman_lane","primary_n20","group",20,2,100800,149,0.3875,0.05,0.09
"between_freedman_lane","primary_n20","group",20,2,100800,150,0.3125,0.05,0.09
"between_freedman_lane","primary_n20","group",20,2,100800,151,0.0125,0.05,0.09
"between_freedman_lane","primary_n20","group",20,2,100800,152,0.045,0.05,0.09
"between_freedman_lane","primary_n20","group",20,2,100800,153,0.4125,0.05,0.09
"between_freedman_lane","primary_n20","group",20,2,100800,154,0.8225,0.05,0.09
"between_freedman_lane","primary_n20","group",20,2,100800,155,0.4025,0.05,0.09
"between_freedman_lane","primary_n20","group",20,2,100800,156,0.0025,0.05,0.09
"between_freedman_lane","primary_n20","group",20,2,100800,157,0.3075,0.05,0.09
"between_freedman_lane","primary_n20","group",20,2,100800,158,0.47,0.05,0.09
"between_freedman_lane","primary_n20","group",20,2,100800,159,0.9025,0.05,0.09
"between_freedman_lane","primary_n20","group",20,2,100800,160,0.14,0.05,0.09
"between_freedman_lane","primary_n20","group",20,2,100800,161,0.515,0.05,0.09
"between_freedman_lane","primary_n20","group",20,2,100800,162,0.15,0.05,0.09
"between_freedman_lane","primary_n20","group",20,2,100800,163,0.08,0.05,0.09
"between_freedman_lane","primary_n20","group",20,2,100800,164,0.2675,0.05,0.09
"between_freedman_lane","primary_n20","group",20,2,100800,165,0.2175,0.05,0.09
"between_freedman_lane","primary_n20","group",20,2,100800,166,0.3125,0.05,0.09
"between_freedman_lane","primary_n20","group",20,2,100800,167,0.3825,0.05,0.09
"between_freedman_lane","primary_n20","group",20,2,100800,168,0.09,0.05,0.09
"between_freedman_lane","primary_n20","group",20,2,100800,169,0.055,0.05,0.09
"between_freedman_lane","primary_n20","group",20,2,100800,170,0.4225,0.05,0.09
"between_freedman_lane","primary_n20","group",20,2,100800,171,0.4025,0.05,0.09
"between_freedman_lane","primary_n20","group",20,2,100800,172,0.19,0.05,0.09
"between_freedman_lane","primary_n20","group",20,2,100800,173,0.4075,0.05,0.09
"between_freedman_lane","primary_n20","group",20,2,100800,174,0.5725,0.05,0.09
"between_freedman_lane","primary_n20","group",20,2,100800,175,0.7175,0.05,0.09
"between_freedman_lane","primary_n20","group",20,2,100800,176,0.7875,0.05,0.09
"between_freedman_lane","primary_n20","group",20,2,100800,177,0.26,0.05,0.09
"between_freedman_lane","primary_n20","group",20,2,100800,178,0.87,0.05,0.09
"between_freedman_lane","primary_n20","group",20,2,100800,179,0.6025,0.05,0.09
"between_freedman_lane","primary_n20","group",20,2,100800,180,0.3525,0.05,0.09
"between_freedman_lane","primary_n20","group",20,2,100800,181,0.81,0.05,0.09
"between_freedman_lane","primary_n20","group",20,2,100800,182,0.15,0.05,0.09
"between_freedman_lane","primary_n20","group",20,2,100800,183,0.2575,0.05,0.09
"between_freedman_lane","primary_n20","group",20,2,100800,184,0.9225,0.05,0.09
"between_freedman_lane","primary_n20","group",20,2,100800,185,0.575,0.05,0.09
"between_freedman_lane","primary_n20","group",20,2,100800,186,0.0725,0.05,0.09
"between_freedman_lane","primary_n20","group",20,2,100800,187,0.055,0.05,0.09
"between_freedman_lane","primary_n20","group",20,2,100800,188,0.425,0.05,0.09
"between_freedman_lane","primary_n20","group",20,2,100800,189,0.0975,0.05,0.09
"between_freedman_lane","primary_n20","group",20,2,100800,190,0.92,0.05,0.09
"between_freedman_lane","primary_n20","group",20,2,100800,191,0.2225,0.05,0.09
"between_freedman_lane","primary_n20","group",20,2,100800,192,0.8825,0.05,0.09
"between_freedman_lane","primary_n20","group",20,2,100800,193,0.1825,0.05,0.09
"between_freedman_lane","primary_n20","group",20,2,100800,194,0.1975,0.05,0.09
"between_freedman_lane","primary_n20","group",20,2,100800,195,0.13,0.05,0.09
"between_freedman_lane","primary_n20","group",20,2,100800,196,0.115,0.05,0.09
"between_freedman_lane","primary_n20","group",20,2,100800,197,0.7625,0.05,0.09
"between_freedman_lane","primary_n20","group",20,2,100800,198,0.3975,0.05,0.09
"between_freedman_lane","primary_n20","group",20,2,100800,199,0.255,0.05,0.09
"between_freedman_lane","primary_n20","group",20,2,100800,200,0.605,0.05,0.09
"between_freedman_lane","primary_n20","trait",20,2,100800,1,0.0375,0.05,0.09
"between_freedman_lane","primary_n20","trait",20,2,100800,2,0.2675,0.05,0.09
"between_freedman_lane","primary_n20","trait",20,2,100800,3,0.7525,0.05,0.09
"between_freedman_lane","primary_n20","trait",20,2,100800,4,0.93,0.05,0.09
"between_freedman_lane","primary_n20","trait",20,2,100800,5,0.05,0.05,0.09
"between_freedman_lane","primary_n20","trait",20,2,100800,6,0.925,0.05,0.09
"between_freedman_lane","primary_n20","trait",20,2,100800,7,0.37,0.05,0.09
"between_freedman_lane","primary_n20","trait",20,2,100800,8,0.32,0.05,0.09
"between_freedman_lane","primary_n20","trait",20,2,100800,9,0.1825,0.05,0.09
"between_freedman_lane","primary_n20","trait",20,2,100800,10,0.0275,0.05,0.09
"between_freedman_lane","primary_n20","trait",20,2,100800,11,0.8325,0.05,0.09
"between_freedman_lane","primary_n20","trait",20,2,100800,12,0.035,0.05,0.09
"between_freedman_lane","primary_n20","trait",20,2,100800,13,0.4175,0.05,0.09
"between_freedman_lane","primary_n20","trait",20,2,100800,14,0.59,0.05,0.09
"between_freedman_lane","primary_n20","trait",20,2,100800,15,0.32,0.05,0.09
"between_freedman_lane","primary_n20","trait",20,2,100800,16,0.18,0.05,0.09
"between_freedman_lane","primary_n20","trait",20,2,100800,17,0.67,0.05,0.09
"between_freedman_lane","primary_n20","trait",20,2,100800,18,0.0125,0.05,0.09
"between_freedman_lane","primary_n20","trait",20,2,100800,19,0.2175,0.05,0.09
"between_freedman_lane","primary_n20","trait",20,2,100800,20,0.035,0.05,0.09
"between_freedman_lane","primary_n20","trait",20,2,100800,21,0.11,0.05,0.09
"between_freedman_lane","primary_n20","trait",20,2,100800,22,0.4225,0.05,0.09
"between_freedman_lane","primary_n20","trait",20,2,100800,23,0.23,0.05,0.09
"between_freedman_lane","primary_n20","trait",20,2,100800,24,0.45,0.05,0.09
"between_freedman_lane","primary_n20","trait",20,2,100800,25,0.5575,0.05,0.09
"between_freedman_lane","primary_n20","trait",20,2,100800,26,0.545,0.05,0.09
"between_freedman_lane","primary_n20","trait",20,2,100800,27,0.1625,0.05,0.09
"between_freedman_lane","primary_n20","trait",20,2,100800,28,0.135,0.05,0.09
"between_freedman_lane","primary_n20","trait",20,2,100800,29,0.6875,0.05,0.09
"between_freedman_lane","primary_n20","trait",20,2,100800,30,0.095,0.05,0.09
"between_freedman_lane","primary_n20","trait",20,2,100800,31,0.6125,0.05,0.09
"between_freedman_lane","primary_n20","trait",20,2,100800,32,0.705,0.05,0.09
"between_freedman_lane","primary_n20","trait",20,2,100800,33,0.7025,0.05,0.09
"between_freedman_lane","primary_n20","trait",20,2,100800,34,0.18,0.05,0.09
"between_freedman_lane","primary_n20","trait",20,2,100800,35,0.2575,0.05,0.09
"between_freedman_lane","primary_n20","trait",20,2,100800,36,0.2925,0.05,0.09
"between_freedman_lane","primary_n20","trait",20,2,100800,37,0.8625,0.05,0.09
"between_freedman_lane","primary_n20","trait",20,2,100800,38,0.0725,0.05,0.09
"between_freedman_lane","primary_n20","trait",20,2,100800,39,0.9025,0.05,0.09
"between_freedman_lane","primary_n20","trait",20,2,100800,40,0.4125,0.05,0.09
"between_freedman_lane","primary_n20","trait",20,2,100800,41,0.35,0.05,0.09
"between_freedman_lane","primary_n20","trait",20,2,100800,42,0.0025,0.05,0.09
"between_freedman_lane","primary_n20","trait",20,2,100800,43,0.345,0.05,0.09
"between_freedman_lane","primary_n20","trait",20,2,100800,44,0.78,0.05,0.09
"between_freedman_lane","primary_n20","trait",20,2,100800,45,0.605,0.05,0.09
"between_freedman_lane","primary_n20","trait",20,2,100800,46,0.1675,0.05,0.09
"between_freedman_lane","primary_n20","trait",20,2,100800,47,0.0225,0.05,0.09
"between_freedman_lane","primary_n20","trait",20,2,100800,48,0.01,0.05,0.09
"between_freedman_lane","primary_n20","trait",20,2,100800,49,0.025,0.05,0.09
"between_freedman_lane","primary_n20","trait",20,2,100800,50,0.2825,0.05,0.09
"between_freedman_lane","primary_n20","trait",20,2,100800,51,0.325,0.05,0.09
"between_freedman_lane","primary_n20","trait",20,2,100800,52,0.3625,0.05,0.09
"between_freedman_lane","primary_n20","trait",20,2,100800,53,0.2975,0.05,0.09
"between_freedman_lane","primary_n20","trait",20,2,100800,54,0.8775,0.05,0.09
"between_freedman_lane","primary_n20","trait",20,2,100800,55,0.6825,0.05,0.09
"between_freedman_lane","primary_n20","trait",20,2,100800,56,0.6875,0.05,0.09
"between_freedman_lane","primary_n20","trait",20,2,100800,57,0.3425,0.05,0.09
"between_freedman_lane","primary_n20","trait",20,2,100800,58,0.5225,0.05,0.09
"between_freedman_lane","primary_n20","trait",20,2,100800,59,0.2025,0.05,0.09
"between_freedman_lane","primary_n20","trait",20,2,100800,60,0.8075,0.05,0.09
"between_freedman_lane","primary_n20","trait",20,2,100800,61,0.63,0.05,0.09
"between_freedman_lane","primary_n20","trait",20,2,100800,62,0.135,0.05,0.09
"between_freedman_lane","primary_n20","trait",20,2,100800,63,0.3925,0.05,0.09
"between_freedman_lane","primary_n20","trait",20,2,100800,64,0.225,0.05,0.09
"between_freedman_lane","primary_n20","trait",20,2,100800,65,0.7925,0.05,0.09
"between_freedman_lane","primary_n20","trait",20,2,100800,66,0.5375,0.05,0.09
"between_freedman_lane","primary_n20","trait",20,2,100800,67,0.015,0.05,0.09
"between_freedman_lane","primary_n20","trait",20,2,100800,68,1,0.05,0.09
"between_freedman_lane","primary_n20","trait",20,2,100800,69,0.355,0.05,0.09
"between_freedman_lane","primary_n20","trait",20,2,100800,70,0.6575,0.05,0.09
"between_freedman_lane","primary_n20","trait",20,2,100800,71,0.26,0.05,0.09
"between_freedman_lane","primary_n20","trait",20,2,100800,72,0.3025,0.05,0.09
"between_freedman_lane","primary_n20","trait",20,2,100800,73,0.67,0.05,0.09
"between_freedman_lane","primary_n20","trait",20,2,100800,74,0.21,0.05,0.09
"between_freedman_lane","primary_n20","trait",20,2,100800,75,0.1825,0.05,0.09
"between_freedman_lane","primary_n20","trait",20,2,100800,76,0.305,0.05,0.09
"between_freedman_lane","primary_n20","trait",20,2,100800,77,0.385,0.05,0.09
"between_freedman_lane","primary_n20","trait",20,2,100800,78,0.3,0.05,0.09
"between_freedman_lane","primary_n20","trait",20,2,100800,79,0.155,0.05,0.09
"between_freedman_lane","primary_n20","trait",20,2,100800,80,0.01,0.05,0.09
"between_freedman_lane","primary_n20","trait",20,2,100800,81,0.3675,0.05,0.09
"between_freedman_lane","primary_n20","trait",20,2,100800,82,0.835,0.05,0.09
"between_freedman_lane","primary_n20","trait",20,2,100800,83,0.675,0.05,0.09
"between_freedman_lane","primary_n20","trait",20,2,100800,84,0.05,0.05,0.09
"between_freedman_lane","primary_n20","trait",20,2,100800,85,0.68,0.05,0.09
"between_freedman_lane","primary_n20","trait",20,2,100800,86,0.4325,0.05,0.09
"between_freedman_lane","primary_n20","trait",20,2,100800,87,0.1725,0.05,0.09
"between_freedman_lane","primary_n20","trait",20,2,100800,88,0.4125,0.05,0.09
"between_freedman_lane","primary_n20","trait",20,2,100800,89,0.16,0.05,0.09
"between_freedman_lane","primary_n20","trait",20,2,100800,90,0.3075,0.05,0.09
"between_freedman_lane","primary_n20","trait",20,2,100800,91,0.8125,0.05,0.09
"between_freedman_lane","primary_n20","trait",20,2,100800,92,0.8575,0.05,0.09
"between_freedman_lane","primary_n20","trait",20,2,100800,93,0.2925,0.05,0.09
"between_freedman_lane","primary_n20","trait",20,2,100800,94,0.295,0.05,0.09
"between_freedman_lane","primary_n20","trait",20,2,100800,95,0.3475,0.05,0.09
"between_freedman_lane","primary_n20","trait",20,2,100800,96,0.585,0.05,0.09
"between_freedman_lane","primary_n20","trait",20,2,100800,97,0.045,0.05,0.09
"between_freedman_lane","primary_n20","trait",20,2,100800,98,0.63,0.05,0.09
"between_freedman_lane","primary_n20","trait",20,2,100800,99,0.675,0.05,0.09
"between_freedman_lane","primary_n20","trait",20,2,100800,100,0.8275,0.05,0.09
"between_freedman_lane","primary_n20","trait",20,2,100800,101,0.7775,0.05,0.09
"between_freedman_lane","primary_n20","trait",20,2,100800,102,0.6875,0.05,0.09
"between_freedman_lane","primary_n20","trait",20,2,100800,103,0.045,0.05,0.09
"between_freedman_lane","primary_n20","trait",20,2,100800,104,0.9425,0.05,0.09
"between_freedman_lane","primary_n20","trait",20,2,100800,105,0.405,0.05,0.09
"between_freedman_lane","primary_n20","trait",20,2,100800,106,0.34,0.05,0.09
"between_freedman_lane","primary_n20","trait",20,2,100800,107,0.1425,0.05,0.09
"between_freedman_lane","primary_n20","trait",20,2,100800,108,0.9275,0.05,0.09
"between_freedman_lane","primary_n20","trait",20,2,100800,109,0.4275,0.05,0.09
"between_freedman_lane","primary_n20","trait",20,2,100800,110,0.0525,0.05,0.09
"between_freedman_lane","primary_n20","trait",20,2,100800,111,0.13,0.05,0.09
"between_freedman_lane","primary_n20","trait",20,2,100800,112,0.86,0.05,0.09
"between_freedman_lane","primary_n20","trait",20,2,100800,113,0.93,0.05,0.09
"between_freedman_lane","primary_n20","trait",20,2,100800,114,0.9625,0.05,0.09
"between_freedman_lane","primary_n20","trait",20,2,100800,115,0.61,0.05,0.09
"between_freedman_lane","primary_n20","trait",20,2,100800,116,0.5475,0.05,0.09
"between_freedman_lane","primary_n20","trait",20,2,100800,117,0.24,0.05,0.09
"between_freedman_lane","primary_n20","trait",20,2,100800,118,0.265,0.05,0.09
"between_freedman_lane","primary_n20","trait",20,2,100800,119,0.7,0.05,0.09
"between_freedman_lane","primary_n20","trait",20,2,100800,120,0.1225,0.05,0.09
"between_freedman_lane","primary_n20","trait",20,2,100800,121,0.8725,0.05,0.09
"between_freedman_lane","primary_n20","trait",20,2,100800,122,0.8275,0.05,0.09
"between_freedman_lane","primary_n20","trait",20,2,100800,123,0.0525,0.05,0.09
"between_freedman_lane","primary_n20","trait",20,2,100800,124,0.3225,0.05,0.09
"between_freedman_lane","primary_n20","trait",20,2,100800,125,0.6575,0.05,0.09
"between_freedman_lane","primary_n20","trait",20,2,100800,126,0.8825,0.05,0.09
"between_freedman_lane","primary_n20","trait",20,2,100800,127,0.0025,0.05,0.09
"between_freedman_lane","primary_n20","trait",20,2,100800,128,0.2225,0.05,0.09
"between_freedman_lane","primary_n20","trait",20,2,100800,129,0.5025,0.05,0.09
"between_freedman_lane","primary_n20","trait",20,2,100800,130,0.44,0.05,0.09
"between_freedman_lane","primary_n20","trait",20,2,100800,131,0.23,0.05,0.09
"between_freedman_lane","primary_n20","trait",20,2,100800,132,0.555,0.05,0.09
"between_freedman_lane","primary_n20","trait",20,2,100800,133,0.1225,0.05,0.09
"between_freedman_lane","primary_n20","trait",20,2,100800,134,0.15,0.05,0.09
"between_freedman_lane","primary_n20","trait",20,2,100800,135,0.855,0.05,0.09
"between_freedman_lane","primary_n20","trait",20,2,100800,136,0.975,0.05,0.09
"between_freedman_lane","primary_n20","trait",20,2,100800,137,0.9575,0.05,0.09
"between_freedman_lane","primary_n20","trait",20,2,100800,138,0.345,0.05,0.09
"between_freedman_lane","primary_n20","trait",20,2,100800,139,0.02,0.05,0.09
"between_freedman_lane","primary_n20","trait",20,2,100800,140,0.62,0.05,0.09
"between_freedman_lane","primary_n20","trait",20,2,100800,141,0.7125,0.05,0.09
"between_freedman_lane","primary_n20","trait",20,2,100800,142,0.7825,0.05,0.09
"between_freedman_lane","primary_n20","trait",20,2,100800,143,0.6675,0.05,0.09
"between_freedman_lane","primary_n20","trait",20,2,100800,144,0.93,0.05,0.09
"between_freedman_lane","primary_n20","trait",20,2,100800,145,0.445,0.05,0.09
"between_freedman_lane","primary_n20","trait",20,2,100800,146,0.7575,0.05,0.09
"between_freedman_lane","primary_n20","trait",20,2,100800,147,0.9975,0.05,0.09
"between_freedman_lane","primary_n20","trait",20,2,100800,148,0.635,0.05,0.09
"between_freedman_lane","primary_n20","trait",20,2,100800,149,0.015,0.05,0.09
"between_freedman_lane","primary_n20","trait",20,2,100800,150,0.255,0.05,0.09
"between_freedman_lane","primary_n20","trait",20,2,100800,151,0.365,0.05,0.09
"between_freedman_lane","primary_n20","trait",20,2,100800,152,0.1375,0.05,0.09
"between_freedman_lane","primary_n20","trait",20,2,100800,153,0.4525,0.05,0.09
"between_freedman_lane","primary_n20","trait",20,2,100800,154,0.1075,0.05,0.09
"between_freedman_lane","primary_n20","trait",20,2,100800,155,0.2525,0.05,0.09
"between_freedman_lane","primary_n20","trait",20,2,100800,156,0.44,0.05,0.09
"between_freedman_lane","primary_n20","trait",20,2,100800,157,0.6625,0.05,0.09
"between_freedman_lane","primary_n20","trait",20,2,100800,158,0.98,0.05,0.09
"between_freedman_lane","primary_n20","trait",20,2,100800,159,0.505,0.05,0.09
"between_freedman_lane","primary_n20","trait",20,2,100800,160,0.7375,0.05,0.09
"between_freedman_lane","primary_n20","trait",20,2,100800,161,0.3075,0.05,0.09
"between_freedman_lane","primary_n20","trait",20,2,100800,162,0.9225,0.05,0.09
"between_freedman_lane","primary_n20","trait",20,2,100800,163,0.2075,0.05,0.09
"between_freedman_lane","primary_n20","trait",20,2,100800,164,0.5125,0.05,0.09
"between_freedman_lane","primary_n20","trait",20,2,100800,165,0.6125,0.05,0.09
"between_freedman_lane","primary_n20","trait",20,2,100800,166,0.5175,0.05,0.09
"between_freedman_lane","primary_n20","trait",20,2,100800,167,0.0025,0.05,0.09
"between_freedman_lane","primary_n20","trait",20,2,100800,168,0.705,0.05,0.09
"between_freedman_lane","primary_n20","trait",20,2,100800,169,0.6975,0.05,0.09
"between_freedman_lane","primary_n20","trait",20,2,100800,170,0.815,0.05,0.09
"between_freedman_lane","primary_n20","trait",20,2,100800,171,0.01,0.05,0.09
"between_freedman_lane","primary_n20","trait",20,2,100800,172,0.9725,0.05,0.09
"between_freedman_lane","primary_n20","trait",20,2,100800,173,0.07,0.05,0.09
"between_freedman_lane","primary_n20","trait",20,2,100800,174,0.86,0.05,0.09
"between_freedman_lane","primary_n20","trait",20,2,100800,175,0.7525,0.05,0.09
"between_freedman_lane","primary_n20","trait",20,2,100800,176,0.2575,0.05,0.09
"between_freedman_lane","primary_n20","trait",20,2,100800,177,0.0775,0.05,0.09
"between_freedman_lane","primary_n20","trait",20,2,100800,178,0.9175,0.05,0.09
"between_freedman_lane","primary_n20","trait",20,2,100800,179,0.8775,0.05,0.09
"between_freedman_lane","primary_n20","trait",20,2,100800,180,0.5725,0.05,0.09
"between_freedman_lane","primary_n20","trait",20,2,100800,181,0.2925,0.05,0.09
"between_freedman_lane","primary_n20","trait",20,2,100800,182,0.505,0.05,0.09
"between_freedman_lane","primary_n20","trait",20,2,100800,183,0.81,0.05,0.09
"between_freedman_lane","primary_n20","trait",20,2,100800,184,0.9025,0.05,0.09
"between_freedman_lane","primary_n20","trait",20,2,100800,185,0.235,0.05,0.09
"between_freedman_lane","primary_n20","trait",20,2,100800,186,0.1725,0.05,0.09
"between_freedman_lane","primary_n20","trait",20,2,100800,187,0.8225,0.05,0.09
"between_freedman_lane","primary_n20","trait",20,2,100800,188,0.9,0.05,0.09
"between_freedman_lane","primary_n20","trait",20,2,100800,189,0.825,0.05,0.09
"between_freedman_lane","primary_n20","trait",20,2,100800,190,0.3075,0.05,0.09
"between_freedman_lane","primary_n20","trait",20,2,100800,191,0.315,0.05,0.09
"between_freedman_lane","primary_n20","trait",20,2,100800,192,0.77,0.05,0.09
"between_freedman_lane","primary_n20","trait",20,2,100800,193,0.355,0.05,0.09
"between_freedman_lane","primary_n20","trait",20,2,100800,194,0.29,0.05,0.09
"between_freedman_lane","primary_n20","trait",20,2,100800,195,0.2875,0.05,0.09
"between_freedman_lane","primary_n20","trait",20,2,100800,196,0.17,0.05,0.09
"between_freedman_lane","primary_n20","trait",20,2,100800,197,0.43,0.05,0.09
"between_freedman_lane","primary_n20","trait",20,2,100800,198,0.1325,0.05,0.09
"between_freedman_lane","primary_n20","trait",20,2,100800,199,0.06,0.05,0.09
"between_freedman_lane","primary_n20","trait",20,2,100800,200,0.7325,0.05,0.09
"between_freedman_lane","primary_n20","group:trait",20,2,100800,1,0.955,0.05,0.09
"between_freedman_lane","primary_n20","group:trait",20,2,100800,2,0.5525,0.05,0.09
"between_freedman_lane","primary_n20","group:trait",20,2,100800,3,0.92,0.05,0.09
"between_freedman_lane","primary_n20","group:trait",20,2,100800,4,0.6525,0.05,0.09
"between_freedman_lane","primary_n20","group:trait",20,2,100800,5,0.3325,0.05,0.09
"between_freedman_lane","primary_n20","group:trait",20,2,100800,6,0.64,0.05,0.09
"between_freedman_lane","primary_n20","group:trait",20,2,100800,7,0.7775,0.05,0.09
"between_freedman_lane","primary_n20","group:trait",20,2,100800,8,0.1075,0.05,0.09
"between_freedman_lane","primary_n20","group:trait",20,2,100800,9,0.6875,0.05,0.09
"between_freedman_lane","primary_n20","group:trait",20,2,100800,10,0.0475,0.05,0.09
"between_freedman_lane","primary_n20","group:trait",20,2,100800,11,0.9225,0.05,0.09
"between_freedman_lane","primary_n20","group:trait",20,2,100800,12,0.0075,0.05,0.09
"between_freedman_lane","primary_n20","group:trait",20,2,100800,13,0.055,0.05,0.09
"between_freedman_lane","primary_n20","group:trait",20,2,100800,14,0.69,0.05,0.09
"between_freedman_lane","primary_n20","group:trait",20,2,100800,15,0.185,0.05,0.09
"between_freedman_lane","primary_n20","group:trait",20,2,100800,16,0.0575,0.05,0.09
"between_freedman_lane","primary_n20","group:trait",20,2,100800,17,0.98,0.05,0.09
"between_freedman_lane","primary_n20","group:trait",20,2,100800,18,0.01,0.05,0.09
"between_freedman_lane","primary_n20","group:trait",20,2,100800,19,0.3675,0.05,0.09
"between_freedman_lane","primary_n20","group:trait",20,2,100800,20,0.04,0.05,0.09
"between_freedman_lane","primary_n20","group:trait",20,2,100800,21,0.1075,0.05,0.09
"between_freedman_lane","primary_n20","group:trait",20,2,100800,22,0.8325,0.05,0.09
"between_freedman_lane","primary_n20","group:trait",20,2,100800,23,0.8675,0.05,0.09
"between_freedman_lane","primary_n20","group:trait",20,2,100800,24,0.71,0.05,0.09
"between_freedman_lane","primary_n20","group:trait",20,2,100800,25,0.24,0.05,0.09
"between_freedman_lane","primary_n20","group:trait",20,2,100800,26,0.6175,0.05,0.09
"between_freedman_lane","primary_n20","group:trait",20,2,100800,27,0.2875,0.05,0.09
"between_freedman_lane","primary_n20","group:trait",20,2,100800,28,0.835,0.05,0.09
"between_freedman_lane","primary_n20","group:trait",20,2,100800,29,0.8475,0.05,0.09
"between_freedman_lane","primary_n20","group:trait",20,2,100800,30,0.1125,0.05,0.09
"between_freedman_lane","primary_n20","group:trait",20,2,100800,31,0.705,0.05,0.09
"between_freedman_lane","primary_n20","group:trait",20,2,100800,32,0.84,0.05,0.09
"between_freedman_lane","primary_n20","group:trait",20,2,100800,33,0.5075,0.05,0.09
"between_freedman_lane","primary_n20","group:trait",20,2,100800,34,0.97,0.05,0.09
"between_freedman_lane","primary_n20","group:trait",20,2,100800,35,0.23,0.05,0.09
"between_freedman_lane","primary_n20","group:trait",20,2,100800,36,0.3275,0.05,0.09
"between_freedman_lane","primary_n20","group:trait",20,2,100800,37,0.6975,0.05,0.09
"between_freedman_lane","primary_n20","group:trait",20,2,100800,38,0.005,0.05,0.09
"between_freedman_lane","primary_n20","group:trait",20,2,100800,39,0.2425,0.05,0.09
"between_freedman_lane","primary_n20","group:trait",20,2,100800,40,0.405,0.05,0.09
"between_freedman_lane","primary_n20","group:trait",20,2,100800,41,0.7675,0.05,0.09
"between_freedman_lane","primary_n20","group:trait",20,2,100800,42,0.8725,0.05,0.09
"between_freedman_lane","primary_n20","group:trait",20,2,100800,43,0.0625,0.05,0.09
"between_freedman_lane","primary_n20","group:trait",20,2,100800,44,0.68,0.05,0.09
"between_freedman_lane","primary_n20","group:trait",20,2,100800,45,0.7925,0.05,0.09
"between_freedman_lane","primary_n20","group:trait",20,2,100800,46,0.0925,0.05,0.09
"between_freedman_lane","primary_n20","group:trait",20,2,100800,47,0.0125,0.05,0.09
"between_freedman_lane","primary_n20","group:trait",20,2,100800,48,0.6425,0.05,0.09
"between_freedman_lane","primary_n20","group:trait",20,2,100800,49,0.1475,0.05,0.09
"between_freedman_lane","primary_n20","group:trait",20,2,100800,50,0.395,0.05,0.09
"between_freedman_lane","primary_n20","group:trait",20,2,100800,51,0.0125,0.05,0.09
"between_freedman_lane","primary_n20","group:trait",20,2,100800,52,0.11,0.05,0.09
"between_freedman_lane","primary_n20","group:trait",20,2,100800,53,0.8625,0.05,0.09
"between_freedman_lane","primary_n20","group:trait",20,2,100800,54,0.435,0.05,0.09
"between_freedman_lane","primary_n20","group:trait",20,2,100800,55,0.695,0.05,0.09
"between_freedman_lane","primary_n20","group:trait",20,2,100800,56,0.8175,0.05,0.09
"between_freedman_lane","primary_n20","group:trait",20,2,100800,57,0.35,0.05,0.09
"between_freedman_lane","primary_n20","group:trait",20,2,100800,58,0.355,0.05,0.09
"between_freedman_lane","primary_n20","group:trait",20,2,100800,59,0.025,0.05,0.09
"between_freedman_lane","primary_n20","group:trait",20,2,100800,60,0.61,0.05,0.09
"between_freedman_lane","primary_n20","group:trait",20,2,100800,61,0.1975,0.05,0.09
"between_freedman_lane","primary_n20","group:trait",20,2,100800,62,0.075,0.05,0.09
"between_freedman_lane","primary_n20","group:trait",20,2,100800,63,0.5,0.05,0.09
"between_freedman_lane","primary_n20","group:trait",20,2,100800,64,0.86,0.05,0.09
"between_freedman_lane","primary_n20","group:trait",20,2,100800,65,0.9375,0.05,0.09
"between_freedman_lane","primary_n20","group:trait",20,2,100800,66,0.5675,0.05,0.09
"between_freedman_lane","primary_n20","group:trait",20,2,100800,67,0.7125,0.05,0.09
"between_freedman_lane","primary_n20","group:trait",20,2,100800,68,0.43,0.05,0.09
"between_freedman_lane","primary_n20","group:trait",20,2,100800,69,0.9425,0.05,0.09
"between_freedman_lane","primary_n20","group:trait",20,2,100800,70,0.165,0.05,0.09
"between_freedman_lane","primary_n20","group:trait",20,2,100800,71,0.59,0.05,0.09
"between_freedman_lane","primary_n20","group:trait",20,2,100800,72,0.425,0.05,0.09
"between_freedman_lane","primary_n20","group:trait",20,2,100800,73,0.7475,0.05,0.09
"between_freedman_lane","primary_n20","group:trait",20,2,100800,74,0.7975,0.05,0.09
"between_freedman_lane","primary_n20","group:trait",20,2,100800,75,0.6,0.05,0.09
"between_freedman_lane","primary_n20","group:trait",20,2,100800,76,0.4475,0.05,0.09
"between_freedman_lane","primary_n20","group:trait",20,2,100800,77,0.05,0.05,0.09
"between_freedman_lane","primary_n20","group:trait",20,2,100800,78,0.4175,0.05,0.09
"between_freedman_lane","primary_n20","group:trait",20,2,100800,79,0.2125,0.05,0.09
"between_freedman_lane","primary_n20","group:trait",20,2,100800,80,0.0275,0.05,0.09
"between_freedman_lane","primary_n20","group:trait",20,2,100800,81,0.1675,0.05,0.09
"between_freedman_lane","primary_n20","group:trait",20,2,100800,82,0.7675,0.05,0.09
"between_freedman_lane","primary_n20","group:trait",20,2,100800,83,0.78,0.05,0.09
"between_freedman_lane","primary_n20","group:trait",20,2,100800,84,0.855,0.05,0.09
"between_freedman_lane","primary_n20","group:trait",20,2,100800,85,0.5675,0.05,0.09
"between_freedman_lane","primary_n20","group:trait",20,2,100800,86,0.61,0.05,0.09
"between_freedman_lane","primary_n20","group:trait",20,2,100800,87,0.6175,0.05,0.09
"between_freedman_lane","primary_n20","group:trait",20,2,100800,88,0.2375,0.05,0.09
"between_freedman_lane","primary_n20","group:trait",20,2,100800,89,0.08,0.05,0.09
"between_freedman_lane","primary_n20","group:trait",20,2,100800,90,0.3775,0.05,0.09
"between_freedman_lane","primary_n20","group:trait",20,2,100800,91,0.3625,0.05,0.09
"between_freedman_lane","primary_n20","group:trait",20,2,100800,92,0.8025,0.05,0.09
"between_freedman_lane","primary_n20","group:trait",20,2,100800,93,0.3675,0.05,0.09
"between_freedman_lane","primary_n20","group:trait",20,2,100800,94,0.52,0.05,0.09
"between_freedman_lane","primary_n20","group:trait",20,2,100800,95,0.585,0.05,0.09
"between_freedman_lane","primary_n20","group:trait",20,2,100800,96,0.7125,0.05,0.09
"between_freedman_lane","primary_n20","group:trait",20,2,100800,97,0.005,0.05,0.09
"between_freedman_lane","primary_n20","group:trait",20,2,100800,98,0.5075,0.05,0.09
"between_freedman_lane","primary_n20","group:trait",20,2,100800,99,0.51,0.05,0.09
"between_freedman_lane","primary_n20","group:trait",20,2,100800,100,0.755,0.05,0.09
"between_freedman_lane","primary_n20","group:trait",20,2,100800,101,0.91,0.05,0.09
"between_freedman_lane","primary_n20","group:trait",20,2,100800,102,0.6525,0.05,0.09
"between_freedman_lane","primary_n20","group:trait",20,2,100800,103,0.1,0.05,0.09
"between_freedman_lane","primary_n20","group:trait",20,2,100800,104,0.9575,0.05,0.09
"between_freedman_lane","primary_n20","group:trait",20,2,100800,105,0.655,0.05,0.09
"between_freedman_lane","primary_n20","group:trait",20,2,100800,106,0.4675,0.05,0.09
"between_freedman_lane","primary_n20","group:trait",20,2,100800,107,0.38,0.05,0.09
"between_freedman_lane","primary_n20","group:trait",20,2,100800,108,0.245,0.05,0.09
"between_freedman_lane","primary_n20","group:trait",20,2,100800,109,0.2875,0.05,0.09
"between_freedman_lane","primary_n20","group:trait",20,2,100800,110,0.195,0.05,0.09
"between_freedman_lane","primary_n20","group:trait",20,2,100800,111,0.0375,0.05,0.09
"between_freedman_lane","primary_n20","group:trait",20,2,100800,112,0.4825,0.05,0.09
"between_freedman_lane","primary_n20","group:trait",20,2,100800,113,0.8225,0.05,0.09
"between_freedman_lane","primary_n20","group:trait",20,2,100800,114,0.3025,0.05,0.09
"between_freedman_lane","primary_n20","group:trait",20,2,100800,115,0.905,0.05,0.09
"between_freedman_lane","primary_n20","group:trait",20,2,100800,116,0.8625,0.05,0.09
"between_freedman_lane","primary_n20","group:trait",20,2,100800,117,0.385,0.05,0.09
"between_freedman_lane","primary_n20","group:trait",20,2,100800,118,0.445,0.05,0.09
"between_freedman_lane","primary_n20","group:trait",20,2,100800,119,0.6025,0.05,0.09
"between_freedman_lane","primary_n20","group:trait",20,2,100800,120,0.0225,0.05,0.09
"between_freedman_lane","primary_n20","group:trait",20,2,100800,121,0.9575,0.05,0.09
"between_freedman_lane","primary_n20","group:trait",20,2,100800,122,0.1925,0.05,0.09
"between_freedman_lane","primary_n20","group:trait",20,2,100800,123,0.025,0.05,0.09
"between_freedman_lane","primary_n20","group:trait",20,2,100800,124,0.2425,0.05,0.09
"between_freedman_lane","primary_n20","group:trait",20,2,100800,125,0.405,0.05,0.09
"between_freedman_lane","primary_n20","group:trait",20,2,100800,126,0.84,0.05,0.09
"between_freedman_lane","primary_n20","group:trait",20,2,100800,127,0.06,0.05,0.09
"between_freedman_lane","primary_n20","group:trait",20,2,100800,128,0.21,0.05,0.09
"between_freedman_lane","primary_n20","group:trait",20,2,100800,129,0.0775,0.05,0.09
"between_freedman_lane","primary_n20","group:trait",20,2,100800,130,0.06,0.05,0.09
"between_freedman_lane","primary_n20","group:trait",20,2,100800,131,0.1725,0.05,0.09
"between_freedman_lane","primary_n20","group:trait",20,2,100800,132,0.535,0.05,0.09
"between_freedman_lane","primary_n20","group:trait",20,2,100800,133,0.625,0.05,0.09
"between_freedman_lane","primary_n20","group:trait",20,2,100800,134,0.5975,0.05,0.09
"between_freedman_lane","primary_n20","group:trait",20,2,100800,135,0.33,0.05,0.09
"between_freedman_lane","primary_n20","group:trait",20,2,100800,136,0.915,0.05,0.09
"between_freedman_lane","primary_n20","group:trait",20,2,100800,137,0.2775,0.05,0.09
"between_freedman_lane","primary_n20","group:trait",20,2,100800,138,0.8375,0.05,0.09
"between_freedman_lane","primary_n20","group:trait",20,2,100800,139,0.0075,0.05,0.09
"between_freedman_lane","primary_n20","group:trait",20,2,100800,140,0.5775,0.05,0.09
"between_freedman_lane","primary_n20","group:trait",20,2,100800,141,0.5275,0.05,0.09
"between_freedman_lane","primary_n20","group:trait",20,2,100800,142,0.3875,0.05,0.09
"between_freedman_lane","primary_n20","group:trait",20,2,100800,143,0.2,0.05,0.09
"between_freedman_lane","primary_n20","group:trait",20,2,100800,144,0.9875,0.05,0.09
"between_freedman_lane","primary_n20","group:trait",20,2,100800,145,0.6375,0.05,0.09
"between_freedman_lane","primary_n20","group:trait",20,2,100800,146,0.42,0.05,0.09
"between_freedman_lane","primary_n20","group:trait",20,2,100800,147,0.8675,0.05,0.09
"between_freedman_lane","primary_n20","group:trait",20,2,100800,148,0.55,0.05,0.09
"between_freedman_lane","primary_n20","group:trait",20,2,100800,149,0.0175,0.05,0.09
"between_freedman_lane","primary_n20","group:trait",20,2,100800,150,0.45,0.05,0.09
"between_freedman_lane","primary_n20","group:trait",20,2,100800,151,0.0125,0.05,0.09
"between_freedman_lane","primary_n20","group:trait",20,2,100800,152,0.1575,0.05,0.09
"between_freedman_lane","primary_n20","group:trait",20,2,100800,153,0.345,0.05,0.09
"between_freedman_lane","primary_n20","group:trait",20,2,100800,154,0.24,0.05,0.09
"between_freedman_lane","primary_n20","group:trait",20,2,100800,155,0.1875,0.05,0.09
"between_freedman_lane","primary_n20","group:trait",20,2,100800,156,0.1475,0.05,0.09
"between_freedman_lane","primary_n20","group:trait",20,2,100800,157,0.54,0.05,0.09
"between_freedman_lane","primary_n20","group:trait",20,2,100800,158,0.5,0.05,0.09
"between_freedman_lane","primary_n20","group:trait",20,2,100800,159,0.935,0.05,0.09
"between_freedman_lane","primary_n20","group:trait",20,2,100800,160,0.545,0.05,0.09
"between_freedman_lane","primary_n20","group:trait",20,2,100800,161,0.2075,0.05,0.09
"between_freedman_lane","primary_n20","group:trait",20,2,100800,162,0.3325,0.05,0.09
"between_freedman_lane","primary_n20","group:trait",20,2,100800,163,0.08,0.05,0.09
"between_freedman_lane","primary_n20","group:trait",20,2,100800,164,0.76,0.05,0.09
"between_freedman_lane","primary_n20","group:trait",20,2,100800,165,0.6575,0.05,0.09
"between_freedman_lane","primary_n20","group:trait",20,2,100800,166,0.69,0.05,0.09
"between_freedman_lane","primary_n20","group:trait",20,2,100800,167,0.015,0.05,0.09
"between_freedman_lane","primary_n20","group:trait",20,2,100800,168,0.63,0.05,0.09
"between_freedman_lane","primary_n20","group:trait",20,2,100800,169,0.75,0.05,0.09
"between_freedman_lane","primary_n20","group:trait",20,2,100800,170,0.6775,0.05,0.09
"between_freedman_lane","primary_n20","group:trait",20,2,100800,171,0.01,0.05,0.09
"between_freedman_lane","primary_n20","group:trait",20,2,100800,172,0.875,0.05,0.09
"between_freedman_lane","primary_n20","group:trait",20,2,100800,173,0.1025,0.05,0.09
"between_freedman_lane","primary_n20","group:trait",20,2,100800,174,0.255,0.05,0.09
"between_freedman_lane","primary_n20","group:trait",20,2,100800,175,0.8525,0.05,0.09
"between_freedman_lane","primary_n20","group:trait",20,2,100800,176,0.0725,0.05,0.09
"between_freedman_lane","primary_n20","group:trait",20,2,100800,177,0.0975,0.05,0.09
"between_freedman_lane","primary_n20","group:trait",20,2,100800,178,0.1575,0.05,0.09
"between_freedman_lane","primary_n20","group:trait",20,2,100800,179,0.425,0.05,0.09
"between_freedman_lane","primary_n20","group:trait",20,2,100800,180,0.2975,0.05,0.09
"between_freedman_lane","primary_n20","group:trait",20,2,100800,181,0.02,0.05,0.09
"between_freedman_lane","primary_n20","group:trait",20,2,100800,182,0.795,0.05,0.09
"between_freedman_lane","primary_n20","group:trait",20,2,100800,183,0.885,0.05,0.09
"between_freedman_lane","primary_n20","group:trait",20,2,100800,184,0.5075,0.05,0.09
"between_freedman_lane","primary_n20","group:trait",20,2,100800,185,0.9025,0.05,0.09
"between_freedman_lane","primary_n20","group:trait",20,2,100800,186,0.26,0.05,0.09
"between_freedman_lane","primary_n20","group:trait",20,2,100800,187,0.0925,0.05,0.09
"between_freedman_lane","primary_n20","group:trait",20,2,100800,188,0.375,0.05,0.09
"between_freedman_lane","primary_n20","group:trait",20,2,100800,189,0.7075,0.05,0.09
"between_freedman_lane","primary_n20","group:trait",20,2,100800,190,0.6075,0.05,0.09
"between_freedman_lane","primary_n20","group:trait",20,2,100800,191,0.4225,0.05,0.09
"between_freedman_lane","primary_n20","group:trait",20,2,100800,192,0.995,0.05,0.09
"between_freedman_lane","primary_n20","group:trait",20,2,100800,193,0.1425,0.05,0.09
"between_freedman_lane","primary_n20","group:trait",20,2,100800,194,0.4175,0.05,0.09
"between_freedman_lane","primary_n20","group:trait",20,2,100800,195,0.71,0.05,0.09
"between_freedman_lane","primary_n20","group:trait",20,2,100800,196,0.355,0.05,0.09
"between_freedman_lane","primary_n20","group:trait",20,2,100800,197,0.395,0.05,0.09
"between_freedman_lane","primary_n20","group:trait",20,2,100800,198,0.22,0.05,0.09
"between_freedman_lane","primary_n20","group:trait",20,2,100800,199,0.1725,0.05,0.09
"between_freedman_lane","primary_n20","group:trait",20,2,100800,200,0.6275,0.05,0.09
"between_freedman_lane","primary_n20","group",20,3,200800,1,0.21,0.05,0.09
"between_freedman_lane","primary_n20","group",20,3,200800,2,0.605,0.05,0.09
"between_freedman_lane","primary_n20","group",20,3,200800,3,0.305,0.05,0.09
"between_freedman_lane","primary_n20","group",20,3,200800,4,0.2775,0.05,0.09
"between_freedman_lane","primary_n20","group",20,3,200800,5,0.0475,0.05,0.09
"between_freedman_lane","primary_n20","group",20,3,200800,6,0.165,0.05,0.09
"between_freedman_lane","primary_n20","group",20,3,200800,7,0.035,0.05,0.09
"between_freedman_lane","primary_n20","group",20,3,200800,8,0.535,0.05,0.09
"between_freedman_lane","primary_n20","group",20,3,200800,9,0.14,0.05,0.09
"between_freedman_lane","primary_n20","group",20,3,200800,10,0.655,0.05,0.09
"between_freedman_lane","primary_n20","group",20,3,200800,11,0.4675,0.05,0.09
"between_freedman_lane","primary_n20","group",20,3,200800,12,0.1625,0.05,0.09
"between_freedman_lane","primary_n20","group",20,3,200800,13,0.885,0.05,0.09
"between_freedman_lane","primary_n20","group",20,3,200800,14,0.215,0.05,0.09
"between_freedman_lane","primary_n20","group",20,3,200800,15,0.705,0.05,0.09
"between_freedman_lane","primary_n20","group",20,3,200800,16,0.03,0.05,0.09
"between_freedman_lane","primary_n20","group",20,3,200800,17,0.73,0.05,0.09
"between_freedman_lane","primary_n20","group",20,3,200800,18,0.55,0.05,0.09
"between_freedman_lane","primary_n20","group",20,3,200800,19,0.215,0.05,0.09
"between_freedman_lane","primary_n20","group",20,3,200800,20,0.9025,0.05,0.09
"between_freedman_lane","primary_n20","group",20,3,200800,21,0.9375,0.05,0.09
"between_freedman_lane","primary_n20","group",20,3,200800,22,0.4625,0.05,0.09
"between_freedman_lane","primary_n20","group",20,3,200800,23,0.3025,0.05,0.09
"between_freedman_lane","primary_n20","group",20,3,200800,24,0.2225,0.05,0.09
"between_freedman_lane","primary_n20","group",20,3,200800,25,0.155,0.05,0.09
"between_freedman_lane","primary_n20","group",20,3,200800,26,0.4975,0.05,0.09
"between_freedman_lane","primary_n20","group",20,3,200800,27,0.3475,0.05,0.09
"between_freedman_lane","primary_n20","group",20,3,200800,28,0.055,0.05,0.09
"between_freedman_lane","primary_n20","group",20,3,200800,29,0.2725,0.05,0.09
"between_freedman_lane","primary_n20","group",20,3,200800,30,0.4475,0.05,0.09
"between_freedman_lane","primary_n20","group",20,3,200800,31,0.12,0.05,0.09
"between_freedman_lane","primary_n20","group",20,3,200800,32,0.365,0.05,0.09
"between_freedman_lane","primary_n20","group",20,3,200800,33,0.6575,0.05,0.09
"between_freedman_lane","primary_n20","group",20,3,200800,34,0.9325,0.05,0.09
"between_freedman_lane","primary_n20","group",20,3,200800,35,0.46,0.05,0.09
"between_freedman_lane","primary_n20","group",20,3,200800,36,0.81,0.05,0.09
"between_freedman_lane","primary_n20","group",20,3,200800,37,0.555,0.05,0.09
"between_freedman_lane","primary_n20","group",20,3,200800,38,0.6525,0.05,0.09
"between_freedman_lane","primary_n20","group",20,3,200800,39,0.5975,0.05,0.09
"between_freedman_lane","primary_n20","group",20,3,200800,40,0.8575,0.05,0.09
"between_freedman_lane","primary_n20","group",20,3,200800,41,0.9275,0.05,0.09
"between_freedman_lane","primary_n20","group",20,3,200800,42,0.0025,0.05,0.09
"between_freedman_lane","primary_n20","group",20,3,200800,43,0.2675,0.05,0.09
"between_freedman_lane","primary_n20","group",20,3,200800,44,0.14,0.05,0.09
"between_freedman_lane","primary_n20","group",20,3,200800,45,0.0275,0.05,0.09
"between_freedman_lane","primary_n20","group",20,3,200800,46,0.0275,0.05,0.09
"between_freedman_lane","primary_n20","group",20,3,200800,47,0.3175,0.05,0.09
"between_freedman_lane","primary_n20","group",20,3,200800,48,0.68,0.05,0.09
"between_freedman_lane","primary_n20","group",20,3,200800,49,0.4225,0.05,0.09
"between_freedman_lane","primary_n20","group",20,3,200800,50,0.0675,0.05,0.09
"between_freedman_lane","primary_n20","group",20,3,200800,51,0.63,0.05,0.09
"between_freedman_lane","primary_n20","group",20,3,200800,52,0.8625,0.05,0.09
"between_freedman_lane","primary_n20","group",20,3,200800,53,0.9125,0.05,0.09
"between_freedman_lane","primary_n20","group",20,3,200800,54,0.1825,0.05,0.09
"between_freedman_lane","primary_n20","group",20,3,200800,55,0.8375,0.05,0.09
"between_freedman_lane","primary_n20","group",20,3,200800,56,0.54,0.05,0.09
"between_freedman_lane","primary_n20","group",20,3,200800,57,0.065,0.05,0.09
"between_freedman_lane","primary_n20","group",20,3,200800,58,0.7725,0.05,0.09
"between_freedman_lane","primary_n20","group",20,3,200800,59,0.555,0.05,0.09
"between_freedman_lane","primary_n20","group",20,3,200800,60,0.3475,0.05,0.09
"between_freedman_lane","primary_n20","group",20,3,200800,61,0.2575,0.05,0.09
"between_freedman_lane","primary_n20","group",20,3,200800,62,0.495,0.05,0.09
"between_freedman_lane","primary_n20","group",20,3,200800,63,0.9075,0.05,0.09
"between_freedman_lane","primary_n20","group",20,3,200800,64,0.2325,0.05,0.09
"between_freedman_lane","primary_n20","group",20,3,200800,65,0.4625,0.05,0.09
"between_freedman_lane","primary_n20","group",20,3,200800,66,0.9925,0.05,0.09
"between_freedman_lane","primary_n20","group",20,3,200800,67,0.24,0.05,0.09
"between_freedman_lane","primary_n20","group",20,3,200800,68,0.6,0.05,0.09
"between_freedman_lane","primary_n20","group",20,3,200800,69,0.8575,0.05,0.09
"between_freedman_lane","primary_n20","group",20,3,200800,70,0.58,0.05,0.09
"between_freedman_lane","primary_n20","group",20,3,200800,71,0.2125,0.05,0.09
"between_freedman_lane","primary_n20","group",20,3,200800,72,0.4475,0.05,0.09
"between_freedman_lane","primary_n20","group",20,3,200800,73,0.635,0.05,0.09
"between_freedman_lane","primary_n20","group",20,3,200800,74,0.355,0.05,0.09
"between_freedman_lane","primary_n20","group",20,3,200800,75,0.08,0.05,0.09
"between_freedman_lane","primary_n20","group",20,3,200800,76,0.495,0.05,0.09
"between_freedman_lane","primary_n20","group",20,3,200800,77,0.6975,0.05,0.09
"between_freedman_lane","primary_n20","group",20,3,200800,78,0.0275,0.05,0.09
"between_freedman_lane","primary_n20","group",20,3,200800,79,0.025,0.05,0.09
"between_freedman_lane","primary_n20","group",20,3,200800,80,0.8075,0.05,0.09
"between_freedman_lane","primary_n20","group",20,3,200800,81,0.0575,0.05,0.09
"between_freedman_lane","primary_n20","group",20,3,200800,82,0.3725,0.05,0.09
"between_freedman_lane","primary_n20","group",20,3,200800,83,0.45,0.05,0.09
"between_freedman_lane","primary_n20","group",20,3,200800,84,0.5925,0.05,0.09
"between_freedman_lane","primary_n20","group",20,3,200800,85,0.3625,0.05,0.09
"between_freedman_lane","primary_n20","group",20,3,200800,86,0.7,0.05,0.09
"between_freedman_lane","primary_n20","group",20,3,200800,87,0.81,0.05,0.09
"between_freedman_lane","primary_n20","group",20,3,200800,88,0.98,0.05,0.09
"between_freedman_lane","primary_n20","group",20,3,200800,89,0.135,0.05,0.09
"between_freedman_lane","primary_n20","group",20,3,200800,90,0.0225,0.05,0.09
"between_freedman_lane","primary_n20","group",20,3,200800,91,0.2175,0.05,0.09
"between_freedman_lane","primary_n20","group",20,3,200800,92,0.835,0.05,0.09
"between_freedman_lane","primary_n20","group",20,3,200800,93,0.43,0.05,0.09
"between_freedman_lane","primary_n20","group",20,3,200800,94,0.185,0.05,0.09
"between_freedman_lane","primary_n20","group",20,3,200800,95,0.5375,0.05,0.09
"between_freedman_lane","primary_n20","group",20,3,200800,96,0.03,0.05,0.09
"between_freedman_lane","primary_n20","group",20,3,200800,97,0.1625,0.05,0.09
"between_freedman_lane","primary_n20","group",20,3,200800,98,0.0325,0.05,0.09
"between_freedman_lane","primary_n20","group",20,3,200800,99,0.285,0.05,0.09
"between_freedman_lane","primary_n20","group",20,3,200800,100,0.34,0.05,0.09
"between_freedman_lane","primary_n20","group",20,3,200800,101,0.5425,0.05,0.09
"between_freedman_lane","primary_n20","group",20,3,200800,102,0.365,0.05,0.09
"between_freedman_lane","primary_n20","group",20,3,200800,103,0.565,0.05,0.09
"between_freedman_lane","primary_n20","group",20,3,200800,104,0.46,0.05,0.09
"between_freedman_lane","primary_n20","group",20,3,200800,105,0.3325,0.05,0.09
"between_freedman_lane","primary_n20","group",20,3,200800,106,0.5975,0.05,0.09
"between_freedman_lane","primary_n20","group",20,3,200800,107,0.4575,0.05,0.09
"between_freedman_lane","primary_n20","group",20,3,200800,108,0.89,0.05,0.09
"between_freedman_lane","primary_n20","group",20,3,200800,109,0.1825,0.05,0.09
"between_freedman_lane","primary_n20","group",20,3,200800,110,0.915,0.05,0.09
"between_freedman_lane","primary_n20","group",20,3,200800,111,0.5775,0.05,0.09
"between_freedman_lane","primary_n20","group",20,3,200800,112,0.0025,0.05,0.09
"between_freedman_lane","primary_n20","group",20,3,200800,113,0.1475,0.05,0.09
"between_freedman_lane","primary_n20","group",20,3,200800,114,0.035,0.05,0.09
"between_freedman_lane","primary_n20","group",20,3,200800,115,0.5725,0.05,0.09
"between_freedman_lane","primary_n20","group",20,3,200800,116,0.9575,0.05,0.09
"between_freedman_lane","primary_n20","group",20,3,200800,117,0.915,0.05,0.09
"between_freedman_lane","primary_n20","group",20,3,200800,118,0.23,0.05,0.09
"between_freedman_lane","primary_n20","group",20,3,200800,119,0.045,0.05,0.09
"between_freedman_lane","primary_n20","group",20,3,200800,120,0.5975,0.05,0.09
"between_freedman_lane","primary_n20","group",20,3,200800,121,0.0025,0.05,0.09
"between_freedman_lane","primary_n20","group",20,3,200800,122,0.5775,0.05,0.09
"between_freedman_lane","primary_n20","group",20,3,200800,123,0.9975,0.05,0.09
"between_freedman_lane","primary_n20","group",20,3,200800,124,0.285,0.05,0.09
"between_freedman_lane","primary_n20","group",20,3,200800,125,0.635,0.05,0.09
"between_freedman_lane","primary_n20","group",20,3,200800,126,0.28,0.05,0.09
"between_freedman_lane","primary_n20","group",20,3,200800,127,0.56,0.05,0.09
"between_freedman_lane","primary_n20","group",20,3,200800,128,0.5725,0.05,0.09
"between_freedman_lane","primary_n20","group",20,3,200800,129,0.5375,0.05,0.09
"between_freedman_lane","primary_n20","group",20,3,200800,130,0.775,0.05,0.09
"between_freedman_lane","primary_n20","group",20,3,200800,131,0.73,0.05,0.09
"between_freedman_lane","primary_n20","group",20,3,200800,132,0.2425,0.05,0.09
"between_freedman_lane","primary_n20","group",20,3,200800,133,0.635,0.05,0.09
"between_freedman_lane","primary_n20","group",20,3,200800,134,0.625,0.05,0.09
"between_freedman_lane","primary_n20","group",20,3,200800,135,0.1425,0.05,0.09
"between_freedman_lane","primary_n20","group",20,3,200800,136,0.0925,0.05,0.09
"between_freedman_lane","primary_n20","group",20,3,200800,137,0.91,0.05,0.09
"between_freedman_lane","primary_n20","group",20,3,200800,138,0.8975,0.05,0.09
"between_freedman_lane","primary_n20","group",20,3,200800,139,0.77,0.05,0.09
"between_freedman_lane","primary_n20","group",20,3,200800,140,0.2275,0.05,0.09
"between_freedman_lane","primary_n20","group",20,3,200800,141,0.2725,0.05,0.09
"between_freedman_lane","primary_n20","group",20,3,200800,142,0.05,0.05,0.09
"between_freedman_lane","primary_n20","group",20,3,200800,143,0.645,0.05,0.09
"between_freedman_lane","primary_n20","group",20,3,200800,144,0.515,0.05,0.09
"between_freedman_lane","primary_n20","group",20,3,200800,145,0.46,0.05,0.09
"between_freedman_lane","primary_n20","group",20,3,200800,146,0.345,0.05,0.09
"between_freedman_lane","primary_n20","group",20,3,200800,147,0.8875,0.05,0.09
"between_freedman_lane","primary_n20","group",20,3,200800,148,0.0075,0.05,0.09
"between_freedman_lane","primary_n20","group",20,3,200800,149,0.08,0.05,0.09
"between_freedman_lane","primary_n20","group",20,3,200800,150,0.71,0.05,0.09
"between_freedman_lane","primary_n20","group",20,3,200800,151,0.04,0.05,0.09
"between_freedman_lane","primary_n20","group",20,3,200800,152,0.6175,0.05,0.09
"between_freedman_lane","primary_n20","group",20,3,200800,153,0.0875,0.05,0.09
"between_freedman_lane","primary_n20","group",20,3,200800,154,0.595,0.05,0.09
"between_freedman_lane","primary_n20","group",20,3,200800,155,0.295,0.05,0.09
"between_freedman_lane","primary_n20","group",20,3,200800,156,0.1525,0.05,0.09
"between_freedman_lane","primary_n20","group",20,3,200800,157,0.83,0.05,0.09
"between_freedman_lane","primary_n20","group",20,3,200800,158,0.54,0.05,0.09
"between_freedman_lane","primary_n20","group",20,3,200800,159,0.9075,0.05,0.09
"between_freedman_lane","primary_n20","group",20,3,200800,160,0.0475,0.05,0.09
"between_freedman_lane","primary_n20","group",20,3,200800,161,0.9,0.05,0.09
"between_freedman_lane","primary_n20","group",20,3,200800,162,0.34,0.05,0.09
"between_freedman_lane","primary_n20","group",20,3,200800,163,0.0775,0.05,0.09
"between_freedman_lane","primary_n20","group",20,3,200800,164,0.8525,0.05,0.09
"between_freedman_lane","primary_n20","group",20,3,200800,165,0.22,0.05,0.09
"between_freedman_lane","primary_n20","group",20,3,200800,166,0.4075,0.05,0.09
"between_freedman_lane","primary_n20","group",20,3,200800,167,0.1075,0.05,0.09
"between_freedman_lane","primary_n20","group",20,3,200800,168,0.5625,0.05,0.09
"between_freedman_lane","primary_n20","group",20,3,200800,169,0.0475,0.05,0.09
"between_freedman_lane","primary_n20","group",20,3,200800,170,0.1975,0.05,0.09
"between_freedman_lane","primary_n20","group",20,3,200800,171,0.045,0.05,0.09
"between_freedman_lane","primary_n20","group",20,3,200800,172,0.875,0.05,0.09
"between_freedman_lane","primary_n20","group",20,3,200800,173,0.915,0.05,0.09
"between_freedman_lane","primary_n20","group",20,3,200800,174,0.425,0.05,0.09
"between_freedman_lane","primary_n20","group",20,3,200800,175,0.5475,0.05,0.09
"between_freedman_lane","primary_n20","group",20,3,200800,176,0.6775,0.05,0.09
"between_freedman_lane","primary_n20","group",20,3,200800,177,0.545,0.05,0.09
"between_freedman_lane","primary_n20","group",20,3,200800,178,0.5775,0.05,0.09
"between_freedman_lane","primary_n20","group",20,3,200800,179,0.145,0.05,0.09
"between_freedman_lane","primary_n20","group",20,3,200800,180,0.07,0.05,0.09
"between_freedman_lane","primary_n20","group",20,3,200800,181,0.0925,0.05,0.09
"between_freedman_lane","primary_n20","group",20,3,200800,182,0.035,0.05,0.09
"between_freedman_lane","primary_n20","group",20,3,200800,183,0.94,0.05,0.09
"between_freedman_lane","primary_n20","group",20,3,200800,184,0.4725,0.05,0.09
"between_freedman_lane","primary_n20","group",20,3,200800,185,0.145,0.05,0.09
"between_freedman_lane","primary_n20","group",20,3,200800,186,0.645,0.05,0.09
"between_freedman_lane","primary_n20","group",20,3,200800,187,0.81,0.05,0.09
"between_freedman_lane","primary_n20","group",20,3,200800,188,0.7775,0.05,0.09
"between_freedman_lane","primary_n20","group",20,3,200800,189,0.495,0.05,0.09
"between_freedman_lane","primary_n20","group",20,3,200800,190,0.7075,0.05,0.09
"between_freedman_lane","primary_n20","group",20,3,200800,191,0.3825,0.05,0.09
"between_freedman_lane","primary_n20","group",20,3,200800,192,0.9775,0.05,0.09
"between_freedman_lane","primary_n20","group",20,3,200800,193,0.3125,0.05,0.09
"between_freedman_lane","primary_n20","group",20,3,200800,194,0.11,0.05,0.09
"between_freedman_lane","primary_n20","group",20,3,200800,195,0.4775,0.05,0.09
"between_freedman_lane","primary_n20","group",20,3,200800,196,0.775,0.05,0.09
"between_freedman_lane","primary_n20","group",20,3,200800,197,0.9275,0.05,0.09
"between_freedman_lane","primary_n20","group",20,3,200800,198,0.5575,0.05,0.09
"between_freedman_lane","primary_n20","group",20,3,200800,199,0.0425,0.05,0.09
"between_freedman_lane","primary_n20","group",20,3,200800,200,0.6225,0.05,0.09
"between_freedman_lane","primary_n20","trait",20,3,200800,1,0.185,0.05,0.09
"between_freedman_lane","primary_n20","trait",20,3,200800,2,0.665,0.05,0.09
"between_freedman_lane","primary_n20","trait",20,3,200800,3,0.3975,0.05,0.09
"between_freedman_lane","primary_n20","trait",20,3,200800,4,0.305,0.05,0.09
"between_freedman_lane","primary_n20","trait",20,3,200800,5,0.1475,0.05,0.09
"between_freedman_lane","primary_n20","trait",20,3,200800,6,0.865,0.05,0.09
"between_freedman_lane","primary_n20","trait",20,3,200800,7,0.445,0.05,0.09
"between_freedman_lane","primary_n20","trait",20,3,200800,8,0.4075,0.05,0.09
"between_freedman_lane","primary_n20","trait",20,3,200800,9,0.0925,0.05,0.09
"between_freedman_lane","primary_n20","trait",20,3,200800,10,0.87,0.05,0.09
"between_freedman_lane","primary_n20","trait",20,3,200800,11,0.575,0.05,0.09
"between_freedman_lane","primary_n20","trait",20,3,200800,12,0.6375,0.05,0.09
"between_freedman_lane","primary_n20","trait",20,3,200800,13,0.86,0.05,0.09
"between_freedman_lane","primary_n20","trait",20,3,200800,14,0.2825,0.05,0.09
"between_freedman_lane","primary_n20","trait",20,3,200800,15,0.195,0.05,0.09
"between_freedman_lane","primary_n20","trait",20,3,200800,16,0.2675,0.05,0.09
"between_freedman_lane","primary_n20","trait",20,3,200800,17,0.595,0.05,0.09
"between_freedman_lane","primary_n20","trait",20,3,200800,18,0.82,0.05,0.09
"between_freedman_lane","primary_n20","trait",20,3,200800,19,0.8925,0.05,0.09
"between_freedman_lane","primary_n20","trait",20,3,200800,20,0.68,0.05,0.09
"between_freedman_lane","primary_n20","trait",20,3,200800,21,0.8525,0.05,0.09
"between_freedman_lane","primary_n20","trait",20,3,200800,22,0.2425,0.05,0.09
"between_freedman_lane","primary_n20","trait",20,3,200800,23,0.775,0.05,0.09
"between_freedman_lane","primary_n20","trait",20,3,200800,24,0.7175,0.05,0.09
"between_freedman_lane","primary_n20","trait",20,3,200800,25,0.0875,0.05,0.09
"between_freedman_lane","primary_n20","trait",20,3,200800,26,0.4575,0.05,0.09
"between_freedman_lane","primary_n20","trait",20,3,200800,27,0.8125,0.05,0.09
"between_freedman_lane","primary_n20","trait",20,3,200800,28,0.165,0.05,0.09
"between_freedman_lane","primary_n20","trait",20,3,200800,29,0.945,0.05,0.09
"between_freedman_lane","primary_n20","trait",20,3,200800,30,0.265,0.05,0.09
"between_freedman_lane","primary_n20","trait",20,3,200800,31,0.82,0.05,0.09
"between_freedman_lane","primary_n20","trait",20,3,200800,32,0.58,0.05,0.09
"between_freedman_lane","primary_n20","trait",20,3,200800,33,0.41,0.05,0.09
"between_freedman_lane","primary_n20","trait",20,3,200800,34,0.905,0.05,0.09
"between_freedman_lane","primary_n20","trait",20,3,200800,35,0.78,0.05,0.09
"between_freedman_lane","primary_n20","trait",20,3,200800,36,0.7425,0.05,0.09
"between_freedman_lane","primary_n20","trait",20,3,200800,37,0.88,0.05,0.09
"between_freedman_lane","primary_n20","trait",20,3,200800,38,0.235,0.05,0.09
"between_freedman_lane","primary_n20","trait",20,3,200800,39,0.6475,0.05,0.09
"between_freedman_lane","primary_n20","trait",20,3,200800,40,0.3625,0.05,0.09
"between_freedman_lane","primary_n20","trait",20,3,200800,41,0.975,0.05,0.09
"between_freedman_lane","primary_n20","trait",20,3,200800,42,0.05,0.05,0.09
"between_freedman_lane","primary_n20","trait",20,3,200800,43,0.4725,0.05,0.09
"between_freedman_lane","primary_n20","trait",20,3,200800,44,0.6225,0.05,0.09
"between_freedman_lane","primary_n20","trait",20,3,200800,45,0.145,0.05,0.09
"between_freedman_lane","primary_n20","trait",20,3,200800,46,0.32,0.05,0.09
"between_freedman_lane","primary_n20","trait",20,3,200800,47,0.0025,0.05,0.09
"between_freedman_lane","primary_n20","trait",20,3,200800,48,0.36,0.05,0.09
"between_freedman_lane","primary_n20","trait",20,3,200800,49,0.245,0.05,0.09
"between_freedman_lane","primary_n20","trait",20,3,200800,50,0.075,0.05,0.09
"between_freedman_lane","primary_n20","trait",20,3,200800,51,0.1225,0.05,0.09
"between_freedman_lane","primary_n20","trait",20,3,200800,52,0.8025,0.05,0.09
"between_freedman_lane","primary_n20","trait",20,3,200800,53,0.1775,0.05,0.09
"between_freedman_lane","primary_n20","trait",20,3,200800,54,0.04,0.05,0.09
"between_freedman_lane","primary_n20","trait",20,3,200800,55,0.63,0.05,0.09
"between_freedman_lane","primary_n20","trait",20,3,200800,56,0.2125,0.05,0.09
"between_freedman_lane","primary_n20","trait",20,3,200800,57,0.4875,0.05,0.09
"between_freedman_lane","primary_n20","trait",20,3,200800,58,0.74,0.05,0.09
"between_freedman_lane","primary_n20","trait",20,3,200800,59,0.03,0.05,0.09
"between_freedman_lane","primary_n20","trait",20,3,200800,60,0.9325,0.05,0.09
"between_freedman_lane","primary_n20","trait",20,3,200800,61,0.635,0.05,0.09
"between_freedman_lane","primary_n20","trait",20,3,200800,62,0.92,0.05,0.09
"between_freedman_lane","primary_n20","trait",20,3,200800,63,0.285,0.05,0.09
"between_freedman_lane","primary_n20","trait",20,3,200800,64,0.405,0.05,0.09
"between_freedman_lane","primary_n20","trait",20,3,200800,65,0.9975,0.05,0.09
"between_freedman_lane","primary_n20","trait",20,3,200800,66,0.7575,0.05,0.09
"between_freedman_lane","primary_n20","trait",20,3,200800,67,0.66,0.05,0.09
"between_freedman_lane","primary_n20","trait",20,3,200800,68,0.465,0.05,0.09
"between_freedman_lane","primary_n20","trait",20,3,200800,69,0.385,0.05,0.09
"between_freedman_lane","primary_n20","trait",20,3,200800,70,0.4125,0.05,0.09
"between_freedman_lane","primary_n20","trait",20,3,200800,71,0.255,0.05,0.09
"between_freedman_lane","primary_n20","trait",20,3,200800,72,0.37,0.05,0.09
"between_freedman_lane","primary_n20","trait",20,3,200800,73,0.5475,0.05,0.09
"between_freedman_lane","primary_n20","trait",20,3,200800,74,0.29,0.05,0.09
"between_freedman_lane","primary_n20","trait",20,3,200800,75,0.4625,0.05,0.09
"between_freedman_lane","primary_n20","trait",20,3,200800,76,0.1125,0.05,0.09
"between_freedman_lane","primary_n20","trait",20,3,200800,77,0.825,0.05,0.09
"between_freedman_lane","primary_n20","trait",20,3,200800,78,0.655,0.05,0.09
"between_freedman_lane","primary_n20","trait",20,3,200800,79,0.385,0.05,0.09
"between_freedman_lane","primary_n20","trait",20,3,200800,80,0.515,0.05,0.09
"between_freedman_lane","primary_n20","trait",20,3,200800,81,0.125,0.05,0.09
"between_freedman_lane","primary_n20","trait",20,3,200800,82,0.835,0.05,0.09
"between_freedman_lane","primary_n20","trait",20,3,200800,83,0.63,0.05,0.09
"between_freedman_lane","primary_n20","trait",20,3,200800,84,0.295,0.05,0.09
"between_freedman_lane","primary_n20","trait",20,3,200800,85,0.38,0.05,0.09
"between_freedman_lane","primary_n20","trait",20,3,200800,86,0.1725,0.05,0.09
"between_freedman_lane","primary_n20","trait",20,3,200800,87,0.405,0.05,0.09
"between_freedman_lane","primary_n20","trait",20,3,200800,88,0.0975,0.05,0.09
"between_freedman_lane","primary_n20","trait",20,3,200800,89,0.85,0.05,0.09
"between_freedman_lane","primary_n20","trait",20,3,200800,90,0.86,0.05,0.09
"between_freedman_lane","primary_n20","trait",20,3,200800,91,0.06,0.05,0.09
"between_freedman_lane","primary_n20","trait",20,3,200800,92,0.58,0.05,0.09
"between_freedman_lane","primary_n20","trait",20,3,200800,93,0.415,0.05,0.09
"between_freedman_lane","primary_n20","trait",20,3,200800,94,0.055,0.05,0.09
"between_freedman_lane","primary_n20","trait",20,3,200800,95,0.6275,0.05,0.09
"between_freedman_lane","primary_n20","trait",20,3,200800,96,0.195,0.05,0.09
"between_freedman_lane","primary_n20","trait",20,3,200800,97,0.595,0.05,0.09
"between_freedman_lane","primary_n20","trait",20,3,200800,98,0.2025,0.05,0.09
"between_freedman_lane","primary_n20","trait",20,3,200800,99,0.185,0.05,0.09
"between_freedman_lane","primary_n20","trait",20,3,200800,100,0.365,0.05,0.09
"between_freedman_lane","primary_n20","trait",20,3,200800,101,0.375,0.05,0.09
"between_freedman_lane","primary_n20","trait",20,3,200800,102,0.61,0.05,0.09
"between_freedman_lane","primary_n20","trait",20,3,200800,103,0.09,0.05,0.09
"between_freedman_lane","primary_n20","trait",20,3,200800,104,0.6625,0.05,0.09
"between_freedman_lane","primary_n20","trait",20,3,200800,105,0.0875,0.05,0.09
"between_freedman_lane","primary_n20","trait",20,3,200800,106,0.955,0.05,0.09
"between_freedman_lane","primary_n20","trait",20,3,200800,107,0.33,0.05,0.09
"between_freedman_lane","primary_n20","trait",20,3,200800,108,0.5875,0.05,0.09
"between_freedman_lane","primary_n20","trait",20,3,200800,109,0.67,0.05,0.09
"between_freedman_lane","primary_n20","trait",20,3,200800,110,0.655,0.05,0.09
"between_freedman_lane","primary_n20","trait",20,3,200800,111,0.8575,0.05,0.09
"between_freedman_lane","primary_n20","trait",20,3,200800,112,0.06,0.05,0.09
"between_freedman_lane","primary_n20","trait",20,3,200800,113,0.8825,0.05,0.09
"between_freedman_lane","primary_n20","trait",20,3,200800,114,0.055,0.05,0.09
"between_freedman_lane","primary_n20","trait",20,3,200800,115,0.435,0.05,0.09
"between_freedman_lane","primary_n20","trait",20,3,200800,116,0.92,0.05,0.09
"between_freedman_lane","primary_n20","trait",20,3,200800,117,0.2175,0.05,0.09
"between_freedman_lane","primary_n20","trait",20,3,200800,118,0.8575,0.05,0.09
"between_freedman_lane","primary_n20","trait",20,3,200800,119,0.8375,0.05,0.09
"between_freedman_lane","primary_n20","trait",20,3,200800,120,0.0625,0.05,0.09
"between_freedman_lane","primary_n20","trait",20,3,200800,121,0.94,0.05,0.09
"between_freedman_lane","primary_n20","trait",20,3,200800,122,0.1525,0.05,0.09
"between_freedman_lane","primary_n20","trait",20,3,200800,123,0.3125,0.05,0.09
"between_freedman_lane","primary_n20","trait",20,3,200800,124,0.6375,0.05,0.09
"between_freedman_lane","primary_n20","trait",20,3,200800,125,0.45,0.05,0.09
"between_freedman_lane","primary_n20","trait",20,3,200800,126,0.64,0.05,0.09
"between_freedman_lane","primary_n20","trait",20,3,200800,127,0.89,0.05,0.09
"between_freedman_lane","primary_n20","trait",20,3,200800,128,0.6625,0.05,0.09
"between_freedman_lane","primary_n20","trait",20,3,200800,129,0.885,0.05,0.09
"between_freedman_lane","primary_n20","trait",20,3,200800,130,0.3525,0.05,0.09
"between_freedman_lane","primary_n20","trait",20,3,200800,131,0.7075,0.05,0.09
"between_freedman_lane","primary_n20","trait",20,3,200800,132,0.2025,0.05,0.09
"between_freedman_lane","primary_n20","trait",20,3,200800,133,0.0675,0.05,0.09
"between_freedman_lane","primary_n20","trait",20,3,200800,134,0.245,0.05,0.09
"between_freedman_lane","primary_n20","trait",20,3,200800,135,0.095,0.05,0.09
"between_freedman_lane","primary_n20","trait",20,3,200800,136,0.02,0.05,0.09
"between_freedman_lane","primary_n20","trait",20,3,200800,137,0.2425,0.05,0.09
"between_freedman_lane","primary_n20","trait",20,3,200800,138,0.7025,0.05,0.09
"between_freedman_lane","primary_n20","trait",20,3,200800,139,0.5275,0.05,0.09
"between_freedman_lane","primary_n20","trait",20,3,200800,140,0.1775,0.05,0.09
"between_freedman_lane","primary_n20","trait",20,3,200800,141,0.34,0.05,0.09
"between_freedman_lane","primary_n20","trait",20,3,200800,142,0.2,0.05,0.09
"between_freedman_lane","primary_n20","trait",20,3,200800,143,0.955,0.05,0.09
"between_freedman_lane","primary_n20","trait",20,3,200800,144,0.9775,0.05,0.09
"between_freedman_lane","primary_n20","trait",20,3,200800,145,1,0.05,0.09
"between_freedman_lane","primary_n20","trait",20,3,200800,146,0.085,0.05,0.09
"between_freedman_lane","primary_n20","trait",20,3,200800,147,0.135,0.05,0.09
"between_freedman_lane","primary_n20","trait",20,3,200800,148,0.3375,0.05,0.09
"between_freedman_lane","primary_n20","trait",20,3,200800,149,0.1675,0.05,0.09
"between_freedman_lane","primary_n20","trait",20,3,200800,150,0.58,0.05,0.09
"between_freedman_lane","primary_n20","trait",20,3,200800,151,0.0925,0.05,0.09
"between_freedman_lane","primary_n20","trait",20,3,200800,152,0.3725,0.05,0.09
"between_freedman_lane","primary_n20","trait",20,3,200800,153,0.8125,0.05,0.09
"between_freedman_lane","primary_n20","trait",20,3,200800,154,0.4575,0.05,0.09
"between_freedman_lane","primary_n20","trait",20,3,200800,155,0.9575,0.05,0.09
"between_freedman_lane","primary_n20","trait",20,3,200800,156,0.99,0.05,0.09
"between_freedman_lane","primary_n20","trait",20,3,200800,157,0.4275,0.05,0.09
"between_freedman_lane","primary_n20","trait",20,3,200800,158,0.725,0.05,0.09
"between_freedman_lane","primary_n20","trait",20,3,200800,159,0.3125,0.05,0.09
"between_freedman_lane","primary_n20","trait",20,3,200800,160,0.725,0.05,0.09
"between_freedman_lane","primary_n20","trait",20,3,200800,161,0.8675,0.05,0.09
"between_freedman_lane","primary_n20","trait",20,3,200800,162,0.5475,0.05,0.09
"between_freedman_lane","primary_n20","trait",20,3,200800,163,0.33,0.05,0.09
"between_freedman_lane","primary_n20","trait",20,3,200800,164,0.73,0.05,0.09
"between_freedman_lane","primary_n20","trait",20,3,200800,165,0.475,0.05,0.09
"between_freedman_lane","primary_n20","trait",20,3,200800,166,0.07,0.05,0.09
"between_freedman_lane","primary_n20","trait",20,3,200800,167,0.075,0.05,0.09
"between_freedman_lane","primary_n20","trait",20,3,200800,168,0.66,0.05,0.09
"between_freedman_lane","primary_n20","trait",20,3,200800,169,0.15,0.05,0.09
"between_freedman_lane","primary_n20","trait",20,3,200800,170,0.6125,0.05,0.09
"between_freedman_lane","primary_n20","trait",20,3,200800,171,0.1225,0.05,0.09
"between_freedman_lane","primary_n20","trait",20,3,200800,172,0.59,0.05,0.09
"between_freedman_lane","primary_n20","trait",20,3,200800,173,0.5525,0.05,0.09
"between_freedman_lane","primary_n20","trait",20,3,200800,174,0.72,0.05,0.09
"between_freedman_lane","primary_n20","trait",20,3,200800,175,0.1475,0.05,0.09
"between_freedman_lane","primary_n20","trait",20,3,200800,176,0.755,0.05,0.09
"between_freedman_lane","primary_n20","trait",20,3,200800,177,0.155,0.05,0.09
"between_freedman_lane","primary_n20","trait",20,3,200800,178,0.93,0.05,0.09
"between_freedman_lane","primary_n20","trait",20,3,200800,179,0.4875,0.05,0.09
"between_freedman_lane","primary_n20","trait",20,3,200800,180,0.8125,0.05,0.09
"between_freedman_lane","primary_n20","trait",20,3,200800,181,0.955,0.05,0.09
"between_freedman_lane","primary_n20","trait",20,3,200800,182,0.03,0.05,0.09
"between_freedman_lane","primary_n20","trait",20,3,200800,183,0.0675,0.05,0.09
"between_freedman_lane","primary_n20","trait",20,3,200800,184,0.2825,0.05,0.09
"between_freedman_lane","primary_n20","trait",20,3,200800,185,0.0575,0.05,0.09
"between_freedman_lane","primary_n20","trait",20,3,200800,186,0.21,0.05,0.09
"between_freedman_lane","primary_n20","trait",20,3,200800,187,0.165,0.05,0.09
"between_freedman_lane","primary_n20","trait",20,3,200800,188,0.655,0.05,0.09
"between_freedman_lane","primary_n20","trait",20,3,200800,189,0.455,0.05,0.09
"between_freedman_lane","primary_n20","trait",20,3,200800,190,0.04,0.05,0.09
"between_freedman_lane","primary_n20","trait",20,3,200800,191,0.975,0.05,0.09
"between_freedman_lane","primary_n20","trait",20,3,200800,192,0.3075,0.05,0.09
"between_freedman_lane","primary_n20","trait",20,3,200800,193,0.685,0.05,0.09
"between_freedman_lane","primary_n20","trait",20,3,200800,194,0.025,0.05,0.09
"between_freedman_lane","primary_n20","trait",20,3,200800,195,0.73,0.05,0.09
"between_freedman_lane","primary_n20","trait",20,3,200800,196,0.6625,0.05,0.09
"between_freedman_lane","primary_n20","trait",20,3,200800,197,0.2475,0.05,0.09
"between_freedman_lane","primary_n20","trait",20,3,200800,198,0.8275,0.05,0.09
"between_freedman_lane","primary_n20","trait",20,3,200800,199,0.1425,0.05,0.09
"between_freedman_lane","primary_n20","trait",20,3,200800,200,0.0175,0.05,0.09
"between_freedman_lane","primary_n20","group:trait",20,3,200800,1,0.1125,0.05,0.09
"between_freedman_lane","primary_n20","group:trait",20,3,200800,2,0.3475,0.05,0.09
"between_freedman_lane","primary_n20","group:trait",20,3,200800,3,0.42,0.05,0.09
"between_freedman_lane","primary_n20","group:trait",20,3,200800,4,0.22,0.05,0.09
"between_freedman_lane","primary_n20","group:trait",20,3,200800,5,0.1775,0.05,0.09
"between_freedman_lane","primary_n20","group:trait",20,3,200800,6,0.94,0.05,0.09
"between_freedman_lane","primary_n20","group:trait",20,3,200800,7,0.315,0.05,0.09
"between_freedman_lane","primary_n20","group:trait",20,3,200800,8,0.605,0.05,0.09
"between_freedman_lane","primary_n20","group:trait",20,3,200800,9,0.34,0.05,0.09
"between_freedman_lane","primary_n20","group:trait",20,3,200800,10,0.6325,0.05,0.09
"between_freedman_lane","primary_n20","group:trait",20,3,200800,11,0.9475,0.05,0.09
"between_freedman_lane","primary_n20","group:trait",20,3,200800,12,0.5875,0.05,0.09
"between_freedman_lane","primary_n20","group:trait",20,3,200800,13,0.775,0.05,0.09
"between_freedman_lane","primary_n20","group:trait",20,3,200800,14,0.15,0.05,0.09
"between_freedman_lane","primary_n20","group:trait",20,3,200800,15,0.0375,0.05,0.09
"between_freedman_lane","primary_n20","group:trait",20,3,200800,16,0.96,0.05,0.09
"between_freedman_lane","primary_n20","group:trait",20,3,200800,17,0.4525,0.05,0.09
"between_freedman_lane","primary_n20","group:trait",20,3,200800,18,0.4175,0.05,0.09
"between_freedman_lane","primary_n20","group:trait",20,3,200800,19,0.77,0.05,0.09
"between_freedman_lane","primary_n20","group:trait",20,3,200800,20,0.6875,0.05,0.09
"between_freedman_lane","primary_n20","group:trait",20,3,200800,21,0.37,0.05,0.09
"between_freedman_lane","primary_n20","group:trait",20,3,200800,22,0.62,0.05,0.09
"between_freedman_lane","primary_n20","group:trait",20,3,200800,23,0.605,0.05,0.09
"between_freedman_lane","primary_n20","group:trait",20,3,200800,24,0.965,0.05,0.09
"between_freedman_lane","primary_n20","group:trait",20,3,200800,25,0.48,0.05,0.09
"between_freedman_lane","primary_n20","group:trait",20,3,200800,26,0.6225,0.05,0.09
"between_freedman_lane","primary_n20","group:trait",20,3,200800,27,0.7375,0.05,0.09
"between_freedman_lane","primary_n20","group:trait",20,3,200800,28,0.81,0.05,0.09
"between_freedman_lane","primary_n20","group:trait",20,3,200800,29,0.7625,0.05,0.09
"between_freedman_lane","primary_n20","group:trait",20,3,200800,30,0.7925,0.05,0.09
"between_freedman_lane","primary_n20","group:trait",20,3,200800,31,0.2725,0.05,0.09
"between_freedman_lane","primary_n20","group:trait",20,3,200800,32,0.03,0.05,0.09
"between_freedman_lane","primary_n20","group:trait",20,3,200800,33,0.5725,0.05,0.09
"between_freedman_lane","primary_n20","group:trait",20,3,200800,34,0.5075,0.05,0.09
"between_freedman_lane","primary_n20","group:trait",20,3,200800,35,0.92,0.05,0.09
"between_freedman_lane","primary_n20","group:trait",20,3,200800,36,0.985,0.05,0.09
"between_freedman_lane","primary_n20","group:trait",20,3,200800,37,0.6675,0.05,0.09
"between_freedman_lane","primary_n20","group:trait",20,3,200800,38,0.0325,0.05,0.09
"between_freedman_lane","primary_n20","group:trait",20,3,200800,39,0.5525,0.05,0.09
"between_freedman_lane","primary_n20","group:trait",20,3,200800,40,0.265,0.05,0.09
"between_freedman_lane","primary_n20","group:trait",20,3,200800,41,0.965,0.05,0.09
"between_freedman_lane","primary_n20","group:trait",20,3,200800,42,0.5525,0.05,0.09
"between_freedman_lane","primary_n20","group:trait",20,3,200800,43,0.255,0.05,0.09
"between_freedman_lane","primary_n20","group:trait",20,3,200800,44,0.8575,0.05,0.09
"between_freedman_lane","primary_n20","group:trait",20,3,200800,45,0.02,0.05,0.09
"between_freedman_lane","primary_n20","group:trait",20,3,200800,46,0.145,0.05,0.09
"between_freedman_lane","primary_n20","group:trait",20,3,200800,47,0.045,0.05,0.09
"between_freedman_lane","primary_n20","group:trait",20,3,200800,48,0.13,0.05,0.09
"between_freedman_lane","primary_n20","group:trait",20,3,200800,49,0.7125,0.05,0.09
"between_freedman_lane","primary_n20","group:trait",20,3,200800,50,0.19,0.05,0.09
"between_freedman_lane","primary_n20","group:trait",20,3,200800,51,0.0425,0.05,0.09
"between_freedman_lane","primary_n20","group:trait",20,3,200800,52,0.525,0.05,0.09
"between_freedman_lane","primary_n20","group:trait",20,3,200800,53,0.28,0.05,0.09
"between_freedman_lane","primary_n20","group:trait",20,3,200800,54,0.4225,0.05,0.09
"between_freedman_lane","primary_n20","group:trait",20,3,200800,55,0.2125,0.05,0.09
"between_freedman_lane","primary_n20","group:trait",20,3,200800,56,0.71,0.05,0.09
"between_freedman_lane","primary_n20","group:trait",20,3,200800,57,0.13,0.05,0.09
"between_freedman_lane","primary_n20","group:trait",20,3,200800,58,0.9375,0.05,0.09
"between_freedman_lane","primary_n20","group:trait",20,3,200800,59,0.0775,0.05,0.09
"between_freedman_lane","primary_n20","group:trait",20,3,200800,60,0.0675,0.05,0.09
"between_freedman_lane","primary_n20","group:trait",20,3,200800,61,0.86,0.05,0.09
"between_freedman_lane","primary_n20","group:trait",20,3,200800,62,0.505,0.05,0.09
"between_freedman_lane","primary_n20","group:trait",20,3,200800,63,0.215,0.05,0.09
"between_freedman_lane","primary_n20","group:trait",20,3,200800,64,0.315,0.05,0.09
"between_freedman_lane","primary_n20","group:trait",20,3,200800,65,0.985,0.05,0.09
"between_freedman_lane","primary_n20","group:trait",20,3,200800,66,0.925,0.05,0.09
"between_freedman_lane","primary_n20","group:trait",20,3,200800,67,0.4475,0.05,0.09
"between_freedman_lane","primary_n20","group:trait",20,3,200800,68,0.1575,0.05,0.09
"between_freedman_lane","primary_n20","group:trait",20,3,200800,69,0.245,0.05,0.09
"between_freedman_lane","primary_n20","group:trait",20,3,200800,70,0.98,0.05,0.09
"between_freedman_lane","primary_n20","group:trait",20,3,200800,71,0.89,0.05,0.09
"between_freedman_lane","primary_n20","group:trait",20,3,200800,72,0.185,0.05,0.09
"between_freedman_lane","primary_n20","group:trait",20,3,200800,73,0.46,0.05,0.09
"between_freedman_lane","primary_n20","group:trait",20,3,200800,74,0.58,0.05,0.09
"between_freedman_lane","primary_n20","group:trait",20,3,200800,75,0.7325,0.05,0.09
"between_freedman_lane","primary_n20","group:trait",20,3,200800,76,0.0325,0.05,0.09
"between_freedman_lane","primary_n20","group:trait",20,3,200800,77,0.965,0.05,0.09
"between_freedman_lane","primary_n20","group:trait",20,3,200800,78,0.78,0.05,0.09
"between_freedman_lane","primary_n20","group:trait",20,3,200800,79,0.7425,0.05,0.09
"between_freedman_lane","primary_n20","group:trait",20,3,200800,80,0.5725,0.05,0.09
"between_freedman_lane","primary_n20","group:trait",20,3,200800,81,0.195,0.05,0.09
"between_freedman_lane","primary_n20","group:trait",20,3,200800,82,0.2925,0.05,0.09
"between_freedman_lane","primary_n20","group:trait",20,3,200800,83,0.4425,0.05,0.09
"between_freedman_lane","primary_n20","group:trait",20,3,200800,84,0.3625,0.05,0.09
"between_freedman_lane","primary_n20","group:trait",20,3,200800,85,0.4825,0.05,0.09
"between_freedman_lane","primary_n20","group:trait",20,3,200800,86,0.065,0.05,0.09
"between_freedman_lane","primary_n20","group:trait",20,3,200800,87,0.6575,0.05,0.09
"between_freedman_lane","primary_n20","group:trait",20,3,200800,88,0.1475,0.05,0.09
"between_freedman_lane","primary_n20","group:trait",20,3,200800,89,0.9575,0.05,0.09
"between_freedman_lane","primary_n20","group:trait",20,3,200800,90,0.16,0.05,0.09
"between_freedman_lane","primary_n20","group:trait",20,3,200800,91,0.02,0.05,0.09
"between_freedman_lane","primary_n20","group:trait",20,3,200800,92,0.4925,0.05,0.09
"between_freedman_lane","primary_n20","group:trait",20,3,200800,93,0.9175,0.05,0.09
"between_freedman_lane","primary_n20","group:trait",20,3,200800,94,0.25,0.05,0.09
"between_freedman_lane","primary_n20","group:trait",20,3,200800,95,0.6125,0.05,0.09
"between_freedman_lane","primary_n20","group:trait",20,3,200800,96,0.165,0.05,0.09
"between_freedman_lane","primary_n20","group:trait",20,3,200800,97,0.615,0.05,0.09
"between_freedman_lane","primary_n20","group:trait",20,3,200800,98,0.825,0.05,0.09
"between_freedman_lane","primary_n20","group:trait",20,3,200800,99,0.4025,0.05,0.09
"between_freedman_lane","primary_n20","group:trait",20,3,200800,100,0.5125,0.05,0.09
"between_freedman_lane","primary_n20","group:trait",20,3,200800,101,0.9625,0.05,0.09
"between_freedman_lane","primary_n20","group:trait",20,3,200800,102,0.4525,0.05,0.09
"between_freedman_lane","primary_n20","group:trait",20,3,200800,103,0.5175,0.05,0.09
"between_freedman_lane","primary_n20","group:trait",20,3,200800,104,0.9175,0.05,0.09
"between_freedman_lane","primary_n20","group:trait",20,3,200800,105,0.1425,0.05,0.09
"between_freedman_lane","primary_n20","group:trait",20,3,200800,106,0.8975,0.05,0.09
"between_freedman_lane","primary_n20","group:trait",20,3,200800,107,0.3825,0.05,0.09
"between_freedman_lane","primary_n20","group:trait",20,3,200800,108,0.5775,0.05,0.09
"between_freedman_lane","primary_n20","group:trait",20,3,200800,109,0.6875,0.05,0.09
"between_freedman_lane","primary_n20","group:trait",20,3,200800,110,0.43,0.05,0.09
"between_freedman_lane","primary_n20","group:trait",20,3,200800,111,0.8375,0.05,0.09
"between_freedman_lane","primary_n20","group:trait",20,3,200800,112,0.0475,0.05,0.09
"between_freedman_lane","primary_n20","group:trait",20,3,200800,113,0.2025,0.05,0.09
"between_freedman_lane","primary_n20","group:trait",20,3,200800,114,0.2875,0.05,0.09
"between_freedman_lane","primary_n20","group:trait",20,3,200800,115,0.31,0.05,0.09
"between_freedman_lane","primary_n20","group:trait",20,3,200800,116,0.935,0.05,0.09
"between_freedman_lane","primary_n20","group:trait",20,3,200800,117,0.2,0.05,0.09
"between_freedman_lane","primary_n20","group:trait",20,3,200800,118,0.165,0.05,0.09
"between_freedman_lane","primary_n20","group:trait",20,3,200800,119,0.0575,0.05,0.09
"between_freedman_lane","primary_n20","group:trait",20,3,200800,120,0.0325,0.05,0.09
"between_freedman_lane","primary_n20","group:trait",20,3,200800,121,0.965,0.05,0.09
"between_freedman_lane","primary_n20","group:trait",20,3,200800,122,0.3175,0.05,0.09
"between_freedman_lane","primary_n20","group:trait",20,3,200800,123,0.1625,0.05,0.09
"between_freedman_lane","primary_n20","group:trait",20,3,200800,124,0.28,0.05,0.09
"between_freedman_lane","primary_n20","group:trait",20,3,200800,125,0.61,0.05,0.09
"between_freedman_lane","primary_n20","group:trait",20,3,200800,126,0.235,0.05,0.09
"between_freedman_lane","primary_n20","group:trait",20,3,200800,127,0.955,0.05,0.09
"between_freedman_lane","primary_n20","group:trait",20,3,200800,128,0.745,0.05,0.09
"between_freedman_lane","primary_n20","group:trait",20,3,200800,129,0.345,0.05,0.09
"between_freedman_lane","primary_n20","group:trait",20,3,200800,130,0.8325,0.05,0.09
"between_freedman_lane","primary_n20","group:trait",20,3,200800,131,0.52,0.05,0.09
"between_freedman_lane","primary_n20","group:trait",20,3,200800,132,0.325,0.05,0.09
"between_freedman_lane","primary_n20","group:trait",20,3,200800,133,0.2475,0.05,0.09
"between_freedman_lane","primary_n20","group:trait",20,3,200800,134,0.265,0.05,0.09
"between_freedman_lane","primary_n20","group:trait",20,3,200800,135,0.0525,0.05,0.09
"between_freedman_lane","primary_n20","group:trait",20,3,200800,136,0.335,0.05,0.09
"between_freedman_lane","primary_n20","group:trait",20,3,200800,137,0.0975,0.05,0.09
"between_freedman_lane","primary_n20","group:trait",20,3,200800,138,0.6675,0.05,0.09
"between_freedman_lane","primary_n20","group:trait",20,3,200800,139,0.9225,0.05,0.09
"between_freedman_lane","primary_n20","group:trait",20,3,200800,140,0.795,0.05,0.09
"between_freedman_lane","primary_n20","group:trait",20,3,200800,141,0.9225,0.05,0.09
"between_freedman_lane","primary_n20","group:trait",20,3,200800,142,0.0225,0.05,0.09
"between_freedman_lane","primary_n20","group:trait",20,3,200800,143,0.8475,0.05,0.09
"between_freedman_lane","primary_n20","group:trait",20,3,200800,144,0.495,0.05,0.09
"between_freedman_lane","primary_n20","group:trait",20,3,200800,145,0.7675,0.05,0.09
"between_freedman_lane","primary_n20","group:trait",20,3,200800,146,0.1425,0.05,0.09
"between_freedman_lane","primary_n20","group:trait",20,3,200800,147,0.075,0.05,0.09
"between_freedman_lane","primary_n20","group:trait",20,3,200800,148,0.125,0.05,0.09
"between_freedman_lane","primary_n20","group:trait",20,3,200800,149,0.115,0.05,0.09
"between_freedman_lane","primary_n20","group:trait",20,3,200800,150,0.935,0.05,0.09
"between_freedman_lane","primary_n20","group:trait",20,3,200800,151,0.295,0.05,0.09
"between_freedman_lane","primary_n20","group:trait",20,3,200800,152,0.8775,0.05,0.09
"between_freedman_lane","primary_n20","group:trait",20,3,200800,153,0.3125,0.05,0.09
"between_freedman_lane","primary_n20","group:trait",20,3,200800,154,0.245,0.05,0.09
"between_freedman_lane","primary_n20","group:trait",20,3,200800,155,0.7,0.05,0.09
"between_freedman_lane","primary_n20","group:trait",20,3,200800,156,0.6525,0.05,0.09
"between_freedman_lane","primary_n20","group:trait",20,3,200800,157,0.3225,0.05,0.09
"between_freedman_lane","primary_n20","group:trait",20,3,200800,158,0.605,0.05,0.09
"between_freedman_lane","primary_n20","group:trait",20,3,200800,159,0.1925,0.05,0.09
"between_freedman_lane","primary_n20","group:trait",20,3,200800,160,0.2725,0.05,0.09
"between_freedman_lane","primary_n20","group:trait",20,3,200800,161,0.8525,0.05,0.09
"between_freedman_lane","primary_n20","group:trait",20,3,200800,162,0.72,0.05,0.09
"between_freedman_lane","primary_n20","group:trait",20,3,200800,163,0.5625,0.05,0.09
"between_freedman_lane","primary_n20","group:trait",20,3,200800,164,0.875,0.05,0.09
"between_freedman_lane","primary_n20","group:trait",20,3,200800,165,0.47,0.05,0.09
"between_freedman_lane","primary_n20","group:trait",20,3,200800,166,0.225,0.05,0.09
"between_freedman_lane","primary_n20","group:trait",20,3,200800,167,0.555,0.05,0.09
"between_freedman_lane","primary_n20","group:trait",20,3,200800,168,0.81,0.05,0.09
"between_freedman_lane","primary_n20","group:trait",20,3,200800,169,0.405,0.05,0.09
"between_freedman_lane","primary_n20","group:trait",20,3,200800,170,0.9825,0.05,0.09
"between_freedman_lane","primary_n20","group:trait",20,3,200800,171,0.385,0.05,0.09
"between_freedman_lane","primary_n20","group:trait",20,3,200800,172,0.2875,0.05,0.09
"between_freedman_lane","primary_n20","group:trait",20,3,200800,173,0.735,0.05,0.09
"between_freedman_lane","primary_n20","group:trait",20,3,200800,174,0.5,0.05,0.09
"between_freedman_lane","primary_n20","group:trait",20,3,200800,175,0.23,0.05,0.09
"between_freedman_lane","primary_n20","group:trait",20,3,200800,176,0.9,0.05,0.09
"between_freedman_lane","primary_n20","group:trait",20,3,200800,177,0.4325,0.05,0.09
"between_freedman_lane","primary_n20","group:trait",20,3,200800,178,0.8975,0.05,0.09
"between_freedman_lane","primary_n20","group:trait",20,3,200800,179,0.7525,0.05,0.09
"between_freedman_lane","primary_n20","group:trait",20,3,200800,180,0.475,0.05,0.09
"between_freedman_lane","primary_n20","group:trait",20,3,200800,181,0.9925,0.05,0.09
"between_freedman_lane","primary_n20","group:trait",20,3,200800,182,0.2025,0.05,0.09
"between_freedman_lane","primary_n20","group:trait",20,3,200800,183,0.015,0.05,0.09
"between_freedman_lane","primary_n20","group:trait",20,3,200800,184,0.1125,0.05,0.09
"between_freedman_lane","primary_n20","group:trait",20,3,200800,185,0.1675,0.05,0.09
"between_freedman_lane","primary_n20","group:trait",20,3,200800,186,0.375,0.05,0.09
"between_freedman_lane","primary_n20","group:trait",20,3,200800,187,0.3625,0.05,0.09
"between_freedman_lane","primary_n20","group:trait",20,3,200800,188,0.8475,0.05,0.09
"between_freedman_lane","primary_n20","group:trait",20,3,200800,189,0.6725,0.05,0.09
"between_freedman_lane","primary_n20","group:trait",20,3,200800,190,0.11,0.05,0.09
"between_freedman_lane","primary_n20","group:trait",20,3,200800,191,0.445,0.05,0.09
"between_freedman_lane","primary_n20","group:trait",20,3,200800,192,0.1825,0.05,0.09
"between_freedman_lane","primary_n20","group:trait",20,3,200800,193,0.825,0.05,0.09
"between_freedman_lane","primary_n20","group:trait",20,3,200800,194,0.0575,0.05,0.09
"between_freedman_lane","primary_n20","group:trait",20,3,200800,195,0.1325,0.05,0.09
"between_freedman_lane","primary_n20","group:trait",20,3,200800,196,0.5075,0.05,0.09
"between_freedman_lane","primary_n20","group:trait",20,3,200800,197,0.47,0.05,0.09
"between_freedman_lane","primary_n20","group:trait",20,3,200800,198,0.2975,0.05,0.09
"between_freedman_lane","primary_n20","group:trait",20,3,200800,199,0.1475,0.05,0.09
"between_freedman_lane","primary_n20","group:trait",20,3,200800,200,0.0225,0.05,0.09
"between_freedman_lane","primary_n20","group",20,4,300800,1,0.2575,0.05,0.09
"between_freedman_lane","primary_n20","group",20,4,300800,2,0.63,0.05,0.09
"between_freedman_lane","primary_n20","group",20,4,300800,3,0.37,0.05,0.09
"between_freedman_lane","primary_n20","group",20,4,300800,4,0.785,0.05,0.09
"between_freedman_lane","primary_n20","group",20,4,300800,5,0.565,0.05,0.09
"between_freedman_lane","primary_n20","group",20,4,300800,6,0.1925,0.05,0.09
"between_freedman_lane","primary_n20","group",20,4,300800,7,0.635,0.05,0.09
"between_freedman_lane","primary_n20","group",20,4,300800,8,0.0725,0.05,0.09
"between_freedman_lane","primary_n20","group",20,4,300800,9,0.705,0.05,0.09
"between_freedman_lane","primary_n20","group",20,4,300800,10,0.09,0.05,0.09
"between_freedman_lane","primary_n20","group",20,4,300800,11,0.08,0.05,0.09
"between_freedman_lane","primary_n20","group",20,4,300800,12,0.735,0.05,0.09
"between_freedman_lane","primary_n20","group",20,4,300800,13,0.1275,0.05,0.09
"between_freedman_lane","primary_n20","group",20,4,300800,14,0.575,0.05,0.09
"between_freedman_lane","primary_n20","group",20,4,300800,15,0.17,0.05,0.09
"between_freedman_lane","primary_n20","group",20,4,300800,16,0.1225,0.05,0.09
"between_freedman_lane","primary_n20","group",20,4,300800,17,0.215,0.05,0.09
"between_freedman_lane","primary_n20","group",20,4,300800,18,0.5825,0.05,0.09
"between_freedman_lane","primary_n20","group",20,4,300800,19,0.8675,0.05,0.09
"between_freedman_lane","primary_n20","group",20,4,300800,20,0.105,0.05,0.09
"between_freedman_lane","primary_n20","group",20,4,300800,21,0.4725,0.05,0.09
"between_freedman_lane","primary_n20","group",20,4,300800,22,0.1875,0.05,0.09
"between_freedman_lane","primary_n20","group",20,4,300800,23,0.5625,0.05,0.09
"between_freedman_lane","primary_n20","group",20,4,300800,24,0.44,0.05,0.09
"between_freedman_lane","primary_n20","group",20,4,300800,25,0.5225,0.05,0.09
"between_freedman_lane","primary_n20","group",20,4,300800,26,0.8825,0.05,0.09
"between_freedman_lane","primary_n20","group",20,4,300800,27,0.215,0.05,0.09
"between_freedman_lane","primary_n20","group",20,4,300800,28,0.855,0.05,0.09
"between_freedman_lane","primary_n20","group",20,4,300800,29,0.97,0.05,0.09
"between_freedman_lane","primary_n20","group",20,4,300800,30,0.475,0.05,0.09
"between_freedman_lane","primary_n20","group",20,4,300800,31,0.37,0.05,0.09
"between_freedman_lane","primary_n20","group",20,4,300800,32,0.09,0.05,0.09
"between_freedman_lane","primary_n20","group",20,4,300800,33,0.91,0.05,0.09
"between_freedman_lane","primary_n20","group",20,4,300800,34,0.5525,0.05,0.09
"between_freedman_lane","primary_n20","group",20,4,300800,35,0.7525,0.05,0.09
"between_freedman_lane","primary_n20","group",20,4,300800,36,0.255,0.05,0.09
"between_freedman_lane","primary_n20","group",20,4,300800,37,0.32,0.05,0.09
"between_freedman_lane","primary_n20","group",20,4,300800,38,0.1175,0.05,0.09
"between_freedman_lane","primary_n20","group",20,4,300800,39,0.905,0.05,0.09
"between_freedman_lane","primary_n20","group",20,4,300800,40,0.4075,0.05,0.09
"between_freedman_lane","primary_n20","group",20,4,300800,41,0.4075,0.05,0.09
"between_freedman_lane","primary_n20","group",20,4,300800,42,0.045,0.05,0.09
"between_freedman_lane","primary_n20","group",20,4,300800,43,0.3,0.05,0.09
"between_freedman_lane","primary_n20","group",20,4,300800,44,0.03,0.05,0.09
"between_freedman_lane","primary_n20","group",20,4,300800,45,0.9175,0.05,0.09
"between_freedman_lane","primary_n20","group",20,4,300800,46,0.015,0.05,0.09
"between_freedman_lane","primary_n20","group",20,4,300800,47,0.8475,0.05,0.09
"between_freedman_lane","primary_n20","group",20,4,300800,48,0.1625,0.05,0.09
"between_freedman_lane","primary_n20","group",20,4,300800,49,0.475,0.05,0.09
"between_freedman_lane","primary_n20","group",20,4,300800,50,0.595,0.05,0.09
"between_freedman_lane","primary_n20","group",20,4,300800,51,0.73,0.05,0.09
"between_freedman_lane","primary_n20","group",20,4,300800,52,0.7075,0.05,0.09
"between_freedman_lane","primary_n20","group",20,4,300800,53,0.45,0.05,0.09
"between_freedman_lane","primary_n20","group",20,4,300800,54,0.5425,0.05,0.09
"between_freedman_lane","primary_n20","group",20,4,300800,55,0.945,0.05,0.09
"between_freedman_lane","primary_n20","group",20,4,300800,56,0.0775,0.05,0.09
"between_freedman_lane","primary_n20","group",20,4,300800,57,0.9425,0.05,0.09
"between_freedman_lane","primary_n20","group",20,4,300800,58,0.0975,0.05,0.09
"between_freedman_lane","primary_n20","group",20,4,300800,59,0.365,0.05,0.09
"between_freedman_lane","primary_n20","group",20,4,300800,60,0.3975,0.05,0.09
"between_freedman_lane","primary_n20","group",20,4,300800,61,0.73,0.05,0.09
"between_freedman_lane","primary_n20","group",20,4,300800,62,0.025,0.05,0.09
"between_freedman_lane","primary_n20","group",20,4,300800,63,0.835,0.05,0.09
"between_freedman_lane","primary_n20","group",20,4,300800,64,0.31,0.05,0.09
"between_freedman_lane","primary_n20","group",20,4,300800,65,0.11,0.05,0.09
"between_freedman_lane","primary_n20","group",20,4,300800,66,0.115,0.05,0.09
"between_freedman_lane","primary_n20","group",20,4,300800,67,0.535,0.05,0.09
"between_freedman_lane","primary_n20","group",20,4,300800,68,0.2475,0.05,0.09
"between_freedman_lane","primary_n20","group",20,4,300800,69,0.7375,0.05,0.09
"between_freedman_lane","primary_n20","group",20,4,300800,70,0.7575,0.05,0.09
"between_freedman_lane","primary_n20","group",20,4,300800,71,0.4825,0.05,0.09
"between_freedman_lane","primary_n20","group",20,4,300800,72,0.0325,0.05,0.09
"between_freedman_lane","primary_n20","group",20,4,300800,73,0.675,0.05,0.09
"between_freedman_lane","primary_n20","group",20,4,300800,74,0.0425,0.05,0.09
"between_freedman_lane","primary_n20","group",20,4,300800,75,0.6325,0.05,0.09
"between_freedman_lane","primary_n20","group",20,4,300800,76,0.78,0.05,0.09
"between_freedman_lane","primary_n20","group",20,4,300800,77,0.4475,0.05,0.09
"between_freedman_lane","primary_n20","group",20,4,300800,78,0.9275,0.05,0.09
"between_freedman_lane","primary_n20","group",20,4,300800,79,0.39,0.05,0.09
"between_freedman_lane","primary_n20","group",20,4,300800,80,0.94,0.05,0.09
"between_freedman_lane","primary_n20","group",20,4,300800,81,0.95,0.05,0.09
"between_freedman_lane","primary_n20","group",20,4,300800,82,0.1475,0.05,0.09
"between_freedman_lane","primary_n20","group",20,4,300800,83,0.14,0.05,0.09
"between_freedman_lane","primary_n20","group",20,4,300800,84,0.01,0.05,0.09
"between_freedman_lane","primary_n20","group",20,4,300800,85,0.3225,0.05,0.09
"between_freedman_lane","primary_n20","group",20,4,300800,86,0.4725,0.05,0.09
"between_freedman_lane","primary_n20","group",20,4,300800,87,0.275,0.05,0.09
"between_freedman_lane","primary_n20","group",20,4,300800,88,0.065,0.05,0.09
"between_freedman_lane","primary_n20","group",20,4,300800,89,0.5,0.05,0.09
"between_freedman_lane","primary_n20","group",20,4,300800,90,0.91,0.05,0.09
"between_freedman_lane","primary_n20","group",20,4,300800,91,0.8,0.05,0.09
"between_freedman_lane","primary_n20","group",20,4,300800,92,0.3275,0.05,0.09
"between_freedman_lane","primary_n20","group",20,4,300800,93,0.0175,0.05,0.09
"between_freedman_lane","primary_n20","group",20,4,300800,94,0.965,0.05,0.09
"between_freedman_lane","primary_n20","group",20,4,300800,95,0.41,0.05,0.09
"between_freedman_lane","primary_n20","group",20,4,300800,96,0.96,0.05,0.09
"between_freedman_lane","primary_n20","group",20,4,300800,97,0.11,0.05,0.09
"between_freedman_lane","primary_n20","group",20,4,300800,98,0.26,0.05,0.09
"between_freedman_lane","primary_n20","group",20,4,300800,99,0.65,0.05,0.09
"between_freedman_lane","primary_n20","group",20,4,300800,100,0.12,0.05,0.09
"between_freedman_lane","primary_n20","group",20,4,300800,101,0.945,0.05,0.09
"between_freedman_lane","primary_n20","group",20,4,300800,102,0.2125,0.05,0.09
"between_freedman_lane","primary_n20","group",20,4,300800,103,0.435,0.05,0.09
"between_freedman_lane","primary_n20","group",20,4,300800,104,0.4925,0.05,0.09
"between_freedman_lane","primary_n20","group",20,4,300800,105,0.01,0.05,0.09
"between_freedman_lane","primary_n20","group",20,4,300800,106,0.31,0.05,0.09
"between_freedman_lane","primary_n20","group",20,4,300800,107,0.8725,0.05,0.09
"between_freedman_lane","primary_n20","group",20,4,300800,108,0.0525,0.05,0.09
"between_freedman_lane","primary_n20","group",20,4,300800,109,0.595,0.05,0.09
"between_freedman_lane","primary_n20","group",20,4,300800,110,0.0075,0.05,0.09
"between_freedman_lane","primary_n20","group",20,4,300800,111,0.0275,0.05,0.09
"between_freedman_lane","primary_n20","group",20,4,300800,112,0.895,0.05,0.09
"between_freedman_lane","primary_n20","group",20,4,300800,113,0.35,0.05,0.09
"between_freedman_lane","primary_n20","group",20,4,300800,114,0.0675,0.05,0.09
"between_freedman_lane","primary_n20","group",20,4,300800,115,0.425,0.05,0.09
"between_freedman_lane","primary_n20","group",20,4,300800,116,0.03,0.05,0.09
"between_freedman_lane","primary_n20","group",20,4,300800,117,0.345,0.05,0.09
"between_freedman_lane","primary_n20","group",20,4,300800,118,0.3175,0.05,0.09
"between_freedman_lane","primary_n20","group",20,4,300800,119,0.4725,0.05,0.09
"between_freedman_lane","primary_n20","group",20,4,300800,120,0.8425,0.05,0.09
"between_freedman_lane","primary_n20","group",20,4,300800,121,0.865,0.05,0.09
"between_freedman_lane","primary_n20","group",20,4,300800,122,0.4025,0.05,0.09
"between_freedman_lane","primary_n20","group",20,4,300800,123,0.1,0.05,0.09
"between_freedman_lane","primary_n20","group",20,4,300800,124,0.9925,0.05,0.09
"between_freedman_lane","primary_n20","group",20,4,300800,125,0.1525,0.05,0.09
"between_freedman_lane","primary_n20","group",20,4,300800,126,0.8875,0.05,0.09
"between_freedman_lane","primary_n20","group",20,4,300800,127,0.9775,0.05,0.09
"between_freedman_lane","primary_n20","group",20,4,300800,128,0.7225,0.05,0.09
"between_freedman_lane","primary_n20","group",20,4,300800,129,0.1875,0.05,0.09
"between_freedman_lane","primary_n20","group",20,4,300800,130,0.3725,0.05,0.09
"between_freedman_lane","primary_n20","group",20,4,300800,131,0.015,0.05,0.09
"between_freedman_lane","primary_n20","group",20,4,300800,132,0.5075,0.05,0.09
"between_freedman_lane","primary_n20","group",20,4,300800,133,0.22,0.05,0.09
"between_freedman_lane","primary_n20","group",20,4,300800,134,0.745,0.05,0.09
"between_freedman_lane","primary_n20","group",20,4,300800,135,0.0475,0.05,0.09
"between_freedman_lane","primary_n20","group",20,4,300800,136,0.7675,0.05,0.09
"between_freedman_lane","primary_n20","group",20,4,300800,137,0.305,0.05,0.09
"between_freedman_lane","primary_n20","group",20,4,300800,138,0.2375,0.05,0.09
"between_freedman_lane","primary_n20","group",20,4,300800,139,0.3925,0.05,0.09
"between_freedman_lane","primary_n20","group",20,4,300800,140,0.3075,0.05,0.09
"between_freedman_lane","primary_n20","group",20,4,300800,141,0.3425,0.05,0.09
"between_freedman_lane","primary_n20","group",20,4,300800,142,0.0975,0.05,0.09
"between_freedman_lane","primary_n20","group",20,4,300800,143,0.375,0.05,0.09
"between_freedman_lane","primary_n20","group",20,4,300800,144,0.4925,0.05,0.09
"between_freedman_lane","primary_n20","group",20,4,300800,145,0.3525,0.05,0.09
"between_freedman_lane","primary_n20","group",20,4,300800,146,0.1975,0.05,0.09
"between_freedman_lane","primary_n20","group",20,4,300800,147,0.5625,0.05,0.09
"between_freedman_lane","primary_n20","group",20,4,300800,148,0.2475,0.05,0.09
"between_freedman_lane","primary_n20","group",20,4,300800,149,0.72,0.05,0.09
"between_freedman_lane","primary_n20","group",20,4,300800,150,0.3125,0.05,0.09
"between_freedman_lane","primary_n20","group",20,4,300800,151,0.4,0.05,0.09
"between_freedman_lane","primary_n20","group",20,4,300800,152,0.97,0.05,0.09
"between_freedman_lane","primary_n20","group",20,4,300800,153,0.7225,0.05,0.09
"between_freedman_lane","primary_n20","group",20,4,300800,154,0.855,0.05,0.09
"between_freedman_lane","primary_n20","group",20,4,300800,155,0.8575,0.05,0.09
"between_freedman_lane","primary_n20","group",20,4,300800,156,0.8,0.05,0.09
"between_freedman_lane","primary_n20","group",20,4,300800,157,0.345,0.05,0.09
"between_freedman_lane","primary_n20","group",20,4,300800,158,0.1275,0.05,0.09
"between_freedman_lane","primary_n20","group",20,4,300800,159,0.76,0.05,0.09
"between_freedman_lane","primary_n20","group",20,4,300800,160,0.1875,0.05,0.09
"between_freedman_lane","primary_n20","group",20,4,300800,161,0.47,0.05,0.09
"between_freedman_lane","primary_n20","group",20,4,300800,162,0.615,0.05,0.09
"between_freedman_lane","primary_n20","group",20,4,300800,163,0.2925,0.05,0.09
"between_freedman_lane","primary_n20","group",20,4,300800,164,0.4225,0.05,0.09
"between_freedman_lane","primary_n20","group",20,4,300800,165,0.4125,0.05,0.09
"between_freedman_lane","primary_n20","group",20,4,300800,166,0.92,0.05,0.09
"between_freedman_lane","primary_n20","group",20,4,300800,167,0.5275,0.05,0.09
"between_freedman_lane","primary_n20","group",20,4,300800,168,0.1075,0.05,0.09
"between_freedman_lane","primary_n20","group",20,4,300800,169,0.9275,0.05,0.09
"between_freedman_lane","primary_n20","group",20,4,300800,170,0.4475,0.05,0.09
"between_freedman_lane","primary_n20","group",20,4,300800,171,0.9425,0.05,0.09
"between_freedman_lane","primary_n20","group",20,4,300800,172,0.6075,0.05,0.09
"between_freedman_lane","primary_n20","group",20,4,300800,173,0.62,0.05,0.09
"between_freedman_lane","primary_n20","group",20,4,300800,174,0.8425,0.05,0.09
"between_freedman_lane","primary_n20","group",20,4,300800,175,0.005,0.05,0.09
"between_freedman_lane","primary_n20","group",20,4,300800,176,0.5175,0.05,0.09
"between_freedman_lane","primary_n20","group",20,4,300800,177,0.18,0.05,0.09
"between_freedman_lane","primary_n20","group",20,4,300800,178,0.905,0.05,0.09
"between_freedman_lane","primary_n20","group",20,4,300800,179,0.7575,0.05,0.09
"between_freedman_lane","primary_n20","group",20,4,300800,180,0.56,0.05,0.09
"between_freedman_lane","primary_n20","group",20,4,300800,181,0.9825,0.05,0.09
"between_freedman_lane","primary_n20","group",20,4,300800,182,0.2725,0.05,0.09
"between_freedman_lane","primary_n20","group",20,4,300800,183,0.1425,0.05,0.09
"between_freedman_lane","primary_n20","group",20,4,300800,184,0.3875,0.05,0.09
"between_freedman_lane","primary_n20","group",20,4,300800,185,0.3925,0.05,0.09
"between_freedman_lane","primary_n20","group",20,4,300800,186,0.35,0.05,0.09
"between_freedman_lane","primary_n20","group",20,4,300800,187,0.14,0.05,0.09
"between_freedman_lane","primary_n20","group",20,4,300800,188,0.9925,0.05,0.09
"between_freedman_lane","primary_n20","group",20,4,300800,189,0.8025,0.05,0.09
"between_freedman_lane","primary_n20","group",20,4,300800,190,0.6725,0.05,0.09
"between_freedman_lane","primary_n20","group",20,4,300800,191,0.135,0.05,0.09
"between_freedman_lane","primary_n20","group",20,4,300800,192,0.7425,0.05,0.09
"between_freedman_lane","primary_n20","group",20,4,300800,193,0.465,0.05,0.09
"between_freedman_lane","primary_n20","group",20,4,300800,194,0.075,0.05,0.09
"between_freedman_lane","primary_n20","group",20,4,300800,195,0.9625,0.05,0.09
"between_freedman_lane","primary_n20","group",20,4,300800,196,0.2725,0.05,0.09
"between_freedman_lane","primary_n20","group",20,4,300800,197,0.16,0.05,0.09
"between_freedman_lane","primary_n20","group",20,4,300800,198,0.0875,0.05,0.09
"between_freedman_lane","primary_n20","group",20,4,300800,199,0.8875,0.05,0.09
"between_freedman_lane","primary_n20","group",20,4,300800,200,0.1175,0.05,0.09
"between_freedman_lane","primary_n20","trait",20,4,300800,1,0.195,0.05,0.09
"between_freedman_lane","primary_n20","trait",20,4,300800,2,0.495,0.05,0.09
"between_freedman_lane","primary_n20","trait",20,4,300800,3,0.4775,0.05,0.09
"between_freedman_lane","primary_n20","trait",20,4,300800,4,0.11,0.05,0.09
"between_freedman_lane","primary_n20","trait",20,4,300800,5,0.7075,0.05,0.09
"between_freedman_lane","primary_n20","trait",20,4,300800,6,0.9975,0.05,0.09
"between_freedman_lane","primary_n20","trait",20,4,300800,7,0.13,0.05,0.09
"between_freedman_lane","primary_n20","trait",20,4,300800,8,0.6675,0.05,0.09
"between_freedman_lane","primary_n20","trait",20,4,300800,9,0.76,0.05,0.09
"between_freedman_lane","primary_n20","trait",20,4,300800,10,0.7125,0.05,0.09
"between_freedman_lane","primary_n20","trait",20,4,300800,11,0.275,0.05,0.09
"between_freedman_lane","primary_n20","trait",20,4,300800,12,0.1975,0.05,0.09
"between_freedman_lane","primary_n20","trait",20,4,300800,13,0.1175,0.05,0.09
"between_freedman_lane","primary_n20","trait",20,4,300800,14,0.6325,0.05,0.09
"between_freedman_lane","primary_n20","trait",20,4,300800,15,0.155,0.05,0.09
"between_freedman_lane","primary_n20","trait",20,4,300800,16,0.85,0.05,0.09
"between_freedman_lane","primary_n20","trait",20,4,300800,17,0.4225,0.05,0.09
"between_freedman_lane","primary_n20","trait",20,4,300800,18,0.6475,0.05,0.09
"between_freedman_lane","primary_n20","trait",20,4,300800,19,0.055,0.05,0.09
"between_freedman_lane","primary_n20","trait",20,4,300800,20,0.02,0.05,0.09
"between_freedman_lane","primary_n20","trait",20,4,300800,21,0.36,0.05,0.09
"between_freedman_lane","primary_n20","trait",20,4,300800,22,0.49,0.05,0.09
"between_freedman_lane","primary_n20","trait",20,4,300800,23,0.3025,0.05,0.09
"between_freedman_lane","primary_n20","trait",20,4,300800,24,0.6175,0.05,0.09
"between_freedman_lane","primary_n20","trait",20,4,300800,25,0.7925,0.05,0.09
"between_freedman_lane","primary_n20","trait",20,4,300800,26,0.51,0.05,0.09
"between_freedman_lane","primary_n20","trait",20,4,300800,27,0.6325,0.05,0.09
"between_freedman_lane","primary_n20","trait",20,4,300800,28,0.525,0.05,0.09
"between_freedman_lane","primary_n20","trait",20,4,300800,29,0.81,0.05,0.09
"between_freedman_lane","primary_n20","trait",20,4,300800,30,0.3375,0.05,0.09
"between_freedman_lane","primary_n20","trait",20,4,300800,31,0.895,0.05,0.09
"between_freedman_lane","primary_n20","trait",20,4,300800,32,0.7225,0.05,0.09
"between_freedman_lane","primary_n20","trait",20,4,300800,33,0.0125,0.05,0.09
"between_freedman_lane","primary_n20","trait",20,4,300800,34,0.32,0.05,0.09
"between_freedman_lane","primary_n20","trait",20,4,300800,35,0.97,0.05,0.09
"between_freedman_lane","primary_n20","trait",20,4,300800,36,0.295,0.05,0.09
"between_freedman_lane","primary_n20","trait",20,4,300800,37,0.255,0.05,0.09
"between_freedman_lane","primary_n20","trait",20,4,300800,38,0.445,0.05,0.09
"between_freedman_lane","primary_n20","trait",20,4,300800,39,0.5175,0.05,0.09
"between_freedman_lane","primary_n20","trait",20,4,300800,40,0.1725,0.05,0.09
"between_freedman_lane","primary_n20","trait",20,4,300800,41,0.245,0.05,0.09
"between_freedman_lane","primary_n20","trait",20,4,300800,42,0.1125,0.05,0.09
"between_freedman_lane","primary_n20","trait",20,4,300800,43,0.955,0.05,0.09
"between_freedman_lane","primary_n20","trait",20,4,300800,44,0.0325,0.05,0.09
"between_freedman_lane","primary_n20","trait",20,4,300800,45,0.97,0.05,0.09
"between_freedman_lane","primary_n20","trait",20,4,300800,46,0.89,0.05,0.09
"between_freedman_lane","primary_n20","trait",20,4,300800,47,0.06,0.05,0.09
"between_freedman_lane","primary_n20","trait",20,4,300800,48,0.8425,0.05,0.09
"between_freedman_lane","primary_n20","trait",20,4,300800,49,0.39,0.05,0.09
"between_freedman_lane","primary_n20","trait",20,4,300800,50,0.4275,0.05,0.09
"between_freedman_lane","primary_n20","trait",20,4,300800,51,0.315,0.05,0.09
"between_freedman_lane","primary_n20","trait",20,4,300800,52,0.76,0.05,0.09
"between_freedman_lane","primary_n20","trait",20,4,300800,53,0.3025,0.05,0.09
"between_freedman_lane","primary_n20","trait",20,4,300800,54,0.1975,0.05,0.09
"between_freedman_lane","primary_n20","trait",20,4,300800,55,0.05,0.05,0.09
"between_freedman_lane","primary_n20","trait",20,4,300800,56,0.505,0.05,0.09
"between_freedman_lane","primary_n20","trait",20,4,300800,57,0.7775,0.05,0.09
"between_freedman_lane","primary_n20","trait",20,4,300800,58,0.5975,0.05,0.09
"between_freedman_lane","primary_n20","trait",20,4,300800,59,0.08,0.05,0.09
"between_freedman_lane","primary_n20","trait",20,4,300800,60,0.3075,0.05,0.09
"between_freedman_lane","primary_n20","trait",20,4,300800,61,0.6175,0.05,0.09
"between_freedman_lane","primary_n20","trait",20,4,300800,62,0.0575,0.05,0.09
"between_freedman_lane","primary_n20","trait",20,4,300800,63,0.3625,0.05,0.09
"between_freedman_lane","primary_n20","trait",20,4,300800,64,0.7025,0.05,0.09
"between_freedman_lane","primary_n20","trait",20,4,300800,65,0.6125,0.05,0.09
"between_freedman_lane","primary_n20","trait",20,4,300800,66,0.0325,0.05,0.09
"between_freedman_lane","primary_n20","trait",20,4,300800,67,0.1775,0.05,0.09
"between_freedman_lane","primary_n20","trait",20,4,300800,68,0.14,0.05,0.09
"between_freedman_lane","primary_n20","trait",20,4,300800,69,0.735,0.05,0.09
"between_freedman_lane","primary_n20","trait",20,4,300800,70,0.62,0.05,0.09
"between_freedman_lane","primary_n20","trait",20,4,300800,71,0.3675,0.05,0.09
"between_freedman_lane","primary_n20","trait",20,4,300800,72,0.6375,0.05,0.09
"between_freedman_lane","primary_n20","trait",20,4,300800,73,0.3375,0.05,0.09
"between_freedman_lane","primary_n20","trait",20,4,300800,74,0.8775,0.05,0.09
"between_freedman_lane","primary_n20","trait",20,4,300800,75,0.0425,0.05,0.09
"between_freedman_lane","primary_n20","trait",20,4,300800,76,0.4225,0.05,0.09
"between_freedman_lane","primary_n20","trait",20,4,300800,77,0.5375,0.05,0.09
"between_freedman_lane","primary_n20","trait",20,4,300800,78,0.565,0.05,0.09
"between_freedman_lane","primary_n20","trait",20,4,300800,79,0.3525,0.05,0.09
"between_freedman_lane","primary_n20","trait",20,4,300800,80,0.1475,0.05,0.09
"between_freedman_lane","primary_n20","trait",20,4,300800,81,0.395,0.05,0.09
"between_freedman_lane","primary_n20","trait",20,4,300800,82,0.0275,0.05,0.09
"between_freedman_lane","primary_n20","trait",20,4,300800,83,0.215,0.05,0.09
"between_freedman_lane","primary_n20","trait",20,4,300800,84,0.395,0.05,0.09
"between_freedman_lane","primary_n20","trait",20,4,300800,85,0.63,0.05,0.09
"between_freedman_lane","primary_n20","trait",20,4,300800,86,0.27,0.05,0.09
"between_freedman_lane","primary_n20","trait",20,4,300800,87,0.4675,0.05,0.09
"between_freedman_lane","primary_n20","trait",20,4,300800,88,0.505,0.05,0.09
"between_freedman_lane","primary_n20","trait",20,4,300800,89,0.76,0.05,0.09
"between_freedman_lane","primary_n20","trait",20,4,300800,90,0.415,0.05,0.09
"between_freedman_lane","primary_n20","trait",20,4,300800,91,0.37,0.05,0.09
"between_freedman_lane","primary_n20","trait",20,4,300800,92,0.9125,0.05,0.09
"between_freedman_lane","primary_n20","trait",20,4,300800,93,0.1325,0.05,0.09
"between_freedman_lane","primary_n20","trait",20,4,300800,94,0.3,0.05,0.09
"between_freedman_lane","primary_n20","trait",20,4,300800,95,0.365,0.05,0.09
"between_freedman_lane","primary_n20","trait",20,4,300800,96,0.1625,0.05,0.09
"between_freedman_lane","primary_n20","trait",20,4,300800,97,0.985,0.05,0.09
"between_freedman_lane","primary_n20","trait",20,4,300800,98,0.89,0.05,0.09
"between_freedman_lane","primary_n20","trait",20,4,300800,99,0.545,0.05,0.09
"between_freedman_lane","primary_n20","trait",20,4,300800,100,0.07,0.05,0.09
"between_freedman_lane","primary_n20","trait",20,4,300800,101,0.93,0.05,0.09
"between_freedman_lane","primary_n20","trait",20,4,300800,102,0.3175,0.05,0.09
"between_freedman_lane","primary_n20","trait",20,4,300800,103,0.2725,0.05,0.09
"between_freedman_lane","primary_n20","trait",20,4,300800,104,0.6025,0.05,0.09
"between_freedman_lane","primary_n20","trait",20,4,300800,105,0.0725,0.05,0.09
"between_freedman_lane","primary_n20","trait",20,4,300800,106,0.88,0.05,0.09
"between_freedman_lane","primary_n20","trait",20,4,300800,107,0.0325,0.05,0.09
"between_freedman_lane","primary_n20","trait",20,4,300800,108,0.5425,0.05,0.09
"between_freedman_lane","primary_n20","trait",20,4,300800,109,0.1825,0.05,0.09
"between_freedman_lane","primary_n20","trait",20,4,300800,110,0.515,0.05,0.09
"between_freedman_lane","primary_n20","trait",20,4,300800,111,0.83,0.05,0.09
"between_freedman_lane","primary_n20","trait",20,4,300800,112,0.9625,0.05,0.09
"between_freedman_lane","primary_n20","trait",20,4,300800,113,0.75,0.05,0.09
"between_freedman_lane","primary_n20","trait",20,4,300800,114,0.92,0.05,0.09
"between_freedman_lane","primary_n20","trait",20,4,300800,115,0.2775,0.05,0.09
"between_freedman_lane","primary_n20","trait",20,4,300800,116,0.4875,0.05,0.09
"between_freedman_lane","primary_n20","trait",20,4,300800,117,0.4975,0.05,0.09
"between_freedman_lane","primary_n20","trait",20,4,300800,118,0.8625,0.05,0.09
"between_freedman_lane","primary_n20","trait",20,4,300800,119,0.59,0.05,0.09
"between_freedman_lane","primary_n20","trait",20,4,300800,120,0.21,0.05,0.09
"between_freedman_lane","primary_n20","trait",20,4,300800,121,0.8275,0.05,0.09
"between_freedman_lane","primary_n20","trait",20,4,300800,122,0.5975,0.05,0.09
"between_freedman_lane","primary_n20","trait",20,4,300800,123,0.085,0.05,0.09
"between_freedman_lane","primary_n20","trait",20,4,300800,124,0.7225,0.05,0.09
"between_freedman_lane","primary_n20","trait",20,4,300800,125,0.2025,0.05,0.09
"between_freedman_lane","primary_n20","trait",20,4,300800,126,0.5825,0.05,0.09
"between_freedman_lane","primary_n20","trait",20,4,300800,127,0.7275,0.05,0.09
"between_freedman_lane","primary_n20","trait",20,4,300800,128,0.1825,0.05,0.09
"between_freedman_lane","primary_n20","trait",20,4,300800,129,0.9575,0.05,0.09
"between_freedman_lane","primary_n20","trait",20,4,300800,130,0.965,0.05,0.09
"between_freedman_lane","primary_n20","trait",20,4,300800,131,0.4175,0.05,0.09
"between_freedman_lane","primary_n20","trait",20,4,300800,132,0.455,0.05,0.09
"between_freedman_lane","primary_n20","trait",20,4,300800,133,0.855,0.05,0.09
"between_freedman_lane","primary_n20","trait",20,4,300800,134,0.0025,0.05,0.09
"between_freedman_lane","primary_n20","trait",20,4,300800,135,0.545,0.05,0.09
"between_freedman_lane","primary_n20","trait",20,4,300800,136,0.2775,0.05,0.09
"between_freedman_lane","primary_n20","trait",20,4,300800,137,0.0775,0.05,0.09
"between_freedman_lane","primary_n20","trait",20,4,300800,138,0.14,0.05,0.09
"between_freedman_lane","primary_n20","trait",20,4,300800,139,0.5625,0.05,0.09
"between_freedman_lane","primary_n20","trait",20,4,300800,140,0.28,0.05,0.09
"between_freedman_lane","primary_n20","trait",20,4,300800,141,0.8,0.05,0.09
"between_freedman_lane","primary_n20","trait",20,4,300800,142,0.875,0.05,0.09
"between_freedman_lane","primary_n20","trait",20,4,300800,143,0.6275,0.05,0.09
"between_freedman_lane","primary_n20","trait",20,4,300800,144,0.2025,0.05,0.09
"between_freedman_lane","primary_n20","trait",20,4,300800,145,0.435,0.05,0.09
"between_freedman_lane","primary_n20","trait",20,4,300800,146,0.3275,0.05,0.09
"between_freedman_lane","primary_n20","trait",20,4,300800,147,0.3875,0.05,0.09
"between_freedman_lane","primary_n20","trait",20,4,300800,148,0.33,0.05,0.09
"between_freedman_lane","primary_n20","trait",20,4,300800,149,0.4725,0.05,0.09
"between_freedman_lane","primary_n20","trait",20,4,300800,150,0.335,0.05,0.09
"between_freedman_lane","primary_n20","trait",20,4,300800,151,0.5125,0.05,0.09
"between_freedman_lane","primary_n20","trait",20,4,300800,152,0.475,0.05,0.09
"between_freedman_lane","primary_n20","trait",20,4,300800,153,0.3775,0.05,0.09
"between_freedman_lane","primary_n20","trait",20,4,300800,154,0.87,0.05,0.09
"between_freedman_lane","primary_n20","trait",20,4,300800,155,0.7525,0.05,0.09
"between_freedman_lane","primary_n20","trait",20,4,300800,156,0.1275,0.05,0.09
"between_freedman_lane","primary_n20","trait",20,4,300800,157,0.7275,0.05,0.09
"between_freedman_lane","primary_n20","trait",20,4,300800,158,0.83,0.05,0.09
"between_freedman_lane","primary_n20","trait",20,4,300800,159,0.09,0.05,0.09
"between_freedman_lane","primary_n20","trait",20,4,300800,160,0.1525,0.05,0.09
"between_freedman_lane","primary_n20","trait",20,4,300800,161,0.75,0.05,0.09
"between_freedman_lane","primary_n20","trait",20,4,300800,162,0.8725,0.05,0.09
"between_freedman_lane","primary_n20","trait",20,4,300800,163,0.995,0.05,0.09
"between_freedman_lane","primary_n20","trait",20,4,300800,164,0.48,0.05,0.09
"between_freedman_lane","primary_n20","trait",20,4,300800,165,0.5975,0.05,0.09
"between_freedman_lane","primary_n20","trait",20,4,300800,166,0.045,0.05,0.09
"between_freedman_lane","primary_n20","trait",20,4,300800,167,0.265,0.05,0.09
"between_freedman_lane","primary_n20","trait",20,4,300800,168,1,0.05,0.09
"between_freedman_lane","primary_n20","trait",20,4,300800,169,0.1375,0.05,0.09
"between_freedman_lane","primary_n20","trait",20,4,300800,170,0.84,0.05,0.09
"between_freedman_lane","primary_n20","trait",20,4,300800,171,0.8625,0.05,0.09
"between_freedman_lane","primary_n20","trait",20,4,300800,172,0.255,0.05,0.09
"between_freedman_lane","primary_n20","trait",20,4,300800,173,0.5775,0.05,0.09
"between_freedman_lane","primary_n20","trait",20,4,300800,174,0.5725,0.05,0.09
"between_freedman_lane","primary_n20","trait",20,4,300800,175,0.4575,0.05,0.09
"between_freedman_lane","primary_n20","trait",20,4,300800,176,0.64,0.05,0.09
"between_freedman_lane","primary_n20","trait",20,4,300800,177,0.0475,0.05,0.09
"between_freedman_lane","primary_n20","trait",20,4,300800,178,0.5425,0.05,0.09
"between_freedman_lane","primary_n20","trait",20,4,300800,179,0.5625,0.05,0.09
"between_freedman_lane","primary_n20","trait",20,4,300800,180,0.3375,0.05,0.09
"between_freedman_lane","primary_n20","trait",20,4,300800,181,0.6125,0.05,0.09
"between_freedman_lane","primary_n20","trait",20,4,300800,182,0.21,0.05,0.09
"between_freedman_lane","primary_n20","trait",20,4,300800,183,0.1525,0.05,0.09
"between_freedman_lane","primary_n20","trait",20,4,300800,184,0.78,0.05,0.09
"between_freedman_lane","primary_n20","trait",20,4,300800,185,0.825,0.05,0.09
"between_freedman_lane","primary_n20","trait",20,4,300800,186,0.41,0.05,0.09
"between_freedman_lane","primary_n20","trait",20,4,300800,187,0.4275,0.05,0.09
"between_freedman_lane","primary_n20","trait",20,4,300800,188,0.0625,0.05,0.09
"between_freedman_lane","primary_n20","trait",20,4,300800,189,0.45,0.05,0.09
"between_freedman_lane","primary_n20","trait",20,4,300800,190,0.88,0.05,0.09
"between_freedman_lane","primary_n20","trait",20,4,300800,191,0.51,0.05,0.09
"between_freedman_lane","primary_n20","trait",20,4,300800,192,0.56,0.05,0.09
"between_freedman_lane","primary_n20","trait",20,4,300800,193,0.535,0.05,0.09
"between_freedman_lane","primary_n20","trait",20,4,300800,194,0.2875,0.05,0.09
"between_freedman_lane","primary_n20","trait",20,4,300800,195,0.0725,0.05,0.09
"between_freedman_lane","primary_n20","trait",20,4,300800,196,0.29,0.05,0.09
"between_freedman_lane","primary_n20","trait",20,4,300800,197,0.8475,0.05,0.09
"between_freedman_lane","primary_n20","trait",20,4,300800,198,0.175,0.05,0.09
"between_freedman_lane","primary_n20","trait",20,4,300800,199,0.2675,0.05,0.09
"between_freedman_lane","primary_n20","trait",20,4,300800,200,0.515,0.05,0.09
"between_freedman_lane","primary_n20","group:trait",20,4,300800,1,0.1325,0.05,0.09
"between_freedman_lane","primary_n20","group:trait",20,4,300800,2,0.375,0.05,0.09
"between_freedman_lane","primary_n20","group:trait",20,4,300800,3,0.525,0.05,0.09
"between_freedman_lane","primary_n20","group:trait",20,4,300800,4,0.4,0.05,0.09
"between_freedman_lane","primary_n20","group:trait",20,4,300800,5,0.725,0.05,0.09
"between_freedman_lane","primary_n20","group:trait",20,4,300800,6,0.825,0.05,0.09
"between_freedman_lane","primary_n20","group:trait",20,4,300800,7,0.5225,0.05,0.09
"between_freedman_lane","primary_n20","group:trait",20,4,300800,8,0.0175,0.05,0.09
"between_freedman_lane","primary_n20","group:trait",20,4,300800,9,0.5725,0.05,0.09
"between_freedman_lane","primary_n20","group:trait",20,4,300800,10,0.595,0.05,0.09
"between_freedman_lane","primary_n20","group:trait",20,4,300800,11,0.2975,0.05,0.09
"between_freedman_lane","primary_n20","group:trait",20,4,300800,12,0.14,0.05,0.09
"between_freedman_lane","primary_n20","group:trait",20,4,300800,13,0.42,0.05,0.09
"between_freedman_lane","primary_n20","group:trait",20,4,300800,14,0.1625,0.05,0.09
"between_freedman_lane","primary_n20","group:trait",20,4,300800,15,0.3675,0.05,0.09
"between_freedman_lane","primary_n20","group:trait",20,4,300800,16,0.3525,0.05,0.09
"between_freedman_lane","primary_n20","group:trait",20,4,300800,17,0.1,0.05,0.09
"between_freedman_lane","primary_n20","group:trait",20,4,300800,18,0.435,0.05,0.09
"between_freedman_lane","primary_n20","group:trait",20,4,300800,19,0.17,0.05,0.09
"between_freedman_lane","primary_n20","group:trait",20,4,300800,20,0.61,0.05,0.09
"between_freedman_lane","primary_n20","group:trait",20,4,300800,21,0.9,0.05,0.09
"between_freedman_lane","primary_n20","group:trait",20,4,300800,22,0.5825,0.05,0.09
"between_freedman_lane","primary_n20","group:trait",20,4,300800,23,0.525,0.05,0.09
"between_freedman_lane","primary_n20","group:trait",20,4,300800,24,0.9625,0.05,0.09
"between_freedman_lane","primary_n20","group:trait",20,4,300800,25,0.31,0.05,0.09
"between_freedman_lane","primary_n20","group:trait",20,4,300800,26,0.615,0.05,0.09
"between_freedman_lane","primary_n20","group:trait",20,4,300800,27,0.215,0.05,0.09
"between_freedman_lane","primary_n20","group:trait",20,4,300800,28,0.4075,0.05,0.09
"between_freedman_lane","primary_n20","group:trait",20,4,300800,29,0.09,0.05,0.09
"between_freedman_lane","primary_n20","group:trait",20,4,300800,30,0.6925,0.05,0.09
"between_freedman_lane","primary_n20","group:trait",20,4,300800,31,0.7,0.05,0.09
"between_freedman_lane","primary_n20","group:trait",20,4,300800,32,0.91,0.05,0.09
"between_freedman_lane","primary_n20","group:trait",20,4,300800,33,0.0425,0.05,0.09
"between_freedman_lane","primary_n20","group:trait",20,4,300800,34,0.0475,0.05,0.09
"between_freedman_lane","primary_n20","group:trait",20,4,300800,35,0.425,0.05,0.09
"between_freedman_lane","primary_n20","group:trait",20,4,300800,36,0.675,0.05,0.09
"between_freedman_lane","primary_n20","group:trait",20,4,300800,37,0.2025,0.05,0.09
"between_freedman_lane","primary_n20","group:trait",20,4,300800,38,0.12,0.05,0.09
"between_freedman_lane","primary_n20","group:trait",20,4,300800,39,0.5225,0.05,0.09
"between_freedman_lane","primary_n20","group:trait",20,4,300800,40,0.99,0.05,0.09
"between_freedman_lane","primary_n20","group:trait",20,4,300800,41,0.0225,0.05,0.09
"between_freedman_lane","primary_n20","group:trait",20,4,300800,42,0.2775,0.05,0.09
"between_freedman_lane","primary_n20","group:trait",20,4,300800,43,0.9375,0.05,0.09
"between_freedman_lane","primary_n20","group:trait",20,4,300800,44,0.1025,0.05,0.09
"between_freedman_lane","primary_n20","group:trait",20,4,300800,45,0.8175,0.05,0.09
"between_freedman_lane","primary_n20","group:trait",20,4,300800,46,0.86,0.05,0.09
"between_freedman_lane","primary_n20","group:trait",20,4,300800,47,0.0175,0.05,0.09
"between_freedman_lane","primary_n20","group:trait",20,4,300800,48,0.9925,0.05,0.09
"between_freedman_lane","primary_n20","group:trait",20,4,300800,49,0.44,0.05,0.09
"between_freedman_lane","primary_n20","group:trait",20,4,300800,50,0.2975,0.05,0.09
"between_freedman_lane","primary_n20","group:trait",20,4,300800,51,0.215,0.05,0.09
"between_freedman_lane","primary_n20","group:trait",20,4,300800,52,0.8125,0.05,0.09
"between_freedman_lane","primary_n20","group:trait",20,4,300800,53,0.695,0.05,0.09
"between_freedman_lane","primary_n20","group:trait",20,4,300800,54,0.215,0.05,0.09
"between_freedman_lane","primary_n20","group:trait",20,4,300800,55,0.4975,0.05,0.09
"between_freedman_lane","primary_n20","group:trait",20,4,300800,56,0.2075,0.05,0.09
"between_freedman_lane","primary_n20","group:trait",20,4,300800,57,0.695,0.05,0.09
"between_freedman_lane","primary_n20","group:trait",20,4,300800,58,0.015,0.05,0.09
"between_freedman_lane","primary_n20","group:trait",20,4,300800,59,0.5975,0.05,0.09
"between_freedman_lane","primary_n20","group:trait",20,4,300800,60,0.285,0.05,0.09
"between_freedman_lane","primary_n20","group:trait",20,4,300800,61,0.66,0.05,0.09
"between_freedman_lane","primary_n20","group:trait",20,4,300800,62,0.725,0.05,0.09
"between_freedman_lane","primary_n20","group:trait",20,4,300800,63,0.215,0.05,0.09
"between_freedman_lane","primary_n20","group:trait",20,4,300800,64,0.71,0.05,0.09
"between_freedman_lane","primary_n20","group:trait",20,4,300800,65,0.9175,0.05,0.09
"between_freedman_lane","primary_n20","group:trait",20,4,300800,66,0.01,0.05,0.09
"between_freedman_lane","primary_n20","group:trait",20,4,300800,67,0.255,0.05,0.09
"between_freedman_lane","primary_n20","group:trait",20,4,300800,68,0.1425,0.05,0.09
"between_freedman_lane","primary_n20","group:trait",20,4,300800,69,0.5925,0.05,0.09
"between_freedman_lane","primary_n20","group:trait",20,4,300800,70,0.81,0.05,0.09
"between_freedman_lane","primary_n20","group:trait",20,4,300800,71,0.6725,0.05,0.09
"between_freedman_lane","primary_n20","group:trait",20,4,300800,72,0.74,0.05,0.09
"between_freedman_lane","primary_n20","group:trait",20,4,300800,73,0.1875,0.05,0.09
"between_freedman_lane","primary_n20","group:trait",20,4,300800,74,0.5625,0.05,0.09
"between_freedman_lane","primary_n20","group:trait",20,4,300800,75,0.0075,0.05,0.09
"between_freedman_lane","primary_n20","group:trait",20,4,300800,76,0.8875,0.05,0.09
"between_freedman_lane","primary_n20","group:trait",20,4,300800,77,0.3025,0.05,0.09
"between_freedman_lane","primary_n20","group:trait",20,4,300800,78,0.45,0.05,0.09
"between_freedman_lane","primary_n20","group:trait",20,4,300800,79,0.4125,0.05,0.09
"between_freedman_lane","primary_n20","group:trait",20,4,300800,80,0.055,0.05,0.09
"between_freedman_lane","primary_n20","group:trait",20,4,300800,81,0.76,0.05,0.09
"between_freedman_lane","primary_n20","group:trait",20,4,300800,82,0.1575,0.05,0.09
"between_freedman_lane","primary_n20","group:trait",20,4,300800,83,0.5225,0.05,0.09
"between_freedman_lane","primary_n20","group:trait",20,4,300800,84,0.7875,0.05,0.09
"between_freedman_lane","primary_n20","group:trait",20,4,300800,85,0.245,0.05,0.09
"between_freedman_lane","primary_n20","group:trait",20,4,300800,86,0.3525,0.05,0.09
"between_freedman_lane","primary_n20","group:trait",20,4,300800,87,0.5975,0.05,0.09
"between_freedman_lane","primary_n20","group:trait",20,4,300800,88,0.2975,0.05,0.09
"between_freedman_lane","primary_n20","group:trait",20,4,300800,89,0.875,0.05,0.09
"between_freedman_lane","primary_n20","group:trait",20,4,300800,90,0.825,0.05,0.09
"between_freedman_lane","primary_n20","group:trait",20,4,300800,91,0.835,0.05,0.09
"between_freedman_lane","primary_n20","group:trait",20,4,300800,92,0.8625,0.05,0.09
"between_freedman_lane","primary_n20","group:trait",20,4,300800,93,0.57,0.05,0.09
"between_freedman_lane","primary_n20","group:trait",20,4,300800,94,0.5475,0.05,0.09
"between_freedman_lane","primary_n20","group:trait",20,4,300800,95,0.47,0.05,0.09
"between_freedman_lane","primary_n20","group:trait",20,4,300800,96,0.7425,0.05,0.09
"between_freedman_lane","primary_n20","group:trait",20,4,300800,97,0.675,0.05,0.09
"between_freedman_lane","primary_n20","group:trait",20,4,300800,98,0.4325,0.05,0.09
"between_freedman_lane","primary_n20","group:trait",20,4,300800,99,0.9075,0.05,0.09
"between_freedman_lane","primary_n20","group:trait",20,4,300800,100,0.515,0.05,0.09
"between_freedman_lane","primary_n20","group:trait",20,4,300800,101,0.635,0.05,0.09
"between_freedman_lane","primary_n20","group:trait",20,4,300800,102,0.07,0.05,0.09
"between_freedman_lane","primary_n20","group:trait",20,4,300800,103,0.4575,0.05,0.09
"between_freedman_lane","primary_n20","group:trait",20,4,300800,104,0.9825,0.05,0.09
"between_freedman_lane","primary_n20","group:trait",20,4,300800,105,0.31,0.05,0.09
"between_freedman_lane","primary_n20","group:trait",20,4,300800,106,0.8375,0.05,0.09
"between_freedman_lane","primary_n20","group:trait",20,4,300800,107,0.04,0.05,0.09
"between_freedman_lane","primary_n20","group:trait",20,4,300800,108,0.2025,0.05,0.09
"between_freedman_lane","primary_n20","group:trait",20,4,300800,109,0.175,0.05,0.09
"between_freedman_lane","primary_n20","group:trait",20,4,300800,110,0.925,0.05,0.09
"between_freedman_lane","primary_n20","group:trait",20,4,300800,111,0.8275,0.05,0.09
"between_freedman_lane","primary_n20","group:trait",20,4,300800,112,0.6475,0.05,0.09
"between_freedman_lane","primary_n20","group:trait",20,4,300800,113,0.51,0.05,0.09
"between_freedman_lane","primary_n20","group:trait",20,4,300800,114,0.145,0.05,0.09
"between_freedman_lane","primary_n20","group:trait",20,4,300800,115,0.2625,0.05,0.09
"between_freedman_lane","primary_n20","group:trait",20,4,300800,116,0.2225,0.05,0.09
"between_freedman_lane","primary_n20","group:trait",20,4,300800,117,0.2725,0.05,0.09
"between_freedman_lane","primary_n20","group:trait",20,4,300800,118,0.6975,0.05,0.09
"between_freedman_lane","primary_n20","group:trait",20,4,300800,119,0.8925,0.05,0.09
"between_freedman_lane","primary_n20","group:trait",20,4,300800,120,0.375,0.05,0.09
"between_freedman_lane","primary_n20","group:trait",20,4,300800,121,0.7675,0.05,0.09
"between_freedman_lane","primary_n20","group:trait",20,4,300800,122,0.4025,0.05,0.09
"between_freedman_lane","primary_n20","group:trait",20,4,300800,123,0.445,0.05,0.09
"between_freedman_lane","primary_n20","group:trait",20,4,300800,124,0.2225,0.05,0.09
"between_freedman_lane","primary_n20","group:trait",20,4,300800,125,0.705,0.05,0.09
"between_freedman_lane","primary_n20","group:trait",20,4,300800,126,0.11,0.05,0.09
"between_freedman_lane","primary_n20","group:trait",20,4,300800,127,0.65,0.05,0.09
"between_freedman_lane","primary_n20","group:trait",20,4,300800,128,0.12,0.05,0.09
"between_freedman_lane","primary_n20","group:trait",20,4,300800,129,0.19,0.05,0.09
"between_freedman_lane","primary_n20","group:trait",20,4,300800,130,0.715,0.05,0.09
"between_freedman_lane","primary_n20","group:trait",20,4,300800,131,0.7075,0.05,0.09
"between_freedman_lane","primary_n20","group:trait",20,4,300800,132,0.7525,0.05,0.09
"between_freedman_lane","primary_n20","group:trait",20,4,300800,133,0.7125,0.05,0.09
"between_freedman_lane","primary_n20","group:trait",20,4,300800,134,0.0025,0.05,0.09
"between_freedman_lane","primary_n20","group:trait",20,4,300800,135,0.86,0.05,0.09
"between_freedman_lane","primary_n20","group:trait",20,4,300800,136,0.3525,0.05,0.09
"between_freedman_lane","primary_n20","group:trait",20,4,300800,137,0.7125,0.05,0.09
"between_freedman_lane","primary_n20","group:trait",20,4,300800,138,0.335,0.05,0.09
"between_freedman_lane","primary_n20","group:trait",20,4,300800,139,0.4525,0.05,0.09
"between_freedman_lane","primary_n20","group:trait",20,4,300800,140,0.1225,0.05,0.09
"between_freedman_lane","primary_n20","group:trait",20,4,300800,141,0.09,0.05,0.09
"between_freedman_lane","primary_n20","group:trait",20,4,300800,142,0.3775,0.05,0.09
"between_freedman_lane","primary_n20","group:trait",20,4,300800,143,0.42,0.05,0.09
"between_freedman_lane","primary_n20","group:trait",20,4,300800,144,0.6925,0.05,0.09
"between_freedman_lane","primary_n20","group:trait",20,4,300800,145,0.365,0.05,0.09
"between_freedman_lane","primary_n20","group:trait",20,4,300800,146,0.4475,0.05,0.09
"between_freedman_lane","primary_n20","group:trait",20,4,300800,147,0.3525,0.05,0.09
"between_freedman_lane","primary_n20","group:trait",20,4,300800,148,0.275,0.05,0.09
"between_freedman_lane","primary_n20","group:trait",20,4,300800,149,0.77,0.05,0.09
"between_freedman_lane","primary_n20","group:trait",20,4,300800,150,0.555,0.05,0.09
"between_freedman_lane","primary_n20","group:trait",20,4,300800,151,0.7775,0.05,0.09
"between_freedman_lane","primary_n20","group:trait",20,4,300800,152,0.115,0.05,0.09
"between_freedman_lane","primary_n20","group:trait",20,4,300800,153,0.3075,0.05,0.09
"between_freedman_lane","primary_n20","group:trait",20,4,300800,154,0.5525,0.05,0.09
"between_freedman_lane","primary_n20","group:trait",20,4,300800,155,0.9875,0.05,0.09
"between_freedman_lane","primary_n20","group:trait",20,4,300800,156,0.115,0.05,0.09
"between_freedman_lane","primary_n20","group:trait",20,4,300800,157,0.295,0.05,0.09
"between_freedman_lane","primary_n20","group:trait",20,4,300800,158,0.94,0.05,0.09
"between_freedman_lane","primary_n20","group:trait",20,4,300800,159,0.475,0.05,0.09
"between_freedman_lane","primary_n20","group:trait",20,4,300800,160,0.18,0.05,0.09
"between_freedman_lane","primary_n20","group:trait",20,4,300800,161,0.4925,0.05,0.09
"between_freedman_lane","primary_n20","group:trait",20,4,300800,162,0.555,0.05,0.09
"between_freedman_lane","primary_n20","group:trait",20,4,300800,163,0.915,0.05,0.09
"between_freedman_lane","primary_n20","group:trait",20,4,300800,164,0.4225,0.05,0.09
"between_freedman_lane","primary_n20","group:trait",20,4,300800,165,0.7275,0.05,0.09
"between_freedman_lane","primary_n20","group:trait",20,4,300800,166,0.2,0.05,0.09
"between_freedman_lane","primary_n20","group:trait",20,4,300800,167,0.6725,0.05,0.09
"between_freedman_lane","primary_n20","group:trait",20,4,300800,168,0.7425,0.05,0.09
"between_freedman_lane","primary_n20","group:trait",20,4,300800,169,0.1075,0.05,0.09
"between_freedman_lane","primary_n20","group:trait",20,4,300800,170,0.5275,0.05,0.09
"between_freedman_lane","primary_n20","group:trait",20,4,300800,171,0.92,0.05,0.09
"between_freedman_lane","primary_n20","group:trait",20,4,300800,172,0.5975,0.05,0.09
"between_freedman_lane","primary_n20","group:trait",20,4,300800,173,0.95,0.05,0.09
"between_freedman_lane","primary_n20","group:trait",20,4,300800,174,0.17,0.05,0.09
"between_freedman_lane","primary_n20","group:trait",20,4,300800,175,0.0525,0.05,0.09
"between_freedman_lane","primary_n20","group:trait",20,4,300800,176,0.2625,0.05,0.09
"between_freedman_lane","primary_n20","group:trait",20,4,300800,177,0.4525,0.05,0.09
"between_freedman_lane","primary_n20","group:trait",20,4,300800,178,0.455,0.05,0.09
"between_freedman_lane","primary_n20","group:trait",20,4,300800,179,0.77,0.05,0.09
"between_freedman_lane","primary_n20","group:trait",20,4,300800,180,0.8125,0.05,0.09
"between_freedman_lane","primary_n20","group:trait",20,4,300800,181,0.075,0.05,0.09
"between_freedman_lane","primary_n20","group:trait",20,4,300800,182,0.06,0.05,0.09
"between_freedman_lane","primary_n20","group:trait",20,4,300800,183,0.6725,0.05,0.09
"between_freedman_lane","primary_n20","group:trait",20,4,300800,184,0.4775,0.05,0.09
"between_freedman_lane","primary_n20","group:trait",20,4,300800,185,0.3575,0.05,0.09
"between_freedman_lane","primary_n20","group:trait",20,4,300800,186,0.12,0.05,0.09
"between_freedman_lane","primary_n20","group:trait",20,4,300800,187,0.355,0.05,0.09
"between_freedman_lane","primary_n20","group:trait",20,4,300800,188,0.17,0.05,0.09
"between_freedman_lane","primary_n20","group:trait",20,4,300800,189,0.0375,0.05,0.09
"between_freedman_lane","primary_n20","group:trait",20,4,300800,190,0.1875,0.05,0.09
"between_freedman_lane","primary_n20","group:trait",20,4,300800,191,0.05,0.05,0.09
"between_freedman_lane","primary_n20","group:trait",20,4,300800,192,0.6975,0.05,0.09
"between_freedman_lane","primary_n20","group:trait",20,4,300800,193,0.1325,0.05,0.09
"between_freedman_lane","primary_n20","group:trait",20,4,300800,194,0.0425,0.05,0.09
"between_freedman_lane","primary_n20","group:trait",20,4,300800,195,0.0075,0.05,0.09
"between_freedman_lane","primary_n20","group:trait",20,4,300800,196,0.67,0.05,0.09
"between_freedman_lane","primary_n20","group:trait",20,4,300800,197,0.745,0.05,0.09
"between_freedman_lane","primary_n20","group:trait",20,4,300800,198,0.5325,0.05,0.09
"between_freedman_lane","primary_n20","group:trait",20,4,300800,199,0.3175,0.05,0.09
"between_freedman_lane","primary_n20","group:trait",20,4,300800,200,0.4,0.05,0.09
"between_freedman_lane","primary_n20","group",20,5,400800,1,0.54,0.05,0.09
"between_freedman_lane","primary_n20","group",20,5,400800,2,0.95,0.05,0.09
"between_freedman_lane","primary_n20","group",20,5,400800,3,0.08,0.05,0.09
"between_freedman_lane","primary_n20","group",20,5,400800,4,0.84,0.05,0.09
"between_freedman_lane","primary_n20","group",20,5,400800,5,0.455,0.05,0.09
"between_freedman_lane","primary_n20","group",20,5,400800,6,0.6075,0.05,0.09
"between_freedman_lane","primary_n20","group",20,5,400800,7,0.925,0.05,0.09
"between_freedman_lane","primary_n20","group",20,5,400800,8,0.1075,0.05,0.09
"between_freedman_lane","primary_n20","group",20,5,400800,9,0.195,0.05,0.09
"between_freedman_lane","primary_n20","group",20,5,400800,10,0.2825,0.05,0.09
"between_freedman_lane","primary_n20","group",20,5,400800,11,0.3475,0.05,0.09
"between_freedman_lane","primary_n20","group",20,5,400800,12,0.0125,0.05,0.09
"between_freedman_lane","primary_n20","group",20,5,400800,13,0.3675,0.05,0.09
"between_freedman_lane","primary_n20","group",20,5,400800,14,0.135,0.05,0.09
"between_freedman_lane","primary_n20","group",20,5,400800,15,0.77,0.05,0.09
"between_freedman_lane","primary_n20","group",20,5,400800,16,0.025,0.05,0.09
"between_freedman_lane","primary_n20","group",20,5,400800,17,0.0625,0.05,0.09
"between_freedman_lane","primary_n20","group",20,5,400800,18,0.4275,0.05,0.09
"between_freedman_lane","primary_n20","group",20,5,400800,19,0.7425,0.05,0.09
"between_freedman_lane","primary_n20","group",20,5,400800,20,0.1325,0.05,0.09
"between_freedman_lane","primary_n20","group",20,5,400800,21,0.6125,0.05,0.09
"between_freedman_lane","primary_n20","group",20,5,400800,22,0.7775,0.05,0.09
"between_freedman_lane","primary_n20","group",20,5,400800,23,0.03,0.05,0.09
"between_freedman_lane","primary_n20","group",20,5,400800,24,0.9025,0.05,0.09
"between_freedman_lane","primary_n20","group",20,5,400800,25,0.03,0.05,0.09
"between_freedman_lane","primary_n20","group",20,5,400800,26,0.1525,0.05,0.09
"between_freedman_lane","primary_n20","group",20,5,400800,27,0.02,0.05,0.09
"between_freedman_lane","primary_n20","group",20,5,400800,28,0.7475,0.05,0.09
"between_freedman_lane","primary_n20","group",20,5,400800,29,0.6675,0.05,0.09
"between_freedman_lane","primary_n20","group",20,5,400800,30,0.5725,0.05,0.09
"between_freedman_lane","primary_n20","group",20,5,400800,31,0.1,0.05,0.09
"between_freedman_lane","primary_n20","group",20,5,400800,32,0.9325,0.05,0.09
"between_freedman_lane","primary_n20","group",20,5,400800,33,0.3925,0.05,0.09
"between_freedman_lane","primary_n20","group",20,5,400800,34,0.2,0.05,0.09
"between_freedman_lane","primary_n20","group",20,5,400800,35,0.9175,0.05,0.09
"between_freedman_lane","primary_n20","group",20,5,400800,36,0.445,0.05,0.09
"between_freedman_lane","primary_n20","group",20,5,400800,37,0.8675,0.05,0.09
"between_freedman_lane","primary_n20","group",20,5,400800,38,0.14,0.05,0.09
"between_freedman_lane","primary_n20","group",20,5,400800,39,0.185,0.05,0.09
"between_freedman_lane","primary_n20","group",20,5,400800,40,0.6625,0.05,0.09
"between_freedman_lane","primary_n20","group",20,5,400800,41,0.905,0.05,0.09
"between_freedman_lane","primary_n20","group",20,5,400800,42,0.7325,0.05,0.09
"between_freedman_lane","primary_n20","group",20,5,400800,43,0.9775,0.05,0.09
"between_freedman_lane","primary_n20","group",20,5,400800,44,0.5,0.05,0.09
"between_freedman_lane","primary_n20","group",20,5,400800,45,0.19,0.05,0.09
"between_freedman_lane","primary_n20","group",20,5,400800,46,0.465,0.05,0.09
"between_freedman_lane","primary_n20","group",20,5,400800,47,0.2975,0.05,0.09
"between_freedman_lane","primary_n20","group",20,5,400800,48,0.22,0.05,0.09
"between_freedman_lane","primary_n20","group",20,5,400800,49,0.395,0.05,0.09
"between_freedman_lane","primary_n20","group",20,5,400800,50,0.915,0.05,0.09
"between_freedman_lane","primary_n20","group",20,5,400800,51,0.1175,0.05,0.09
"between_freedman_lane","primary_n20","group",20,5,400800,52,0.085,0.05,0.09
"between_freedman_lane","primary_n20","group",20,5,400800,53,0.3575,0.05,0.09
"between_freedman_lane","primary_n20","group",20,5,400800,54,0.7875,0.05,0.09
"between_freedman_lane","primary_n20","group",20,5,400800,55,0.0475,0.05,0.09
"between_freedman_lane","primary_n20","group",20,5,400800,56,0.61,0.05,0.09
"between_freedman_lane","primary_n20","group",20,5,400800,57,0.4025,0.05,0.09
"between_freedman_lane","primary_n20","group",20,5,400800,58,0.47,0.05,0.09
"between_freedman_lane","primary_n20","group",20,5,400800,59,0.265,0.05,0.09
"between_freedman_lane","primary_n20","group",20,5,400800,60,0.6325,0.05,0.09
"between_freedman_lane","primary_n20","group",20,5,400800,61,0.3525,0.05,0.09
"between_freedman_lane","primary_n20","group",20,5,400800,62,0.055,0.05,0.09
"between_freedman_lane","primary_n20","group",20,5,400800,63,0.045,0.05,0.09
"between_freedman_lane","primary_n20","group",20,5,400800,64,0.44,0.05,0.09
"between_freedman_lane","primary_n20","group",20,5,400800,65,0.975,0.05,0.09
"between_freedman_lane","primary_n20","group",20,5,400800,66,0.09,0.05,0.09
"between_freedman_lane","primary_n20","group",20,5,400800,67,0.2025,0.05,0.09
"between_freedman_lane","primary_n20","group",20,5,400800,68,0.7775,0.05,0.09
"between_freedman_lane","primary_n20","group",20,5,400800,69,0.91,0.05,0.09
"between_freedman_lane","primary_n20","group",20,5,400800,70,0.62,0.05,0.09
"between_freedman_lane","primary_n20","group",20,5,400800,71,0.1475,0.05,0.09
"between_freedman_lane","primary_n20","group",20,5,400800,72,0.23,0.05,0.09
"between_freedman_lane","primary_n20","group",20,5,400800,73,0.5825,0.05,0.09
"between_freedman_lane","primary_n20","group",20,5,400800,74,0.655,0.05,0.09
"between_freedman_lane","primary_n20","group",20,5,400800,75,0.1025,0.05,0.09
"between_freedman_lane","primary_n20","group",20,5,400800,76,0.0575,0.05,0.09
"between_freedman_lane","primary_n20","group",20,5,400800,77,0.1925,0.05,0.09
"between_freedman_lane","primary_n20","group",20,5,400800,78,0.2975,0.05,0.09
"between_freedman_lane","primary_n20","group",20,5,400800,79,0.265,0.05,0.09
"between_freedman_lane","primary_n20","group",20,5,400800,80,0.3375,0.05,0.09
"between_freedman_lane","primary_n20","group",20,5,400800,81,0.8675,0.05,0.09
"between_freedman_lane","primary_n20","group",20,5,400800,82,0.0175,0.05,0.09
"between_freedman_lane","primary_n20","group",20,5,400800,83,0.8425,0.05,0.09
"between_freedman_lane","primary_n20","group",20,5,400800,84,0.3875,0.05,0.09
"between_freedman_lane","primary_n20","group",20,5,400800,85,0.1075,0.05,0.09
"between_freedman_lane","primary_n20","group",20,5,400800,86,0.9,0.05,0.09
"between_freedman_lane","primary_n20","group",20,5,400800,87,0.9375,0.05,0.09
"between_freedman_lane","primary_n20","group",20,5,400800,88,0.0975,0.05,0.09
"between_freedman_lane","primary_n20","group",20,5,400800,89,0.43,0.05,0.09
"between_freedman_lane","primary_n20","group",20,5,400800,90,0.6475,0.05,0.09
"between_freedman_lane","primary_n20","group",20,5,400800,91,0.935,0.05,0.09
"between_freedman_lane","primary_n20","group",20,5,400800,92,0.535,0.05,0.09
"between_freedman_lane","primary_n20","group",20,5,400800,93,0.5525,0.05,0.09
"between_freedman_lane","primary_n20","group",20,5,400800,94,0.9375,0.05,0.09
"between_freedman_lane","primary_n20","group",20,5,400800,95,0.47,0.05,0.09
"between_freedman_lane","primary_n20","group",20,5,400800,96,0.195,0.05,0.09
"between_freedman_lane","primary_n20","group",20,5,400800,97,0.195,0.05,0.09
"between_freedman_lane","primary_n20","group",20,5,400800,98,0.74,0.05,0.09
"between_freedman_lane","primary_n20","group",20,5,400800,99,0.1825,0.05,0.09
"between_freedman_lane","primary_n20","group",20,5,400800,100,0.8325,0.05,0.09
"between_freedman_lane","primary_n20","group",20,5,400800,101,0.2875,0.05,0.09
"between_freedman_lane","primary_n20","group",20,5,400800,102,0.6225,0.05,0.09
"between_freedman_lane","primary_n20","group",20,5,400800,103,0.3075,0.05,0.09
"between_freedman_lane","primary_n20","group",20,5,400800,104,0.915,0.05,0.09
"between_freedman_lane","primary_n20","group",20,5,400800,105,0.5675,0.05,0.09
"between_freedman_lane","primary_n20","group",20,5,400800,106,0.375,0.05,0.09
"between_freedman_lane","primary_n20","group",20,5,400800,107,0.5825,0.05,0.09
"between_freedman_lane","primary_n20","group",20,5,400800,108,0.42,0.05,0.09
"between_freedman_lane","primary_n20","group",20,5,400800,109,0.165,0.05,0.09
"between_freedman_lane","primary_n20","group",20,5,400800,110,0.06,0.05,0.09
"between_freedman_lane","primary_n20","group",20,5,400800,111,0.675,0.05,0.09
"between_freedman_lane","primary_n20","group",20,5,400800,112,0.91,0.05,0.09
"between_freedman_lane","primary_n20","group",20,5,400800,113,0.34,0.05,0.09
"between_freedman_lane","primary_n20","group",20,5,400800,114,0.285,0.05,0.09
"between_freedman_lane","primary_n20","group",20,5,400800,115,0.4225,0.05,0.09
"between_freedman_lane","primary_n20","group",20,5,400800,116,0.2375,0.05,0.09
"between_freedman_lane","primary_n20","group",20,5,400800,117,0.64,0.05,0.09
"between_freedman_lane","primary_n20","group",20,5,400800,118,0.36,0.05,0.09
"between_freedman_lane","primary_n20","group",20,5,400800,119,0.4725,0.05,0.09
"between_freedman_lane","primary_n20","group",20,5,400800,120,0.0575,0.05,0.09
"between_freedman_lane","primary_n20","group",20,5,400800,121,0.725,0.05,0.09
"between_freedman_lane","primary_n20","group",20,5,400800,122,0.6,0.05,0.09
"between_freedman_lane","primary_n20","group",20,5,400800,123,0.3425,0.05,0.09
"between_freedman_lane","primary_n20","group",20,5,400800,124,0.1425,0.05,0.09
"between_freedman_lane","primary_n20","group",20,5,400800,125,0.195,0.05,0.09
"between_freedman_lane","primary_n20","group",20,5,400800,126,0.5225,0.05,0.09
"between_freedman_lane","primary_n20","group",20,5,400800,127,0.545,0.05,0.09
"between_freedman_lane","primary_n20","group",20,5,400800,128,0.12,0.05,0.09
"between_freedman_lane","primary_n20","group",20,5,400800,129,0.13,0.05,0.09
"between_freedman_lane","primary_n20","group",20,5,400800,130,0.9975,0.05,0.09
"between_freedman_lane","primary_n20","group",20,5,400800,131,0.7375,0.05,0.09
"between_freedman_lane","primary_n20","group",20,5,400800,132,0.2425,0.05,0.09
"between_freedman_lane","primary_n20","group",20,5,400800,133,0.1875,0.05,0.09
"between_freedman_lane","primary_n20","group",20,5,400800,134,0.38,0.05,0.09
"between_freedman_lane","primary_n20","group",20,5,400800,135,0.91,0.05,0.09
"between_freedman_lane","primary_n20","group",20,5,400800,136,0.26,0.05,0.09
"between_freedman_lane","primary_n20","group",20,5,400800,137,0.1425,0.05,0.09
"between_freedman_lane","primary_n20","group",20,5,400800,138,0.3625,0.05,0.09
"between_freedman_lane","primary_n20","group",20,5,400800,139,0.75,0.05,0.09
"between_freedman_lane","primary_n20","group",20,5,400800,140,0.4975,0.05,0.09
"between_freedman_lane","primary_n20","group",20,5,400800,141,0.1075,0.05,0.09
"between_freedman_lane","primary_n20","group",20,5,400800,142,0.1725,0.05,0.09
"between_freedman_lane","primary_n20","group",20,5,400800,143,0.1,0.05,0.09
"between_freedman_lane","primary_n20","group",20,5,400800,144,0.3575,0.05,0.09
"between_freedman_lane","primary_n20","group",20,5,400800,145,0.205,0.05,0.09
"between_freedman_lane","primary_n20","group",20,5,400800,146,0.58,0.05,0.09
"between_freedman_lane","primary_n20","group",20,5,400800,147,0.455,0.05,0.09
"between_freedman_lane","primary_n20","group",20,5,400800,148,0.1775,0.05,0.09
"between_freedman_lane","primary_n20","group",20,5,400800,149,0.2425,0.05,0.09
"between_freedman_lane","primary_n20","group",20,5,400800,150,0.5325,0.05,0.09
"between_freedman_lane","primary_n20","group",20,5,400800,151,0.4175,0.05,0.09
"between_freedman_lane","primary_n20","group",20,5,400800,152,0.21,0.05,0.09
"between_freedman_lane","primary_n20","group",20,5,400800,153,0.88,0.05,0.09
"between_freedman_lane","primary_n20","group",20,5,400800,154,0.53,0.05,0.09
"between_freedman_lane","primary_n20","group",20,5,400800,155,0.7375,0.05,0.09
"between_freedman_lane","primary_n20","group",20,5,400800,156,0.0825,0.05,0.09
"between_freedman_lane","primary_n20","group",20,5,400800,157,0.3825,0.05,0.09
"between_freedman_lane","primary_n20","group",20,5,400800,158,0.365,0.05,0.09
"between_freedman_lane","primary_n20","group",20,5,400800,159,0.515,0.05,0.09
"between_freedman_lane","primary_n20","group",20,5,400800,160,0.8925,0.05,0.09
"between_freedman_lane","primary_n20","group",20,5,400800,161,0.58,0.05,0.09
"between_freedman_lane","primary_n20","group",20,5,400800,162,0.4075,0.05,0.09
"between_freedman_lane","primary_n20","group",20,5,400800,163,0.595,0.05,0.09
"between_freedman_lane","primary_n20","group",20,5,400800,164,0.775,0.05,0.09
"between_freedman_lane","primary_n20","group",20,5,400800,165,0.3275,0.05,0.09
"between_freedman_lane","primary_n20","group",20,5,400800,166,0.775,0.05,0.09
"between_freedman_lane","primary_n20","group",20,5,400800,167,0.06,0.05,0.09
"between_freedman_lane","primary_n20","group",20,5,400800,168,0.9675,0.05,0.09
"between_freedman_lane","primary_n20","group",20,5,400800,169,0.345,0.05,0.09
"between_freedman_lane","primary_n20","group",20,5,400800,170,0.885,0.05,0.09
"between_freedman_lane","primary_n20","group",20,5,400800,171,0.7625,0.05,0.09
"between_freedman_lane","primary_n20","group",20,5,400800,172,0.13,0.05,0.09
"between_freedman_lane","primary_n20","group",20,5,400800,173,0.6825,0.05,0.09
"between_freedman_lane","primary_n20","group",20,5,400800,174,0.47,0.05,0.09
"between_freedman_lane","primary_n20","group",20,5,400800,175,0.075,0.05,0.09
"between_freedman_lane","primary_n20","group",20,5,400800,176,0.7625,0.05,0.09
"between_freedman_lane","primary_n20","group",20,5,400800,177,0.8975,0.05,0.09
"between_freedman_lane","primary_n20","group",20,5,400800,178,0.4975,0.05,0.09
"between_freedman_lane","primary_n20","group",20,5,400800,179,0.9975,0.05,0.09
"between_freedman_lane","primary_n20","group",20,5,400800,180,0.0525,0.05,0.09
"between_freedman_lane","primary_n20","group",20,5,400800,181,0.0925,0.05,0.09
"between_freedman_lane","primary_n20","group",20,5,400800,182,0.7075,0.05,0.09
"between_freedman_lane","primary_n20","group",20,5,400800,183,0.4075,0.05,0.09
"between_freedman_lane","primary_n20","group",20,5,400800,184,0.6225,0.05,0.09
"between_freedman_lane","primary_n20","group",20,5,400800,185,0.1925,0.05,0.09
"between_freedman_lane","primary_n20","group",20,5,400800,186,0.015,0.05,0.09
"between_freedman_lane","primary_n20","group",20,5,400800,187,0.745,0.05,0.09
"between_freedman_lane","primary_n20","group",20,5,400800,188,0.615,0.05,0.09
"between_freedman_lane","primary_n20","group",20,5,400800,189,0.2625,0.05,0.09
"between_freedman_lane","primary_n20","group",20,5,400800,190,0.04,0.05,0.09
"between_freedman_lane","primary_n20","group",20,5,400800,191,0.795,0.05,0.09
"between_freedman_lane","primary_n20","group",20,5,400800,192,0.0025,0.05,0.09
"between_freedman_lane","primary_n20","group",20,5,400800,193,0.59,0.05,0.09
"between_freedman_lane","primary_n20","group",20,5,400800,194,0.4025,0.05,0.09
"between_freedman_lane","primary_n20","group",20,5,400800,195,0.0975,0.05,0.09
"between_freedman_lane","primary_n20","group",20,5,400800,196,0.665,0.05,0.09
"between_freedman_lane","primary_n20","group",20,5,400800,197,0.345,0.05,0.09
"between_freedman_lane","primary_n20","group",20,5,400800,198,0.3825,0.05,0.09
"between_freedman_lane","primary_n20","group",20,5,400800,199,0.365,0.05,0.09
"between_freedman_lane","primary_n20","group",20,5,400800,200,0.97,0.05,0.09
"between_freedman_lane","primary_n20","trait",20,5,400800,1,0.46,0.05,0.09
"between_freedman_lane","primary_n20","trait",20,5,400800,2,0.0575,0.05,0.09
"between_freedman_lane","primary_n20","trait",20,5,400800,3,0.6375,0.05,0.09
"between_freedman_lane","primary_n20","trait",20,5,400800,4,0.9025,0.05,0.09
"between_freedman_lane","primary_n20","trait",20,5,400800,5,0.4625,0.05,0.09
"between_freedman_lane","primary_n20","trait",20,5,400800,6,0.7525,0.05,0.09
"between_freedman_lane","primary_n20","trait",20,5,400800,7,0.765,0.05,0.09
"between_freedman_lane","primary_n20","trait",20,5,400800,8,0.46,0.05,0.09
"between_freedman_lane","primary_n20","trait",20,5,400800,9,0.4525,0.05,0.09
"between_freedman_lane","primary_n20","trait",20,5,400800,10,0.165,0.05,0.09
"between_freedman_lane","primary_n20","trait",20,5,400800,11,0.4475,0.05,0.09
"between_freedman_lane","primary_n20","trait",20,5,400800,12,0.4425,0.05,0.09
"between_freedman_lane","primary_n20","trait",20,5,400800,13,0.4875,0.05,0.09
"between_freedman_lane","primary_n20","trait",20,5,400800,14,0.0325,0.05,0.09
"between_freedman_lane","primary_n20","trait",20,5,400800,15,0.08,0.05,0.09
"between_freedman_lane","primary_n20","trait",20,5,400800,16,0.2675,0.05,0.09
"between_freedman_lane","primary_n20","trait",20,5,400800,17,0.505,0.05,0.09
"between_freedman_lane","primary_n20","trait",20,5,400800,18,0.47,0.05,0.09
"between_freedman_lane","primary_n20","trait",20,5,400800,19,0.39,0.05,0.09
"between_freedman_lane","primary_n20","trait",20,5,400800,20,0.6125,0.05,0.09
"between_freedman_lane","primary_n20","trait",20,5,400800,21,0.075,0.05,0.09
"between_freedman_lane","primary_n20","trait",20,5,400800,22,0.575,0.05,0.09
"between_freedman_lane","primary_n20","trait",20,5,400800,23,0.5625,0.05,0.09
"between_freedman_lane","primary_n20","trait",20,5,400800,24,0.26,0.05,0.09
"between_freedman_lane","primary_n20","trait",20,5,400800,25,0.245,0.05,0.09
"between_freedman_lane","primary_n20","trait",20,5,400800,26,0.605,0.05,0.09
"between_freedman_lane","primary_n20","trait",20,5,400800,27,0.7,0.05,0.09
"between_freedman_lane","primary_n20","trait",20,5,400800,28,0.9975,0.05,0.09
"between_freedman_lane","primary_n20","trait",20,5,400800,29,0.2025,0.05,0.09
"between_freedman_lane","primary_n20","trait",20,5,400800,30,0.3875,0.05,0.09
"between_freedman_lane","primary_n20","trait",20,5,400800,31,0.36,0.05,0.09
"between_freedman_lane","primary_n20","trait",20,5,400800,32,0.3425,0.05,0.09
"between_freedman_lane","primary_n20","trait",20,5,400800,33,0.5,0.05,0.09
"between_freedman_lane","primary_n20","trait",20,5,400800,34,0.065,0.05,0.09
"between_freedman_lane","primary_n20","trait",20,5,400800,35,0.8525,0.05,0.09
"between_freedman_lane","primary_n20","trait",20,5,400800,36,0.7375,0.05,0.09
"between_freedman_lane","primary_n20","trait",20,5,400800,37,0.9725,0.05,0.09
"between_freedman_lane","primary_n20","trait",20,5,400800,38,0.9025,0.05,0.09
"between_freedman_lane","primary_n20","trait",20,5,400800,39,0.905,0.05,0.09
"between_freedman_lane","primary_n20","trait",20,5,400800,40,0.04,0.05,0.09
"between_freedman_lane","primary_n20","trait",20,5,400800,41,0.7025,0.05,0.09
"between_freedman_lane","primary_n20","trait",20,5,400800,42,0.0425,0.05,0.09
"between_freedman_lane","primary_n20","trait",20,5,400800,43,0.8,0.05,0.09
"between_freedman_lane","primary_n20","trait",20,5,400800,44,0.225,0.05,0.09
"between_freedman_lane","primary_n20","trait",20,5,400800,45,0.33,0.05,0.09
"between_freedman_lane","primary_n20","trait",20,5,400800,46,0.235,0.05,0.09
"between_freedman_lane","primary_n20","trait",20,5,400800,47,0.0325,0.05,0.09
"between_freedman_lane","primary_n20","trait",20,5,400800,48,0.225,0.05,0.09
"between_freedman_lane","primary_n20","trait",20,5,400800,49,0.135,0.05,0.09
"between_freedman_lane","primary_n20","trait",20,5,400800,50,0.0075,0.05,0.09
"between_freedman_lane","primary_n20","trait",20,5,400800,51,0.795,0.05,0.09
"between_freedman_lane","primary_n20","trait",20,5,400800,52,0.01,0.05,0.09
"between_freedman_lane","primary_n20","trait",20,5,400800,53,0.17,0.05,0.09
"between_freedman_lane","primary_n20","trait",20,5,400800,54,0.915,0.05,0.09
"between_freedman_lane","primary_n20","trait",20,5,400800,55,0.24,0.05,0.09
"between_freedman_lane","primary_n20","trait",20,5,400800,56,0.715,0.05,0.09
"between_freedman_lane","primary_n20","trait",20,5,400800,57,0.9025,0.05,0.09
"between_freedman_lane","primary_n20","trait",20,5,400800,58,0.015,0.05,0.09
"between_freedman_lane","primary_n20","trait",20,5,400800,59,0.635,0.05,0.09
"between_freedman_lane","primary_n20","trait",20,5,400800,60,0.0975,0.05,0.09
"between_freedman_lane","primary_n20","trait",20,5,400800,61,0.0275,0.05,0.09
"between_freedman_lane","primary_n20","trait",20,5,400800,62,0.1425,0.05,0.09
"between_freedman_lane","primary_n20","trait",20,5,400800,63,0.01,0.05,0.09
"between_freedman_lane","primary_n20","trait",20,5,400800,64,0.79,0.05,0.09
"between_freedman_lane","primary_n20","trait",20,5,400800,65,0.005,0.05,0.09
"between_freedman_lane","primary_n20","trait",20,5,400800,66,0.705,0.05,0.09
"between_freedman_lane","primary_n20","trait",20,5,400800,67,0.705,0.05,0.09
"between_freedman_lane","primary_n20","trait",20,5,400800,68,0.3375,0.05,0.09
"between_freedman_lane","primary_n20","trait",20,5,400800,69,0.6,0.05,0.09
"between_freedman_lane","primary_n20","trait",20,5,400800,70,0.775,0.05,0.09
"between_freedman_lane","primary_n20","trait",20,5,400800,71,0.025,0.05,0.09
"between_freedman_lane","primary_n20","trait",20,5,400800,72,0.035,0.05,0.09
"between_freedman_lane","primary_n20","trait",20,5,400800,73,0.445,0.05,0.09
"between_freedman_lane","primary_n20","trait",20,5,400800,74,0.805,0.05,0.09
"between_freedman_lane","primary_n20","trait",20,5,400800,75,0.1975,0.05,0.09
"between_freedman_lane","primary_n20","trait",20,5,400800,76,0.1225,0.05,0.09
"between_freedman_lane","primary_n20","trait",20,5,400800,77,0.7525,0.05,0.09
"between_freedman_lane","primary_n20","trait",20,5,400800,78,0.2225,0.05,0.09
"between_freedman_lane","primary_n20","trait",20,5,400800,79,0.24,0.05,0.09
"between_freedman_lane","primary_n20","trait",20,5,400800,80,0.6275,0.05,0.09
"between_freedman_lane","primary_n20","trait",20,5,400800,81,0.2325,0.05,0.09
"between_freedman_lane","primary_n20","trait",20,5,400800,82,0.0525,0.05,0.09
"between_freedman_lane","primary_n20","trait",20,5,400800,83,0.2975,0.05,0.09
"between_freedman_lane","primary_n20","trait",20,5,400800,84,0.8475,0.05,0.09
"between_freedman_lane","primary_n20","trait",20,5,400800,85,0.8,0.05,0.09
"between_freedman_lane","primary_n20","trait",20,5,400800,86,0.15,0.05,0.09
"between_freedman_lane","primary_n20","trait",20,5,400800,87,0.43,0.05,0.09
"between_freedman_lane","primary_n20","trait",20,5,400800,88,0.215,0.05,0.09
"between_freedman_lane","primary_n20","trait",20,5,400800,89,0.5325,0.05,0.09
"between_freedman_lane","primary_n20","trait",20,5,400800,90,0.1325,0.05,0.09
"between_freedman_lane","primary_n20","trait",20,5,400800,91,0.11,0.05,0.09
"between_freedman_lane","primary_n20","trait",20,5,400800,92,0.255,0.05,0.09
"between_freedman_lane","primary_n20","trait",20,5,400800,93,0.95,0.05,0.09
"between_freedman_lane","primary_n20","trait",20,5,400800,94,0.7925,0.05,0.09
"between_freedman_lane","primary_n20","trait",20,5,400800,95,0.7675,0.05,0.09
"between_freedman_lane","primary_n20","trait",20,5,400800,96,0.2125,0.05,0.09
"between_freedman_lane","primary_n20","trait",20,5,400800,97,0.8775,0.05,0.09
"between_freedman_lane","primary_n20","trait",20,5,400800,98,0.3175,0.05,0.09
"between_freedman_lane","primary_n20","trait",20,5,400800,99,0.7725,0.05,0.09
"between_freedman_lane","primary_n20","trait",20,5,400800,100,0.7625,0.05,0.09
"between_freedman_lane","primary_n20","trait",20,5,400800,101,0.6525,0.05,0.09
"between_freedman_lane","primary_n20","trait",20,5,400800,102,0.785,0.05,0.09
"between_freedman_lane","primary_n20","trait",20,5,400800,103,0.7975,0.05,0.09
"between_freedman_lane","primary_n20","trait",20,5,400800,104,0.5325,0.05,0.09
"between_freedman_lane","primary_n20","trait",20,5,400800,105,0.405,0.05,0.09
"between_freedman_lane","primary_n20","trait",20,5,400800,106,0.1525,0.05,0.09
"between_freedman_lane","primary_n20","trait",20,5,400800,107,0.5175,0.05,0.09
"between_freedman_lane","primary_n20","trait",20,5,400800,108,0.1825,0.05,0.09
"between_freedman_lane","primary_n20","trait",20,5,400800,109,0.45,0.05,0.09
"between_freedman_lane","primary_n20","trait",20,5,400800,110,0.76,0.05,0.09
"between_freedman_lane","primary_n20","trait",20,5,400800,111,0.87,0.05,0.09
"between_freedman_lane","primary_n20","trait",20,5,400800,112,0.09,0.05,0.09
"between_freedman_lane","primary_n20","trait",20,5,400800,113,0.455,0.05,0.09
"between_freedman_lane","primary_n20","trait",20,5,400800,114,0.54,0.05,0.09
"between_freedman_lane","primary_n20","trait",20,5,400800,115,0.0675,0.05,0.09
"between_freedman_lane","primary_n20","trait",20,5,400800,116,0.6475,0.05,0.09
"between_freedman_lane","primary_n20","trait",20,5,400800,117,0.7825,0.05,0.09
"between_freedman_lane","primary_n20","trait",20,5,400800,118,0.2375,0.05,0.09
"between_freedman_lane","primary_n20","trait",20,5,400800,119,0.11,0.05,0.09
"between_freedman_lane","primary_n20","trait",20,5,400800,120,0.61,0.05,0.09
"between_freedman_lane","primary_n20","trait",20,5,400800,121,0.335,0.05,0.09
"between_freedman_lane","primary_n20","trait",20,5,400800,122,0.735,0.05,0.09
"between_freedman_lane","primary_n20","trait",20,5,400800,123,0.6875,0.05,0.09
"between_freedman_lane","primary_n20","trait",20,5,400800,124,0.7825,0.05,0.09
"between_freedman_lane","primary_n20","trait",20,5,400800,125,0.3,0.05,0.09
"between_freedman_lane","primary_n20","trait",20,5,400800,126,0.6775,0.05,0.09
"between_freedman_lane","primary_n20","trait",20,5,400800,127,0.65,0.05,0.09
"between_freedman_lane","primary_n20","trait",20,5,400800,128,0.0575,0.05,0.09
"between_freedman_lane","primary_n20","trait",20,5,400800,129,0.09,0.05,0.09
"between_freedman_lane","primary_n20","trait",20,5,400800,130,0.32,0.05,0.09
"between_freedman_lane","primary_n20","trait",20,5,400800,131,0.305,0.05,0.09
"between_freedman_lane","primary_n20","trait",20,5,400800,132,0.0775,0.05,0.09
"between_freedman_lane","primary_n20","trait",20,5,400800,133,0.9525,0.05,0.09
"between_freedman_lane","primary_n20","trait",20,5,400800,134,0.1825,0.05,0.09
"between_freedman_lane","primary_n20","trait",20,5,400800,135,0.05,0.05,0.09
"between_freedman_lane","primary_n20","trait",20,5,400800,136,0.02,0.05,0.09
"between_freedman_lane","primary_n20","trait",20,5,400800,137,0.0275,0.05,0.09
"between_freedman_lane","primary_n20","trait",20,5,400800,138,0.5675,0.05,0.09
"between_freedman_lane","primary_n20","trait",20,5,400800,139,0.415,0.05,0.09
"between_freedman_lane","primary_n20","trait",20,5,400800,140,0.9125,0.05,0.09
"between_freedman_lane","primary_n20","trait",20,5,400800,141,0.015,0.05,0.09
"between_freedman_lane","primary_n20","trait",20,5,400800,142,0.0725,0.05,0.09
"between_freedman_lane","primary_n20","trait",20,5,400800,143,0.0775,0.05,0.09
"between_freedman_lane","primary_n20","trait",20,5,400800,144,0.35,0.05,0.09
"between_freedman_lane","primary_n20","trait",20,5,400800,145,0.49,0.05,0.09
"between_freedman_lane","primary_n20","trait",20,5,400800,146,0.0425,0.05,0.09
"between_freedman_lane","primary_n20","trait",20,5,400800,147,0.0475,0.05,0.09
"between_freedman_lane","primary_n20","trait",20,5,400800,148,0.5075,0.05,0.09
"between_freedman_lane","primary_n20","trait",20,5,400800,149,0.58,0.05,0.09
"between_freedman_lane","primary_n20","trait",20,5,400800,150,0.6675,0.05,0.09
"between_freedman_lane","primary_n20","trait",20,5,400800,151,0.1025,0.05,0.09
"between_freedman_lane","primary_n20","trait",20,5,400800,152,0.5575,0.05,0.09
"between_freedman_lane","primary_n20","trait",20,5,400800,153,0.1125,0.05,0.09
"between_freedman_lane","primary_n20","trait",20,5,400800,154,0.115,0.05,0.09
"between_freedman_lane","primary_n20","trait",20,5,400800,155,0.7025,0.05,0.09
"between_freedman_lane","primary_n20","trait",20,5,400800,156,0.6225,0.05,0.09
"between_freedman_lane","primary_n20","trait",20,5,400800,157,0.32,0.05,0.09
"between_freedman_lane","primary_n20","trait",20,5,400800,158,0.8975,0.05,0.09
"between_freedman_lane","primary_n20","trait",20,5,400800,159,0.955,0.05,0.09
"between_freedman_lane","primary_n20","trait",20,5,400800,160,0.7825,0.05,0.09
"between_freedman_lane","primary_n20","trait",20,5,400800,161,0.905,0.05,0.09
"between_freedman_lane","primary_n20","trait",20,5,400800,162,0.925,0.05,0.09
"between_freedman_lane","primary_n20","trait",20,5,400800,163,0.3225,0.05,0.09
"between_freedman_lane","primary_n20","trait",20,5,400800,164,0.3125,0.05,0.09
"between_freedman_lane","primary_n20","trait",20,5,400800,165,0.935,0.05,0.09
"between_freedman_lane","primary_n20","trait",20,5,400800,166,0.39,0.05,0.09
"between_freedman_lane","primary_n20","trait",20,5,400800,167,0.37,0.05,0.09
"between_freedman_lane","primary_n20","trait",20,5,400800,168,0.9825,0.05,0.09
"between_freedman_lane","primary_n20","trait",20,5,400800,169,0.4,0.05,0.09
"between_freedman_lane","primary_n20","trait",20,5,400800,170,0.7575,0.05,0.09
"between_freedman_lane","primary_n20","trait",20,5,400800,171,0.67,0.05,0.09
"between_freedman_lane","primary_n20","trait",20,5,400800,172,0.91,0.05,0.09
"between_freedman_lane","primary_n20","trait",20,5,400800,173,0.78,0.05,0.09
"between_freedman_lane","primary_n20","trait",20,5,400800,174,0.49,0.05,0.09
"between_freedman_lane","primary_n20","trait",20,5,400800,175,0.7225,0.05,0.09
"between_freedman_lane","primary_n20","trait",20,5,400800,176,0.0575,0.05,0.09
"between_freedman_lane","primary_n20","trait",20,5,400800,177,0.5975,0.05,0.09
"between_freedman_lane","primary_n20","trait",20,5,400800,178,0.0325,0.05,0.09
"between_freedman_lane","primary_n20","trait",20,5,400800,179,0.2575,0.05,0.09
"between_freedman_lane","primary_n20","trait",20,5,400800,180,0.9275,0.05,0.09
"between_freedman_lane","primary_n20","trait",20,5,400800,181,0.195,0.05,0.09
"between_freedman_lane","primary_n20","trait",20,5,400800,182,0.9475,0.05,0.09
"between_freedman_lane","primary_n20","trait",20,5,400800,183,0.27,0.05,0.09
"between_freedman_lane","primary_n20","trait",20,5,400800,184,0.31,0.05,0.09
"between_freedman_lane","primary_n20","trait",20,5,400800,185,0.6125,0.05,0.09
"between_freedman_lane","primary_n20","trait",20,5,400800,186,0.4025,0.05,0.09
"between_freedman_lane","primary_n20","trait",20,5,400800,187,0.3525,0.05,0.09
"between_freedman_lane","primary_n20","trait",20,5,400800,188,0.3575,0.05,0.09
"between_freedman_lane","primary_n20","trait",20,5,400800,189,0.7575,0.05,0.09
"between_freedman_lane","primary_n20","trait",20,5,400800,190,0.33,0.05,0.09
"between_freedman_lane","primary_n20","trait",20,5,400800,191,0.7175,0.05,0.09
"between_freedman_lane","primary_n20","trait",20,5,400800,192,0.01,0.05,0.09
"between_freedman_lane","primary_n20","trait",20,5,400800,193,0.5125,0.05,0.09
"between_freedman_lane","primary_n20","trait",20,5,400800,194,0.5525,0.05,0.09
"between_freedman_lane","primary_n20","trait",20,5,400800,195,0.56,0.05,0.09
"between_freedman_lane","primary_n20","trait",20,5,400800,196,0.2375,0.05,0.09
"between_freedman_lane","primary_n20","trait",20,5,400800,197,0.21,0.05,0.09
"between_freedman_lane","primary_n20","trait",20,5,400800,198,0.2525,0.05,0.09
"between_freedman_lane","primary_n20","trait",20,5,400800,199,0.2275,0.05,0.09
"between_freedman_lane","primary_n20","trait",20,5,400800,200,0.37,0.05,0.09
"between_freedman_lane","primary_n20","group:trait",20,5,400800,1,0.5475,0.05,0.09
"between_freedman_lane","primary_n20","group:trait",20,5,400800,2,0.015,0.05,0.09
"between_freedman_lane","primary_n20","group:trait",20,5,400800,3,0.265,0.05,0.09
"between_freedman_lane","primary_n20","group:trait",20,5,400800,4,0.7925,0.05,0.09
"between_freedman_lane","primary_n20","group:trait",20,5,400800,5,0.6925,0.05,0.09
"between_freedman_lane","primary_n20","group:trait",20,5,400800,6,0.975,0.05,0.09
"between_freedman_lane","primary_n20","group:trait",20,5,400800,7,0.69,0.05,0.09
"between_freedman_lane","primary_n20","group:trait",20,5,400800,8,0.58,0.05,0.09
"between_freedman_lane","primary_n20","group:trait",20,5,400800,9,0.4425,0.05,0.09
"between_freedman_lane","primary_n20","group:trait",20,5,400800,10,0.4275,0.05,0.09
"between_freedman_lane","primary_n20","group:trait",20,5,400800,11,0.4,0.05,0.09
"between_freedman_lane","primary_n20","group:trait",20,5,400800,12,0.4825,0.05,0.09
"between_freedman_lane","primary_n20","group:trait",20,5,400800,13,0.455,0.05,0.09
"between_freedman_lane","primary_n20","group:trait",20,5,400800,14,0.1025,0.05,0.09
"between_freedman_lane","primary_n20","group:trait",20,5,400800,15,0.035,0.05,0.09
"between_freedman_lane","primary_n20","group:trait",20,5,400800,16,0.815,0.05,0.09
"between_freedman_lane","primary_n20","group:trait",20,5,400800,17,0.325,0.05,0.09
"between_freedman_lane","primary_n20","group:trait",20,5,400800,18,0.2025,0.05,0.09
"between_freedman_lane","primary_n20","group:trait",20,5,400800,19,0.305,0.05,0.09
"between_freedman_lane","primary_n20","group:trait",20,5,400800,20,0.415,0.05,0.09
"between_freedman_lane","primary_n20","group:trait",20,5,400800,21,0.0075,0.05,0.09
"between_freedman_lane","primary_n20","group:trait",20,5,400800,22,0.665,0.05,0.09
"between_freedman_lane","primary_n20","group:trait",20,5,400800,23,0.8275,0.05,0.09
"between_freedman_lane","primary_n20","group:trait",20,5,400800,24,0.105,0.05,0.09
"between_freedman_lane","primary_n20","group:trait",20,5,400800,25,0.195,0.05,0.09
"between_freedman_lane","primary_n20","group:trait",20,5,400800,26,0.45,0.05,0.09
"between_freedman_lane","primary_n20","group:trait",20,5,400800,27,0.68,0.05,0.09
"between_freedman_lane","primary_n20","group:trait",20,5,400800,28,0.84,0.05,0.09
"between_freedman_lane","primary_n20","group:trait",20,5,400800,29,0.5725,0.05,0.09
"between_freedman_lane","primary_n20","group:trait",20,5,400800,30,0.19,0.05,0.09
"between_freedman_lane","primary_n20","group:trait",20,5,400800,31,0.16,0.05,0.09
"between_freedman_lane","primary_n20","group:trait",20,5,400800,32,0.1525,0.05,0.09
"between_freedman_lane","primary_n20","group:trait",20,5,400800,33,0.1875,0.05,0.09
"between_freedman_lane","primary_n20","group:trait",20,5,400800,34,0.225,0.05,0.09
"between_freedman_lane","primary_n20","group:trait",20,5,400800,35,0.405,0.05,0.09
"between_freedman_lane","primary_n20","group:trait",20,5,400800,36,0.66,0.05,0.09
"between_freedman_lane","primary_n20","group:trait",20,5,400800,37,0.15,0.05,0.09
"between_freedman_lane","primary_n20","group:trait",20,5,400800,38,0.7925,0.05,0.09
"between_freedman_lane","primary_n20","group:trait",20,5,400800,39,0.775,0.05,0.09
"between_freedman_lane","primary_n20","group:trait",20,5,400800,40,0.085,0.05,0.09
"between_freedman_lane","primary_n20","group:trait",20,5,400800,41,0.625,0.05,0.09
"between_freedman_lane","primary_n20","group:trait",20,5,400800,42,0.685,0.05,0.09
"between_freedman_lane","primary_n20","group:trait",20,5,400800,43,0.4675,0.05,0.09
"between_freedman_lane","primary_n20","group:trait",20,5,400800,44,0.3575,0.05,0.09
"between_freedman_lane","primary_n20","group:trait",20,5,400800,45,0.825,0.05,0.09
"between_freedman_lane","primary_n20","group:trait",20,5,400800,46,0.9025,0.05,0.09
"between_freedman_lane","primary_n20","group:trait",20,5,400800,47,0.0275,0.05,0.09
"between_freedman_lane","primary_n20","group:trait",20,5,400800,48,0.165,0.05,0.09
"between_freedman_lane","primary_n20","group:trait",20,5,400800,49,0.63,0.05,0.09
"between_freedman_lane","primary_n20","group:trait",20,5,400800,50,0.02,0.05,0.09
"between_freedman_lane","primary_n20","group:trait",20,5,400800,51,0.95,0.05,0.09
"between_freedman_lane","primary_n20","group:trait",20,5,400800,52,0.58,0.05,0.09
"between_freedman_lane","primary_n20","group:trait",20,5,400800,53,0.245,0.05,0.09
"between_freedman_lane","primary_n20","group:trait",20,5,400800,54,0.6275,0.05,0.09
"between_freedman_lane","primary_n20","group:trait",20,5,400800,55,0.4675,0.05,0.09
"between_freedman_lane","primary_n20","group:trait",20,5,400800,56,0.075,0.05,0.09
"between_freedman_lane","primary_n20","group:trait",20,5,400800,57,0.01,0.05,0.09
"between_freedman_lane","primary_n20","group:trait",20,5,400800,58,0.24,0.05,0.09
"between_freedman_lane","primary_n20","group:trait",20,5,400800,59,0.7875,0.05,0.09
"between_freedman_lane","primary_n20","group:trait",20,5,400800,60,0.43,0.05,0.09
"between_freedman_lane","primary_n20","group:trait",20,5,400800,61,0.075,0.05,0.09
"between_freedman_lane","primary_n20","group:trait",20,5,400800,62,0.3175,0.05,0.09
"between_freedman_lane","primary_n20","group:trait",20,5,400800,63,0.0175,0.05,0.09
"between_freedman_lane","primary_n20","group:trait",20,5,400800,64,0.695,0.05,0.09
"between_freedman_lane","primary_n20","group:trait",20,5,400800,65,0.0325,0.05,0.09
"between_freedman_lane","primary_n20","group:trait",20,5,400800,66,0.1775,0.05,0.09
"between_freedman_lane","primary_n20","group:trait",20,5,400800,67,0.095,0.05,0.09
"between_freedman_lane","primary_n20","group:trait",20,5,400800,68,0.8725,0.05,0.09
"between_freedman_lane","primary_n20","group:trait",20,5,400800,69,0.575,0.05,0.09
"between_freedman_lane","primary_n20","group:trait",20,5,400800,70,0.5425,0.05,0.09
"between_freedman_lane","primary_n20","group:trait",20,5,400800,71,0.13,0.05,0.09
"between_freedman_lane","primary_n20","group:trait",20,5,400800,72,0.0825,0.05,0.09
"between_freedman_lane","primary_n20","group:trait",20,5,400800,73,0.765,0.05,0.09
"between_freedman_lane","primary_n20","group:trait",20,5,400800,74,0.81,0.05,0.09
"between_freedman_lane","primary_n20","group:trait",20,5,400800,75,0.245,0.05,0.09
"between_freedman_lane","primary_n20","group:trait",20,5,400800,76,0.1,0.05,0.09
"between_freedman_lane","primary_n20","group:trait",20,5,400800,77,0.8825,0.05,0.09
"between_freedman_lane","primary_n20","group:trait",20,5,400800,78,0.8275,0.05,0.09
"between_freedman_lane","primary_n20","group:trait",20,5,400800,79,0.4975,0.05,0.09
"between_freedman_lane","primary_n20","group:trait",20,5,400800,80,0.02,0.05,0.09
"between_freedman_lane","primary_n20","group:trait",20,5,400800,81,0.4725,0.05,0.09
"between_freedman_lane","primary_n20","group:trait",20,5,400800,82,0.2875,0.05,0.09
"between_freedman_lane","primary_n20","group:trait",20,5,400800,83,0.755,0.05,0.09
"between_freedman_lane","primary_n20","group:trait",20,5,400800,84,0.67,0.05,0.09
"between_freedman_lane","primary_n20","group:trait",20,5,400800,85,0.8625,0.05,0.09
"between_freedman_lane","primary_n20","group:trait",20,5,400800,86,0.6075,0.05,0.09
"between_freedman_lane","primary_n20","group:trait",20,5,400800,87,0.85,0.05,0.09
"between_freedman_lane","primary_n20","group:trait",20,5,400800,88,0.0625,0.05,0.09
"between_freedman_lane","primary_n20","group:trait",20,5,400800,89,0.4025,0.05,0.09
"between_freedman_lane","primary_n20","group:trait",20,5,400800,90,0.02,0.05,0.09
"between_freedman_lane","primary_n20","group:trait",20,5,400800,91,0.0875,0.05,0.09
"between_freedman_lane","primary_n20","group:trait",20,5,400800,92,0.0225,0.05,0.09
"between_freedman_lane","primary_n20","group:trait",20,5,400800,93,0.6575,0.05,0.09
"between_freedman_lane","primary_n20","group:trait",20,5,400800,94,0.12,0.05,0.09
"between_freedman_lane","primary_n20","group:trait",20,5,400800,95,0.07,0.05,0.09
"between_freedman_lane","primary_n20","group:trait",20,5,400800,96,0.9425,0.05,0.09
"between_freedman_lane","primary_n20","group:trait",20,5,400800,97,0.5925,0.05,0.09
"between_freedman_lane","primary_n20","group:trait",20,5,400800,98,0.1775,0.05,0.09
"between_freedman_lane","primary_n20","group:trait",20,5,400800,99,0.1,0.05,0.09
"between_freedman_lane","primary_n20","group:trait",20,5,400800,100,0.645,0.05,0.09
"between_freedman_lane","primary_n20","group:trait",20,5,400800,101,0.845,0.05,0.09
"between_freedman_lane","primary_n20","group:trait",20,5,400800,102,0.4475,0.05,0.09
"between_freedman_lane","primary_n20","group:trait",20,5,400800,103,0.985,0.05,0.09
"between_freedman_lane","primary_n20","group:trait",20,5,400800,104,0.72,0.05,0.09
"between_freedman_lane","primary_n20","group:trait",20,5,400800,105,0.65,0.05,0.09
"between_freedman_lane","primary_n20","group:trait",20,5,400800,106,0.375,0.05,0.09
"between_freedman_lane","primary_n20","group:trait",20,5,400800,107,0.43,0.05,0.09
"between_freedman_lane","primary_n20","group:trait",20,5,400800,108,0.2125,0.05,0.09
"between_freedman_lane","primary_n20","group:trait",20,5,400800,109,0.37,0.05,0.09
"between_freedman_lane","primary_n20","group:trait",20,5,400800,110,0.0725,0.05,0.09
"between_freedman_lane","primary_n20","group:trait",20,5,400800,111,0.7125,0.05,0.09
"between_freedman_lane","primary_n20","group:trait",20,5,400800,112,0.48,0.05,0.09
"between_freedman_lane","primary_n20","group:trait",20,5,400800,113,0.3,0.05,0.09
"between_freedman_lane","primary_n20","group:trait",20,5,400800,114,0.63,0.05,0.09
"between_freedman_lane","primary_n20","group:trait",20,5,400800,115,0.07,0.05,0.09
"between_freedman_lane","primary_n20","group:trait",20,5,400800,116,0.2825,0.05,0.09
"between_freedman_lane","primary_n20","group:trait",20,5,400800,117,0.91,0.05,0.09
"between_freedman_lane","primary_n20","group:trait",20,5,400800,118,0.4875,0.05,0.09
"between_freedman_lane","primary_n20","group:trait",20,5,400800,119,0.5275,0.05,0.09
"between_freedman_lane","primary_n20","group:trait",20,5,400800,120,0.3775,0.05,0.09
"between_freedman_lane","primary_n20","group:trait",20,5,400800,121,0.1925,0.05,0.09
"between_freedman_lane","primary_n20","group:trait",20,5,400800,122,0.3075,0.05,0.09
"between_freedman_lane","primary_n20","group:trait",20,5,400800,123,0.6625,0.05,0.09
"between_freedman_lane","primary_n20","group:trait",20,5,400800,124,0.37,0.05,0.09
"between_freedman_lane","primary_n20","group:trait",20,5,400800,125,0.51,0.05,0.09
"between_freedman_lane","primary_n20","group:trait",20,5,400800,126,0.645,0.05,0.09
"between_freedman_lane","primary_n20","group:trait",20,5,400800,127,0.91,0.05,0.09
"between_freedman_lane","primary_n20","group:trait",20,5,400800,128,0.0075,0.05,0.09
"between_freedman_lane","primary_n20","group:trait",20,5,400800,129,0.3225,0.05,0.09
"between_freedman_lane","primary_n20","group:trait",20,5,400800,130,0.1975,0.05,0.09
"between_freedman_lane","primary_n20","group:trait",20,5,400800,131,0.985,0.05,0.09
"between_freedman_lane","primary_n20","group:trait",20,5,400800,132,0.67,0.05,0.09
"between_freedman_lane","primary_n20","group:trait",20,5,400800,133,0.4225,0.05,0.09
"between_freedman_lane","primary_n20","group:trait",20,5,400800,134,0.25,0.05,0.09
"between_freedman_lane","primary_n20","group:trait",20,5,400800,135,0.1925,0.05,0.09
"between_freedman_lane","primary_n20","group:trait",20,5,400800,136,0.03,0.05,0.09
"between_freedman_lane","primary_n20","group:trait",20,5,400800,137,0.1025,0.05,0.09
"between_freedman_lane","primary_n20","group:trait",20,5,400800,138,0.5725,0.05,0.09
"between_freedman_lane","primary_n20","group:trait",20,5,400800,139,0.14,0.05,0.09
"between_freedman_lane","primary_n20","group:trait",20,5,400800,140,0.295,0.05,0.09
"between_freedman_lane","primary_n20","group:trait",20,5,400800,141,0.095,0.05,0.09
"between_freedman_lane","primary_n20","group:trait",20,5,400800,142,0.505,0.05,0.09
"between_freedman_lane","primary_n20","group:trait",20,5,400800,143,0.02,0.05,0.09
"between_freedman_lane","primary_n20","group:trait",20,5,400800,144,0.665,0.05,0.09
"between_freedman_lane","primary_n20","group:trait",20,5,400800,145,0.47,0.05,0.09
"between_freedman_lane","primary_n20","group:trait",20,5,400800,146,0.2875,0.05,0.09
"between_freedman_lane","primary_n20","group:trait",20,5,400800,147,0.9375,0.05,0.09
"between_freedman_lane","primary_n20","group:trait",20,5,400800,148,0.1775,0.05,0.09
"between_freedman_lane","primary_n20","group:trait",20,5,400800,149,0.4325,0.05,0.09
"between_freedman_lane","primary_n20","group:trait",20,5,400800,150,0.605,0.05,0.09
"between_freedman_lane","primary_n20","group:trait",20,5,400800,151,0.0175,0.05,0.09
"between_freedman_lane","primary_n20","group:trait",20,5,400800,152,0.8225,0.05,0.09
"between_freedman_lane","primary_n20","group:trait",20,5,400800,153,0.04,0.05,0.09
"between_freedman_lane","primary_n20","group:trait",20,5,400800,154,0.11,0.05,0.09
"between_freedman_lane","primary_n20","group:trait",20,5,400800,155,0.315,0.05,0.09
"between_freedman_lane","primary_n20","group:trait",20,5,400800,156,0.035,0.05,0.09
"between_freedman_lane","primary_n20","group:trait",20,5,400800,157,0.7775,0.05,0.09
"between_freedman_lane","primary_n20","group:trait",20,5,400800,158,0.5,0.05,0.09
"between_freedman_lane","primary_n20","group:trait",20,5,400800,159,0.335,0.05,0.09
"between_freedman_lane","primary_n20","group:trait",20,5,400800,160,0.9375,0.05,0.09
"between_freedman_lane","primary_n20","group:trait",20,5,400800,161,0.935,0.05,0.09
"between_freedman_lane","primary_n20","group:trait",20,5,400800,162,0.4275,0.05,0.09
"between_freedman_lane","primary_n20","group:trait",20,5,400800,163,0.7875,0.05,0.09
"between_freedman_lane","primary_n20","group:trait",20,5,400800,164,0.6275,0.05,0.09
"between_freedman_lane","primary_n20","group:trait",20,5,400800,165,0.9075,0.05,0.09
"between_freedman_lane","primary_n20","group:trait",20,5,400800,166,0.9175,0.05,0.09
"between_freedman_lane","primary_n20","group:trait",20,5,400800,167,0.3525,0.05,0.09
"between_freedman_lane","primary_n20","group:trait",20,5,400800,168,0.62,0.05,0.09
"between_freedman_lane","primary_n20","group:trait",20,5,400800,169,0.645,0.05,0.09
"between_freedman_lane","primary_n20","group:trait",20,5,400800,170,0.415,0.05,0.09
"between_freedman_lane","primary_n20","group:trait",20,5,400800,171,0.425,0.05,0.09
"between_freedman_lane","primary_n20","group:trait",20,5,400800,172,0.3425,0.05,0.09
"between_freedman_lane","primary_n20","group:trait",20,5,400800,173,0.9825,0.05,0.09
"between_freedman_lane","primary_n20","group:trait",20,5,400800,174,0.685,0.05,0.09
"between_freedman_lane","primary_n20","group:trait",20,5,400800,175,0.5175,0.05,0.09
"between_freedman_lane","primary_n20","group:trait",20,5,400800,176,0.015,0.05,0.09
"between_freedman_lane","primary_n20","group:trait",20,5,400800,177,0.5775,0.05,0.09
"between_freedman_lane","primary_n20","group:trait",20,5,400800,178,0.49,0.05,0.09
"between_freedman_lane","primary_n20","group:trait",20,5,400800,179,0.2425,0.05,0.09
"between_freedman_lane","primary_n20","group:trait",20,5,400800,180,0.9425,0.05,0.09
"between_freedman_lane","primary_n20","group:trait",20,5,400800,181,0.195,0.05,0.09
"between_freedman_lane","primary_n20","group:trait",20,5,400800,182,0.085,0.05,0.09
"between_freedman_lane","primary_n20","group:trait",20,5,400800,183,0.665,0.05,0.09
"between_freedman_lane","primary_n20","group:trait",20,5,400800,184,0.6325,0.05,0.09
"between_freedman_lane","primary_n20","group:trait",20,5,400800,185,0.7875,0.05,0.09
"between_freedman_lane","primary_n20","group:trait",20,5,400800,186,0.225,0.05,0.09
"between_freedman_lane","primary_n20","group:trait",20,5,400800,187,0.1675,0.05,0.09
"between_freedman_lane","primary_n20","group:trait",20,5,400800,188,0.885,0.05,0.09
"between_freedman_lane","primary_n20","group:trait",20,5,400800,189,0.285,0.05,0.09
"between_freedman_lane","primary_n20","group:trait",20,5,400800,190,0.2225,0.05,0.09
"between_freedman_lane","primary_n20","group:trait",20,5,400800,191,0.6375,0.05,0.09
"between_freedman_lane","primary_n20","group:trait",20,5,400800,192,0.7925,0.05,0.09
"between_freedman_lane","primary_n20","group:trait",20,5,400800,193,0.3075,0.05,0.09
"between_freedman_lane","primary_n20","group:trait",20,5,400800,194,0.5425,0.05,0.09
"between_freedman_lane","primary_n20","group:trait",20,5,400800,195,0.24,0.05,0.09
"between_freedman_lane","primary_n20","group:trait",20,5,400800,196,0.35,0.05,0.09
"between_freedman_lane","primary_n20","group:trait",20,5,400800,197,0.2275,0.05,0.09
"between_freedman_lane","primary_n20","group:trait",20,5,400800,198,0.1225,0.05,0.09
"between_freedman_lane","primary_n20","group:trait",20,5,400800,199,0.5775,0.05,0.09
"between_freedman_lane","primary_n20","group:trait",20,5,400800,200,0.0375,0.05,0.09
"between_freedman_lane","diagnostic_n40","group",40,1,600800,1,0.955,0.05,0.09
"between_freedman_lane","diagnostic_n40","group",40,1,600800,2,0.8325,0.05,0.09
"between_freedman_lane","diagnostic_n40","group",40,1,600800,3,0.9825,0.05,0.09
"between_freedman_lane","diagnostic_n40","group",40,1,600800,4,0.88,0.05,0.09
"between_freedman_lane","diagnostic_n40","group",40,1,600800,5,0.47,0.05,0.09
"between_freedman_lane","diagnostic_n40","group",40,1,600800,6,0.5775,0.05,0.09
"between_freedman_lane","diagnostic_n40","group",40,1,600800,7,0.7575,0.05,0.09
"between_freedman_lane","diagnostic_n40","group",40,1,600800,8,0.995,0.05,0.09
"between_freedman_lane","diagnostic_n40","group",40,1,600800,9,0.97,0.05,0.09
"between_freedman_lane","diagnostic_n40","group",40,1,600800,10,0.655,0.05,0.09
"between_freedman_lane","diagnostic_n40","group",40,1,600800,11,0.69,0.05,0.09
"between_freedman_lane","diagnostic_n40","group",40,1,600800,12,0.275,0.05,0.09
"between_freedman_lane","diagnostic_n40","group",40,1,600800,13,0.2625,0.05,0.09
"between_freedman_lane","diagnostic_n40","group",40,1,600800,14,0.8625,0.05,0.09
"between_freedman_lane","diagnostic_n40","group",40,1,600800,15,0.3425,0.05,0.09
"between_freedman_lane","diagnostic_n40","group",40,1,600800,16,0.0225,0.05,0.09
"between_freedman_lane","diagnostic_n40","group",40,1,600800,17,0.555,0.05,0.09
"between_freedman_lane","diagnostic_n40","group",40,1,600800,18,0.66,0.05,0.09
"between_freedman_lane","diagnostic_n40","group",40,1,600800,19,0.575,0.05,0.09
"between_freedman_lane","diagnostic_n40","group",40,1,600800,20,0.7625,0.05,0.09
"between_freedman_lane","diagnostic_n40","group",40,1,600800,21,0.1825,0.05,0.09
"between_freedman_lane","diagnostic_n40","group",40,1,600800,22,0.07,0.05,0.09
"between_freedman_lane","diagnostic_n40","group",40,1,600800,23,0.645,0.05,0.09
"between_freedman_lane","diagnostic_n40","group",40,1,600800,24,0.2025,0.05,0.09
"between_freedman_lane","diagnostic_n40","group",40,1,600800,25,0.26,0.05,0.09
"between_freedman_lane","diagnostic_n40","group",40,1,600800,26,0.2625,0.05,0.09
"between_freedman_lane","diagnostic_n40","group",40,1,600800,27,0.325,0.05,0.09
"between_freedman_lane","diagnostic_n40","group",40,1,600800,28,0.435,0.05,0.09
"between_freedman_lane","diagnostic_n40","group",40,1,600800,29,0.6925,0.05,0.09
"between_freedman_lane","diagnostic_n40","group",40,1,600800,30,0.615,0.05,0.09
"between_freedman_lane","diagnostic_n40","group",40,1,600800,31,0.905,0.05,0.09
"between_freedman_lane","diagnostic_n40","group",40,1,600800,32,0.095,0.05,0.09
"between_freedman_lane","diagnostic_n40","group",40,1,600800,33,0.39,0.05,0.09
"between_freedman_lane","diagnostic_n40","group",40,1,600800,34,0.91,0.05,0.09
"between_freedman_lane","diagnostic_n40","group",40,1,600800,35,0.25,0.05,0.09
"between_freedman_lane","diagnostic_n40","group",40,1,600800,36,0.6475,0.05,0.09
"between_freedman_lane","diagnostic_n40","group",40,1,600800,37,0.7925,0.05,0.09
"between_freedman_lane","diagnostic_n40","group",40,1,600800,38,0.0325,0.05,0.09
"between_freedman_lane","diagnostic_n40","group",40,1,600800,39,0.955,0.05,0.09
"between_freedman_lane","diagnostic_n40","group",40,1,600800,40,0.8225,0.05,0.09
"between_freedman_lane","diagnostic_n40","group",40,1,600800,41,0.7575,0.05,0.09
"between_freedman_lane","diagnostic_n40","group",40,1,600800,42,0.95,0.05,0.09
"between_freedman_lane","diagnostic_n40","group",40,1,600800,43,0.065,0.05,0.09
"between_freedman_lane","diagnostic_n40","group",40,1,600800,44,0.005,0.05,0.09
"between_freedman_lane","diagnostic_n40","group",40,1,600800,45,0.44,0.05,0.09
"between_freedman_lane","diagnostic_n40","group",40,1,600800,46,0.6375,0.05,0.09
"between_freedman_lane","diagnostic_n40","group",40,1,600800,47,0.825,0.05,0.09
"between_freedman_lane","diagnostic_n40","group",40,1,600800,48,0.81,0.05,0.09
"between_freedman_lane","diagnostic_n40","group",40,1,600800,49,0.2975,0.05,0.09
"between_freedman_lane","diagnostic_n40","group",40,1,600800,50,0.0225,0.05,0.09
"between_freedman_lane","diagnostic_n40","group",40,1,600800,51,0.7575,0.05,0.09
"between_freedman_lane","diagnostic_n40","group",40,1,600800,52,0.6175,0.05,0.09
"between_freedman_lane","diagnostic_n40","group",40,1,600800,53,0.48,0.05,0.09
"between_freedman_lane","diagnostic_n40","group",40,1,600800,54,0.44,0.05,0.09
"between_freedman_lane","diagnostic_n40","group",40,1,600800,55,0.3975,0.05,0.09
"between_freedman_lane","diagnostic_n40","group",40,1,600800,56,0.455,0.05,0.09
"between_freedman_lane","diagnostic_n40","group",40,1,600800,57,0.4925,0.05,0.09
"between_freedman_lane","diagnostic_n40","group",40,1,600800,58,0.47,0.05,0.09
"between_freedman_lane","diagnostic_n40","group",40,1,600800,59,0.965,0.05,0.09
"between_freedman_lane","diagnostic_n40","group",40,1,600800,60,0.545,0.05,0.09
"between_freedman_lane","diagnostic_n40","group",40,1,600800,61,0.7475,0.05,0.09
"between_freedman_lane","diagnostic_n40","group",40,1,600800,62,0.8625,0.05,0.09
"between_freedman_lane","diagnostic_n40","group",40,1,600800,63,0.6275,0.05,0.09
"between_freedman_lane","diagnostic_n40","group",40,1,600800,64,0.0175,0.05,0.09
"between_freedman_lane","diagnostic_n40","group",40,1,600800,65,0.57,0.05,0.09
"between_freedman_lane","diagnostic_n40","group",40,1,600800,66,0.4375,0.05,0.09
"between_freedman_lane","diagnostic_n40","group",40,1,600800,67,0.1875,0.05,0.09
"between_freedman_lane","diagnostic_n40","group",40,1,600800,68,0.9925,0.05,0.09
"between_freedman_lane","diagnostic_n40","group",40,1,600800,69,0.135,0.05,0.09
"between_freedman_lane","diagnostic_n40","group",40,1,600800,70,0.95,0.05,0.09
"between_freedman_lane","diagnostic_n40","group",40,1,600800,71,0.195,0.05,0.09
"between_freedman_lane","diagnostic_n40","group",40,1,600800,72,0.395,0.05,0.09
"between_freedman_lane","diagnostic_n40","group",40,1,600800,73,0.8825,0.05,0.09
"between_freedman_lane","diagnostic_n40","group",40,1,600800,74,0.38,0.05,0.09
"between_freedman_lane","diagnostic_n40","group",40,1,600800,75,0.065,0.05,0.09
"between_freedman_lane","diagnostic_n40","group",40,1,600800,76,0.105,0.05,0.09
"between_freedman_lane","diagnostic_n40","group",40,1,600800,77,0.5575,0.05,0.09
"between_freedman_lane","diagnostic_n40","group",40,1,600800,78,0.14,0.05,0.09
"between_freedman_lane","diagnostic_n40","group",40,1,600800,79,0.6,0.05,0.09
"between_freedman_lane","diagnostic_n40","group",40,1,600800,80,0.5625,0.05,0.09
"between_freedman_lane","diagnostic_n40","group",40,1,600800,81,0.7325,0.05,0.09
"between_freedman_lane","diagnostic_n40","group",40,1,600800,82,0.2675,0.05,0.09
"between_freedman_lane","diagnostic_n40","group",40,1,600800,83,0.635,0.05,0.09
"between_freedman_lane","diagnostic_n40","group",40,1,600800,84,0.0775,0.05,0.09
"between_freedman_lane","diagnostic_n40","group",40,1,600800,85,0.2425,0.05,0.09
"between_freedman_lane","diagnostic_n40","group",40,1,600800,86,0.91,0.05,0.09
"between_freedman_lane","diagnostic_n40","group",40,1,600800,87,0.9625,0.05,0.09
"between_freedman_lane","diagnostic_n40","group",40,1,600800,88,0.31,0.05,0.09
"between_freedman_lane","diagnostic_n40","group",40,1,600800,89,0.1325,0.05,0.09
"between_freedman_lane","diagnostic_n40","group",40,1,600800,90,0.3025,0.05,0.09
"between_freedman_lane","diagnostic_n40","group",40,1,600800,91,0.08,0.05,0.09
"between_freedman_lane","diagnostic_n40","group",40,1,600800,92,0.0025,0.05,0.09
"between_freedman_lane","diagnostic_n40","group",40,1,600800,93,0.1575,0.05,0.09
"between_freedman_lane","diagnostic_n40","group",40,1,600800,94,0.65,0.05,0.09
"between_freedman_lane","diagnostic_n40","group",40,1,600800,95,0.3175,0.05,0.09
"between_freedman_lane","diagnostic_n40","group",40,1,600800,96,0.8825,0.05,0.09
"between_freedman_lane","diagnostic_n40","group",40,1,600800,97,0.3075,0.05,0.09
"between_freedman_lane","diagnostic_n40","group",40,1,600800,98,0.33,0.05,0.09
"between_freedman_lane","diagnostic_n40","group",40,1,600800,99,0.37,0.05,0.09
"between_freedman_lane","diagnostic_n40","group",40,1,600800,100,0.23,0.05,0.09
"between_freedman_lane","diagnostic_n40","trait",40,1,600800,1,0.06,0.05,0.09
"between_freedman_lane","diagnostic_n40","trait",40,1,600800,2,0.63,0.05,0.09
"between_freedman_lane","diagnostic_n40","trait",40,1,600800,3,0.7475,0.05,0.09
"between_freedman_lane","diagnostic_n40","trait",40,1,600800,4,0.73,0.05,0.09
"between_freedman_lane","diagnostic_n40","trait",40,1,600800,5,0.15,0.05,0.09
"between_freedman_lane","diagnostic_n40","trait",40,1,600800,6,0.9375,0.05,0.09
"between_freedman_lane","diagnostic_n40","trait",40,1,600800,7,0.1375,0.05,0.09
"between_freedman_lane","diagnostic_n40","trait",40,1,600800,8,0.2375,0.05,0.09
"between_freedman_lane","diagnostic_n40","trait",40,1,600800,9,0.7225,0.05,0.09
"between_freedman_lane","diagnostic_n40","trait",40,1,600800,10,0.77,0.05,0.09
"between_freedman_lane","diagnostic_n40","trait",40,1,600800,11,0.5775,0.05,0.09
"between_freedman_lane","diagnostic_n40","trait",40,1,600800,12,0.56,0.05,0.09
"between_freedman_lane","diagnostic_n40","trait",40,1,600800,13,0.9875,0.05,0.09
"between_freedman_lane","diagnostic_n40","trait",40,1,600800,14,0.045,0.05,0.09
"between_freedman_lane","diagnostic_n40","trait",40,1,600800,15,0.54,0.05,0.09
"between_freedman_lane","diagnostic_n40","trait",40,1,600800,16,0.3625,0.05,0.09
"between_freedman_lane","diagnostic_n40","trait",40,1,600800,17,0.625,0.05,0.09
"between_freedman_lane","diagnostic_n40","trait",40,1,600800,18,0.2725,0.05,0.09
"between_freedman_lane","diagnostic_n40","trait",40,1,600800,19,0.505,0.05,0.09
"between_freedman_lane","diagnostic_n40","trait",40,1,600800,20,0.1025,0.05,0.09
"between_freedman_lane","diagnostic_n40","trait",40,1,600800,21,0.9975,0.05,0.09
"between_freedman_lane","diagnostic_n40","trait",40,1,600800,22,0.68,0.05,0.09
"between_freedman_lane","diagnostic_n40","trait",40,1,600800,23,0.0975,0.05,0.09
"between_freedman_lane","diagnostic_n40","trait",40,1,600800,24,0.4125,0.05,0.09
"between_freedman_lane","diagnostic_n40","trait",40,1,600800,25,0.57,0.05,0.09
"between_freedman_lane","diagnostic_n40","trait",40,1,600800,26,0.52,0.05,0.09
"between_freedman_lane","diagnostic_n40","trait",40,1,600800,27,0.425,0.05,0.09
"between_freedman_lane","diagnostic_n40","trait",40,1,600800,28,0.2425,0.05,0.09
"between_freedman_lane","diagnostic_n40","trait",40,1,600800,29,0.8925,0.05,0.09
"between_freedman_lane","diagnostic_n40","trait",40,1,600800,30,0.98,0.05,0.09
"between_freedman_lane","diagnostic_n40","trait",40,1,600800,31,0.0975,0.05,0.09
"between_freedman_lane","diagnostic_n40","trait",40,1,600800,32,0.935,0.05,0.09
"between_freedman_lane","diagnostic_n40","trait",40,1,600800,33,0.8775,0.05,0.09
"between_freedman_lane","diagnostic_n40","trait",40,1,600800,34,0.42,0.05,0.09
"between_freedman_lane","diagnostic_n40","trait",40,1,600800,35,0.775,0.05,0.09
"between_freedman_lane","diagnostic_n40","trait",40,1,600800,36,0.85,0.05,0.09
"between_freedman_lane","diagnostic_n40","trait",40,1,600800,37,0.1125,0.05,0.09
"between_freedman_lane","diagnostic_n40","trait",40,1,600800,38,0.6275,0.05,0.09
"between_freedman_lane","diagnostic_n40","trait",40,1,600800,39,0.355,0.05,0.09
"between_freedman_lane","diagnostic_n40","trait",40,1,600800,40,0.2275,0.05,0.09
"between_freedman_lane","diagnostic_n40","trait",40,1,600800,41,0.01,0.05,0.09
"between_freedman_lane","diagnostic_n40","trait",40,1,600800,42,0.1425,0.05,0.09
"between_freedman_lane","diagnostic_n40","trait",40,1,600800,43,0.9325,0.05,0.09
"between_freedman_lane","diagnostic_n40","trait",40,1,600800,44,0.515,0.05,0.09
"between_freedman_lane","diagnostic_n40","trait",40,1,600800,45,0.66,0.05,0.09
"between_freedman_lane","diagnostic_n40","trait",40,1,600800,46,0.0825,0.05,0.09
"between_freedman_lane","diagnostic_n40","trait",40,1,600800,47,0.1875,0.05,0.09
"between_freedman_lane","diagnostic_n40","trait",40,1,600800,48,0.5,0.05,0.09
"between_freedman_lane","diagnostic_n40","trait",40,1,600800,49,0.2,0.05,0.09
"between_freedman_lane","diagnostic_n40","trait",40,1,600800,50,0.0075,0.05,0.09
"between_freedman_lane","diagnostic_n40","trait",40,1,600800,51,0.205,0.05,0.09
"between_freedman_lane","diagnostic_n40","trait",40,1,600800,52,0.2525,0.05,0.09
"between_freedman_lane","diagnostic_n40","trait",40,1,600800,53,0.835,0.05,0.09
"between_freedman_lane","diagnostic_n40","trait",40,1,600800,54,0.9275,0.05,0.09
"between_freedman_lane","diagnostic_n40","trait",40,1,600800,55,0.275,0.05,0.09
"between_freedman_lane","diagnostic_n40","trait",40,1,600800,56,0.3825,0.05,0.09
"between_freedman_lane","diagnostic_n40","trait",40,1,600800,57,0.935,0.05,0.09
"between_freedman_lane","diagnostic_n40","trait",40,1,600800,58,0.845,0.05,0.09
"between_freedman_lane","diagnostic_n40","trait",40,1,600800,59,0.865,0.05,0.09
"between_freedman_lane","diagnostic_n40","trait",40,1,600800,60,0.8425,0.05,0.09
"between_freedman_lane","diagnostic_n40","trait",40,1,600800,61,0.575,0.05,0.09
"between_freedman_lane","diagnostic_n40","trait",40,1,600800,62,0.8025,0.05,0.09
"between_freedman_lane","diagnostic_n40","trait",40,1,600800,63,0.2975,0.05,0.09
"between_freedman_lane","diagnostic_n40","trait",40,1,600800,64,0.935,0.05,0.09
"between_freedman_lane","diagnostic_n40","trait",40,1,600800,65,0.4975,0.05,0.09
"between_freedman_lane","diagnostic_n40","trait",40,1,600800,66,0.8825,0.05,0.09
"between_freedman_lane","diagnostic_n40","trait",40,1,600800,67,0.325,0.05,0.09
"between_freedman_lane","diagnostic_n40","trait",40,1,600800,68,0.225,0.05,0.09
"between_freedman_lane","diagnostic_n40","trait",40,1,600800,69,0.6525,0.05,0.09
"between_freedman_lane","diagnostic_n40","trait",40,1,600800,70,0.2875,0.05,0.09
"between_freedman_lane","diagnostic_n40","trait",40,1,600800,71,0.1425,0.05,0.09
"between_freedman_lane","diagnostic_n40","trait",40,1,600800,72,0.99,0.05,0.09
"between_freedman_lane","diagnostic_n40","trait",40,1,600800,73,0.8425,0.05,0.09
"between_freedman_lane","diagnostic_n40","trait",40,1,600800,74,0.3725,0.05,0.09
"between_freedman_lane","diagnostic_n40","trait",40,1,600800,75,0.1325,0.05,0.09
"between_freedman_lane","diagnostic_n40","trait",40,1,600800,76,0.79,0.05,0.09
"between_freedman_lane","diagnostic_n40","trait",40,1,600800,77,0.9725,0.05,0.09
"between_freedman_lane","diagnostic_n40","trait",40,1,600800,78,0.995,0.05,0.09
"between_freedman_lane","diagnostic_n40","trait",40,1,600800,79,0.4375,0.05,0.09
"between_freedman_lane","diagnostic_n40","trait",40,1,600800,80,0.2175,0.05,0.09
"between_freedman_lane","diagnostic_n40","trait",40,1,600800,81,0.1375,0.05,0.09
"between_freedman_lane","diagnostic_n40","trait",40,1,600800,82,0.445,0.05,0.09
"between_freedman_lane","diagnostic_n40","trait",40,1,600800,83,0.4075,0.05,0.09
"between_freedman_lane","diagnostic_n40","trait",40,1,600800,84,0.43,0.05,0.09
"between_freedman_lane","diagnostic_n40","trait",40,1,600800,85,0.4125,0.05,0.09
"between_freedman_lane","diagnostic_n40","trait",40,1,600800,86,0.38,0.05,0.09
"between_freedman_lane","diagnostic_n40","trait",40,1,600800,87,0.7325,0.05,0.09
"between_freedman_lane","diagnostic_n40","trait",40,1,600800,88,0.5375,0.05,0.09
"between_freedman_lane","diagnostic_n40","trait",40,1,600800,89,0.06,0.05,0.09
"between_freedman_lane","diagnostic_n40","trait",40,1,600800,90,0.9775,0.05,0.09
"between_freedman_lane","diagnostic_n40","trait",40,1,600800,91,0.9525,0.05,0.09
"between_freedman_lane","diagnostic_n40","trait",40,1,600800,92,0.4825,0.05,0.09
"between_freedman_lane","diagnostic_n40","trait",40,1,600800,93,0.285,0.05,0.09
"between_freedman_lane","diagnostic_n40","trait",40,1,600800,94,0.165,0.05,0.09
"between_freedman_lane","diagnostic_n40","trait",40,1,600800,95,0.905,0.05,0.09
"between_freedman_lane","diagnostic_n40","trait",40,1,600800,96,0.2875,0.05,0.09
"between_freedman_lane","diagnostic_n40","trait",40,1,600800,97,0.3825,0.05,0.09
"between_freedman_lane","diagnostic_n40","trait",40,1,600800,98,0.4425,0.05,0.09
"between_freedman_lane","diagnostic_n40","trait",40,1,600800,99,0.3025,0.05,0.09
"between_freedman_lane","diagnostic_n40","trait",40,1,600800,100,0.79,0.05,0.09
"between_freedman_lane","diagnostic_n40","group:trait",40,1,600800,1,0.0775,0.05,0.09
"between_freedman_lane","diagnostic_n40","group:trait",40,1,600800,2,0.9075,0.05,0.09
"between_freedman_lane","diagnostic_n40","group:trait",40,1,600800,3,0.37,0.05,0.09
"between_freedman_lane","diagnostic_n40","group:trait",40,1,600800,4,0.1125,0.05,0.09
"between_freedman_lane","diagnostic_n40","group:trait",40,1,600800,5,0.8225,0.05,0.09
"between_freedman_lane","diagnostic_n40","group:trait",40,1,600800,6,0.885,0.05,0.09
"between_freedman_lane","diagnostic_n40","group:trait",40,1,600800,7,0.045,0.05,0.09
"between_freedman_lane","diagnostic_n40","group:trait",40,1,600800,8,0.01,0.05,0.09
"between_freedman_lane","diagnostic_n40","group:trait",40,1,600800,9,0.4025,0.05,0.09
"between_freedman_lane","diagnostic_n40","group:trait",40,1,600800,10,0.5225,0.05,0.09
"between_freedman_lane","diagnostic_n40","group:trait",40,1,600800,11,0.5775,0.05,0.09
"between_freedman_lane","diagnostic_n40","group:trait",40,1,600800,12,0.8025,0.05,0.09
"between_freedman_lane","diagnostic_n40","group:trait",40,1,600800,13,0.8175,0.05,0.09
"between_freedman_lane","diagnostic_n40","group:trait",40,1,600800,14,0.345,0.05,0.09
"between_freedman_lane","diagnostic_n40","group:trait",40,1,600800,15,0.3275,0.05,0.09
"between_freedman_lane","diagnostic_n40","group:trait",40,1,600800,16,0.6075,0.05,0.09
"between_freedman_lane","diagnostic_n40","group:trait",40,1,600800,17,0.3675,0.05,0.09
"between_freedman_lane","diagnostic_n40","group:trait",40,1,600800,18,0.24,0.05,0.09
"between_freedman_lane","diagnostic_n40","group:trait",40,1,600800,19,0.2275,0.05,0.09
"between_freedman_lane","diagnostic_n40","group:trait",40,1,600800,20,0.7025,0.05,0.09
"between_freedman_lane","diagnostic_n40","group:trait",40,1,600800,21,0.385,0.05,0.09
"between_freedman_lane","diagnostic_n40","group:trait",40,1,600800,22,0.6325,0.05,0.09
"between_freedman_lane","diagnostic_n40","group:trait",40,1,600800,23,0.56,0.05,0.09
"between_freedman_lane","diagnostic_n40","group:trait",40,1,600800,24,0.6675,0.05,0.09
"between_freedman_lane","diagnostic_n40","group:trait",40,1,600800,25,0.8175,0.05,0.09
"between_freedman_lane","diagnostic_n40","group:trait",40,1,600800,26,0.815,0.05,0.09
"between_freedman_lane","diagnostic_n40","group:trait",40,1,600800,27,0.335,0.05,0.09
"between_freedman_lane","diagnostic_n40","group:trait",40,1,600800,28,0.3425,0.05,0.09
"between_freedman_lane","diagnostic_n40","group:trait",40,1,600800,29,0.15,0.05,0.09
"between_freedman_lane","diagnostic_n40","group:trait",40,1,600800,30,0.9975,0.05,0.09
"between_freedman_lane","diagnostic_n40","group:trait",40,1,600800,31,0.02,0.05,0.09
"between_freedman_lane","diagnostic_n40","group:trait",40,1,600800,32,0.7375,0.05,0.09
"between_freedman_lane","diagnostic_n40","group:trait",40,1,600800,33,0.2775,0.05,0.09
"between_freedman_lane","diagnostic_n40","group:trait",40,1,600800,34,0.445,0.05,0.09
"between_freedman_lane","diagnostic_n40","group:trait",40,1,600800,35,0.8475,0.05,0.09
"between_freedman_lane","diagnostic_n40","group:trait",40,1,600800,36,0.4875,0.05,0.09
"between_freedman_lane","diagnostic_n40","group:trait",40,1,600800,37,0.0075,0.05,0.09
"between_freedman_lane","diagnostic_n40","group:trait",40,1,600800,38,0.95,0.05,0.09
"between_freedman_lane","diagnostic_n40","group:trait",40,1,600800,39,0.805,0.05,0.09
"between_freedman_lane","diagnostic_n40","group:trait",40,1,600800,40,0.135,0.05,0.09
"between_freedman_lane","diagnostic_n40","group:trait",40,1,600800,41,0.02,0.05,0.09
"between_freedman_lane","diagnostic_n40","group:trait",40,1,600800,42,0.215,0.05,0.09
"between_freedman_lane","diagnostic_n40","group:trait",40,1,600800,43,0.84,0.05,0.09
"between_freedman_lane","diagnostic_n40","group:trait",40,1,600800,44,0.6775,0.05,0.09
"between_freedman_lane","diagnostic_n40","group:trait",40,1,600800,45,0.0975,0.05,0.09
"between_freedman_lane","diagnostic_n40","group:trait",40,1,600800,46,0.58,0.05,0.09
"between_freedman_lane","diagnostic_n40","group:trait",40,1,600800,47,0.895,0.05,0.09
"between_freedman_lane","diagnostic_n40","group:trait",40,1,600800,48,0.925,0.05,0.09
"between_freedman_lane","diagnostic_n40","group:trait",40,1,600800,49,0.3275,0.05,0.09
"between_freedman_lane","diagnostic_n40","group:trait",40,1,600800,50,0.0025,0.05,0.09
"between_freedman_lane","diagnostic_n40","group:trait",40,1,600800,51,0.1625,0.05,0.09
"between_freedman_lane","diagnostic_n40","group:trait",40,1,600800,52,0.525,0.05,0.09
"between_freedman_lane","diagnostic_n40","group:trait",40,1,600800,53,0.2,0.05,0.09
"between_freedman_lane","diagnostic_n40","group:trait",40,1,600800,54,0.3975,0.05,0.09
"between_freedman_lane","diagnostic_n40","group:trait",40,1,600800,55,0.185,0.05,0.09
"between_freedman_lane","diagnostic_n40","group:trait",40,1,600800,56,0.1025,0.05,0.09
"between_freedman_lane","diagnostic_n40","group:trait",40,1,600800,57,0.6275,0.05,0.09
"between_freedman_lane","diagnostic_n40","group:trait",40,1,600800,58,0.885,0.05,0.09
"between_freedman_lane","diagnostic_n40","group:trait",40,1,600800,59,0.8325,0.05,0.09
"between_freedman_lane","diagnostic_n40","group:trait",40,1,600800,60,0.77,0.05,0.09
"between_freedman_lane","diagnostic_n40","group:trait",40,1,600800,61,0.56,0.05,0.09
"between_freedman_lane","diagnostic_n40","group:trait",40,1,600800,62,0.52,0.05,0.09
"between_freedman_lane","diagnostic_n40","group:trait",40,1,600800,63,0.495,0.05,0.09
"between_freedman_lane","diagnostic_n40","group:trait",40,1,600800,64,0.66,0.05,0.09
"between_freedman_lane","diagnostic_n40","group:trait",40,1,600800,65,0.4725,0.05,0.09
"between_freedman_lane","diagnostic_n40","group:trait",40,1,600800,66,0.8875,0.05,0.09
"between_freedman_lane","diagnostic_n40","group:trait",40,1,600800,67,0.3225,0.05,0.09
"between_freedman_lane","diagnostic_n40","group:trait",40,1,600800,68,0.2175,0.05,0.09
"between_freedman_lane","diagnostic_n40","group:trait",40,1,600800,69,0.8875,0.05,0.09
"between_freedman_lane","diagnostic_n40","group:trait",40,1,600800,70,0.2,0.05,0.09
"between_freedman_lane","diagnostic_n40","group:trait",40,1,600800,71,0.2575,0.05,0.09
"between_freedman_lane","diagnostic_n40","group:trait",40,1,600800,72,0.69,0.05,0.09
"between_freedman_lane","diagnostic_n40","group:trait",40,1,600800,73,0.6575,0.05,0.09
"between_freedman_lane","diagnostic_n40","group:trait",40,1,600800,74,0.355,0.05,0.09
"between_freedman_lane","diagnostic_n40","group:trait",40,1,600800,75,0.0975,0.05,0.09
"between_freedman_lane","diagnostic_n40","group:trait",40,1,600800,76,0.325,0.05,0.09
"between_freedman_lane","diagnostic_n40","group:trait",40,1,600800,77,0.7575,0.05,0.09
"between_freedman_lane","diagnostic_n40","group:trait",40,1,600800,78,0.5925,0.05,0.09
"between_freedman_lane","diagnostic_n40","group:trait",40,1,600800,79,0.9325,0.05,0.09
"between_freedman_lane","diagnostic_n40","group:trait",40,1,600800,80,0.0525,0.05,0.09
"between_freedman_lane","diagnostic_n40","group:trait",40,1,600800,81,0.655,0.05,0.09
"between_freedman_lane","diagnostic_n40","group:trait",40,1,600800,82,0.515,0.05,0.09
"between_freedman_lane","diagnostic_n40","group:trait",40,1,600800,83,0.855,0.05,0.09
"between_freedman_lane","diagnostic_n40","group:trait",40,1,600800,84,0.81,0.05,0.09
"between_freedman_lane","diagnostic_n40","group:trait",40,1,600800,85,0.83,0.05,0.09
"between_freedman_lane","diagnostic_n40","group:trait",40,1,600800,86,0.2975,0.05,0.09
"between_freedman_lane","diagnostic_n40","group:trait",40,1,600800,87,0.3075,0.05,0.09
"between_freedman_lane","diagnostic_n40","group:trait",40,1,600800,88,0.5125,0.05,0.09
"between_freedman_lane","diagnostic_n40","group:trait",40,1,600800,89,0.0025,0.05,0.09
"between_freedman_lane","diagnostic_n40","group:trait",40,1,600800,90,0.765,0.05,0.09
"between_freedman_lane","diagnostic_n40","group:trait",40,1,600800,91,0.91,0.05,0.09
"between_freedman_lane","diagnostic_n40","group:trait",40,1,600800,92,0.8425,0.05,0.09
"between_freedman_lane","diagnostic_n40","group:trait",40,1,600800,93,0.49,0.05,0.09
"between_freedman_lane","diagnostic_n40","group:trait",40,1,600800,94,0.3125,0.05,0.09
"between_freedman_lane","diagnostic_n40","group:trait",40,1,600800,95,0.2,0.05,0.09
"between_freedman_lane","diagnostic_n40","group:trait",40,1,600800,96,0.535,0.05,0.09
"between_freedman_lane","diagnostic_n40","group:trait",40,1,600800,97,0.8725,0.05,0.09
"between_freedman_lane","diagnostic_n40","group:trait",40,1,600800,98,0.8325,0.05,0.09
"between_freedman_lane","diagnostic_n40","group:trait",40,1,600800,99,0.03,0.05,0.09
"between_freedman_lane","diagnostic_n40","group:trait",40,1,600800,100,0.9225,0.05,0.09
"between_freedman_lane","diagnostic_n40","group",40,2,700800,1,0.665,0.05,0.09
"between_freedman_lane","diagnostic_n40","group",40,2,700800,2,0.3325,0.05,0.09
"between_freedman_lane","diagnostic_n40","group",40,2,700800,3,0.535,0.05,0.09
"between_freedman_lane","diagnostic_n40","group",40,2,700800,4,0.7175,0.05,0.09
"between_freedman_lane","diagnostic_n40","group",40,2,700800,5,0.4225,0.05,0.09
"between_freedman_lane","diagnostic_n40","group",40,2,700800,6,0.055,0.05,0.09
"between_freedman_lane","diagnostic_n40","group",40,2,700800,7,0.4075,0.05,0.09
"between_freedman_lane","diagnostic_n40","group",40,2,700800,8,0.3275,0.05,0.09
"between_freedman_lane","diagnostic_n40","group",40,2,700800,9,0.81,0.05,0.09
"between_freedman_lane","diagnostic_n40","group",40,2,700800,10,0.395,0.05,0.09
"between_freedman_lane","diagnostic_n40","group",40,2,700800,11,0.6575,0.05,0.09
"between_freedman_lane","diagnostic_n40","group",40,2,700800,12,0.27,0.05,0.09
"between_freedman_lane","diagnostic_n40","group",40,2,700800,13,0.09,0.05,0.09
"between_freedman_lane","diagnostic_n40","group",40,2,700800,14,0.45,0.05,0.09
"between_freedman_lane","diagnostic_n40","group",40,2,700800,15,0.7125,0.05,0.09
"between_freedman_lane","diagnostic_n40","group",40,2,700800,16,0.5325,0.05,0.09
"between_freedman_lane","diagnostic_n40","group",40,2,700800,17,0.2025,0.05,0.09
"between_freedman_lane","diagnostic_n40","group",40,2,700800,18,0.315,0.05,0.09
"between_freedman_lane","diagnostic_n40","group",40,2,700800,19,0.775,0.05,0.09
"between_freedman_lane","diagnostic_n40","group",40,2,700800,20,0.6,0.05,0.09
"between_freedman_lane","diagnostic_n40","group",40,2,700800,21,0.97,0.05,0.09
"between_freedman_lane","diagnostic_n40","group",40,2,700800,22,0.5775,0.05,0.09
"between_freedman_lane","diagnostic_n40","group",40,2,700800,23,0.34,0.05,0.09
"between_freedman_lane","diagnostic_n40","group",40,2,700800,24,0.96,0.05,0.09
"between_freedman_lane","diagnostic_n40","group",40,2,700800,25,0.7225,0.05,0.09
"between_freedman_lane","diagnostic_n40","group",40,2,700800,26,0.685,0.05,0.09
"between_freedman_lane","diagnostic_n40","group",40,2,700800,27,0.53,0.05,0.09
"between_freedman_lane","diagnostic_n40","group",40,2,700800,28,0.2375,0.05,0.09
"between_freedman_lane","diagnostic_n40","group",40,2,700800,29,0.515,0.05,0.09
"between_freedman_lane","diagnostic_n40","group",40,2,700800,30,0.26,0.05,0.09
"between_freedman_lane","diagnostic_n40","group",40,2,700800,31,0.765,0.05,0.09
"between_freedman_lane","diagnostic_n40","group",40,2,700800,32,0.32,0.05,0.09
"between_freedman_lane","diagnostic_n40","group",40,2,700800,33,0.8175,0.05,0.09
"between_freedman_lane","diagnostic_n40","group",40,2,700800,34,0.3425,0.05,0.09
"between_freedman_lane","diagnostic_n40","group",40,2,700800,35,0.2525,0.05,0.09
"between_freedman_lane","diagnostic_n40","group",40,2,700800,36,0.66,0.05,0.09
"between_freedman_lane","diagnostic_n40","group",40,2,700800,37,0.5625,0.05,0.09
"between_freedman_lane","diagnostic_n40","group",40,2,700800,38,0.4675,0.05,0.09
"between_freedman_lane","diagnostic_n40","group",40,2,700800,39,0.1025,0.05,0.09
"between_freedman_lane","diagnostic_n40","group",40,2,700800,40,0.9775,0.05,0.09
"between_freedman_lane","diagnostic_n40","group",40,2,700800,41,0.0125,0.05,0.09
"between_freedman_lane","diagnostic_n40","group",40,2,700800,42,0.27,0.05,0.09
"between_freedman_lane","diagnostic_n40","group",40,2,700800,43,0.13,0.05,0.09
"between_freedman_lane","diagnostic_n40","group",40,2,700800,44,0.5225,0.05,0.09
"between_freedman_lane","diagnostic_n40","group",40,2,700800,45,0.1725,0.05,0.09
"between_freedman_lane","diagnostic_n40","group",40,2,700800,46,0.9575,0.05,0.09
"between_freedman_lane","diagnostic_n40","group",40,2,700800,47,0.31,0.05,0.09
"between_freedman_lane","diagnostic_n40","group",40,2,700800,48,0.1075,0.05,0.09
"between_freedman_lane","diagnostic_n40","group",40,2,700800,49,0.69,0.05,0.09
"between_freedman_lane","diagnostic_n40","group",40,2,700800,50,0.4825,0.05,0.09
"between_freedman_lane","diagnostic_n40","group",40,2,700800,51,0.43,0.05,0.09
"between_freedman_lane","diagnostic_n40","group",40,2,700800,52,0.445,0.05,0.09
"between_freedman_lane","diagnostic_n40","group",40,2,700800,53,0.755,0.05,0.09
"between_freedman_lane","diagnostic_n40","group",40,2,700800,54,0.98,0.05,0.09
"between_freedman_lane","diagnostic_n40","group",40,2,700800,55,0.305,0.05,0.09
"between_freedman_lane","diagnostic_n40","group",40,2,700800,56,0.6825,0.05,0.09
"between_freedman_lane","diagnostic_n40","group",40,2,700800,57,0.785,0.05,0.09
"between_freedman_lane","diagnostic_n40","group",40,2,700800,58,0.305,0.05,0.09
"between_freedman_lane","diagnostic_n40","group",40,2,700800,59,0.0075,0.05,0.09
"between_freedman_lane","diagnostic_n40","group",40,2,700800,60,0.5325,0.05,0.09
"between_freedman_lane","diagnostic_n40","group",40,2,700800,61,0.625,0.05,0.09
"between_freedman_lane","diagnostic_n40","group",40,2,700800,62,0.0175,0.05,0.09
"between_freedman_lane","diagnostic_n40","group",40,2,700800,63,0.2925,0.05,0.09
"between_freedman_lane","diagnostic_n40","group",40,2,700800,64,0.5375,0.05,0.09
"between_freedman_lane","diagnostic_n40","group",40,2,700800,65,0.055,0.05,0.09
"between_freedman_lane","diagnostic_n40","group",40,2,700800,66,1,0.05,0.09
"between_freedman_lane","diagnostic_n40","group",40,2,700800,67,0.33,0.05,0.09
"between_freedman_lane","diagnostic_n40","group",40,2,700800,68,0.2875,0.05,0.09
"between_freedman_lane","diagnostic_n40","group",40,2,700800,69,0.73,0.05,0.09
"between_freedman_lane","diagnostic_n40","group",40,2,700800,70,0.6,0.05,0.09
"between_freedman_lane","diagnostic_n40","group",40,2,700800,71,0.955,0.05,0.09
"between_freedman_lane","diagnostic_n40","group",40,2,700800,72,0.17,0.05,0.09
"between_freedman_lane","diagnostic_n40","group",40,2,700800,73,0.4775,0.05,0.09
"between_freedman_lane","diagnostic_n40","group",40,2,700800,74,0.985,0.05,0.09
"between_freedman_lane","diagnostic_n40","group",40,2,700800,75,0.1325,0.05,0.09
"between_freedman_lane","diagnostic_n40","group",40,2,700800,76,0.7925,0.05,0.09
"between_freedman_lane","diagnostic_n40","group",40,2,700800,77,0.635,0.05,0.09
"between_freedman_lane","diagnostic_n40","group",40,2,700800,78,0.565,0.05,0.09
"between_freedman_lane","diagnostic_n40","group",40,2,700800,79,0.0225,0.05,0.09
"between_freedman_lane","diagnostic_n40","group",40,2,700800,80,0.73,0.05,0.09
"between_freedman_lane","diagnostic_n40","group",40,2,700800,81,0.3275,0.05,0.09
"between_freedman_lane","diagnostic_n40","group",40,2,700800,82,0.8175,0.05,0.09
"between_freedman_lane","diagnostic_n40","group",40,2,700800,83,0.06,0.05,0.09
"between_freedman_lane","diagnostic_n40","group",40,2,700800,84,0.43,0.05,0.09
"between_freedman_lane","diagnostic_n40","group",40,2,700800,85,0.12,0.05,0.09
"between_freedman_lane","diagnostic_n40","group",40,2,700800,86,0.8625,0.05,0.09
"between_freedman_lane","diagnostic_n40","group",40,2,700800,87,0.025,0.05,0.09
"between_freedman_lane","diagnostic_n40","group",40,2,700800,88,0.2325,0.05,0.09
"between_freedman_lane","diagnostic_n40","group",40,2,700800,89,0.2175,0.05,0.09
"between_freedman_lane","diagnostic_n40","group",40,2,700800,90,0.945,0.05,0.09
"between_freedman_lane","diagnostic_n40","group",40,2,700800,91,0.245,0.05,0.09
"between_freedman_lane","diagnostic_n40","group",40,2,700800,92,0.03,0.05,0.09
"between_freedman_lane","diagnostic_n40","group",40,2,700800,93,0.2925,0.05,0.09
"between_freedman_lane","diagnostic_n40","group",40,2,700800,94,0.0125,0.05,0.09
"between_freedman_lane","diagnostic_n40","group",40,2,700800,95,0.61,0.05,0.09
"between_freedman_lane","diagnostic_n40","group",40,2,700800,96,0.01,0.05,0.09
"between_freedman_lane","diagnostic_n40","group",40,2,700800,97,0.18,0.05,0.09
"between_freedman_lane","diagnostic_n40","group",40,2,700800,98,0.8575,0.05,0.09
"between_freedman_lane","diagnostic_n40","group",40,2,700800,99,0.3,0.05,0.09
"between_freedman_lane","diagnostic_n40","group",40,2,700800,100,0.8675,0.05,0.09
"between_freedman_lane","diagnostic_n40","trait",40,2,700800,1,0.9425,0.05,0.09
"between_freedman_lane","diagnostic_n40","trait",40,2,700800,2,0.9075,0.05,0.09
"between_freedman_lane","diagnostic_n40","trait",40,2,700800,3,0.155,0.05,0.09
"between_freedman_lane","diagnostic_n40","trait",40,2,700800,4,0.8725,0.05,0.09
"between_freedman_lane","diagnostic_n40","trait",40,2,700800,5,0.2325,0.05,0.09
"between_freedman_lane","diagnostic_n40","trait",40,2,700800,6,0.0825,0.05,0.09
"between_freedman_lane","diagnostic_n40","trait",40,2,700800,7,0.9625,0.05,0.09
"between_freedman_lane","diagnostic_n40","trait",40,2,700800,8,0.63,0.05,0.09
"between_freedman_lane","diagnostic_n40","trait",40,2,700800,9,0.905,0.05,0.09
"between_freedman_lane","diagnostic_n40","trait",40,2,700800,10,0.89,0.05,0.09
"between_freedman_lane","diagnostic_n40","trait",40,2,700800,11,0.67,0.05,0.09
"between_freedman_lane","diagnostic_n40","trait",40,2,700800,12,0.59,0.05,0.09
"between_freedman_lane","diagnostic_n40","trait",40,2,700800,13,0.2,0.05,0.09
"between_freedman_lane","diagnostic_n40","trait",40,2,700800,14,0.16,0.05,0.09
"between_freedman_lane","diagnostic_n40","trait",40,2,700800,15,0.0625,0.05,0.09
"between_freedman_lane","diagnostic_n40","trait",40,2,700800,16,0.455,0.05,0.09
"between_freedman_lane","diagnostic_n40","trait",40,2,700800,17,0.8575,0.05,0.09
"between_freedman_lane","diagnostic_n40","trait",40,2,700800,18,0.77,0.05,0.09
"between_freedman_lane","diagnostic_n40","trait",40,2,700800,19,0.64,0.05,0.09
"between_freedman_lane","diagnostic_n40","trait",40,2,700800,20,0.7625,0.05,0.09
"between_freedman_lane","diagnostic_n40","trait",40,2,700800,21,0.07,0.05,0.09
"between_freedman_lane","diagnostic_n40","trait",40,2,700800,22,0.4675,0.05,0.09
"between_freedman_lane","diagnostic_n40","trait",40,2,700800,23,0.865,0.05,0.09
"between_freedman_lane","diagnostic_n40","trait",40,2,700800,24,0.4875,0.05,0.09
"between_freedman_lane","diagnostic_n40","trait",40,2,700800,25,0.8475,0.05,0.09
"between_freedman_lane","diagnostic_n40","trait",40,2,700800,26,0.6,0.05,0.09
"between_freedman_lane","diagnostic_n40","trait",40,2,700800,27,0.41,0.05,0.09
"between_freedman_lane","diagnostic_n40","trait",40,2,700800,28,0.72,0.05,0.09
"between_freedman_lane","diagnostic_n40","trait",40,2,700800,29,0.155,0.05,0.09
"between_freedman_lane","diagnostic_n40","trait",40,2,700800,30,0.58,0.05,0.09
"between_freedman_lane","diagnostic_n40","trait",40,2,700800,31,0.285,0.05,0.09
"between_freedman_lane","diagnostic_n40","trait",40,2,700800,32,0.66,0.05,0.09
"between_freedman_lane","diagnostic_n40","trait",40,2,700800,33,0.535,0.05,0.09
"between_freedman_lane","diagnostic_n40","trait",40,2,700800,34,0.765,0.05,0.09
"between_freedman_lane","diagnostic_n40","trait",40,2,700800,35,0.74,0.05,0.09
"between_freedman_lane","diagnostic_n40","trait",40,2,700800,36,0.475,0.05,0.09
"between_freedman_lane","diagnostic_n40","trait",40,2,700800,37,0.645,0.05,0.09
"between_freedman_lane","diagnostic_n40","trait",40,2,700800,38,0.8375,0.05,0.09
"between_freedman_lane","diagnostic_n40","trait",40,2,700800,39,0.3375,0.05,0.09
"between_freedman_lane","diagnostic_n40","trait",40,2,700800,40,0.0275,0.05,0.09
"between_freedman_lane","diagnostic_n40","trait",40,2,700800,41,0.07,0.05,0.09
"between_freedman_lane","diagnostic_n40","trait",40,2,700800,42,0.115,0.05,0.09
"between_freedman_lane","diagnostic_n40","trait",40,2,700800,43,0.1275,0.05,0.09
"between_freedman_lane","diagnostic_n40","trait",40,2,700800,44,0.6625,0.05,0.09
"between_freedman_lane","diagnostic_n40","trait",40,2,700800,45,0.335,0.05,0.09
"between_freedman_lane","diagnostic_n40","trait",40,2,700800,46,0.3425,0.05,0.09
"between_freedman_lane","diagnostic_n40","trait",40,2,700800,47,0.94,0.05,0.09
"between_freedman_lane","diagnostic_n40","trait",40,2,700800,48,0.6425,0.05,0.09
"between_freedman_lane","diagnostic_n40","trait",40,2,700800,49,0.4025,0.05,0.09
"between_freedman_lane","diagnostic_n40","trait",40,2,700800,50,0.335,0.05,0.09
"between_freedman_lane","diagnostic_n40","trait",40,2,700800,51,0.5475,0.05,0.09
"between_freedman_lane","diagnostic_n40","trait",40,2,700800,52,0.7975,0.05,0.09
"between_freedman_lane","diagnostic_n40","trait",40,2,700800,53,0.1175,0.05,0.09
"between_freedman_lane","diagnostic_n40","trait",40,2,700800,54,0.245,0.05,0.09
"between_freedman_lane","diagnostic_n40","trait",40,2,700800,55,0.4475,0.05,0.09
"between_freedman_lane","diagnostic_n40","trait",40,2,700800,56,0.9725,0.05,0.09
"between_freedman_lane","diagnostic_n40","trait",40,2,700800,57,0.695,0.05,0.09
"between_freedman_lane","diagnostic_n40","trait",40,2,700800,58,0.4725,0.05,0.09
"between_freedman_lane","diagnostic_n40","trait",40,2,700800,59,0.435,0.05,0.09
"between_freedman_lane","diagnostic_n40","trait",40,2,700800,60,0.94,0.05,0.09
"between_freedman_lane","diagnostic_n40","trait",40,2,700800,61,0.0125,0.05,0.09
"between_freedman_lane","diagnostic_n40","trait",40,2,700800,62,0.96,0.05,0.09
"between_freedman_lane","diagnostic_n40","trait",40,2,700800,63,0.07,0.05,0.09
"between_freedman_lane","diagnostic_n40","trait",40,2,700800,64,0.4275,0.05,0.09
"between_freedman_lane","diagnostic_n40","trait",40,2,700800,65,0.875,0.05,0.09
"between_freedman_lane","diagnostic_n40","trait",40,2,700800,66,0.7775,0.05,0.09
"between_freedman_lane","diagnostic_n40","trait",40,2,700800,67,0.8275,0.05,0.09
"between_freedman_lane","diagnostic_n40","trait",40,2,700800,68,0.91,0.05,0.09
"between_freedman_lane","diagnostic_n40","trait",40,2,700800,69,0.125,0.05,0.09
"between_freedman_lane","diagnostic_n40","trait",40,2,700800,70,0.87,0.05,0.09
"between_freedman_lane","diagnostic_n40","trait",40,2,700800,71,0.95,0.05,0.09
"between_freedman_lane","diagnostic_n40","trait",40,2,700800,72,0.68,0.05,0.09
"between_freedman_lane","diagnostic_n40","trait",40,2,700800,73,0.125,0.05,0.09
"between_freedman_lane","diagnostic_n40","trait",40,2,700800,74,0.4025,0.05,0.09
"between_freedman_lane","diagnostic_n40","trait",40,2,700800,75,0.7125,0.05,0.09
"between_freedman_lane","diagnostic_n40","trait",40,2,700800,76,0.06,0.05,0.09
"between_freedman_lane","diagnostic_n40","trait",40,2,700800,77,0.1525,0.05,0.09
"between_freedman_lane","diagnostic_n40","trait",40,2,700800,78,0.6925,0.05,0.09
"between_freedman_lane","diagnostic_n40","trait",40,2,700800,79,0.6175,0.05,0.09
"between_freedman_lane","diagnostic_n40","trait",40,2,700800,80,0.6325,0.05,0.09
"between_freedman_lane","diagnostic_n40","trait",40,2,700800,81,0.0525,0.05,0.09
"between_freedman_lane","diagnostic_n40","trait",40,2,700800,82,0.505,0.05,0.09
"between_freedman_lane","diagnostic_n40","trait",40,2,700800,83,0.1275,0.05,0.09
"between_freedman_lane","diagnostic_n40","trait",40,2,700800,84,0.16,0.05,0.09
"between_freedman_lane","diagnostic_n40","trait",40,2,700800,85,0.3675,0.05,0.09
"between_freedman_lane","diagnostic_n40","trait",40,2,700800,86,0.7725,0.05,0.09
"between_freedman_lane","diagnostic_n40","trait",40,2,700800,87,0.06,0.05,0.09
"between_freedman_lane","diagnostic_n40","trait",40,2,700800,88,0.085,0.05,0.09
"between_freedman_lane","diagnostic_n40","trait",40,2,700800,89,0.84,0.05,0.09
"between_freedman_lane","diagnostic_n40","trait",40,2,700800,90,0.7025,0.05,0.09
"between_freedman_lane","diagnostic_n40","trait",40,2,700800,91,0.555,0.05,0.09
"between_freedman_lane","diagnostic_n40","trait",40,2,700800,92,0.825,0.05,0.09
"between_freedman_lane","diagnostic_n40","trait",40,2,700800,93,0.6825,0.05,0.09
"between_freedman_lane","diagnostic_n40","trait",40,2,700800,94,0.6675,0.05,0.09
"between_freedman_lane","diagnostic_n40","trait",40,2,700800,95,0.525,0.05,0.09
"between_freedman_lane","diagnostic_n40","trait",40,2,700800,96,0.43,0.05,0.09
"between_freedman_lane","diagnostic_n40","trait",40,2,700800,97,0.0225,0.05,0.09
"between_freedman_lane","diagnostic_n40","trait",40,2,700800,98,0.0525,0.05,0.09
"between_freedman_lane","diagnostic_n40","trait",40,2,700800,99,0.4025,0.05,0.09
"between_freedman_lane","diagnostic_n40","trait",40,2,700800,100,0.3175,0.05,0.09
"between_freedman_lane","diagnostic_n40","group:trait",40,2,700800,1,0.6925,0.05,0.09
"between_freedman_lane","diagnostic_n40","group:trait",40,2,700800,2,0.9075,0.05,0.09
"between_freedman_lane","diagnostic_n40","group:trait",40,2,700800,3,0.3425,0.05,0.09
"between_freedman_lane","diagnostic_n40","group:trait",40,2,700800,4,0.44,0.05,0.09
"between_freedman_lane","diagnostic_n40","group:trait",40,2,700800,5,0.775,0.05,0.09
"between_freedman_lane","diagnostic_n40","group:trait",40,2,700800,6,0.275,0.05,0.09
"between_freedman_lane","diagnostic_n40","group:trait",40,2,700800,7,0.915,0.05,0.09
"between_freedman_lane","diagnostic_n40","group:trait",40,2,700800,8,0.27,0.05,0.09
"between_freedman_lane","diagnostic_n40","group:trait",40,2,700800,9,0.865,0.05,0.09
"between_freedman_lane","diagnostic_n40","group:trait",40,2,700800,10,0.8875,0.05,0.09
"between_freedman_lane","diagnostic_n40","group:trait",40,2,700800,11,0.1425,0.05,0.09
"between_freedman_lane","diagnostic_n40","group:trait",40,2,700800,12,0.59,0.05,0.09
"between_freedman_lane","diagnostic_n40","group:trait",40,2,700800,13,0.325,0.05,0.09
"between_freedman_lane","diagnostic_n40","group:trait",40,2,700800,14,0.56,0.05,0.09
"between_freedman_lane","diagnostic_n40","group:trait",40,2,700800,15,0.3625,0.05,0.09
"between_freedman_lane","diagnostic_n40","group:trait",40,2,700800,16,0.5375,0.05,0.09
"between_freedman_lane","diagnostic_n40","group:trait",40,2,700800,17,0.635,0.05,0.09
"between_freedman_lane","diagnostic_n40","group:trait",40,2,700800,18,0.935,0.05,0.09
"between_freedman_lane","diagnostic_n40","group:trait",40,2,700800,19,0.9425,0.05,0.09
"between_freedman_lane","diagnostic_n40","group:trait",40,2,700800,20,0.3675,0.05,0.09
"between_freedman_lane","diagnostic_n40","group:trait",40,2,700800,21,0.695,0.05,0.09
"between_freedman_lane","diagnostic_n40","group:trait",40,2,700800,22,0.5625,0.05,0.09
"between_freedman_lane","diagnostic_n40","group:trait",40,2,700800,23,0.11,0.05,0.09
"between_freedman_lane","diagnostic_n40","group:trait",40,2,700800,24,0.45,0.05,0.09
"between_freedman_lane","diagnostic_n40","group:trait",40,2,700800,25,0.9475,0.05,0.09
"between_freedman_lane","diagnostic_n40","group:trait",40,2,700800,26,0.42,0.05,0.09
"between_freedman_lane","diagnostic_n40","group:trait",40,2,700800,27,0.66,0.05,0.09
"between_freedman_lane","diagnostic_n40","group:trait",40,2,700800,28,0.5225,0.05,0.09
"between_freedman_lane","diagnostic_n40","group:trait",40,2,700800,29,0.24,0.05,0.09
"between_freedman_lane","diagnostic_n40","group:trait",40,2,700800,30,0.725,0.05,0.09
"between_freedman_lane","diagnostic_n40","group:trait",40,2,700800,31,0.8275,0.05,0.09
"between_freedman_lane","diagnostic_n40","group:trait",40,2,700800,32,0.585,0.05,0.09
"between_freedman_lane","diagnostic_n40","group:trait",40,2,700800,33,0.5425,0.05,0.09
"between_freedman_lane","diagnostic_n40","group:trait",40,2,700800,34,0.7575,0.05,0.09
"between_freedman_lane","diagnostic_n40","group:trait",40,2,700800,35,0.6475,0.05,0.09
"between_freedman_lane","diagnostic_n40","group:trait",40,2,700800,36,0.7425,0.05,0.09
"between_freedman_lane","diagnostic_n40","group:trait",40,2,700800,37,0.7775,0.05,0.09
"between_freedman_lane","diagnostic_n40","group:trait",40,2,700800,38,0.82,0.05,0.09
"between_freedman_lane","diagnostic_n40","group:trait",40,2,700800,39,0.4925,0.05,0.09
"between_freedman_lane","diagnostic_n40","group:trait",40,2,700800,40,0.0725,0.05,0.09
"between_freedman_lane","diagnostic_n40","group:trait",40,2,700800,41,0.245,0.05,0.09
"between_freedman_lane","diagnostic_n40","group:trait",40,2,700800,42,0.07,0.05,0.09
"between_freedman_lane","diagnostic_n40","group:trait",40,2,700800,43,0.6725,0.05,0.09
"between_freedman_lane","diagnostic_n40","group:trait",40,2,700800,44,0.4175,0.05,0.09
"between_freedman_lane","diagnostic_n40","group:trait",40,2,700800,45,0.4275,0.05,0.09
"between_freedman_lane","diagnostic_n40","group:trait",40,2,700800,46,0.0125,0.05,0.09
"between_freedman_lane","diagnostic_n40","group:trait",40,2,700800,47,0.2075,0.05,0.09
"between_freedman_lane","diagnostic_n40","group:trait",40,2,700800,48,0.5925,0.05,0.09
"between_freedman_lane","diagnostic_n40","group:trait",40,2,700800,49,0.665,0.05,0.09
"between_freedman_lane","diagnostic_n40","group:trait",40,2,700800,50,0.605,0.05,0.09
"between_freedman_lane","diagnostic_n40","group:trait",40,2,700800,51,0.065,0.05,0.09
"between_freedman_lane","diagnostic_n40","group:trait",40,2,700800,52,0.7075,0.05,0.09
"between_freedman_lane","diagnostic_n40","group:trait",40,2,700800,53,0.085,0.05,0.09
"between_freedman_lane","diagnostic_n40","group:trait",40,2,700800,54,0.64,0.05,0.09
"between_freedman_lane","diagnostic_n40","group:trait",40,2,700800,55,0.015,0.05,0.09
"between_freedman_lane","diagnostic_n40","group:trait",40,2,700800,56,0.315,0.05,0.09
"between_freedman_lane","diagnostic_n40","group:trait",40,2,700800,57,0.5775,0.05,0.09
"between_freedman_lane","diagnostic_n40","group:trait",40,2,700800,58,0.585,0.05,0.09
"between_freedman_lane","diagnostic_n40","group:trait",40,2,700800,59,0.26,0.05,0.09
"between_freedman_lane","diagnostic_n40","group:trait",40,2,700800,60,0.835,0.05,0.09
"between_freedman_lane","diagnostic_n40","group:trait",40,2,700800,61,0.0425,0.05,0.09
"between_freedman_lane","diagnostic_n40","group:trait",40,2,700800,62,0.46,0.05,0.09
"between_freedman_lane","diagnostic_n40","group:trait",40,2,700800,63,0.0625,0.05,0.09
"between_freedman_lane","diagnostic_n40","group:trait",40,2,700800,64,0.1925,0.05,0.09
"between_freedman_lane","diagnostic_n40","group:trait",40,2,700800,65,0.35,0.05,0.09
"between_freedman_lane","diagnostic_n40","group:trait",40,2,700800,66,0.7275,0.05,0.09
"between_freedman_lane","diagnostic_n40","group:trait",40,2,700800,67,0.6725,0.05,0.09
"between_freedman_lane","diagnostic_n40","group:trait",40,2,700800,68,0.85,0.05,0.09
"between_freedman_lane","diagnostic_n40","group:trait",40,2,700800,69,0.1875,0.05,0.09
"between_freedman_lane","diagnostic_n40","group:trait",40,2,700800,70,0.965,0.05,0.09
"between_freedman_lane","diagnostic_n40","group:trait",40,2,700800,71,0.62,0.05,0.09
"between_freedman_lane","diagnostic_n40","group:trait",40,2,700800,72,0.705,0.05,0.09
"between_freedman_lane","diagnostic_n40","group:trait",40,2,700800,73,0.6975,0.05,0.09
"between_freedman_lane","diagnostic_n40","group:trait",40,2,700800,74,0.635,0.05,0.09
"between_freedman_lane","diagnostic_n40","group:trait",40,2,700800,75,0.3775,0.05,0.09
"between_freedman_lane","diagnostic_n40","group:trait",40,2,700800,76,0.7475,0.05,0.09
"between_freedman_lane","diagnostic_n40","group:trait",40,2,700800,77,0.395,0.05,0.09
"between_freedman_lane","diagnostic_n40","group:trait",40,2,700800,78,0.3275,0.05,0.09
"between_freedman_lane","diagnostic_n40","group:trait",40,2,700800,79,0.4375,0.05,0.09
"between_freedman_lane","diagnostic_n40","group:trait",40,2,700800,80,0.605,0.05,0.09
"between_freedman_lane","diagnostic_n40","group:trait",40,2,700800,81,0.0275,0.05,0.09
"between_freedman_lane","diagnostic_n40","group:trait",40,2,700800,82,0.7925,0.05,0.09
"between_freedman_lane","diagnostic_n40","group:trait",40,2,700800,83,0.07,0.05,0.09
"between_freedman_lane","diagnostic_n40","group:trait",40,2,700800,84,0.565,0.05,0.09
"between_freedman_lane","diagnostic_n40","group:trait",40,2,700800,85,0.0225,0.05,0.09
"between_freedman_lane","diagnostic_n40","group:trait",40,2,700800,86,0.835,0.05,0.09
"between_freedman_lane","diagnostic_n40","group:trait",40,2,700800,87,0.01,0.05,0.09
"between_freedman_lane","diagnostic_n40","group:trait",40,2,700800,88,0.0525,0.05,0.09
"between_freedman_lane","diagnostic_n40","group:trait",40,2,700800,89,0.735,0.05,0.09
"between_freedman_lane","diagnostic_n40","group:trait",40,2,700800,90,0.73,0.05,0.09
"between_freedman_lane","diagnostic_n40","group:trait",40,2,700800,91,0.4775,0.05,0.09
"between_freedman_lane","diagnostic_n40","group:trait",40,2,700800,92,0.6775,0.05,0.09
"between_freedman_lane","diagnostic_n40","group:trait",40,2,700800,93,0.535,0.05,0.09
"between_freedman_lane","diagnostic_n40","group:trait",40,2,700800,94,0.8675,0.05,0.09
"between_freedman_lane","diagnostic_n40","group:trait",40,2,700800,95,0.765,0.05,0.09
"between_freedman_lane","diagnostic_n40","group:trait",40,2,700800,96,0.0925,0.05,0.09
"between_freedman_lane","diagnostic_n40","group:trait",40,2,700800,97,0.0525,0.05,0.09
"between_freedman_lane","diagnostic_n40","group:trait",40,2,700800,98,0.475,0.05,0.09
"between_freedman_lane","diagnostic_n40","group:trait",40,2,700800,99,0.995,0.05,0.09
"between_freedman_lane","diagnostic_n40","group:trait",40,2,700800,100,0.3725,0.05,0.09
"between_freedman_lane","diagnostic_n40","group",40,3,800800,1,0.605,0.05,0.09
"between_freedman_lane","diagnostic_n40","group",40,3,800800,2,0.3225,0.05,0.09
"between_freedman_lane","diagnostic_n40","group",40,3,800800,3,0.9125,0.05,0.09
"between_freedman_lane","diagnostic_n40","group",40,3,800800,4,0.1725,0.05,0.09
"between_freedman_lane","diagnostic_n40","group",40,3,800800,5,0.6925,0.05,0.09
"between_freedman_lane","diagnostic_n40","group",40,3,800800,6,0.14,0.05,0.09
"between_freedman_lane","diagnostic_n40","group",40,3,800800,7,0.6675,0.05,0.09
"between_freedman_lane","diagnostic_n40","group",40,3,800800,8,0.7975,0.05,0.09
"between_freedman_lane","diagnostic_n40","group",40,3,800800,9,0.79,0.05,0.09
"between_freedman_lane","diagnostic_n40","group",40,3,800800,10,0.9075,0.05,0.09
"between_freedman_lane","diagnostic_n40","group",40,3,800800,11,0.3875,0.05,0.09
"between_freedman_lane","diagnostic_n40","group",40,3,800800,12,0.6225,0.05,0.09
"between_freedman_lane","diagnostic_n40","group",40,3,800800,13,0.66,0.05,0.09
"between_freedman_lane","diagnostic_n40","group",40,3,800800,14,0.525,0.05,0.09
"between_freedman_lane","diagnostic_n40","group",40,3,800800,15,0.3675,0.05,0.09
"between_freedman_lane","diagnostic_n40","group",40,3,800800,16,0.525,0.05,0.09
"between_freedman_lane","diagnostic_n40","group",40,3,800800,17,0.4025,0.05,0.09
"between_freedman_lane","diagnostic_n40","group",40,3,800800,18,0.06,0.05,0.09
"between_freedman_lane","diagnostic_n40","group",40,3,800800,19,0.9475,0.05,0.09
"between_freedman_lane","diagnostic_n40","group",40,3,800800,20,0.7725,0.05,0.09
"between_freedman_lane","diagnostic_n40","group",40,3,800800,21,0.2175,0.05,0.09
"between_freedman_lane","diagnostic_n40","group",40,3,800800,22,0.015,0.05,0.09
"between_freedman_lane","diagnostic_n40","group",40,3,800800,23,0.7575,0.05,0.09
"between_freedman_lane","diagnostic_n40","group",40,3,800800,24,0.3925,0.05,0.09
"between_freedman_lane","diagnostic_n40","group",40,3,800800,25,0.1825,0.05,0.09
"between_freedman_lane","diagnostic_n40","group",40,3,800800,26,0.0775,0.05,0.09
"between_freedman_lane","diagnostic_n40","group",40,3,800800,27,0.6775,0.05,0.09
"between_freedman_lane","diagnostic_n40","group",40,3,800800,28,0.995,0.05,0.09
"between_freedman_lane","diagnostic_n40","group",40,3,800800,29,0.645,0.05,0.09
"between_freedman_lane","diagnostic_n40","group",40,3,800800,30,0.8575,0.05,0.09
"between_freedman_lane","diagnostic_n40","group",40,3,800800,31,0.0725,0.05,0.09
"between_freedman_lane","diagnostic_n40","group",40,3,800800,32,0.9375,0.05,0.09
"between_freedman_lane","diagnostic_n40","group",40,3,800800,33,0.445,0.05,0.09
"between_freedman_lane","diagnostic_n40","group",40,3,800800,34,0.185,0.05,0.09
"between_freedman_lane","diagnostic_n40","group",40,3,800800,35,0.755,0.05,0.09
"between_freedman_lane","diagnostic_n40","group",40,3,800800,36,0.4325,0.05,0.09
"between_freedman_lane","diagnostic_n40","group",40,3,800800,37,0.54,0.05,0.09
"between_freedman_lane","diagnostic_n40","group",40,3,800800,38,0.3175,0.05,0.09
"between_freedman_lane","diagnostic_n40","group",40,3,800800,39,0.555,0.05,0.09
"between_freedman_lane","diagnostic_n40","group",40,3,800800,40,0.97,0.05,0.09
"between_freedman_lane","diagnostic_n40","group",40,3,800800,41,0.7425,0.05,0.09
"between_freedman_lane","diagnostic_n40","group",40,3,800800,42,0.665,0.05,0.09
"between_freedman_lane","diagnostic_n40","group",40,3,800800,43,0.15,0.05,0.09
"between_freedman_lane","diagnostic_n40","group",40,3,800800,44,0.295,0.05,0.09
"between_freedman_lane","diagnostic_n40","group",40,3,800800,45,0.6375,0.05,0.09
"between_freedman_lane","diagnostic_n40","group",40,3,800800,46,0.585,0.05,0.09
"between_freedman_lane","diagnostic_n40","group",40,3,800800,47,0.2425,0.05,0.09
"between_freedman_lane","diagnostic_n40","group",40,3,800800,48,0.785,0.05,0.09
"between_freedman_lane","diagnostic_n40","group",40,3,800800,49,0.0775,0.05,0.09
"between_freedman_lane","diagnostic_n40","group",40,3,800800,50,0.5225,0.05,0.09
"between_freedman_lane","diagnostic_n40","group",40,3,800800,51,0.0425,0.05,0.09
"between_freedman_lane","diagnostic_n40","group",40,3,800800,52,0.2925,0.05,0.09
"between_freedman_lane","diagnostic_n40","group",40,3,800800,53,0.1825,0.05,0.09
"between_freedman_lane","diagnostic_n40","group",40,3,800800,54,0.8325,0.05,0.09
"between_freedman_lane","diagnostic_n40","group",40,3,800800,55,0.55,0.05,0.09
"between_freedman_lane","diagnostic_n40","group",40,3,800800,56,0.5575,0.05,0.09
"between_freedman_lane","diagnostic_n40","group",40,3,800800,57,0.2925,0.05,0.09
"between_freedman_lane","diagnostic_n40","group",40,3,800800,58,0.4075,0.05,0.09
"between_freedman_lane","diagnostic_n40","group",40,3,800800,59,0.6875,0.05,0.09
"between_freedman_lane","diagnostic_n40","group",40,3,800800,60,0.4425,0.05,0.09
"between_freedman_lane","diagnostic_n40","group",40,3,800800,61,0.65,0.05,0.09
"between_freedman_lane","diagnostic_n40","group",40,3,800800,62,0.4575,0.05,0.09
"between_freedman_lane","diagnostic_n40","group",40,3,800800,63,0.2825,0.05,0.09
"between_freedman_lane","diagnostic_n40","group",40,3,800800,64,0.0925,0.05,0.09
"between_freedman_lane","diagnostic_n40","group",40,3,800800,65,0.1325,0.05,0.09
"between_freedman_lane","diagnostic_n40","group",40,3,800800,66,0.115,0.05,0.09
"between_freedman_lane","diagnostic_n40","group",40,3,800800,67,0.4675,0.05,0.09
"between_freedman_lane","diagnostic_n40","group",40,3,800800,68,0.8925,0.05,0.09
"between_freedman_lane","diagnostic_n40","group",40,3,800800,69,0.605,0.05,0.09
"between_freedman_lane","diagnostic_n40","group",40,3,800800,70,0.7825,0.05,0.09
"between_freedman_lane","diagnostic_n40","group",40,3,800800,71,0.3,0.05,0.09
"between_freedman_lane","diagnostic_n40","group",40,3,800800,72,0.635,0.05,0.09
"between_freedman_lane","diagnostic_n40","group",40,3,800800,73,0.8775,0.05,0.09
"between_freedman_lane","diagnostic_n40","group",40,3,800800,74,0.1025,0.05,0.09
"between_freedman_lane","diagnostic_n40","group",40,3,800800,75,0.4325,0.05,0.09
"between_freedman_lane","diagnostic_n40","group",40,3,800800,76,0.04,0.05,0.09
"between_freedman_lane","diagnostic_n40","group",40,3,800800,77,0.0275,0.05,0.09
"between_freedman_lane","diagnostic_n40","group",40,3,800800,78,0.405,0.05,0.09
"between_freedman_lane","diagnostic_n40","group",40,3,800800,79,0.2675,0.05,0.09
"between_freedman_lane","diagnostic_n40","group",40,3,800800,80,0.595,0.05,0.09
"between_freedman_lane","diagnostic_n40","group",40,3,800800,81,0.19,0.05,0.09
"between_freedman_lane","diagnostic_n40","group",40,3,800800,82,0.62,0.05,0.09
"between_freedman_lane","diagnostic_n40","group",40,3,800800,83,0.7225,0.05,0.09
"between_freedman_lane","diagnostic_n40","group",40,3,800800,84,0.5475,0.05,0.09
"between_freedman_lane","diagnostic_n40","group",40,3,800800,85,0.64,0.05,0.09
"between_freedman_lane","diagnostic_n40","group",40,3,800800,86,0.8275,0.05,0.09
"between_freedman_lane","diagnostic_n40","group",40,3,800800,87,0.4275,0.05,0.09
"between_freedman_lane","diagnostic_n40","group",40,3,800800,88,0.74,0.05,0.09
"between_freedman_lane","diagnostic_n40","group",40,3,800800,89,0.5425,0.05,0.09
"between_freedman_lane","diagnostic_n40","group",40,3,800800,90,0.29,0.05,0.09
"between_freedman_lane","diagnostic_n40","group",40,3,800800,91,0.5925,0.05,0.09
"between_freedman_lane","diagnostic_n40","group",40,3,800800,92,0.6975,0.05,0.09
"between_freedman_lane","diagnostic_n40","group",40,3,800800,93,0.64,0.05,0.09
"between_freedman_lane","diagnostic_n40","group",40,3,800800,94,0.1225,0.05,0.09
"between_freedman_lane","diagnostic_n40","group",40,3,800800,95,0.225,0.05,0.09
"between_freedman_lane","diagnostic_n40","group",40,3,800800,96,0.3325,0.05,0.09
"between_freedman_lane","diagnostic_n40","group",40,3,800800,97,0.4525,0.05,0.09
"between_freedman_lane","diagnostic_n40","group",40,3,800800,98,0.4525,0.05,0.09
"between_freedman_lane","diagnostic_n40","group",40,3,800800,99,0.83,0.05,0.09
"between_freedman_lane","diagnostic_n40","group",40,3,800800,100,0.1525,0.05,0.09
"between_freedman_lane","diagnostic_n40","trait",40,3,800800,1,0.8475,0.05,0.09
"between_freedman_lane","diagnostic_n40","trait",40,3,800800,2,0.0775,0.05,0.09
"between_freedman_lane","diagnostic_n40","trait",40,3,800800,3,0.6525,0.05,0.09
"between_freedman_lane","diagnostic_n40","trait",40,3,800800,4,0.58,0.05,0.09
"between_freedman_lane","diagnostic_n40","trait",40,3,800800,5,0.1275,0.05,0.09
"between_freedman_lane","diagnostic_n40","trait",40,3,800800,6,0.8275,0.05,0.09
"between_freedman_lane","diagnostic_n40","trait",40,3,800800,7,0.66,0.05,0.09
"between_freedman_lane","diagnostic_n40","trait",40,3,800800,8,0.2425,0.05,0.09
"between_freedman_lane","diagnostic_n40","trait",40,3,800800,9,0.7,0.05,0.09
"between_freedman_lane","diagnostic_n40","trait",40,3,800800,10,0.81,0.05,0.09
"between_freedman_lane","diagnostic_n40","trait",40,3,800800,11,0.6275,0.05,0.09
"between_freedman_lane","diagnostic_n40","trait",40,3,800800,12,0.665,0.05,0.09
"between_freedman_lane","diagnostic_n40","trait",40,3,800800,13,0.845,0.05,0.09
"between_freedman_lane","diagnostic_n40","trait",40,3,800800,14,0.2725,0.05,0.09
"between_freedman_lane","diagnostic_n40","trait",40,3,800800,15,0.2225,0.05,0.09
"between_freedman_lane","diagnostic_n40","trait",40,3,800800,16,0.91,0.05,0.09
"between_freedman_lane","diagnostic_n40","trait",40,3,800800,17,0.945,0.05,0.09
"between_freedman_lane","diagnostic_n40","trait",40,3,800800,18,0.2,0.05,0.09
"between_freedman_lane","diagnostic_n40","trait",40,3,800800,19,0.765,0.05,0.09
"between_freedman_lane","diagnostic_n40","trait",40,3,800800,20,0.81,0.05,0.09
"between_freedman_lane","diagnostic_n40","trait",40,3,800800,21,0.66,0.05,0.09
"between_freedman_lane","diagnostic_n40","trait",40,3,800800,22,0.4625,0.05,0.09
"between_freedman_lane","diagnostic_n40","trait",40,3,800800,23,0.7875,0.05,0.09
"between_freedman_lane","diagnostic_n40","trait",40,3,800800,24,0.095,0.05,0.09
"between_freedman_lane","diagnostic_n40","trait",40,3,800800,25,0.65,0.05,0.09
"between_freedman_lane","diagnostic_n40","trait",40,3,800800,26,0.255,0.05,0.09
"between_freedman_lane","diagnostic_n40","trait",40,3,800800,27,0.74,0.05,0.09
"between_freedman_lane","diagnostic_n40","trait",40,3,800800,28,0.78,0.05,0.09
"between_freedman_lane","diagnostic_n40","trait",40,3,800800,29,0.12,0.05,0.09
"between_freedman_lane","diagnostic_n40","trait",40,3,800800,30,0.115,0.05,0.09
"between_freedman_lane","diagnostic_n40","trait",40,3,800800,31,0.4625,0.05,0.09
"between_freedman_lane","diagnostic_n40","trait",40,3,800800,32,0.17,0.05,0.09
"between_freedman_lane","diagnostic_n40","trait",40,3,800800,33,0.695,0.05,0.09
"between_freedman_lane","diagnostic_n40","trait",40,3,800800,34,0.79,0.05,0.09
"between_freedman_lane","diagnostic_n40","trait",40,3,800800,35,0.2175,0.05,0.09
"between_freedman_lane","diagnostic_n40","trait",40,3,800800,36,0.435,0.05,0.09
"between_freedman_lane","diagnostic_n40","trait",40,3,800800,37,0.7075,0.05,0.09
"between_freedman_lane","diagnostic_n40","trait",40,3,800800,38,0.8325,0.05,0.09
"between_freedman_lane","diagnostic_n40","trait",40,3,800800,39,0.77,0.05,0.09
"between_freedman_lane","diagnostic_n40","trait",40,3,800800,40,0.4475,0.05,0.09
"between_freedman_lane","diagnostic_n40","trait",40,3,800800,41,0.3325,0.05,0.09
"between_freedman_lane","diagnostic_n40","trait",40,3,800800,42,0.7475,0.05,0.09
"between_freedman_lane","diagnostic_n40","trait",40,3,800800,43,0.2575,0.05,0.09
"between_freedman_lane","diagnostic_n40","trait",40,3,800800,44,0.7,0.05,0.09
"between_freedman_lane","diagnostic_n40","trait",40,3,800800,45,0.6975,0.05,0.09
"between_freedman_lane","diagnostic_n40","trait",40,3,800800,46,0.025,0.05,0.09
"between_freedman_lane","diagnostic_n40","trait",40,3,800800,47,0.245,0.05,0.09
"between_freedman_lane","diagnostic_n40","trait",40,3,800800,48,0.4025,0.05,0.09
"between_freedman_lane","diagnostic_n40","trait",40,3,800800,49,0.0275,0.05,0.09
"between_freedman_lane","diagnostic_n40","trait",40,3,800800,50,0.875,0.05,0.09
"between_freedman_lane","diagnostic_n40","trait",40,3,800800,51,0.03,0.05,0.09
"between_freedman_lane","diagnostic_n40","trait",40,3,800800,52,0.3,0.05,0.09
"between_freedman_lane","diagnostic_n40","trait",40,3,800800,53,0.305,0.05,0.09
"between_freedman_lane","diagnostic_n40","trait",40,3,800800,54,0.56,0.05,0.09
"between_freedman_lane","diagnostic_n40","trait",40,3,800800,55,0.28,0.05,0.09
"between_freedman_lane","diagnostic_n40","trait",40,3,800800,56,0.2725,0.05,0.09
"between_freedman_lane","diagnostic_n40","trait",40,3,800800,57,0.1675,0.05,0.09
"between_freedman_lane","diagnostic_n40","trait",40,3,800800,58,0.585,0.05,0.09
"between_freedman_lane","diagnostic_n40","trait",40,3,800800,59,0.9975,0.05,0.09
"between_freedman_lane","diagnostic_n40","trait",40,3,800800,60,0.5525,0.05,0.09
"between_freedman_lane","diagnostic_n40","trait",40,3,800800,61,0.84,0.05,0.09
"between_freedman_lane","diagnostic_n40","trait",40,3,800800,62,0.3425,0.05,0.09
"between_freedman_lane","diagnostic_n40","trait",40,3,800800,63,0.62,0.05,0.09
"between_freedman_lane","diagnostic_n40","trait",40,3,800800,64,0.8325,0.05,0.09
"between_freedman_lane","diagnostic_n40","trait",40,3,800800,65,0.9775,0.05,0.09
"between_freedman_lane","diagnostic_n40","trait",40,3,800800,66,0.2175,0.05,0.09
"between_freedman_lane","diagnostic_n40","trait",40,3,800800,67,1,0.05,0.09
"between_freedman_lane","diagnostic_n40","trait",40,3,800800,68,0.145,0.05,0.09
"between_freedman_lane","diagnostic_n40","trait",40,3,800800,69,0.9475,0.05,0.09
"between_freedman_lane","diagnostic_n40","trait",40,3,800800,70,0.9425,0.05,0.09
"between_freedman_lane","diagnostic_n40","trait",40,3,800800,71,0.11,0.05,0.09
"between_freedman_lane","diagnostic_n40","trait",40,3,800800,72,0.2575,0.05,0.09
"between_freedman_lane","diagnostic_n40","trait",40,3,800800,73,0.02,0.05,0.09
"between_freedman_lane","diagnostic_n40","trait",40,3,800800,74,0.26,0.05,0.09
"between_freedman_lane","diagnostic_n40","trait",40,3,800800,75,0.6875,0.05,0.09
"between_freedman_lane","diagnostic_n40","trait",40,3,800800,76,0.1475,0.05,0.09
"between_freedman_lane","diagnostic_n40","trait",40,3,800800,77,0.8725,0.05,0.09
"between_freedman_lane","diagnostic_n40","trait",40,3,800800,78,0.6725,0.05,0.09
"between_freedman_lane","diagnostic_n40","trait",40,3,800800,79,0.8525,0.05,0.09
"between_freedman_lane","diagnostic_n40","trait",40,3,800800,80,0.8325,0.05,0.09
"between_freedman_lane","diagnostic_n40","trait",40,3,800800,81,0.1425,0.05,0.09
"between_freedman_lane","diagnostic_n40","trait",40,3,800800,82,0.4075,0.05,0.09
"between_freedman_lane","diagnostic_n40","trait",40,3,800800,83,0.7325,0.05,0.09
"between_freedman_lane","diagnostic_n40","trait",40,3,800800,84,0.81,0.05,0.09
"between_freedman_lane","diagnostic_n40","trait",40,3,800800,85,0.5425,0.05,0.09
"between_freedman_lane","diagnostic_n40","trait",40,3,800800,86,0.3375,0.05,0.09
"between_freedman_lane","diagnostic_n40","trait",40,3,800800,87,0.195,0.05,0.09
"between_freedman_lane","diagnostic_n40","trait",40,3,800800,88,0.2075,0.05,0.09
"between_freedman_lane","diagnostic_n40","trait",40,3,800800,89,0.83,0.05,0.09
"between_freedman_lane","diagnostic_n40","trait",40,3,800800,90,0.8875,0.05,0.09
"between_freedman_lane","diagnostic_n40","trait",40,3,800800,91,0.485,0.05,0.09
"between_freedman_lane","diagnostic_n40","trait",40,3,800800,92,0.9125,0.05,0.09
"between_freedman_lane","diagnostic_n40","trait",40,3,800800,93,0.91,0.05,0.09
"between_freedman_lane","diagnostic_n40","trait",40,3,800800,94,0.2575,0.05,0.09
"between_freedman_lane","diagnostic_n40","trait",40,3,800800,95,0.3975,0.05,0.09
"between_freedman_lane","diagnostic_n40","trait",40,3,800800,96,0.1475,0.05,0.09
"between_freedman_lane","diagnostic_n40","trait",40,3,800800,97,0.59,0.05,0.09
"between_freedman_lane","diagnostic_n40","trait",40,3,800800,98,0.09,0.05,0.09
"between_freedman_lane","diagnostic_n40","trait",40,3,800800,99,0.7475,0.05,0.09
"between_freedman_lane","diagnostic_n40","trait",40,3,800800,100,0.475,0.05,0.09
"between_freedman_lane","diagnostic_n40","group:trait",40,3,800800,1,0.53,0.05,0.09
"between_freedman_lane","diagnostic_n40","group:trait",40,3,800800,2,0.5275,0.05,0.09
"between_freedman_lane","diagnostic_n40","group:trait",40,3,800800,3,0.5275,0.05,0.09
"between_freedman_lane","diagnostic_n40","group:trait",40,3,800800,4,0.2025,0.05,0.09
"between_freedman_lane","diagnostic_n40","group:trait",40,3,800800,5,0.335,0.05,0.09
"between_freedman_lane","diagnostic_n40","group:trait",40,3,800800,6,0.915,0.05,0.09
"between_freedman_lane","diagnostic_n40","group:trait",40,3,800800,7,0.1425,0.05,0.09
"between_freedman_lane","diagnostic_n40","group:trait",40,3,800800,8,0.12,0.05,0.09
"between_freedman_lane","diagnostic_n40","group:trait",40,3,800800,9,0.5025,0.05,0.09
"between_freedman_lane","diagnostic_n40","group:trait",40,3,800800,10,0.9525,0.05,0.09
"between_freedman_lane","diagnostic_n40","group:trait",40,3,800800,11,0.5975,0.05,0.09
"between_freedman_lane","diagnostic_n40","group:trait",40,3,800800,12,0.71,0.05,0.09
"between_freedman_lane","diagnostic_n40","group:trait",40,3,800800,13,0.455,0.05,0.09
"between_freedman_lane","diagnostic_n40","group:trait",40,3,800800,14,0.155,0.05,0.09
"between_freedman_lane","diagnostic_n40","group:trait",40,3,800800,15,0.16,0.05,0.09
"between_freedman_lane","diagnostic_n40","group:trait",40,3,800800,16,0.035,0.05,0.09
"between_freedman_lane","diagnostic_n40","group:trait",40,3,800800,17,0.2725,0.05,0.09
"between_freedman_lane","diagnostic_n40","group:trait",40,3,800800,18,0.2525,0.05,0.09
"between_freedman_lane","diagnostic_n40","group:trait",40,3,800800,19,0.825,0.05,0.09
"between_freedman_lane","diagnostic_n40","group:trait",40,3,800800,20,0.8025,0.05,0.09
"between_freedman_lane","diagnostic_n40","group:trait",40,3,800800,21,0.6575,0.05,0.09
"between_freedman_lane","diagnostic_n40","group:trait",40,3,800800,22,0.61,0.05,0.09
"between_freedman_lane","diagnostic_n40","group:trait",40,3,800800,23,0.1625,0.05,0.09
"between_freedman_lane","diagnostic_n40","group:trait",40,3,800800,24,0.2425,0.05,0.09
"between_freedman_lane","diagnostic_n40","group:trait",40,3,800800,25,0.64,0.05,0.09
"between_freedman_lane","diagnostic_n40","group:trait",40,3,800800,26,0.57,0.05,0.09
"between_freedman_lane","diagnostic_n40","group:trait",40,3,800800,27,0.7,0.05,0.09
"between_freedman_lane","diagnostic_n40","group:trait",40,3,800800,28,0.3375,0.05,0.09
"between_freedman_lane","diagnostic_n40","group:trait",40,3,800800,29,0.0625,0.05,0.09
"between_freedman_lane","diagnostic_n40","group:trait",40,3,800800,30,0.335,0.05,0.09
"between_freedman_lane","diagnostic_n40","group:trait",40,3,800800,31,0.8325,0.05,0.09
"between_freedman_lane","diagnostic_n40","group:trait",40,3,800800,32,0.295,0.05,0.09
"between_freedman_lane","diagnostic_n40","group:trait",40,3,800800,33,0.145,0.05,0.09
"between_freedman_lane","diagnostic_n40","group:trait",40,3,800800,34,0.3525,0.05,0.09
"between_freedman_lane","diagnostic_n40","group:trait",40,3,800800,35,0.1275,0.05,0.09
"between_freedman_lane","diagnostic_n40","group:trait",40,3,800800,36,0.09,0.05,0.09
"between_freedman_lane","diagnostic_n40","group:trait",40,3,800800,37,0.4775,0.05,0.09
"between_freedman_lane","diagnostic_n40","group:trait",40,3,800800,38,0.875,0.05,0.09
"between_freedman_lane","diagnostic_n40","group:trait",40,3,800800,39,0.8125,0.05,0.09
"between_freedman_lane","diagnostic_n40","group:trait",40,3,800800,40,0.29,0.05,0.09
"between_freedman_lane","diagnostic_n40","group:trait",40,3,800800,41,0.2075,0.05,0.09
"between_freedman_lane","diagnostic_n40","group:trait",40,3,800800,42,0.3925,0.05,0.09
"between_freedman_lane","diagnostic_n40","group:trait",40,3,800800,43,0.87,0.05,0.09
"between_freedman_lane","diagnostic_n40","group:trait",40,3,800800,44,0.5725,0.05,0.09
"between_freedman_lane","diagnostic_n40","group:trait",40,3,800800,45,0.81,0.05,0.09
"between_freedman_lane","diagnostic_n40","group:trait",40,3,800800,46,0.015,0.05,0.09
"between_freedman_lane","diagnostic_n40","group:trait",40,3,800800,47,0.565,0.05,0.09
"between_freedman_lane","diagnostic_n40","group:trait",40,3,800800,48,0.7775,0.05,0.09
"between_freedman_lane","diagnostic_n40","group:trait",40,3,800800,49,0.195,0.05,0.09
"between_freedman_lane","diagnostic_n40","group:trait",40,3,800800,50,0.7125,0.05,0.09
"between_freedman_lane","diagnostic_n40","group:trait",40,3,800800,51,0.065,0.05,0.09
"between_freedman_lane","diagnostic_n40","group:trait",40,3,800800,52,0.37,0.05,0.09
"between_freedman_lane","diagnostic_n40","group:trait",40,3,800800,53,0.9275,0.05,0.09
"between_freedman_lane","diagnostic_n40","group:trait",40,3,800800,54,0.305,0.05,0.09
"between_freedman_lane","diagnostic_n40","group:trait",40,3,800800,55,0.245,0.05,0.09
"between_freedman_lane","diagnostic_n40","group:trait",40,3,800800,56,0.7925,0.05,0.09
"between_freedman_lane","diagnostic_n40","group:trait",40,3,800800,57,0.52,0.05,0.09
"between_freedman_lane","diagnostic_n40","group:trait",40,3,800800,58,0.555,0.05,0.09
"between_freedman_lane","diagnostic_n40","group:trait",40,3,800800,59,0.4275,0.05,0.09
"between_freedman_lane","diagnostic_n40","group:trait",40,3,800800,60,0.5625,0.05,0.09
"between_freedman_lane","diagnostic_n40","group:trait",40,3,800800,61,0.6575,0.05,0.09
"between_freedman_lane","diagnostic_n40","group:trait",40,3,800800,62,0.2575,0.05,0.09
"between_freedman_lane","diagnostic_n40","group:trait",40,3,800800,63,0.3725,0.05,0.09
"between_freedman_lane","diagnostic_n40","group:trait",40,3,800800,64,0.605,0.05,0.09
"between_freedman_lane","diagnostic_n40","group:trait",40,3,800800,65,0.885,0.05,0.09
"between_freedman_lane","diagnostic_n40","group:trait",40,3,800800,66,0.555,0.05,0.09
"between_freedman_lane","diagnostic_n40","group:trait",40,3,800800,67,0.47,0.05,0.09
"between_freedman_lane","diagnostic_n40","group:trait",40,3,800800,68,0.1275,0.05,0.09
"between_freedman_lane","diagnostic_n40","group:trait",40,3,800800,69,0.495,0.05,0.09
"between_freedman_lane","diagnostic_n40","group:trait",40,3,800800,70,0.5875,0.05,0.09
"between_freedman_lane","diagnostic_n40","group:trait",40,3,800800,71,0.1075,0.05,0.09
"between_freedman_lane","diagnostic_n40","group:trait",40,3,800800,72,0.8225,0.05,0.09
"between_freedman_lane","diagnostic_n40","group:trait",40,3,800800,73,0.1475,0.05,0.09
"between_freedman_lane","diagnostic_n40","group:trait",40,3,800800,74,0.2475,0.05,0.09
"between_freedman_lane","diagnostic_n40","group:trait",40,3,800800,75,0.6725,0.05,0.09
"between_freedman_lane","diagnostic_n40","group:trait",40,3,800800,76,0.5425,0.05,0.09
"between_freedman_lane","diagnostic_n40","group:trait",40,3,800800,77,0.3825,0.05,0.09
"between_freedman_lane","diagnostic_n40","group:trait",40,3,800800,78,0.545,0.05,0.09
"between_freedman_lane","diagnostic_n40","group:trait",40,3,800800,79,0.7025,0.05,0.09
"between_freedman_lane","diagnostic_n40","group:trait",40,3,800800,80,0.825,0.05,0.09
"between_freedman_lane","diagnostic_n40","group:trait",40,3,800800,81,0.0125,0.05,0.09
"between_freedman_lane","diagnostic_n40","group:trait",40,3,800800,82,0.3775,0.05,0.09
"between_freedman_lane","diagnostic_n40","group:trait",40,3,800800,83,0.6175,0.05,0.09
"between_freedman_lane","diagnostic_n40","group:trait",40,3,800800,84,0.9125,0.05,0.09
"between_freedman_lane","diagnostic_n40","group:trait",40,3,800800,85,0.8275,0.05,0.09
"between_freedman_lane","diagnostic_n40","group:trait",40,3,800800,86,0.1125,0.05,0.09
"between_freedman_lane","diagnostic_n40","group:trait",40,3,800800,87,0.27,0.05,0.09
"between_freedman_lane","diagnostic_n40","group:trait",40,3,800800,88,0.3875,0.05,0.09
"between_freedman_lane","diagnostic_n40","group:trait",40,3,800800,89,0.99,0.05,0.09
"between_freedman_lane","diagnostic_n40","group:trait",40,3,800800,90,0.525,0.05,0.09
"between_freedman_lane","diagnostic_n40","group:trait",40,3,800800,91,0.27,0.05,0.09
"between_freedman_lane","diagnostic_n40","group:trait",40,3,800800,92,0.085,0.05,0.09
"between_freedman_lane","diagnostic_n40","group:trait",40,3,800800,93,0.1025,0.05,0.09
"between_freedman_lane","diagnostic_n40","group:trait",40,3,800800,94,0.3,0.05,0.09
"between_freedman_lane","diagnostic_n40","group:trait",40,3,800800,95,0.8725,0.05,0.09
"between_freedman_lane","diagnostic_n40","group:trait",40,3,800800,96,0.1575,0.05,0.09
"between_freedman_lane","diagnostic_n40","group:trait",40,3,800800,97,0.44,0.05,0.09
"between_freedman_lane","diagnostic_n40","group:trait",40,3,800800,98,0.045,0.05,0.09
"between_freedman_lane","diagnostic_n40","group:trait",40,3,800800,99,0.975,0.05,0.09
"between_freedman_lane","diagnostic_n40","group:trait",40,3,800800,100,0.5125,0.05,0.09
"between_freedman_lane","diagnostic_n40","group",40,4,900800,1,0.3575,0.05,0.09
"between_freedman_lane","diagnostic_n40","group",40,4,900800,2,0.0275,0.05,0.09
"between_freedman_lane","diagnostic_n40","group",40,4,900800,3,0.895,0.05,0.09
"between_freedman_lane","diagnostic_n40","group",40,4,900800,4,0.6325,0.05,0.09
"between_freedman_lane","diagnostic_n40","group",40,4,900800,5,0.015,0.05,0.09
"between_freedman_lane","diagnostic_n40","group",40,4,900800,6,0.625,0.05,0.09
"between_freedman_lane","diagnostic_n40","group",40,4,900800,7,0.455,0.05,0.09
"between_freedman_lane","diagnostic_n40","group",40,4,900800,8,0.65,0.05,0.09
"between_freedman_lane","diagnostic_n40","group",40,4,900800,9,0.9,0.05,0.09
"between_freedman_lane","diagnostic_n40","group",40,4,900800,10,0.435,0.05,0.09
"between_freedman_lane","diagnostic_n40","group",40,4,900800,11,0.1725,0.05,0.09
"between_freedman_lane","diagnostic_n40","group",40,4,900800,12,0.4825,0.05,0.09
"between_freedman_lane","diagnostic_n40","group",40,4,900800,13,0.68,0.05,0.09
"between_freedman_lane","diagnostic_n40","group",40,4,900800,14,0.845,0.05,0.09
"between_freedman_lane","diagnostic_n40","group",40,4,900800,15,0.4675,0.05,0.09
"between_freedman_lane","diagnostic_n40","group",40,4,900800,16,0.4075,0.05,0.09
"between_freedman_lane","diagnostic_n40","group",40,4,900800,17,0.3325,0.05,0.09
"between_freedman_lane","diagnostic_n40","group",40,4,900800,18,0.8875,0.05,0.09
"between_freedman_lane","diagnostic_n40","group",40,4,900800,19,0.525,0.05,0.09
"between_freedman_lane","diagnostic_n40","group",40,4,900800,20,0.8275,0.05,0.09
"between_freedman_lane","diagnostic_n40","group",40,4,900800,21,0.0025,0.05,0.09
"between_freedman_lane","diagnostic_n40","group",40,4,900800,22,0.43,0.05,0.09
"between_freedman_lane","diagnostic_n40","group",40,4,900800,23,0.2075,0.05,0.09
"between_freedman_lane","diagnostic_n40","group",40,4,900800,24,0.245,0.05,0.09
"between_freedman_lane","diagnostic_n40","group",40,4,900800,25,0.4475,0.05,0.09
"between_freedman_lane","diagnostic_n40","group",40,4,900800,26,0.0025,0.05,0.09
"between_freedman_lane","diagnostic_n40","group",40,4,900800,27,0.6275,0.05,0.09
"between_freedman_lane","diagnostic_n40","group",40,4,900800,28,0.74,0.05,0.09
"between_freedman_lane","diagnostic_n40","group",40,4,900800,29,0.3425,0.05,0.09
"between_freedman_lane","diagnostic_n40","group",40,4,900800,30,0.545,0.05,0.09
"between_freedman_lane","diagnostic_n40","group",40,4,900800,31,0.45,0.05,0.09
"between_freedman_lane","diagnostic_n40","group",40,4,900800,32,0.45,0.05,0.09
"between_freedman_lane","diagnostic_n40","group",40,4,900800,33,0.08,0.05,0.09
"between_freedman_lane","diagnostic_n40","group",40,4,900800,34,0.1975,0.05,0.09
"between_freedman_lane","diagnostic_n40","group",40,4,900800,35,0.875,0.05,0.09
"between_freedman_lane","diagnostic_n40","group",40,4,900800,36,0.33,0.05,0.09
"between_freedman_lane","diagnostic_n40","group",40,4,900800,37,0.13,0.05,0.09
"between_freedman_lane","diagnostic_n40","group",40,4,900800,38,0.145,0.05,0.09
"between_freedman_lane","diagnostic_n40","group",40,4,900800,39,0.7225,0.05,0.09
"between_freedman_lane","diagnostic_n40","group",40,4,900800,40,0.63,0.05,0.09
"between_freedman_lane","diagnostic_n40","group",40,4,900800,41,0.965,0.05,0.09
"between_freedman_lane","diagnostic_n40","group",40,4,900800,42,0.3975,0.05,0.09
"between_freedman_lane","diagnostic_n40","group",40,4,900800,43,0.5475,0.05,0.09
"between_freedman_lane","diagnostic_n40","group",40,4,900800,44,0.395,0.05,0.09
"between_freedman_lane","diagnostic_n40","group",40,4,900800,45,0.47,0.05,0.09
"between_freedman_lane","diagnostic_n40","group",40,4,900800,46,0.895,0.05,0.09
"between_freedman_lane","diagnostic_n40","group",40,4,900800,47,0.1,0.05,0.09
"between_freedman_lane","diagnostic_n40","group",40,4,900800,48,0.0625,0.05,0.09
"between_freedman_lane","diagnostic_n40","group",40,4,900800,49,0.8675,0.05,0.09
"between_freedman_lane","diagnostic_n40","group",40,4,900800,50,0.7475,0.05,0.09
"between_freedman_lane","diagnostic_n40","group",40,4,900800,51,0.055,0.05,0.09
"between_freedman_lane","diagnostic_n40","group",40,4,900800,52,0.095,0.05,0.09
"between_freedman_lane","diagnostic_n40","group",40,4,900800,53,0.09,0.05,0.09
"between_freedman_lane","diagnostic_n40","group",40,4,900800,54,0.5575,0.05,0.09
"between_freedman_lane","diagnostic_n40","group",40,4,900800,55,0.83,0.05,0.09
"between_freedman_lane","diagnostic_n40","group",40,4,900800,56,0.375,0.05,0.09
"between_freedman_lane","diagnostic_n40","group",40,4,900800,57,0.4875,0.05,0.09
"between_freedman_lane","diagnostic_n40","group",40,4,900800,58,0.6275,0.05,0.09
"between_freedman_lane","diagnostic_n40","group",40,4,900800,59,0.1975,0.05,0.09
"between_freedman_lane","diagnostic_n40","group",40,4,900800,60,0.2575,0.05,0.09
"between_freedman_lane","diagnostic_n40","group",40,4,900800,61,0.2475,0.05,0.09
"between_freedman_lane","diagnostic_n40","group",40,4,900800,62,0.385,0.05,0.09
"between_freedman_lane","diagnostic_n40","group",40,4,900800,63,0.075,0.05,0.09
"between_freedman_lane","diagnostic_n40","group",40,4,900800,64,0.675,0.05,0.09
"between_freedman_lane","diagnostic_n40","group",40,4,900800,65,0.4175,0.05,0.09
"between_freedman_lane","diagnostic_n40","group",40,4,900800,66,0.33,0.05,0.09
"between_freedman_lane","diagnostic_n40","group",40,4,900800,67,0.555,0.05,0.09
"between_freedman_lane","diagnostic_n40","group",40,4,900800,68,0.4725,0.05,0.09
"between_freedman_lane","diagnostic_n40","group",40,4,900800,69,0.0075,0.05,0.09
"between_freedman_lane","diagnostic_n40","group",40,4,900800,70,0.6625,0.05,0.09
"between_freedman_lane","diagnostic_n40","group",40,4,900800,71,0.775,0.05,0.09
"between_freedman_lane","diagnostic_n40","group",40,4,900800,72,0.4575,0.05,0.09
"between_freedman_lane","diagnostic_n40","group",40,4,900800,73,0.7875,0.05,0.09
"between_freedman_lane","diagnostic_n40","group",40,4,900800,74,0.915,0.05,0.09
"between_freedman_lane","diagnostic_n40","group",40,4,900800,75,0.9225,0.05,0.09
"between_freedman_lane","diagnostic_n40","group",40,4,900800,76,0.34,0.05,0.09
"between_freedman_lane","diagnostic_n40","group",40,4,900800,77,0.155,0.05,0.09
"between_freedman_lane","diagnostic_n40","group",40,4,900800,78,0.3075,0.05,0.09
"between_freedman_lane","diagnostic_n40","group",40,4,900800,79,0.725,0.05,0.09
"between_freedman_lane","diagnostic_n40","group",40,4,900800,80,0.945,0.05,0.09
"between_freedman_lane","diagnostic_n40","group",40,4,900800,81,0.325,0.05,0.09
"between_freedman_lane","diagnostic_n40","group",40,4,900800,82,0.525,0.05,0.09
"between_freedman_lane","diagnostic_n40","group",40,4,900800,83,0.8375,0.05,0.09
"between_freedman_lane","diagnostic_n40","group",40,4,900800,84,0.425,0.05,0.09
"between_freedman_lane","diagnostic_n40","group",40,4,900800,85,0.8825,0.05,0.09
"between_freedman_lane","diagnostic_n40","group",40,4,900800,86,0.9675,0.05,0.09
"between_freedman_lane","diagnostic_n40","group",40,4,900800,87,0.7525,0.05,0.09
"between_freedman_lane","diagnostic_n40","group",40,4,900800,88,0.3225,0.05,0.09
"between_freedman_lane","diagnostic_n40","group",40,4,900800,89,0.6025,0.05,0.09
"between_freedman_lane","diagnostic_n40","group",40,4,900800,90,0.815,0.05,0.09
"between_freedman_lane","diagnostic_n40","group",40,4,900800,91,0.1825,0.05,0.09
"between_freedman_lane","diagnostic_n40","group",40,4,900800,92,0.5675,0.05,0.09
"between_freedman_lane","diagnostic_n40","group",40,4,900800,93,0.695,0.05,0.09
"between_freedman_lane","diagnostic_n40","group",40,4,900800,94,0.3775,0.05,0.09
"between_freedman_lane","diagnostic_n40","group",40,4,900800,95,0.9775,0.05,0.09
"between_freedman_lane","diagnostic_n40","group",40,4,900800,96,0.2925,0.05,0.09
"between_freedman_lane","diagnostic_n40","group",40,4,900800,97,0.85,0.05,0.09
"between_freedman_lane","diagnostic_n40","group",40,4,900800,98,0.1425,0.05,0.09
"between_freedman_lane","diagnostic_n40","group",40,4,900800,99,0.94,0.05,0.09
"between_freedman_lane","diagnostic_n40","group",40,4,900800,100,0.345,0.05,0.09
"between_freedman_lane","diagnostic_n40","trait",40,4,900800,1,0.1575,0.05,0.09
"between_freedman_lane","diagnostic_n40","trait",40,4,900800,2,0.54,0.05,0.09
"between_freedman_lane","diagnostic_n40","trait",40,4,900800,3,0.6425,0.05,0.09
"between_freedman_lane","diagnostic_n40","trait",40,4,900800,4,0.04,0.05,0.09
"between_freedman_lane","diagnostic_n40","trait",40,4,900800,5,0.735,0.05,0.09
"between_freedman_lane","diagnostic_n40","trait",40,4,900800,6,0.68,0.05,0.09
"between_freedman_lane","diagnostic_n40","trait",40,4,900800,7,0.3,0.05,0.09
"between_freedman_lane","diagnostic_n40","trait",40,4,900800,8,0.9825,0.05,0.09
"between_freedman_lane","diagnostic_n40","trait",40,4,900800,9,0.4675,0.05,0.09
"between_freedman_lane","diagnostic_n40","trait",40,4,900800,10,0.81,0.05,0.09
"between_freedman_lane","diagnostic_n40","trait",40,4,900800,11,0.5775,0.05,0.09
"between_freedman_lane","diagnostic_n40","trait",40,4,900800,12,0.2825,0.05,0.09
"between_freedman_lane","diagnostic_n40","trait",40,4,900800,13,0.7675,0.05,0.09
"between_freedman_lane","diagnostic_n40","trait",40,4,900800,14,0.0925,0.05,0.09
"between_freedman_lane","diagnostic_n40","trait",40,4,900800,15,0.64,0.05,0.09
"between_freedman_lane","diagnostic_n40","trait",40,4,900800,16,0.6825,0.05,0.09
"between_freedman_lane","diagnostic_n40","trait",40,4,900800,17,0.1025,0.05,0.09
"between_freedman_lane","diagnostic_n40","trait",40,4,900800,18,0.3225,0.05,0.09
"between_freedman_lane","diagnostic_n40","trait",40,4,900800,19,0.7525,0.05,0.09
"between_freedman_lane","diagnostic_n40","trait",40,4,900800,20,0.7875,0.05,0.09
"between_freedman_lane","diagnostic_n40","trait",40,4,900800,21,0.91,0.05,0.09
"between_freedman_lane","diagnostic_n40","trait",40,4,900800,22,0.5075,0.05,0.09
"between_freedman_lane","diagnostic_n40","trait",40,4,900800,23,0.97,0.05,0.09
"between_freedman_lane","diagnostic_n40","trait",40,4,900800,24,0.0975,0.05,0.09
"between_freedman_lane","diagnostic_n40","trait",40,4,900800,25,0.84,0.05,0.09
"between_freedman_lane","diagnostic_n40","trait",40,4,900800,26,0.5225,0.05,0.09
"between_freedman_lane","diagnostic_n40","trait",40,4,900800,27,0.5675,0.05,0.09
"between_freedman_lane","diagnostic_n40","trait",40,4,900800,28,0.785,0.05,0.09
"between_freedman_lane","diagnostic_n40","trait",40,4,900800,29,0.6625,0.05,0.09
"between_freedman_lane","diagnostic_n40","trait",40,4,900800,30,0.2325,0.05,0.09
"between_freedman_lane","diagnostic_n40","trait",40,4,900800,31,0.1375,0.05,0.09
"between_freedman_lane","diagnostic_n40","trait",40,4,900800,32,0.2975,0.05,0.09
"between_freedman_lane","diagnostic_n40","trait",40,4,900800,33,0.0175,0.05,0.09
"between_freedman_lane","diagnostic_n40","trait",40,4,900800,34,0.84,0.05,0.09
"between_freedman_lane","diagnostic_n40","trait",40,4,900800,35,0.915,0.05,0.09
"between_freedman_lane","diagnostic_n40","trait",40,4,900800,36,0.5075,0.05,0.09
"between_freedman_lane","diagnostic_n40","trait",40,4,900800,37,0.3225,0.05,0.09
"between_freedman_lane","diagnostic_n40","trait",40,4,900800,38,0.255,0.05,0.09
"between_freedman_lane","diagnostic_n40","trait",40,4,900800,39,0.145,0.05,0.09
"between_freedman_lane","diagnostic_n40","trait",40,4,900800,40,0.3425,0.05,0.09
"between_freedman_lane","diagnostic_n40","trait",40,4,900800,41,0.035,0.05,0.09
"between_freedman_lane","diagnostic_n40","trait",40,4,900800,42,0.835,0.05,0.09
"between_freedman_lane","diagnostic_n40","trait",40,4,900800,43,0.615,0.05,0.09
"between_freedman_lane","diagnostic_n40","trait",40,4,900800,44,0.9075,0.05,0.09
"between_freedman_lane","diagnostic_n40","trait",40,4,900800,45,0.4875,0.05,0.09
"between_freedman_lane","diagnostic_n40","trait",40,4,900800,46,0.27,0.05,0.09
"between_freedman_lane","diagnostic_n40","trait",40,4,900800,47,0.1775,0.05,0.09
"between_freedman_lane","diagnostic_n40","trait",40,4,900800,48,0.815,0.05,0.09
"between_freedman_lane","diagnostic_n40","trait",40,4,900800,49,0.435,0.05,0.09
"between_freedman_lane","diagnostic_n40","trait",40,4,900800,50,0.985,0.05,0.09
"between_freedman_lane","diagnostic_n40","trait",40,4,900800,51,0.85,0.05,0.09
"between_freedman_lane","diagnostic_n40","trait",40,4,900800,52,0.215,0.05,0.09
"between_freedman_lane","diagnostic_n40","trait",40,4,900800,53,0.725,0.05,0.09
"between_freedman_lane","diagnostic_n40","trait",40,4,900800,54,0.3175,0.05,0.09
"between_freedman_lane","diagnostic_n40","trait",40,4,900800,55,0.4375,0.05,0.09
"between_freedman_lane","diagnostic_n40","trait",40,4,900800,56,0.46,0.05,0.09
"between_freedman_lane","diagnostic_n40","trait",40,4,900800,57,0.1825,0.05,0.09
"between_freedman_lane","diagnostic_n40","trait",40,4,900800,58,0.6525,0.05,0.09
"between_freedman_lane","diagnostic_n40","trait",40,4,900800,59,0.2425,0.05,0.09
"between_freedman_lane","diagnostic_n40","trait",40,4,900800,60,0.74,0.05,0.09
"between_freedman_lane","diagnostic_n40","trait",40,4,900800,61,0.63,0.05,0.09
"between_freedman_lane","diagnostic_n40","trait",40,4,900800,62,0.3725,0.05,0.09
"between_freedman_lane","diagnostic_n40","trait",40,4,900800,63,0.625,0.05,0.09
"between_freedman_lane","diagnostic_n40","trait",40,4,900800,64,0.9175,0.05,0.09
"between_freedman_lane","diagnostic_n40","trait",40,4,900800,65,0.25,0.05,0.09
"between_freedman_lane","diagnostic_n40","trait",40,4,900800,66,0.48,0.05,0.09
"between_freedman_lane","diagnostic_n40","trait",40,4,900800,67,0.5825,0.05,0.09
"between_freedman_lane","diagnostic_n40","trait",40,4,900800,68,0.4525,0.05,0.09
"between_freedman_lane","diagnostic_n40","trait",40,4,900800,69,0.455,0.05,0.09
"between_freedman_lane","diagnostic_n40","trait",40,4,900800,70,0.4725,0.05,0.09
"between_freedman_lane","diagnostic_n40","trait",40,4,900800,71,0.88,0.05,0.09
"between_freedman_lane","diagnostic_n40","trait",40,4,900800,72,0.5725,0.05,0.09
"between_freedman_lane","diagnostic_n40","trait",40,4,900800,73,0.5425,0.05,0.09
"between_freedman_lane","diagnostic_n40","trait",40,4,900800,74,0.4725,0.05,0.09
"between_freedman_lane","diagnostic_n40","trait",40,4,900800,75,0.335,0.05,0.09
"between_freedman_lane","diagnostic_n40","trait",40,4,900800,76,0.9525,0.05,0.09
"between_freedman_lane","diagnostic_n40","trait",40,4,900800,77,0.535,0.05,0.09
"between_freedman_lane","diagnostic_n40","trait",40,4,900800,78,0.745,0.05,0.09
"between_freedman_lane","diagnostic_n40","trait",40,4,900800,79,0.215,0.05,0.09
"between_freedman_lane","diagnostic_n40","trait",40,4,900800,80,0.615,0.05,0.09
"between_freedman_lane","diagnostic_n40","trait",40,4,900800,81,0.88,0.05,0.09
"between_freedman_lane","diagnostic_n40","trait",40,4,900800,82,0.195,0.05,0.09
"between_freedman_lane","diagnostic_n40","trait",40,4,900800,83,0.615,0.05,0.09
"between_freedman_lane","diagnostic_n40","trait",40,4,900800,84,0.83,0.05,0.09
"between_freedman_lane","diagnostic_n40","trait",40,4,900800,85,0.235,0.05,0.09
"between_freedman_lane","diagnostic_n40","trait",40,4,900800,86,0.9925,0.05,0.09
"between_freedman_lane","diagnostic_n40","trait",40,4,900800,87,0.5225,0.05,0.09
"between_freedman_lane","diagnostic_n40","trait",40,4,900800,88,0.0175,0.05,0.09
"between_freedman_lane","diagnostic_n40","trait",40,4,900800,89,0.155,0.05,0.09
"between_freedman_lane","diagnostic_n40","trait",40,4,900800,90,0.6775,0.05,0.09
"between_freedman_lane","diagnostic_n40","trait",40,4,900800,91,0.8825,0.05,0.09
"between_freedman_lane","diagnostic_n40","trait",40,4,900800,92,0.22,0.05,0.09
"between_freedman_lane","diagnostic_n40","trait",40,4,900800,93,0.8125,0.05,0.09
"between_freedman_lane","diagnostic_n40","trait",40,4,900800,94,0.035,0.05,0.09
"between_freedman_lane","diagnostic_n40","trait",40,4,900800,95,0.1475,0.05,0.09
"between_freedman_lane","diagnostic_n40","trait",40,4,900800,96,0.425,0.05,0.09
"between_freedman_lane","diagnostic_n40","trait",40,4,900800,97,0.135,0.05,0.09
"between_freedman_lane","diagnostic_n40","trait",40,4,900800,98,0.5375,0.05,0.09
"between_freedman_lane","diagnostic_n40","trait",40,4,900800,99,0.6975,0.05,0.09
"between_freedman_lane","diagnostic_n40","trait",40,4,900800,100,0.385,0.05,0.09
"between_freedman_lane","diagnostic_n40","group:trait",40,4,900800,1,0.5175,0.05,0.09
"between_freedman_lane","diagnostic_n40","group:trait",40,4,900800,2,0.795,0.05,0.09
"between_freedman_lane","diagnostic_n40","group:trait",40,4,900800,3,0.805,0.05,0.09
"between_freedman_lane","diagnostic_n40","group:trait",40,4,900800,4,0.0125,0.05,0.09
"between_freedman_lane","diagnostic_n40","group:trait",40,4,900800,5,0.375,0.05,0.09
"between_freedman_lane","diagnostic_n40","group:trait",40,4,900800,6,0.49,0.05,0.09
"between_freedman_lane","diagnostic_n40","group:trait",40,4,900800,7,0.4575,0.05,0.09
"between_freedman_lane","diagnostic_n40","group:trait",40,4,900800,8,0.7125,0.05,0.09
"between_freedman_lane","diagnostic_n40","group:trait",40,4,900800,9,0.1275,0.05,0.09
"between_freedman_lane","diagnostic_n40","group:trait",40,4,900800,10,0.6525,0.05,0.09
"between_freedman_lane","diagnostic_n40","group:trait",40,4,900800,11,0.89,0.05,0.09
"between_freedman_lane","diagnostic_n40","group:trait",40,4,900800,12,0.1925,0.05,0.09
"between_freedman_lane","diagnostic_n40","group:trait",40,4,900800,13,0.685,0.05,0.09
"between_freedman_lane","diagnostic_n40","group:trait",40,4,900800,14,0.355,0.05,0.09
"between_freedman_lane","diagnostic_n40","group:trait",40,4,900800,15,0.1325,0.05,0.09
"between_freedman_lane","diagnostic_n40","group:trait",40,4,900800,16,0.3125,0.05,0.09
"between_freedman_lane","diagnostic_n40","group:trait",40,4,900800,17,0.025,0.05,0.09
"between_freedman_lane","diagnostic_n40","group:trait",40,4,900800,18,0.18,0.05,0.09
"between_freedman_lane","diagnostic_n40","group:trait",40,4,900800,19,0.675,0.05,0.09
"between_freedman_lane","diagnostic_n40","group:trait",40,4,900800,20,0.6125,0.05,0.09
"between_freedman_lane","diagnostic_n40","group:trait",40,4,900800,21,0.2325,0.05,0.09
"between_freedman_lane","diagnostic_n40","group:trait",40,4,900800,22,0.3525,0.05,0.09
"between_freedman_lane","diagnostic_n40","group:trait",40,4,900800,23,0.6875,0.05,0.09
"between_freedman_lane","diagnostic_n40","group:trait",40,4,900800,24,0.9125,0.05,0.09
"between_freedman_lane","diagnostic_n40","group:trait",40,4,900800,25,0.845,0.05,0.09
"between_freedman_lane","diagnostic_n40","group:trait",40,4,900800,26,0.355,0.05,0.09
"between_freedman_lane","diagnostic_n40","group:trait",40,4,900800,27,0.01,0.05,0.09
"between_freedman_lane","diagnostic_n40","group:trait",40,4,900800,28,0.53,0.05,0.09
"between_freedman_lane","diagnostic_n40","group:trait",40,4,900800,29,0.5875,0.05,0.09
"between_freedman_lane","diagnostic_n40","group:trait",40,4,900800,30,0.89,0.05,0.09
"between_freedman_lane","diagnostic_n40","group:trait",40,4,900800,31,0.1625,0.05,0.09
"between_freedman_lane","diagnostic_n40","group:trait",40,4,900800,32,0.4675,0.05,0.09
"between_freedman_lane","diagnostic_n40","group:trait",40,4,900800,33,0.0175,0.05,0.09
"between_freedman_lane","diagnostic_n40","group:trait",40,4,900800,34,0.735,0.05,0.09
"between_freedman_lane","diagnostic_n40","group:trait",40,4,900800,35,0.92,0.05,0.09
"between_freedman_lane","diagnostic_n40","group:trait",40,4,900800,36,0.81,0.05,0.09
"between_freedman_lane","diagnostic_n40","group:trait",40,4,900800,37,0.755,0.05,0.09
"between_freedman_lane","diagnostic_n40","group:trait",40,4,900800,38,0.325,0.05,0.09
"between_freedman_lane","diagnostic_n40","group:trait",40,4,900800,39,0.725,0.05,0.09
"between_freedman_lane","diagnostic_n40","group:trait",40,4,900800,40,0.4,0.05,0.09
"between_freedman_lane","diagnostic_n40","group:trait",40,4,900800,41,0.0225,0.05,0.09
"between_freedman_lane","diagnostic_n40","group:trait",40,4,900800,42,0.7425,0.05,0.09
"between_freedman_lane","diagnostic_n40","group:trait",40,4,900800,43,0.8125,0.05,0.09
"between_freedman_lane","diagnostic_n40","group:trait",40,4,900800,44,0.985,0.05,0.09
"between_freedman_lane","diagnostic_n40","group:trait",40,4,900800,45,0.2975,0.05,0.09
"between_freedman_lane","diagnostic_n40","group:trait",40,4,900800,46,0.6575,0.05,0.09
"between_freedman_lane","diagnostic_n40","group:trait",40,4,900800,47,0.2925,0.05,0.09
"between_freedman_lane","diagnostic_n40","group:trait",40,4,900800,48,0.76,0.05,0.09
"between_freedman_lane","diagnostic_n40","group:trait",40,4,900800,49,0.6325,0.05,0.09
"between_freedman_lane","diagnostic_n40","group:trait",40,4,900800,50,0.8925,0.05,0.09
"between_freedman_lane","diagnostic_n40","group:trait",40,4,900800,51,0.9275,0.05,0.09
"between_freedman_lane","diagnostic_n40","group:trait",40,4,900800,52,0.155,0.05,0.09
"between_freedman_lane","diagnostic_n40","group:trait",40,4,900800,53,0.1275,0.05,0.09
"between_freedman_lane","diagnostic_n40","group:trait",40,4,900800,54,0.6875,0.05,0.09
"between_freedman_lane","diagnostic_n40","group:trait",40,4,900800,55,0.9875,0.05,0.09
"between_freedman_lane","diagnostic_n40","group:trait",40,4,900800,56,0.525,0.05,0.09
"between_freedman_lane","diagnostic_n40","group:trait",40,4,900800,57,0.1375,0.05,0.09
"between_freedman_lane","diagnostic_n40","group:trait",40,4,900800,58,0.075,0.05,0.09
"between_freedman_lane","diagnostic_n40","group:trait",40,4,900800,59,0.8475,0.05,0.09
"between_freedman_lane","diagnostic_n40","group:trait",40,4,900800,60,0.735,0.05,0.09
"between_freedman_lane","diagnostic_n40","group:trait",40,4,900800,61,0.1125,0.05,0.09
"between_freedman_lane","diagnostic_n40","group:trait",40,4,900800,62,0.5925,0.05,0.09
"between_freedman_lane","diagnostic_n40","group:trait",40,4,900800,63,0.7225,0.05,0.09
"between_freedman_lane","diagnostic_n40","group:trait",40,4,900800,64,0.03,0.05,0.09
"between_freedman_lane","diagnostic_n40","group:trait",40,4,900800,65,0.13,0.05,0.09
"between_freedman_lane","diagnostic_n40","group:trait",40,4,900800,66,0.3,0.05,0.09
"between_freedman_lane","diagnostic_n40","group:trait",40,4,900800,67,0.4225,0.05,0.09
"between_freedman_lane","diagnostic_n40","group:trait",40,4,900800,68,0.2775,0.05,0.09
"between_freedman_lane","diagnostic_n40","group:trait",40,4,900800,69,0.3175,0.05,0.09
"between_freedman_lane","diagnostic_n40","group:trait",40,4,900800,70,0.67,0.05,0.09
"between_freedman_lane","diagnostic_n40","group:trait",40,4,900800,71,0.5425,0.05,0.09
"between_freedman_lane","diagnostic_n40","group:trait",40,4,900800,72,0.965,0.05,0.09
"between_freedman_lane","diagnostic_n40","group:trait",40,4,900800,73,0.25,0.05,0.09
"between_freedman_lane","diagnostic_n40","group:trait",40,4,900800,74,0.58,0.05,0.09
"between_freedman_lane","diagnostic_n40","group:trait",40,4,900800,75,0.08,0.05,0.09
"between_freedman_lane","diagnostic_n40","group:trait",40,4,900800,76,0.4975,0.05,0.09
"between_freedman_lane","diagnostic_n40","group:trait",40,4,900800,77,0.73,0.05,0.09
"between_freedman_lane","diagnostic_n40","group:trait",40,4,900800,78,0.71,0.05,0.09
"between_freedman_lane","diagnostic_n40","group:trait",40,4,900800,79,0.1775,0.05,0.09
"between_freedman_lane","diagnostic_n40","group:trait",40,4,900800,80,0.63,0.05,0.09
"between_freedman_lane","diagnostic_n40","group:trait",40,4,900800,81,0.96,0.05,0.09
"between_freedman_lane","diagnostic_n40","group:trait",40,4,900800,82,0.69,0.05,0.09
"between_freedman_lane","diagnostic_n40","group:trait",40,4,900800,83,0.8075,0.05,0.09
"between_freedman_lane","diagnostic_n40","group:trait",40,4,900800,84,0.67,0.05,0.09
"between_freedman_lane","diagnostic_n40","group:trait",40,4,900800,85,0.275,0.05,0.09
"between_freedman_lane","diagnostic_n40","group:trait",40,4,900800,86,0.8725,0.05,0.09
"between_freedman_lane","diagnostic_n40","group:trait",40,4,900800,87,0.2125,0.05,0.09
"between_freedman_lane","diagnostic_n40","group:trait",40,4,900800,88,0.1125,0.05,0.09
"between_freedman_lane","diagnostic_n40","group:trait",40,4,900800,89,0.4225,0.05,0.09
"between_freedman_lane","diagnostic_n40","group:trait",40,4,900800,90,0.5175,0.05,0.09
"between_freedman_lane","diagnostic_n40","group:trait",40,4,900800,91,0.73,0.05,0.09
"between_freedman_lane","diagnostic_n40","group:trait",40,4,900800,92,0.3625,0.05,0.09
"between_freedman_lane","diagnostic_n40","group:trait",40,4,900800,93,0.8325,0.05,0.09
"between_freedman_lane","diagnostic_n40","group:trait",40,4,900800,94,0.0275,0.05,0.09
"between_freedman_lane","diagnostic_n40","group:trait",40,4,900800,95,0.1525,0.05,0.09
"between_freedman_lane","diagnostic_n40","group:trait",40,4,900800,96,0.8275,0.05,0.09
"between_freedman_lane","diagnostic_n40","group:trait",40,4,900800,97,0.18,0.05,0.09
"between_freedman_lane","diagnostic_n40","group:trait",40,4,900800,98,0.62,0.05,0.09
"between_freedman_lane","diagnostic_n40","group:trait",40,4,900800,99,0.4275,0.05,0.09
"between_freedman_lane","diagnostic_n40","group:trait",40,4,900800,100,0.7925,0.05,0.09
"between_freedman_lane","diagnostic_n40","group",40,5,1000800,1,0.505,0.05,0.09
"between_freedman_lane","diagnostic_n40","group",40,5,1000800,2,0.09,0.05,0.09
"between_freedman_lane","diagnostic_n40","group",40,5,1000800,3,0.51,0.05,0.09
"between_freedman_lane","diagnostic_n40","group",40,5,1000800,4,0.6525,0.05,0.09
"between_freedman_lane","diagnostic_n40","group",40,5,1000800,5,0.28,0.05,0.09
"between_freedman_lane","diagnostic_n40","group",40,5,1000800,6,0.835,0.05,0.09
"between_freedman_lane","diagnostic_n40","group",40,5,1000800,7,0.0875,0.05,0.09
"between_freedman_lane","diagnostic_n40","group",40,5,1000800,8,0.48,0.05,0.09
"between_freedman_lane","diagnostic_n40","group",40,5,1000800,9,0.09,0.05,0.09
"between_freedman_lane","diagnostic_n40","group",40,5,1000800,10,0.22,0.05,0.09
"between_freedman_lane","diagnostic_n40","group",40,5,1000800,11,0.1075,0.05,0.09
"between_freedman_lane","diagnostic_n40","group",40,5,1000800,12,0.155,0.05,0.09
"between_freedman_lane","diagnostic_n40","group",40,5,1000800,13,0.6025,0.05,0.09
"between_freedman_lane","diagnostic_n40","group",40,5,1000800,14,0.1375,0.05,0.09
"between_freedman_lane","diagnostic_n40","group",40,5,1000800,15,0.675,0.05,0.09
"between_freedman_lane","diagnostic_n40","group",40,5,1000800,16,0.0675,0.05,0.09
"between_freedman_lane","diagnostic_n40","group",40,5,1000800,17,0.2925,0.05,0.09
"between_freedman_lane","diagnostic_n40","group",40,5,1000800,18,0.6175,0.05,0.09
"between_freedman_lane","diagnostic_n40","group",40,5,1000800,19,0.7,0.05,0.09
"between_freedman_lane","diagnostic_n40","group",40,5,1000800,20,0.525,0.05,0.09
"between_freedman_lane","diagnostic_n40","group",40,5,1000800,21,0.15,0.05,0.09
"between_freedman_lane","diagnostic_n40","group",40,5,1000800,22,0.3625,0.05,0.09
"between_freedman_lane","diagnostic_n40","group",40,5,1000800,23,0.51,0.05,0.09
"between_freedman_lane","diagnostic_n40","group",40,5,1000800,24,0.3,0.05,0.09
"between_freedman_lane","diagnostic_n40","group",40,5,1000800,25,0.2025,0.05,0.09
"between_freedman_lane","diagnostic_n40","group",40,5,1000800,26,0.1575,0.05,0.09
"between_freedman_lane","diagnostic_n40","group",40,5,1000800,27,0.4825,0.05,0.09
"between_freedman_lane","diagnostic_n40","group",40,5,1000800,28,0.0375,0.05,0.09
"between_freedman_lane","diagnostic_n40","group",40,5,1000800,29,0.2675,0.05,0.09
"between_freedman_lane","diagnostic_n40","group",40,5,1000800,30,0.175,0.05,0.09
"between_freedman_lane","diagnostic_n40","group",40,5,1000800,31,0.525,0.05,0.09
"between_freedman_lane","diagnostic_n40","group",40,5,1000800,32,0.6725,0.05,0.09
"between_freedman_lane","diagnostic_n40","group",40,5,1000800,33,0.0575,0.05,0.09
"between_freedman_lane","diagnostic_n40","group",40,5,1000800,34,0.44,0.05,0.09
"between_freedman_lane","diagnostic_n40","group",40,5,1000800,35,0.1525,0.05,0.09
"between_freedman_lane","diagnostic_n40","group",40,5,1000800,36,0.295,0.05,0.09
"between_freedman_lane","diagnostic_n40","group",40,5,1000800,37,0.2375,0.05,0.09
"between_freedman_lane","diagnostic_n40","group",40,5,1000800,38,0.7775,0.05,0.09
"between_freedman_lane","diagnostic_n40","group",40,5,1000800,39,0.7225,0.05,0.09
"between_freedman_lane","diagnostic_n40","group",40,5,1000800,40,0.05,0.05,0.09
"between_freedman_lane","diagnostic_n40","group",40,5,1000800,41,0.785,0.05,0.09
"between_freedman_lane","diagnostic_n40","group",40,5,1000800,42,0.4475,0.05,0.09
"between_freedman_lane","diagnostic_n40","group",40,5,1000800,43,0.815,0.05,0.09
"between_freedman_lane","diagnostic_n40","group",40,5,1000800,44,0.2625,0.05,0.09
"between_freedman_lane","diagnostic_n40","group",40,5,1000800,45,0.1175,0.05,0.09
"between_freedman_lane","diagnostic_n40","group",40,5,1000800,46,0.625,0.05,0.09
"between_freedman_lane","diagnostic_n40","group",40,5,1000800,47,0.46,0.05,0.09
"between_freedman_lane","diagnostic_n40","group",40,5,1000800,48,0.005,0.05,0.09
"between_freedman_lane","diagnostic_n40","group",40,5,1000800,49,0.8675,0.05,0.09
"between_freedman_lane","diagnostic_n40","group",40,5,1000800,50,0.6075,0.05,0.09
"between_freedman_lane","diagnostic_n40","group",40,5,1000800,51,0.5075,0.05,0.09
"between_freedman_lane","diagnostic_n40","group",40,5,1000800,52,0.3275,0.05,0.09
"between_freedman_lane","diagnostic_n40","group",40,5,1000800,53,0.3675,0.05,0.09
"between_freedman_lane","diagnostic_n40","group",40,5,1000800,54,0.8575,0.05,0.09
"between_freedman_lane","diagnostic_n40","group",40,5,1000800,55,0.035,0.05,0.09
"between_freedman_lane","diagnostic_n40","group",40,5,1000800,56,0.68,0.05,0.09
"between_freedman_lane","diagnostic_n40","group",40,5,1000800,57,0.41,0.05,0.09
"between_freedman_lane","diagnostic_n40","group",40,5,1000800,58,0.1725,0.05,0.09
"between_freedman_lane","diagnostic_n40","group",40,5,1000800,59,0.8125,0.05,0.09
"between_freedman_lane","diagnostic_n40","group",40,5,1000800,60,0.8575,0.05,0.09
"between_freedman_lane","diagnostic_n40","group",40,5,1000800,61,0.3525,0.05,0.09
"between_freedman_lane","diagnostic_n40","group",40,5,1000800,62,0.03,0.05,0.09
"between_freedman_lane","diagnostic_n40","group",40,5,1000800,63,0.1025,0.05,0.09
"between_freedman_lane","diagnostic_n40","group",40,5,1000800,64,0.8775,0.05,0.09
"between_freedman_lane","diagnostic_n40","group",40,5,1000800,65,0.2475,0.05,0.09
"between_freedman_lane","diagnostic_n40","group",40,5,1000800,66,0.02,0.05,0.09
"between_freedman_lane","diagnostic_n40","group",40,5,1000800,67,0.045,0.05,0.09
"between_freedman_lane","diagnostic_n40","group",40,5,1000800,68,0.5425,0.05,0.09
"between_freedman_lane","diagnostic_n40","group",40,5,1000800,69,0.0375,0.05,0.09
"between_freedman_lane","diagnostic_n40","group",40,5,1000800,70,0.3525,0.05,0.09
"between_freedman_lane","diagnostic_n40","group",40,5,1000800,71,0.28,0.05,0.09
"between_freedman_lane","diagnostic_n40","group",40,5,1000800,72,0.71,0.05,0.09
"between_freedman_lane","diagnostic_n40","group",40,5,1000800,73,0.515,0.05,0.09
"between_freedman_lane","diagnostic_n40","group",40,5,1000800,74,0.6725,0.05,0.09
"between_freedman_lane","diagnostic_n40","group",40,5,1000800,75,0.2125,0.05,0.09
"between_freedman_lane","diagnostic_n40","group",40,5,1000800,76,0.4275,0.05,0.09
"between_freedman_lane","diagnostic_n40","group",40,5,1000800,77,0.885,0.05,0.09
"between_freedman_lane","diagnostic_n40","group",40,5,1000800,78,0.0375,0.05,0.09
"between_freedman_lane","diagnostic_n40","group",40,5,1000800,79,0.7175,0.05,0.09
"between_freedman_lane","diagnostic_n40","group",40,5,1000800,80,0.58,0.05,0.09
"between_freedman_lane","diagnostic_n40","group",40,5,1000800,81,0.6575,0.05,0.09
"between_freedman_lane","diagnostic_n40","group",40,5,1000800,82,0.4525,0.05,0.09
"between_freedman_lane","diagnostic_n40","group",40,5,1000800,83,0.885,0.05,0.09
"between_freedman_lane","diagnostic_n40","group",40,5,1000800,84,0.8175,0.05,0.09
"between_freedman_lane","diagnostic_n40","group",40,5,1000800,85,0.14,0.05,0.09
"between_freedman_lane","diagnostic_n40","group",40,5,1000800,86,0.685,0.05,0.09
"between_freedman_lane","diagnostic_n40","group",40,5,1000800,87,0.69,0.05,0.09
"between_freedman_lane","diagnostic_n40","group",40,5,1000800,88,0.7225,0.05,0.09
"between_freedman_lane","diagnostic_n40","group",40,5,1000800,89,0.9925,0.05,0.09
"between_freedman_lane","diagnostic_n40","group",40,5,1000800,90,0.075,0.05,0.09
"between_freedman_lane","diagnostic_n40","group",40,5,1000800,91,0.14,0.05,0.09
"between_freedman_lane","diagnostic_n40","group",40,5,1000800,92,0.6325,0.05,0.09
"between_freedman_lane","diagnostic_n40","group",40,5,1000800,93,0.325,0.05,0.09
"between_freedman_lane","diagnostic_n40","group",40,5,1000800,94,0.05,0.05,0.09
"between_freedman_lane","diagnostic_n40","group",40,5,1000800,95,0.9375,0.05,0.09
"between_freedman_lane","diagnostic_n40","group",40,5,1000800,96,0.11,0.05,0.09
"between_freedman_lane","diagnostic_n40","group",40,5,1000800,97,0.78,0.05,0.09
"between_freedman_lane","diagnostic_n40","group",40,5,1000800,98,0.1425,0.05,0.09
"between_freedman_lane","diagnostic_n40","group",40,5,1000800,99,0.8525,0.05,0.09
"between_freedman_lane","diagnostic_n40","group",40,5,1000800,100,0.735,0.05,0.09
"between_freedman_lane","diagnostic_n40","trait",40,5,1000800,1,0.2725,0.05,0.09
"between_freedman_lane","diagnostic_n40","trait",40,5,1000800,2,0.335,0.05,0.09
"between_freedman_lane","diagnostic_n40","trait",40,5,1000800,3,0.8075,0.05,0.09
"between_freedman_lane","diagnostic_n40","trait",40,5,1000800,4,0.825,0.05,0.09
"between_freedman_lane","diagnostic_n40","trait",40,5,1000800,5,0.28,0.05,0.09
"between_freedman_lane","diagnostic_n40","trait",40,5,1000800,6,0.0325,0.05,0.09
"between_freedman_lane","diagnostic_n40","trait",40,5,1000800,7,0.3525,0.05,0.09
"between_freedman_lane","diagnostic_n40","trait",40,5,1000800,8,0.135,0.05,0.09
"between_freedman_lane","diagnostic_n40","trait",40,5,1000800,9,0.395,0.05,0.09
"between_freedman_lane","diagnostic_n40","trait",40,5,1000800,10,0.78,0.05,0.09
"between_freedman_lane","diagnostic_n40","trait",40,5,1000800,11,0.03,0.05,0.09
"between_freedman_lane","diagnostic_n40","trait",40,5,1000800,12,0.08,0.05,0.09
"between_freedman_lane","diagnostic_n40","trait",40,5,1000800,13,0.2475,0.05,0.09
"between_freedman_lane","diagnostic_n40","trait",40,5,1000800,14,0.4,0.05,0.09
"between_freedman_lane","diagnostic_n40","trait",40,5,1000800,15,0.03,0.05,0.09
"between_freedman_lane","diagnostic_n40","trait",40,5,1000800,16,0.0275,0.05,0.09
"between_freedman_lane","diagnostic_n40","trait",40,5,1000800,17,0.2875,0.05,0.09
"between_freedman_lane","diagnostic_n40","trait",40,5,1000800,18,0.6875,0.05,0.09
"between_freedman_lane","diagnostic_n40","trait",40,5,1000800,19,0.0475,0.05,0.09
"between_freedman_lane","diagnostic_n40","trait",40,5,1000800,20,0.22,0.05,0.09
"between_freedman_lane","diagnostic_n40","trait",40,5,1000800,21,0.19,0.05,0.09
"between_freedman_lane","diagnostic_n40","trait",40,5,1000800,22,0.2625,0.05,0.09
"between_freedman_lane","diagnostic_n40","trait",40,5,1000800,23,0.35,0.05,0.09
"between_freedman_lane","diagnostic_n40","trait",40,5,1000800,24,0.6475,0.05,0.09
"between_freedman_lane","diagnostic_n40","trait",40,5,1000800,25,0.3125,0.05,0.09
"between_freedman_lane","diagnostic_n40","trait",40,5,1000800,26,0.6875,0.05,0.09
"between_freedman_lane","diagnostic_n40","trait",40,5,1000800,27,0.4875,0.05,0.09
"between_freedman_lane","diagnostic_n40","trait",40,5,1000800,28,0.5925,0.05,0.09
"between_freedman_lane","diagnostic_n40","trait",40,5,1000800,29,0.35,0.05,0.09
"between_freedman_lane","diagnostic_n40","trait",40,5,1000800,30,0.085,0.05,0.09
"between_freedman_lane","diagnostic_n40","trait",40,5,1000800,31,0.9825,0.05,0.09
"between_freedman_lane","diagnostic_n40","trait",40,5,1000800,32,0.095,0.05,0.09
"between_freedman_lane","diagnostic_n40","trait",40,5,1000800,33,0.9625,0.05,0.09
"between_freedman_lane","diagnostic_n40","trait",40,5,1000800,34,0.0225,0.05,0.09
"between_freedman_lane","diagnostic_n40","trait",40,5,1000800,35,0.1175,0.05,0.09
"between_freedman_lane","diagnostic_n40","trait",40,5,1000800,36,0.0175,0.05,0.09
"between_freedman_lane","diagnostic_n40","trait",40,5,1000800,37,0.29,0.05,0.09
"between_freedman_lane","diagnostic_n40","trait",40,5,1000800,38,0.185,0.05,0.09
"between_freedman_lane","diagnostic_n40","trait",40,5,1000800,39,0.5775,0.05,0.09
"between_freedman_lane","diagnostic_n40","trait",40,5,1000800,40,0.99,0.05,0.09
"between_freedman_lane","diagnostic_n40","trait",40,5,1000800,41,0.7975,0.05,0.09
"between_freedman_lane","diagnostic_n40","trait",40,5,1000800,42,0.6725,0.05,0.09
"between_freedman_lane","diagnostic_n40","trait",40,5,1000800,43,0.8775,0.05,0.09
"between_freedman_lane","diagnostic_n40","trait",40,5,1000800,44,0.2975,0.05,0.09
"between_freedman_lane","diagnostic_n40","trait",40,5,1000800,45,0.93,0.05,0.09
"between_freedman_lane","diagnostic_n40","trait",40,5,1000800,46,0.0825,0.05,0.09
"between_freedman_lane","diagnostic_n40","trait",40,5,1000800,47,0.17,0.05,0.09
"between_freedman_lane","diagnostic_n40","trait",40,5,1000800,48,0.1325,0.05,0.09
"between_freedman_lane","diagnostic_n40","trait",40,5,1000800,49,0.2425,0.05,0.09
"between_freedman_lane","diagnostic_n40","trait",40,5,1000800,50,0.2725,0.05,0.09
"between_freedman_lane","diagnostic_n40","trait",40,5,1000800,51,0.63,0.05,0.09
"between_freedman_lane","diagnostic_n40","trait",40,5,1000800,52,0.01,0.05,0.09
"between_freedman_lane","diagnostic_n40","trait",40,5,1000800,53,0.2875,0.05,0.09
"between_freedman_lane","diagnostic_n40","trait",40,5,1000800,54,0.095,0.05,0.09
"between_freedman_lane","diagnostic_n40","trait",40,5,1000800,55,0.22,0.05,0.09
"between_freedman_lane","diagnostic_n40","trait",40,5,1000800,56,0.9825,0.05,0.09
"between_freedman_lane","diagnostic_n40","trait",40,5,1000800,57,0.3525,0.05,0.09
"between_freedman_lane","diagnostic_n40","trait",40,5,1000800,58,0.655,0.05,0.09
"between_freedman_lane","diagnostic_n40","trait",40,5,1000800,59,0.655,0.05,0.09
"between_freedman_lane","diagnostic_n40","trait",40,5,1000800,60,0.9975,0.05,0.09
"between_freedman_lane","diagnostic_n40","trait",40,5,1000800,61,0.85,0.05,0.09
"between_freedman_lane","diagnostic_n40","trait",40,5,1000800,62,0.4875,0.05,0.09
"between_freedman_lane","diagnostic_n40","trait",40,5,1000800,63,0.6525,0.05,0.09
"between_freedman_lane","diagnostic_n40","trait",40,5,1000800,64,0.6725,0.05,0.09
"between_freedman_lane","diagnostic_n40","trait",40,5,1000800,65,0.3375,0.05,0.09
"between_freedman_lane","diagnostic_n40","trait",40,5,1000800,66,0.435,0.05,0.09
"between_freedman_lane","diagnostic_n40","trait",40,5,1000800,67,0.2,0.05,0.09
"between_freedman_lane","diagnostic_n40","trait",40,5,1000800,68,0.1375,0.05,0.09
"between_freedman_lane","diagnostic_n40","trait",40,5,1000800,69,0.35,0.05,0.09
"between_freedman_lane","diagnostic_n40","trait",40,5,1000800,70,0.23,0.05,0.09
"between_freedman_lane","diagnostic_n40","trait",40,5,1000800,71,0.555,0.05,0.09
"between_freedman_lane","diagnostic_n40","trait",40,5,1000800,72,0.8925,0.05,0.09
"between_freedman_lane","diagnostic_n40","trait",40,5,1000800,73,0.4325,0.05,0.09
"between_freedman_lane","diagnostic_n40","trait",40,5,1000800,74,0.0675,0.05,0.09
"between_freedman_lane","diagnostic_n40","trait",40,5,1000800,75,0.8225,0.05,0.09
"between_freedman_lane","diagnostic_n40","trait",40,5,1000800,76,0.115,0.05,0.09
"between_freedman_lane","diagnostic_n40","trait",40,5,1000800,77,0.0875,0.05,0.09
"between_freedman_lane","diagnostic_n40","trait",40,5,1000800,78,0.27,0.05,0.09
"between_freedman_lane","diagnostic_n40","trait",40,5,1000800,79,0.22,0.05,0.09
"between_freedman_lane","diagnostic_n40","trait",40,5,1000800,80,0.2175,0.05,0.09
"between_freedman_lane","diagnostic_n40","trait",40,5,1000800,81,0.7925,0.05,0.09
"between_freedman_lane","diagnostic_n40","trait",40,5,1000800,82,0.625,0.05,0.09
"between_freedman_lane","diagnostic_n40","trait",40,5,1000800,83,0.7125,0.05,0.09
"between_freedman_lane","diagnostic_n40","trait",40,5,1000800,84,0.3,0.05,0.09
"between_freedman_lane","diagnostic_n40","trait",40,5,1000800,85,0.3175,0.05,0.09
"between_freedman_lane","diagnostic_n40","trait",40,5,1000800,86,0.3125,0.05,0.09
"between_freedman_lane","diagnostic_n40","trait",40,5,1000800,87,0.59,0.05,0.09
"between_freedman_lane","diagnostic_n40","trait",40,5,1000800,88,0.2475,0.05,0.09
"between_freedman_lane","diagnostic_n40","trait",40,5,1000800,89,0.6875,0.05,0.09
"between_freedman_lane","diagnostic_n40","trait",40,5,1000800,90,0.5,0.05,0.09
"between_freedman_lane","diagnostic_n40","trait",40,5,1000800,91,0.1675,0.05,0.09
"between_freedman_lane","diagnostic_n40","trait",40,5,1000800,92,0.7475,0.05,0.09
"between_freedman_lane","diagnostic_n40","trait",40,5,1000800,93,0.8025,0.05,0.09
"between_freedman_lane","diagnostic_n40","trait",40,5,1000800,94,0.11,0.05,0.09
"between_freedman_lane","diagnostic_n40","trait",40,5,1000800,95,0.3625,0.05,0.09
"between_freedman_lane","diagnostic_n40","trait",40,5,1000800,96,0.7775,0.05,0.09
"between_freedman_lane","diagnostic_n40","trait",40,5,1000800,97,0.0375,0.05,0.09
"between_freedman_lane","diagnostic_n40","trait",40,5,1000800,98,0.015,0.05,0.09
"between_freedman_lane","diagnostic_n40","trait",40,5,1000800,99,0.275,0.05,0.09
"between_freedman_lane","diagnostic_n40","trait",40,5,1000800,100,0.43,0.05,0.09
"between_freedman_lane","diagnostic_n40","group:trait",40,5,1000800,1,0.8675,0.05,0.09
"between_freedman_lane","diagnostic_n40","group:trait",40,5,1000800,2,0.555,0.05,0.09
"between_freedman_lane","diagnostic_n40","group:trait",40,5,1000800,3,0.53,0.05,0.09
"between_freedman_lane","diagnostic_n40","group:trait",40,5,1000800,4,0.5775,0.05,0.09
"between_freedman_lane","diagnostic_n40","group:trait",40,5,1000800,5,0.195,0.05,0.09
"between_freedman_lane","diagnostic_n40","group:trait",40,5,1000800,6,0.025,0.05,0.09
"between_freedman_lane","diagnostic_n40","group:trait",40,5,1000800,7,0.2725,0.05,0.09
"between_freedman_lane","diagnostic_n40","group:trait",40,5,1000800,8,0.5725,0.05,0.09
"between_freedman_lane","diagnostic_n40","group:trait",40,5,1000800,9,0.095,0.05,0.09
"between_freedman_lane","diagnostic_n40","group:trait",40,5,1000800,10,0.7625,0.05,0.09
"between_freedman_lane","diagnostic_n40","group:trait",40,5,1000800,11,0.2525,0.05,0.09
"between_freedman_lane","diagnostic_n40","group:trait",40,5,1000800,12,0.165,0.05,0.09
"between_freedman_lane","diagnostic_n40","group:trait",40,5,1000800,13,0.5525,0.05,0.09
"between_freedman_lane","diagnostic_n40","group:trait",40,5,1000800,14,0.355,0.05,0.09
"between_freedman_lane","diagnostic_n40","group:trait",40,5,1000800,15,0.0325,0.05,0.09
"between_freedman_lane","diagnostic_n40","group:trait",40,5,1000800,16,0.0725,0.05,0.09
"between_freedman_lane","diagnostic_n40","group:trait",40,5,1000800,17,0.0625,0.05,0.09
"between_freedman_lane","diagnostic_n40","group:trait",40,5,1000800,18,0.3475,0.05,0.09
"between_freedman_lane","diagnostic_n40","group:trait",40,5,1000800,19,0.8075,0.05,0.09
"between_freedman_lane","diagnostic_n40","group:trait",40,5,1000800,20,0.41,0.05,0.09
"between_freedman_lane","diagnostic_n40","group:trait",40,5,1000800,21,0.0075,0.05,0.09
"between_freedman_lane","diagnostic_n40","group:trait",40,5,1000800,22,0.13,0.05,0.09
"between_freedman_lane","diagnostic_n40","group:trait",40,5,1000800,23,0.4025,0.05,0.09
"between_freedman_lane","diagnostic_n40","group:trait",40,5,1000800,24,0.375,0.05,0.09
"between_freedman_lane","diagnostic_n40","group:trait",40,5,1000800,25,0.57,0.05,0.09
"between_freedman_lane","diagnostic_n40","group:trait",40,5,1000800,26,0.81,0.05,0.09
"between_freedman_lane","diagnostic_n40","group:trait",40,5,1000800,27,0.8575,0.05,0.09
"between_freedman_lane","diagnostic_n40","group:trait",40,5,1000800,28,0.6825,0.05,0.09
"between_freedman_lane","diagnostic_n40","group:trait",40,5,1000800,29,0.115,0.05,0.09
"between_freedman_lane","diagnostic_n40","group:trait",40,5,1000800,30,0.9625,0.05,0.09
"between_freedman_lane","diagnostic_n40","group:trait",40,5,1000800,31,0.3125,0.05,0.09
"between_freedman_lane","diagnostic_n40","group:trait",40,5,1000800,32,0.0175,0.05,0.09
"between_freedman_lane","diagnostic_n40","group:trait",40,5,1000800,33,0.3675,0.05,0.09
"between_freedman_lane","diagnostic_n40","group:trait",40,5,1000800,34,0.08,0.05,0.09
"between_freedman_lane","diagnostic_n40","group:trait",40,5,1000800,35,0.265,0.05,0.09
"between_freedman_lane","diagnostic_n40","group:trait",40,5,1000800,36,0.015,0.05,0.09
"between_freedman_lane","diagnostic_n40","group:trait",40,5,1000800,37,0.7075,0.05,0.09
"between_freedman_lane","diagnostic_n40","group:trait",40,5,1000800,38,0.06,0.05,0.09
"between_freedman_lane","diagnostic_n40","group:trait",40,5,1000800,39,0.9525,0.05,0.09
"between_freedman_lane","diagnostic_n40","group:trait",40,5,1000800,40,0.8525,0.05,0.09
"between_freedman_lane","diagnostic_n40","group:trait",40,5,1000800,41,0.855,0.05,0.09
"between_freedman_lane","diagnostic_n40","group:trait",40,5,1000800,42,0.6075,0.05,0.09
"between_freedman_lane","diagnostic_n40","group:trait",40,5,1000800,43,0.8675,0.05,0.09
"between_freedman_lane","diagnostic_n40","group:trait",40,5,1000800,44,0.585,0.05,0.09
"between_freedman_lane","diagnostic_n40","group:trait",40,5,1000800,45,0.7725,0.05,0.09
"between_freedman_lane","diagnostic_n40","group:trait",40,5,1000800,46,0.1525,0.05,0.09
"between_freedman_lane","diagnostic_n40","group:trait",40,5,1000800,47,0.095,0.05,0.09
"between_freedman_lane","diagnostic_n40","group:trait",40,5,1000800,48,0.1175,0.05,0.09
"between_freedman_lane","diagnostic_n40","group:trait",40,5,1000800,49,0.2675,0.05,0.09
"between_freedman_lane","diagnostic_n40","group:trait",40,5,1000800,50,0.3425,0.05,0.09
"between_freedman_lane","diagnostic_n40","group:trait",40,5,1000800,51,0.4425,0.05,0.09
"between_freedman_lane","diagnostic_n40","group:trait",40,5,1000800,52,0.025,0.05,0.09
"between_freedman_lane","diagnostic_n40","group:trait",40,5,1000800,53,0.3175,0.05,0.09
"between_freedman_lane","diagnostic_n40","group:trait",40,5,1000800,54,0.5225,0.05,0.09
"between_freedman_lane","diagnostic_n40","group:trait",40,5,1000800,55,0.905,0.05,0.09
"between_freedman_lane","diagnostic_n40","group:trait",40,5,1000800,56,0.7775,0.05,0.09
"between_freedman_lane","diagnostic_n40","group:trait",40,5,1000800,57,0.0675,0.05,0.09
"between_freedman_lane","diagnostic_n40","group:trait",40,5,1000800,58,0.6225,0.05,0.09
"between_freedman_lane","diagnostic_n40","group:trait",40,5,1000800,59,0.6175,0.05,0.09
"between_freedman_lane","diagnostic_n40","group:trait",40,5,1000800,60,0.445,0.05,0.09
"between_freedman_lane","diagnostic_n40","group:trait",40,5,1000800,61,0.5225,0.05,0.09
"between_freedman_lane","diagnostic_n40","group:trait",40,5,1000800,62,0.62,0.05,0.09
"between_freedman_lane","diagnostic_n40","group:trait",40,5,1000800,63,0.5025,0.05,0.09
"between_freedman_lane","diagnostic_n40","group:trait",40,5,1000800,64,0.005,0.05,0.09
"between_freedman_lane","diagnostic_n40","group:trait",40,5,1000800,65,0.89,0.05,0.09
"between_freedman_lane","diagnostic_n40","group:trait",40,5,1000800,66,0.375,0.05,0.09
"between_freedman_lane","diagnostic_n40","group:trait",40,5,1000800,67,0.015,0.05,0.09
"between_freedman_lane","diagnostic_n40","group:trait",40,5,1000800,68,0.85,0.05,0.09
"between_freedman_lane","diagnostic_n40","group:trait",40,5,1000800,69,0.0875,0.05,0.09
"between_freedman_lane","diagnostic_n40","group:trait",40,5,1000800,70,0.1675,0.05,0.09
"between_freedman_lane","diagnostic_n40","group:trait",40,5,1000800,71,0.225,0.05,0.09
"between_freedman_lane","diagnostic_n40","group:trait",40,5,1000800,72,0.6375,0.05,0.09
"between_freedman_lane","diagnostic_n40","group:trait",40,5,1000800,73,0.83,0.05,0.09
"between_freedman_lane","diagnostic_n40","group:trait",40,5,1000800,74,0.1075,0.05,0.09
"between_freedman_lane","diagnostic_n40","group:trait",40,5,1000800,75,0.4775,0.05,0.09
"between_freedman_lane","diagnostic_n40","group:trait",40,5,1000800,76,0.035,0.05,0.09
"between_freedman_lane","diagnostic_n40","group:trait",40,5,1000800,77,0.0575,0.05,0.09
"between_freedman_lane","diagnostic_n40","group:trait",40,5,1000800,78,0.86,0.05,0.09
"between_freedman_lane","diagnostic_n40","group:trait",40,5,1000800,79,0.8175,0.05,0.09
"between_freedman_lane","diagnostic_n40","group:trait",40,5,1000800,80,0.3025,0.05,0.09
"between_freedman_lane","diagnostic_n40","group:trait",40,5,1000800,81,0.2425,0.05,0.09
"between_freedman_lane","diagnostic_n40","group:trait",40,5,1000800,82,0.4625,0.05,0.09
"between_freedman_lane","diagnostic_n40","group:trait",40,5,1000800,83,0.75,0.05,0.09
"between_freedman_lane","diagnostic_n40","group:trait",40,5,1000800,84,0.2575,0.05,0.09
"between_freedman_lane","diagnostic_n40","group:trait",40,5,1000800,85,0.655,0.05,0.09
"between_freedman_lane","diagnostic_n40","group:trait",40,5,1000800,86,0.195,0.05,0.09
"between_freedman_lane","diagnostic_n40","group:trait",40,5,1000800,87,0.485,0.05,0.09
"between_freedman_lane","diagnostic_n40","group:trait",40,5,1000800,88,0.525,0.05,0.09
"between_freedman_lane","diagnostic_n40","group:trait",40,5,1000800,89,0.53,0.05,0.09
"between_freedman_lane","diagnostic_n40","group:trait",40,5,1000800,90,0.61,0.05,0.09
"between_freedman_lane","diagnostic_n40","group:trait",40,5,1000800,91,0.395,0.05,0.09
"between_freedman_lane","diagnostic_n40","group:trait",40,5,1000800,92,0.4775,0.05,0.09
"between_freedman_lane","diagnostic_n40","group:trait",40,5,1000800,93,0.7175,0.05,0.09
"between_freedman_lane","diagnostic_n40","group:trait",40,5,1000800,94,0.9575,0.05,0.09
"between_freedman_lane","diagnostic_n40","group:trait",40,5,1000800,95,0.6525,0.05,0.09
"between_freedman_lane","diagnostic_n40","group:trait",40,5,1000800,96,0.63,0.05,0.09
"between_freedman_lane","diagnostic_n40","group:trait",40,5,1000800,97,0.8925,0.05,0.09
"between_freedman_lane","diagnostic_n40","group:trait",40,5,1000800,98,0.0125,0.05,0.09
"between_freedman_lane","diagnostic_n40","group:trait",40,5,1000800,99,0.9925,0.05,0.09
"between_freedman_lane","diagnostic_n40","group:trait",40,5,1000800,100,0.855,0.05,0.09
"between_freedman_lane","diagnostic_n80","group",80,1,1100800,1,0.7625,0.05,0.09
"between_freedman_lane","diagnostic_n80","group",80,1,1100800,2,0.49,0.05,0.09
"between_freedman_lane","diagnostic_n80","group",80,1,1100800,3,0.4275,0.05,0.09
"between_freedman_lane","diagnostic_n80","group",80,1,1100800,4,0.7775,0.05,0.09
"between_freedman_lane","diagnostic_n80","group",80,1,1100800,5,0.12,0.05,0.09
"between_freedman_lane","diagnostic_n80","group",80,1,1100800,6,0.3875,0.05,0.09
"between_freedman_lane","diagnostic_n80","group",80,1,1100800,7,0.1575,0.05,0.09
"between_freedman_lane","diagnostic_n80","group",80,1,1100800,8,0.09,0.05,0.09
"between_freedman_lane","diagnostic_n80","group",80,1,1100800,9,0.9125,0.05,0.09
"between_freedman_lane","diagnostic_n80","group",80,1,1100800,10,0.65,0.05,0.09
"between_freedman_lane","diagnostic_n80","group",80,1,1100800,11,0.8775,0.05,0.09
"between_freedman_lane","diagnostic_n80","group",80,1,1100800,12,0.2725,0.05,0.09
"between_freedman_lane","diagnostic_n80","group",80,1,1100800,13,0.4275,0.05,0.09
"between_freedman_lane","diagnostic_n80","group",80,1,1100800,14,0.3675,0.05,0.09
"between_freedman_lane","diagnostic_n80","group",80,1,1100800,15,0.195,0.05,0.09
"between_freedman_lane","diagnostic_n80","group",80,1,1100800,16,0.46,0.05,0.09
"between_freedman_lane","diagnostic_n80","group",80,1,1100800,17,0.225,0.05,0.09
"between_freedman_lane","diagnostic_n80","group",80,1,1100800,18,0.1025,0.05,0.09
"between_freedman_lane","diagnostic_n80","group",80,1,1100800,19,0.92,0.05,0.09
"between_freedman_lane","diagnostic_n80","group",80,1,1100800,20,0.2825,0.05,0.09
"between_freedman_lane","diagnostic_n80","group",80,1,1100800,21,0.4925,0.05,0.09
"between_freedman_lane","diagnostic_n80","group",80,1,1100800,22,0.0925,0.05,0.09
"between_freedman_lane","diagnostic_n80","group",80,1,1100800,23,0.47,0.05,0.09
"between_freedman_lane","diagnostic_n80","group",80,1,1100800,24,0.2125,0.05,0.09
"between_freedman_lane","diagnostic_n80","group",80,1,1100800,25,0.1825,0.05,0.09
"between_freedman_lane","diagnostic_n80","group",80,1,1100800,26,0.38,0.05,0.09
"between_freedman_lane","diagnostic_n80","group",80,1,1100800,27,0.5525,0.05,0.09
"between_freedman_lane","diagnostic_n80","group",80,1,1100800,28,0.0825,0.05,0.09
"between_freedman_lane","diagnostic_n80","group",80,1,1100800,29,0.0025,0.05,0.09
"between_freedman_lane","diagnostic_n80","group",80,1,1100800,30,0.845,0.05,0.09
"between_freedman_lane","diagnostic_n80","group",80,1,1100800,31,0.355,0.05,0.09
"between_freedman_lane","diagnostic_n80","group",80,1,1100800,32,0.22,0.05,0.09
"between_freedman_lane","diagnostic_n80","group",80,1,1100800,33,0.885,0.05,0.09
"between_freedman_lane","diagnostic_n80","group",80,1,1100800,34,0.8175,0.05,0.09
"between_freedman_lane","diagnostic_n80","group",80,1,1100800,35,0.835,0.05,0.09
"between_freedman_lane","diagnostic_n80","group",80,1,1100800,36,0.8975,0.05,0.09
"between_freedman_lane","diagnostic_n80","group",80,1,1100800,37,0.2675,0.05,0.09
"between_freedman_lane","diagnostic_n80","group",80,1,1100800,38,0.135,0.05,0.09
"between_freedman_lane","diagnostic_n80","group",80,1,1100800,39,0.47,0.05,0.09
"between_freedman_lane","diagnostic_n80","group",80,1,1100800,40,0.465,0.05,0.09
"between_freedman_lane","diagnostic_n80","group",80,1,1100800,41,0.25,0.05,0.09
"between_freedman_lane","diagnostic_n80","group",80,1,1100800,42,0.4725,0.05,0.09
"between_freedman_lane","diagnostic_n80","group",80,1,1100800,43,0.21,0.05,0.09
"between_freedman_lane","diagnostic_n80","group",80,1,1100800,44,0.785,0.05,0.09
"between_freedman_lane","diagnostic_n80","group",80,1,1100800,45,0.605,0.05,0.09
"between_freedman_lane","diagnostic_n80","group",80,1,1100800,46,0.625,0.05,0.09
"between_freedman_lane","diagnostic_n80","group",80,1,1100800,47,0.175,0.05,0.09
"between_freedman_lane","diagnostic_n80","group",80,1,1100800,48,0.475,0.05,0.09
"between_freedman_lane","diagnostic_n80","group",80,1,1100800,49,0.7,0.05,0.09
"between_freedman_lane","diagnostic_n80","group",80,1,1100800,50,0.0525,0.05,0.09
"between_freedman_lane","diagnostic_n80","group",80,1,1100800,51,0.5625,0.05,0.09
"between_freedman_lane","diagnostic_n80","group",80,1,1100800,52,0.7725,0.05,0.09
"between_freedman_lane","diagnostic_n80","group",80,1,1100800,53,0.7925,0.05,0.09
"between_freedman_lane","diagnostic_n80","group",80,1,1100800,54,0.8925,0.05,0.09
"between_freedman_lane","diagnostic_n80","group",80,1,1100800,55,0.0675,0.05,0.09
"between_freedman_lane","diagnostic_n80","group",80,1,1100800,56,0.3325,0.05,0.09
"between_freedman_lane","diagnostic_n80","group",80,1,1100800,57,0.96,0.05,0.09
"between_freedman_lane","diagnostic_n80","group",80,1,1100800,58,0.5825,0.05,0.09
"between_freedman_lane","diagnostic_n80","group",80,1,1100800,59,0.045,0.05,0.09
"between_freedman_lane","diagnostic_n80","group",80,1,1100800,60,0.83,0.05,0.09
"between_freedman_lane","diagnostic_n80","group",80,1,1100800,61,0.2725,0.05,0.09
"between_freedman_lane","diagnostic_n80","group",80,1,1100800,62,0.2,0.05,0.09
"between_freedman_lane","diagnostic_n80","group",80,1,1100800,63,0.995,0.05,0.09
"between_freedman_lane","diagnostic_n80","group",80,1,1100800,64,0.275,0.05,0.09
"between_freedman_lane","diagnostic_n80","group",80,1,1100800,65,0.2925,0.05,0.09
"between_freedman_lane","diagnostic_n80","group",80,1,1100800,66,0.4525,0.05,0.09
"between_freedman_lane","diagnostic_n80","group",80,1,1100800,67,0.4975,0.05,0.09
"between_freedman_lane","diagnostic_n80","group",80,1,1100800,68,0.595,0.05,0.09
"between_freedman_lane","diagnostic_n80","group",80,1,1100800,69,0.5075,0.05,0.09
"between_freedman_lane","diagnostic_n80","group",80,1,1100800,70,0.9825,0.05,0.09
"between_freedman_lane","diagnostic_n80","group",80,1,1100800,71,0.7275,0.05,0.09
"between_freedman_lane","diagnostic_n80","group",80,1,1100800,72,0.4325,0.05,0.09
"between_freedman_lane","diagnostic_n80","group",80,1,1100800,73,0.6975,0.05,0.09
"between_freedman_lane","diagnostic_n80","group",80,1,1100800,74,0.8475,0.05,0.09
"between_freedman_lane","diagnostic_n80","group",80,1,1100800,75,0.025,0.05,0.09
"between_freedman_lane","diagnostic_n80","group",80,1,1100800,76,0.27,0.05,0.09
"between_freedman_lane","diagnostic_n80","group",80,1,1100800,77,0.595,0.05,0.09
"between_freedman_lane","diagnostic_n80","group",80,1,1100800,78,0.3,0.05,0.09
"between_freedman_lane","diagnostic_n80","group",80,1,1100800,79,0.7225,0.05,0.09
"between_freedman_lane","diagnostic_n80","group",80,1,1100800,80,0.85,0.05,0.09
"between_freedman_lane","diagnostic_n80","group",80,1,1100800,81,0.2425,0.05,0.09
"between_freedman_lane","diagnostic_n80","group",80,1,1100800,82,0.9025,0.05,0.09
"between_freedman_lane","diagnostic_n80","group",80,1,1100800,83,0.465,0.05,0.09
"between_freedman_lane","diagnostic_n80","group",80,1,1100800,84,0.3125,0.05,0.09
"between_freedman_lane","diagnostic_n80","group",80,1,1100800,85,0.7725,0.05,0.09
"between_freedman_lane","diagnostic_n80","group",80,1,1100800,86,0.4475,0.05,0.09
"between_freedman_lane","diagnostic_n80","group",80,1,1100800,87,0.995,0.05,0.09
"between_freedman_lane","diagnostic_n80","group",80,1,1100800,88,0.45,0.05,0.09
"between_freedman_lane","diagnostic_n80","group",80,1,1100800,89,0.98,0.05,0.09
"between_freedman_lane","diagnostic_n80","group",80,1,1100800,90,0.3525,0.05,0.09
"between_freedman_lane","diagnostic_n80","group",80,1,1100800,91,0.2975,0.05,0.09
"between_freedman_lane","diagnostic_n80","group",80,1,1100800,92,0.94,0.05,0.09
"between_freedman_lane","diagnostic_n80","group",80,1,1100800,93,0.8675,0.05,0.09
"between_freedman_lane","diagnostic_n80","group",80,1,1100800,94,0.39,0.05,0.09
"between_freedman_lane","diagnostic_n80","group",80,1,1100800,95,0.125,0.05,0.09
"between_freedman_lane","diagnostic_n80","group",80,1,1100800,96,0.0825,0.05,0.09
"between_freedman_lane","diagnostic_n80","group",80,1,1100800,97,0.945,0.05,0.09
"between_freedman_lane","diagnostic_n80","group",80,1,1100800,98,0.5475,0.05,0.09
"between_freedman_lane","diagnostic_n80","group",80,1,1100800,99,0.73,0.05,0.09
"between_freedman_lane","diagnostic_n80","group",80,1,1100800,100,0.495,0.05,0.09
"between_freedman_lane","diagnostic_n80","trait",80,1,1100800,1,0.1125,0.05,0.09
"between_freedman_lane","diagnostic_n80","trait",80,1,1100800,2,0.8025,0.05,0.09
"between_freedman_lane","diagnostic_n80","trait",80,1,1100800,3,0.26,0.05,0.09
"between_freedman_lane","diagnostic_n80","trait",80,1,1100800,4,0.62,0.05,0.09
"between_freedman_lane","diagnostic_n80","trait",80,1,1100800,5,0.81,0.05,0.09
"between_freedman_lane","diagnostic_n80","trait",80,1,1100800,6,0.2675,0.05,0.09
"between_freedman_lane","diagnostic_n80","trait",80,1,1100800,7,0.72,0.05,0.09
"between_freedman_lane","diagnostic_n80","trait",80,1,1100800,8,0.0875,0.05,0.09
"between_freedman_lane","diagnostic_n80","trait",80,1,1100800,9,0.1225,0.05,0.09
"between_freedman_lane","diagnostic_n80","trait",80,1,1100800,10,0.1125,0.05,0.09
"between_freedman_lane","diagnostic_n80","trait",80,1,1100800,11,0.89,0.05,0.09
"between_freedman_lane","diagnostic_n80","trait",80,1,1100800,12,0.585,0.05,0.09
"between_freedman_lane","diagnostic_n80","trait",80,1,1100800,13,0.185,0.05,0.09
"between_freedman_lane","diagnostic_n80","trait",80,1,1100800,14,0.3525,0.05,0.09
"between_freedman_lane","diagnostic_n80","trait",80,1,1100800,15,0.8275,0.05,0.09
"between_freedman_lane","diagnostic_n80","trait",80,1,1100800,16,0.115,0.05,0.09
"between_freedman_lane","diagnostic_n80","trait",80,1,1100800,17,0.7275,0.05,0.09
"between_freedman_lane","diagnostic_n80","trait",80,1,1100800,18,0.1125,0.05,0.09
"between_freedman_lane","diagnostic_n80","trait",80,1,1100800,19,0.4525,0.05,0.09
"between_freedman_lane","diagnostic_n80","trait",80,1,1100800,20,0.385,0.05,0.09
"between_freedman_lane","diagnostic_n80","trait",80,1,1100800,21,0.065,0.05,0.09
"between_freedman_lane","diagnostic_n80","trait",80,1,1100800,22,0.4375,0.05,0.09
"between_freedman_lane","diagnostic_n80","trait",80,1,1100800,23,0.5225,0.05,0.09
"between_freedman_lane","diagnostic_n80","trait",80,1,1100800,24,0.935,0.05,0.09
"between_freedman_lane","diagnostic_n80","trait",80,1,1100800,25,0.275,0.05,0.09
"between_freedman_lane","diagnostic_n80","trait",80,1,1100800,26,0.6125,0.05,0.09
"between_freedman_lane","diagnostic_n80","trait",80,1,1100800,27,0.635,0.05,0.09
"between_freedman_lane","diagnostic_n80","trait",80,1,1100800,28,0.22,0.05,0.09
"between_freedman_lane","diagnostic_n80","trait",80,1,1100800,29,0.65,0.05,0.09
"between_freedman_lane","diagnostic_n80","trait",80,1,1100800,30,0.5225,0.05,0.09
"between_freedman_lane","diagnostic_n80","trait",80,1,1100800,31,0.6875,0.05,0.09
"between_freedman_lane","diagnostic_n80","trait",80,1,1100800,32,0.625,0.05,0.09
"between_freedman_lane","diagnostic_n80","trait",80,1,1100800,33,0.1475,0.05,0.09
"between_freedman_lane","diagnostic_n80","trait",80,1,1100800,34,0.4275,0.05,0.09
"between_freedman_lane","diagnostic_n80","trait",80,1,1100800,35,0.815,0.05,0.09
"between_freedman_lane","diagnostic_n80","trait",80,1,1100800,36,0.5975,0.05,0.09
"between_freedman_lane","diagnostic_n80","trait",80,1,1100800,37,0.99,0.05,0.09
"between_freedman_lane","diagnostic_n80","trait",80,1,1100800,38,0.7375,0.05,0.09
"between_freedman_lane","diagnostic_n80","trait",80,1,1100800,39,0.0775,0.05,0.09
"between_freedman_lane","diagnostic_n80","trait",80,1,1100800,40,0.605,0.05,0.09
"between_freedman_lane","diagnostic_n80","trait",80,1,1100800,41,0.4675,0.05,0.09
"between_freedman_lane","diagnostic_n80","trait",80,1,1100800,42,0.6175,0.05,0.09
"between_freedman_lane","diagnostic_n80","trait",80,1,1100800,43,0.6775,0.05,0.09
"between_freedman_lane","diagnostic_n80","trait",80,1,1100800,44,0.66,0.05,0.09
"between_freedman_lane","diagnostic_n80","trait",80,1,1100800,45,0.545,0.05,0.09
"between_freedman_lane","diagnostic_n80","trait",80,1,1100800,46,0.3825,0.05,0.09
"between_freedman_lane","diagnostic_n80","trait",80,1,1100800,47,0.005,0.05,0.09
"between_freedman_lane","diagnostic_n80","trait",80,1,1100800,48,0.4875,0.05,0.09
"between_freedman_lane","diagnostic_n80","trait",80,1,1100800,49,0.89,0.05,0.09
"between_freedman_lane","diagnostic_n80","trait",80,1,1100800,50,0.7375,0.05,0.09
"between_freedman_lane","diagnostic_n80","trait",80,1,1100800,51,0.765,0.05,0.09
"between_freedman_lane","diagnostic_n80","trait",80,1,1100800,52,0.7925,0.05,0.09
"between_freedman_lane","diagnostic_n80","trait",80,1,1100800,53,0.1275,0.05,0.09
"between_freedman_lane","diagnostic_n80","trait",80,1,1100800,54,0.2875,0.05,0.09
"between_freedman_lane","diagnostic_n80","trait",80,1,1100800,55,0.7425,0.05,0.09
"between_freedman_lane","diagnostic_n80","trait",80,1,1100800,56,0.9975,0.05,0.09
"between_freedman_lane","diagnostic_n80","trait",80,1,1100800,57,0.67,0.05,0.09
"between_freedman_lane","diagnostic_n80","trait",80,1,1100800,58,0.87,0.05,0.09
"between_freedman_lane","diagnostic_n80","trait",80,1,1100800,59,0.445,0.05,0.09
"between_freedman_lane","diagnostic_n80","trait",80,1,1100800,60,0.1925,0.05,0.09
"between_freedman_lane","diagnostic_n80","trait",80,1,1100800,61,0.02,0.05,0.09
"between_freedman_lane","diagnostic_n80","trait",80,1,1100800,62,0.7775,0.05,0.09
"between_freedman_lane","diagnostic_n80","trait",80,1,1100800,63,0.5875,0.05,0.09
"between_freedman_lane","diagnostic_n80","trait",80,1,1100800,64,0.05,0.05,0.09
"between_freedman_lane","diagnostic_n80","trait",80,1,1100800,65,0.9375,0.05,0.09
"between_freedman_lane","diagnostic_n80","trait",80,1,1100800,66,0.65,0.05,0.09
"between_freedman_lane","diagnostic_n80","trait",80,1,1100800,67,0.845,0.05,0.09
"between_freedman_lane","diagnostic_n80","trait",80,1,1100800,68,0.605,0.05,0.09
"between_freedman_lane","diagnostic_n80","trait",80,1,1100800,69,0.095,0.05,0.09
"between_freedman_lane","diagnostic_n80","trait",80,1,1100800,70,0.495,0.05,0.09
"between_freedman_lane","diagnostic_n80","trait",80,1,1100800,71,0.3475,0.05,0.09
"between_freedman_lane","diagnostic_n80","trait",80,1,1100800,72,0.68,0.05,0.09
"between_freedman_lane","diagnostic_n80","trait",80,1,1100800,73,0.29,0.05,0.09
"between_freedman_lane","diagnostic_n80","trait",80,1,1100800,74,0.505,0.05,0.09
"between_freedman_lane","diagnostic_n80","trait",80,1,1100800,75,0.5775,0.05,0.09
"between_freedman_lane","diagnostic_n80","trait",80,1,1100800,76,0.4725,0.05,0.09
"between_freedman_lane","diagnostic_n80","trait",80,1,1100800,77,0.3675,0.05,0.09
"between_freedman_lane","diagnostic_n80","trait",80,1,1100800,78,0.935,0.05,0.09
"between_freedman_lane","diagnostic_n80","trait",80,1,1100800,79,0.7475,0.05,0.09
"between_freedman_lane","diagnostic_n80","trait",80,1,1100800,80,0.9675,0.05,0.09
"between_freedman_lane","diagnostic_n80","trait",80,1,1100800,81,0.5875,0.05,0.09
"between_freedman_lane","diagnostic_n80","trait",80,1,1100800,82,0.7725,0.05,0.09
"between_freedman_lane","diagnostic_n80","trait",80,1,1100800,83,0.57,0.05,0.09
"between_freedman_lane","diagnostic_n80","trait",80,1,1100800,84,0.5,0.05,0.09
"between_freedman_lane","diagnostic_n80","trait",80,1,1100800,85,0.305,0.05,0.09
"between_freedman_lane","diagnostic_n80","trait",80,1,1100800,86,0.515,0.05,0.09
"between_freedman_lane","diagnostic_n80","trait",80,1,1100800,87,0.6825,0.05,0.09
"between_freedman_lane","diagnostic_n80","trait",80,1,1100800,88,0.5,0.05,0.09
"between_freedman_lane","diagnostic_n80","trait",80,1,1100800,89,0.1775,0.05,0.09
"between_freedman_lane","diagnostic_n80","trait",80,1,1100800,90,0.7525,0.05,0.09
"between_freedman_lane","diagnostic_n80","trait",80,1,1100800,91,0.0275,0.05,0.09
"between_freedman_lane","diagnostic_n80","trait",80,1,1100800,92,0.9175,0.05,0.09
"between_freedman_lane","diagnostic_n80","trait",80,1,1100800,93,0.7825,0.05,0.09
"between_freedman_lane","diagnostic_n80","trait",80,1,1100800,94,0.3675,0.05,0.09
"between_freedman_lane","diagnostic_n80","trait",80,1,1100800,95,0.6375,0.05,0.09
"between_freedman_lane","diagnostic_n80","trait",80,1,1100800,96,0.5925,0.05,0.09
"between_freedman_lane","diagnostic_n80","trait",80,1,1100800,97,0.4925,0.05,0.09
"between_freedman_lane","diagnostic_n80","trait",80,1,1100800,98,0.055,0.05,0.09
"between_freedman_lane","diagnostic_n80","trait",80,1,1100800,99,0.615,0.05,0.09
"between_freedman_lane","diagnostic_n80","trait",80,1,1100800,100,0.6525,0.05,0.09
"between_freedman_lane","diagnostic_n80","group:trait",80,1,1100800,1,0.08,0.05,0.09
"between_freedman_lane","diagnostic_n80","group:trait",80,1,1100800,2,0.2625,0.05,0.09
"between_freedman_lane","diagnostic_n80","group:trait",80,1,1100800,3,0.9725,0.05,0.09
"between_freedman_lane","diagnostic_n80","group:trait",80,1,1100800,4,0.36,0.05,0.09
"between_freedman_lane","diagnostic_n80","group:trait",80,1,1100800,5,0.575,0.05,0.09
"between_freedman_lane","diagnostic_n80","group:trait",80,1,1100800,6,0.4525,0.05,0.09
"between_freedman_lane","diagnostic_n80","group:trait",80,1,1100800,7,0.2,0.05,0.09
"between_freedman_lane","diagnostic_n80","group:trait",80,1,1100800,8,0.78,0.05,0.09
"between_freedman_lane","diagnostic_n80","group:trait",80,1,1100800,9,0.055,0.05,0.09
"between_freedman_lane","diagnostic_n80","group:trait",80,1,1100800,10,0.4225,0.05,0.09
"between_freedman_lane","diagnostic_n80","group:trait",80,1,1100800,11,0.9325,0.05,0.09
"between_freedman_lane","diagnostic_n80","group:trait",80,1,1100800,12,0.8,0.05,0.09
"between_freedman_lane","diagnostic_n80","group:trait",80,1,1100800,13,0.5575,0.05,0.09
"between_freedman_lane","diagnostic_n80","group:trait",80,1,1100800,14,0.93,0.05,0.09
"between_freedman_lane","diagnostic_n80","group:trait",80,1,1100800,15,0.6125,0.05,0.09
"between_freedman_lane","diagnostic_n80","group:trait",80,1,1100800,16,0.185,0.05,0.09
"between_freedman_lane","diagnostic_n80","group:trait",80,1,1100800,17,0.8875,0.05,0.09
"between_freedman_lane","diagnostic_n80","group:trait",80,1,1100800,18,0.5425,0.05,0.09
"between_freedman_lane","diagnostic_n80","group:trait",80,1,1100800,19,0.3325,0.05,0.09
"between_freedman_lane","diagnostic_n80","group:trait",80,1,1100800,20,0.6175,0.05,0.09
"between_freedman_lane","diagnostic_n80","group:trait",80,1,1100800,21,0.025,0.05,0.09
"between_freedman_lane","diagnostic_n80","group:trait",80,1,1100800,22,0.6075,0.05,0.09
"between_freedman_lane","diagnostic_n80","group:trait",80,1,1100800,23,0.1575,0.05,0.09
"between_freedman_lane","diagnostic_n80","group:trait",80,1,1100800,24,0.8625,0.05,0.09
"between_freedman_lane","diagnostic_n80","group:trait",80,1,1100800,25,0.4625,0.05,0.09
"between_freedman_lane","diagnostic_n80","group:trait",80,1,1100800,26,0.415,0.05,0.09
"between_freedman_lane","diagnostic_n80","group:trait",80,1,1100800,27,0.955,0.05,0.09
"between_freedman_lane","diagnostic_n80","group:trait",80,1,1100800,28,0.305,0.05,0.09
"between_freedman_lane","diagnostic_n80","group:trait",80,1,1100800,29,0.2925,0.05,0.09
"between_freedman_lane","diagnostic_n80","group:trait",80,1,1100800,30,0.8425,0.05,0.09
"between_freedman_lane","diagnostic_n80","group:trait",80,1,1100800,31,0.085,0.05,0.09
"between_freedman_lane","diagnostic_n80","group:trait",80,1,1100800,32,0.8375,0.05,0.09
"between_freedman_lane","diagnostic_n80","group:trait",80,1,1100800,33,0.095,0.05,0.09
"between_freedman_lane","diagnostic_n80","group:trait",80,1,1100800,34,0.105,0.05,0.09
"between_freedman_lane","diagnostic_n80","group:trait",80,1,1100800,35,0.335,0.05,0.09
"between_freedman_lane","diagnostic_n80","group:trait",80,1,1100800,36,0.9875,0.05,0.09
"between_freedman_lane","diagnostic_n80","group:trait",80,1,1100800,37,0.1675,0.05,0.09
"between_freedman_lane","diagnostic_n80","group:trait",80,1,1100800,38,0.13,0.05,0.09
"between_freedman_lane","diagnostic_n80","group:trait",80,1,1100800,39,0.08,0.05,0.09
"between_freedman_lane","diagnostic_n80","group:trait",80,1,1100800,40,0.74,0.05,0.09
"between_freedman_lane","diagnostic_n80","group:trait",80,1,1100800,41,0.3975,0.05,0.09
"between_freedman_lane","diagnostic_n80","group:trait",80,1,1100800,42,0.13,0.05,0.09
"between_freedman_lane","diagnostic_n80","group:trait",80,1,1100800,43,0.42,0.05,0.09
"between_freedman_lane","diagnostic_n80","group:trait",80,1,1100800,44,0.99,0.05,0.09
"between_freedman_lane","diagnostic_n80","group:trait",80,1,1100800,45,0.85,0.05,0.09
"between_freedman_lane","diagnostic_n80","group:trait",80,1,1100800,46,0.2025,0.05,0.09
"between_freedman_lane","diagnostic_n80","group:trait",80,1,1100800,47,0.015,0.05,0.09
"between_freedman_lane","diagnostic_n80","group:trait",80,1,1100800,48,0.945,0.05,0.09
"between_freedman_lane","diagnostic_n80","group:trait",80,1,1100800,49,0.9625,0.05,0.09
"between_freedman_lane","diagnostic_n80","group:trait",80,1,1100800,50,0.5025,0.05,0.09
"between_freedman_lane","diagnostic_n80","group:trait",80,1,1100800,51,0.14,0.05,0.09
"between_freedman_lane","diagnostic_n80","group:trait",80,1,1100800,52,0.7025,0.05,0.09
"between_freedman_lane","diagnostic_n80","group:trait",80,1,1100800,53,0.45,0.05,0.09
"between_freedman_lane","diagnostic_n80","group:trait",80,1,1100800,54,0.515,0.05,0.09
"between_freedman_lane","diagnostic_n80","group:trait",80,1,1100800,55,0.36,0.05,0.09
"between_freedman_lane","diagnostic_n80","group:trait",80,1,1100800,56,0.7025,0.05,0.09
"between_freedman_lane","diagnostic_n80","group:trait",80,1,1100800,57,0.675,0.05,0.09
"between_freedman_lane","diagnostic_n80","group:trait",80,1,1100800,58,0.9825,0.05,0.09
"between_freedman_lane","diagnostic_n80","group:trait",80,1,1100800,59,0.775,0.05,0.09
"between_freedman_lane","diagnostic_n80","group:trait",80,1,1100800,60,0.0825,0.05,0.09
"between_freedman_lane","diagnostic_n80","group:trait",80,1,1100800,61,0.3175,0.05,0.09
"between_freedman_lane","diagnostic_n80","group:trait",80,1,1100800,62,0.575,0.05,0.09
"between_freedman_lane","diagnostic_n80","group:trait",80,1,1100800,63,0.155,0.05,0.09
"between_freedman_lane","diagnostic_n80","group:trait",80,1,1100800,64,0.625,0.05,0.09
"between_freedman_lane","diagnostic_n80","group:trait",80,1,1100800,65,0.77,0.05,0.09
"between_freedman_lane","diagnostic_n80","group:trait",80,1,1100800,66,0.3,0.05,0.09
"between_freedman_lane","diagnostic_n80","group:trait",80,1,1100800,67,0.8975,0.05,0.09
"between_freedman_lane","diagnostic_n80","group:trait",80,1,1100800,68,0.6225,0.05,0.09
"between_freedman_lane","diagnostic_n80","group:trait",80,1,1100800,69,0.6325,0.05,0.09
"between_freedman_lane","diagnostic_n80","group:trait",80,1,1100800,70,0.425,0.05,0.09
"between_freedman_lane","diagnostic_n80","group:trait",80,1,1100800,71,0.0275,0.05,0.09
"between_freedman_lane","diagnostic_n80","group:trait",80,1,1100800,72,0.6,0.05,0.09
"between_freedman_lane","diagnostic_n80","group:trait",80,1,1100800,73,0.6175,0.05,0.09
"between_freedman_lane","diagnostic_n80","group:trait",80,1,1100800,74,0.45,0.05,0.09
"between_freedman_lane","diagnostic_n80","group:trait",80,1,1100800,75,0.955,0.05,0.09
"between_freedman_lane","diagnostic_n80","group:trait",80,1,1100800,76,0.8925,0.05,0.09
"between_freedman_lane","diagnostic_n80","group:trait",80,1,1100800,77,0.5475,0.05,0.09
"between_freedman_lane","diagnostic_n80","group:trait",80,1,1100800,78,0.6025,0.05,0.09
"between_freedman_lane","diagnostic_n80","group:trait",80,1,1100800,79,0.295,0.05,0.09
"between_freedman_lane","diagnostic_n80","group:trait",80,1,1100800,80,0.7225,0.05,0.09
"between_freedman_lane","diagnostic_n80","group:trait",80,1,1100800,81,0.0525,0.05,0.09
"between_freedman_lane","diagnostic_n80","group:trait",80,1,1100800,82,0.5025,0.05,0.09
"between_freedman_lane","diagnostic_n80","group:trait",80,1,1100800,83,0.9375,0.05,0.09
"between_freedman_lane","diagnostic_n80","group:trait",80,1,1100800,84,0.7925,0.05,0.09
"between_freedman_lane","diagnostic_n80","group:trait",80,1,1100800,85,0.7175,0.05,0.09
"between_freedman_lane","diagnostic_n80","group:trait",80,1,1100800,86,0.245,0.05,0.09
"between_freedman_lane","diagnostic_n80","group:trait",80,1,1100800,87,0.5725,0.05,0.09
"between_freedman_lane","diagnostic_n80","group:trait",80,1,1100800,88,0.515,0.05,0.09
"between_freedman_lane","diagnostic_n80","group:trait",80,1,1100800,89,0.485,0.05,0.09
"between_freedman_lane","diagnostic_n80","group:trait",80,1,1100800,90,0.245,0.05,0.09
"between_freedman_lane","diagnostic_n80","group:trait",80,1,1100800,91,0.17,0.05,0.09
"between_freedman_lane","diagnostic_n80","group:trait",80,1,1100800,92,0.955,0.05,0.09
"between_freedman_lane","diagnostic_n80","group:trait",80,1,1100800,93,0.2375,0.05,0.09
"between_freedman_lane","diagnostic_n80","group:trait",80,1,1100800,94,0.2075,0.05,0.09
"between_freedman_lane","diagnostic_n80","group:trait",80,1,1100800,95,0.4225,0.05,0.09
"between_freedman_lane","diagnostic_n80","group:trait",80,1,1100800,96,0.28,0.05,0.09
"between_freedman_lane","diagnostic_n80","group:trait",80,1,1100800,97,0.8925,0.05,0.09
"between_freedman_lane","diagnostic_n80","group:trait",80,1,1100800,98,0.1475,0.05,0.09
"between_freedman_lane","diagnostic_n80","group:trait",80,1,1100800,99,0.5175,0.05,0.09
"between_freedman_lane","diagnostic_n80","group:trait",80,1,1100800,100,0.325,0.05,0.09
"between_freedman_lane","diagnostic_n80","group",80,2,1200800,1,0.0425,0.05,0.09
"between_freedman_lane","diagnostic_n80","group",80,2,1200800,2,0.2075,0.05,0.09
"between_freedman_lane","diagnostic_n80","group",80,2,1200800,3,0.7625,0.05,0.09
"between_freedman_lane","diagnostic_n80","group",80,2,1200800,4,0.075,0.05,0.09
"between_freedman_lane","diagnostic_n80","group",80,2,1200800,5,0.2525,0.05,0.09
"between_freedman_lane","diagnostic_n80","group",80,2,1200800,6,0.19,0.05,0.09
"between_freedman_lane","diagnostic_n80","group",80,2,1200800,7,0.8075,0.05,0.09
"between_freedman_lane","diagnostic_n80","group",80,2,1200800,8,0.44,0.05,0.09
"between_freedman_lane","diagnostic_n80","group",80,2,1200800,9,0.0875,0.05,0.09
"between_freedman_lane","diagnostic_n80","group",80,2,1200800,10,0.5325,0.05,0.09
"between_freedman_lane","diagnostic_n80","group",80,2,1200800,11,0.715,0.05,0.09
"between_freedman_lane","diagnostic_n80","group",80,2,1200800,12,0.33,0.05,0.09
"between_freedman_lane","diagnostic_n80","group",80,2,1200800,13,0.4725,0.05,0.09
"between_freedman_lane","diagnostic_n80","group",80,2,1200800,14,0.3575,0.05,0.09
"between_freedman_lane","diagnostic_n80","group",80,2,1200800,15,0.5225,0.05,0.09
"between_freedman_lane","diagnostic_n80","group",80,2,1200800,16,0.3,0.05,0.09
"between_freedman_lane","diagnostic_n80","group",80,2,1200800,17,0.6275,0.05,0.09
"between_freedman_lane","diagnostic_n80","group",80,2,1200800,18,0.415,0.05,0.09
"between_freedman_lane","diagnostic_n80","group",80,2,1200800,19,0.0975,0.05,0.09
"between_freedman_lane","diagnostic_n80","group",80,2,1200800,20,0.9225,0.05,0.09
"between_freedman_lane","diagnostic_n80","group",80,2,1200800,21,0.2225,0.05,0.09
"between_freedman_lane","diagnostic_n80","group",80,2,1200800,22,0.2875,0.05,0.09
"between_freedman_lane","diagnostic_n80","group",80,2,1200800,23,0.815,0.05,0.09
"between_freedman_lane","diagnostic_n80","group",80,2,1200800,24,0.7725,0.05,0.09
"between_freedman_lane","diagnostic_n80","group",80,2,1200800,25,0.795,0.05,0.09
"between_freedman_lane","diagnostic_n80","group",80,2,1200800,26,0.905,0.05,0.09
"between_freedman_lane","diagnostic_n80","group",80,2,1200800,27,0.67,0.05,0.09
"between_freedman_lane","diagnostic_n80","group",80,2,1200800,28,0.985,0.05,0.09
"between_freedman_lane","diagnostic_n80","group",80,2,1200800,29,0.2525,0.05,0.09
"between_freedman_lane","diagnostic_n80","group",80,2,1200800,30,0.5875,0.05,0.09
"between_freedman_lane","diagnostic_n80","group",80,2,1200800,31,0.495,0.05,0.09
"between_freedman_lane","diagnostic_n80","group",80,2,1200800,32,0.3925,0.05,0.09
"between_freedman_lane","diagnostic_n80","group",80,2,1200800,33,0.6725,0.05,0.09
"between_freedman_lane","diagnostic_n80","group",80,2,1200800,34,0.995,0.05,0.09
"between_freedman_lane","diagnostic_n80","group",80,2,1200800,35,0.705,0.05,0.09
"between_freedman_lane","diagnostic_n80","group",80,2,1200800,36,0.1925,0.05,0.09
"between_freedman_lane","diagnostic_n80","group",80,2,1200800,37,0.195,0.05,0.09
"between_freedman_lane","diagnostic_n80","group",80,2,1200800,38,0.03,0.05,0.09
"between_freedman_lane","diagnostic_n80","group",80,2,1200800,39,0.1,0.05,0.09
"between_freedman_lane","diagnostic_n80","group",80,2,1200800,40,0.8625,0.05,0.09
"between_freedman_lane","diagnostic_n80","group",80,2,1200800,41,0.9,0.05,0.09
"between_freedman_lane","diagnostic_n80","group",80,2,1200800,42,0.415,0.05,0.09
"between_freedman_lane","diagnostic_n80","group",80,2,1200800,43,0.085,0.05,0.09
"between_freedman_lane","diagnostic_n80","group",80,2,1200800,44,0.5025,0.05,0.09
"between_freedman_lane","diagnostic_n80","group",80,2,1200800,45,0.38,0.05,0.09
"between_freedman_lane","diagnostic_n80","group",80,2,1200800,46,0.0875,0.05,0.09
"between_freedman_lane","diagnostic_n80","group",80,2,1200800,47,0.76,0.05,0.09
"between_freedman_lane","diagnostic_n80","group",80,2,1200800,48,0.9725,0.05,0.09
"between_freedman_lane","diagnostic_n80","group",80,2,1200800,49,0.355,0.05,0.09
"between_freedman_lane","diagnostic_n80","group",80,2,1200800,50,0.1425,0.05,0.09
"between_freedman_lane","diagnostic_n80","group",80,2,1200800,51,0.12,0.05,0.09
"between_freedman_lane","diagnostic_n80","group",80,2,1200800,52,0.9325,0.05,0.09
"between_freedman_lane","diagnostic_n80","group",80,2,1200800,53,0.805,0.05,0.09
"between_freedman_lane","diagnostic_n80","group",80,2,1200800,54,0.185,0.05,0.09
"between_freedman_lane","diagnostic_n80","group",80,2,1200800,55,0.395,0.05,0.09
"between_freedman_lane","diagnostic_n80","group",80,2,1200800,56,0.3075,0.05,0.09
"between_freedman_lane","diagnostic_n80","group",80,2,1200800,57,0.9725,0.05,0.09
"between_freedman_lane","diagnostic_n80","group",80,2,1200800,58,0.435,0.05,0.09
"between_freedman_lane","diagnostic_n80","group",80,2,1200800,59,0.2425,0.05,0.09
"between_freedman_lane","diagnostic_n80","group",80,2,1200800,60,0.295,0.05,0.09
"between_freedman_lane","diagnostic_n80","group",80,2,1200800,61,0.25,0.05,0.09
"between_freedman_lane","diagnostic_n80","group",80,2,1200800,62,0.19,0.05,0.09
"between_freedman_lane","diagnostic_n80","group",80,2,1200800,63,0.4225,0.05,0.09
"between_freedman_lane","diagnostic_n80","group",80,2,1200800,64,0.095,0.05,0.09
"between_freedman_lane","diagnostic_n80","group",80,2,1200800,65,0.2675,0.05,0.09
"between_freedman_lane","diagnostic_n80","group",80,2,1200800,66,0.9775,0.05,0.09
"between_freedman_lane","diagnostic_n80","group",80,2,1200800,67,0.5025,0.05,0.09
"between_freedman_lane","diagnostic_n80","group",80,2,1200800,68,0.2475,0.05,0.09
"between_freedman_lane","diagnostic_n80","group",80,2,1200800,69,0.695,0.05,0.09
"between_freedman_lane","diagnostic_n80","group",80,2,1200800,70,0.2325,0.05,0.09
"between_freedman_lane","diagnostic_n80","group",80,2,1200800,71,0.1225,0.05,0.09
"between_freedman_lane","diagnostic_n80","group",80,2,1200800,72,0.8375,0.05,0.09
"between_freedman_lane","diagnostic_n80","group",80,2,1200800,73,0.1225,0.05,0.09
"between_freedman_lane","diagnostic_n80","group",80,2,1200800,74,0.4075,0.05,0.09
"between_freedman_lane","diagnostic_n80","group",80,2,1200800,75,0.53,0.05,0.09
"between_freedman_lane","diagnostic_n80","group",80,2,1200800,76,0.97,0.05,0.09
"between_freedman_lane","diagnostic_n80","group",80,2,1200800,77,0.065,0.05,0.09
"between_freedman_lane","diagnostic_n80","group",80,2,1200800,78,0.4825,0.05,0.09
"between_freedman_lane","diagnostic_n80","group",80,2,1200800,79,0.9375,0.05,0.09
"between_freedman_lane","diagnostic_n80","group",80,2,1200800,80,0.4825,0.05,0.09
"between_freedman_lane","diagnostic_n80","group",80,2,1200800,81,0.14,0.05,0.09
"between_freedman_lane","diagnostic_n80","group",80,2,1200800,82,0.635,0.05,0.09
"between_freedman_lane","diagnostic_n80","group",80,2,1200800,83,0.98,0.05,0.09
"between_freedman_lane","diagnostic_n80","group",80,2,1200800,84,0.755,0.05,0.09
"between_freedman_lane","diagnostic_n80","group",80,2,1200800,85,0.1125,0.05,0.09
"between_freedman_lane","diagnostic_n80","group",80,2,1200800,86,0.145,0.05,0.09
"between_freedman_lane","diagnostic_n80","group",80,2,1200800,87,0.835,0.05,0.09
"between_freedman_lane","diagnostic_n80","group",80,2,1200800,88,0.085,0.05,0.09
"between_freedman_lane","diagnostic_n80","group",80,2,1200800,89,0.33,0.05,0.09
"between_freedman_lane","diagnostic_n80","group",80,2,1200800,90,0.2075,0.05,0.09
"between_freedman_lane","diagnostic_n80","group",80,2,1200800,91,0.395,0.05,0.09
"between_freedman_lane","diagnostic_n80","group",80,2,1200800,92,0.0425,0.05,0.09
"between_freedman_lane","diagnostic_n80","group",80,2,1200800,93,0.22,0.05,0.09
"between_freedman_lane","diagnostic_n80","group",80,2,1200800,94,0.22,0.05,0.09
"between_freedman_lane","diagnostic_n80","group",80,2,1200800,95,0.925,0.05,0.09
"between_freedman_lane","diagnostic_n80","group",80,2,1200800,96,0.4825,0.05,0.09
"between_freedman_lane","diagnostic_n80","group",80,2,1200800,97,0.73,0.05,0.09
"between_freedman_lane","diagnostic_n80","group",80,2,1200800,98,0.49,0.05,0.09
"between_freedman_lane","diagnostic_n80","group",80,2,1200800,99,0.4075,0.05,0.09
"between_freedman_lane","diagnostic_n80","group",80,2,1200800,100,0.6175,0.05,0.09
"between_freedman_lane","diagnostic_n80","trait",80,2,1200800,1,0.7425,0.05,0.09
"between_freedman_lane","diagnostic_n80","trait",80,2,1200800,2,0.275,0.05,0.09
"between_freedman_lane","diagnostic_n80","trait",80,2,1200800,3,0.9725,0.05,0.09
"between_freedman_lane","diagnostic_n80","trait",80,2,1200800,4,0.0575,0.05,0.09
"between_freedman_lane","diagnostic_n80","trait",80,2,1200800,5,0.47,0.05,0.09
"between_freedman_lane","diagnostic_n80","trait",80,2,1200800,6,0.745,0.05,0.09
"between_freedman_lane","diagnostic_n80","trait",80,2,1200800,7,0.1425,0.05,0.09
"between_freedman_lane","diagnostic_n80","trait",80,2,1200800,8,0.81,0.05,0.09
"between_freedman_lane","diagnostic_n80","trait",80,2,1200800,9,0.28,0.05,0.09
"between_freedman_lane","diagnostic_n80","trait",80,2,1200800,10,0.97,0.05,0.09
"between_freedman_lane","diagnostic_n80","trait",80,2,1200800,11,0.9675,0.05,0.09
"between_freedman_lane","diagnostic_n80","trait",80,2,1200800,12,0.425,0.05,0.09
"between_freedman_lane","diagnostic_n80","trait",80,2,1200800,13,0.51,0.05,0.09
"between_freedman_lane","diagnostic_n80","trait",80,2,1200800,14,0.03,0.05,0.09
"between_freedman_lane","diagnostic_n80","trait",80,2,1200800,15,0.2,0.05,0.09
"between_freedman_lane","diagnostic_n80","trait",80,2,1200800,16,0.72,0.05,0.09
"between_freedman_lane","diagnostic_n80","trait",80,2,1200800,17,0.93,0.05,0.09
"between_freedman_lane","diagnostic_n80","trait",80,2,1200800,18,0.1075,0.05,0.09
"between_freedman_lane","diagnostic_n80","trait",80,2,1200800,19,0.2725,0.05,0.09
"between_freedman_lane","diagnostic_n80","trait",80,2,1200800,20,0.5675,0.05,0.09
"between_freedman_lane","diagnostic_n80","trait",80,2,1200800,21,0.3,0.05,0.09
"between_freedman_lane","diagnostic_n80","trait",80,2,1200800,22,0.5775,0.05,0.09
"between_freedman_lane","diagnostic_n80","trait",80,2,1200800,23,0.4125,0.05,0.09
"between_freedman_lane","diagnostic_n80","trait",80,2,1200800,24,0.405,0.05,0.09
"between_freedman_lane","diagnostic_n80","trait",80,2,1200800,25,0.2875,0.05,0.09
"between_freedman_lane","diagnostic_n80","trait",80,2,1200800,26,0.42,0.05,0.09
"between_freedman_lane","diagnostic_n80","trait",80,2,1200800,27,0.8225,0.05,0.09
"between_freedman_lane","diagnostic_n80","trait",80,2,1200800,28,0.305,0.05,0.09
"between_freedman_lane","diagnostic_n80","trait",80,2,1200800,29,0.5875,0.05,0.09
"between_freedman_lane","diagnostic_n80","trait",80,2,1200800,30,0.4925,0.05,0.09
"between_freedman_lane","diagnostic_n80","trait",80,2,1200800,31,0.0025,0.05,0.09
"between_freedman_lane","diagnostic_n80","trait",80,2,1200800,32,0.3675,0.05,0.09
"between_freedman_lane","diagnostic_n80","trait",80,2,1200800,33,0.8425,0.05,0.09
"between_freedman_lane","diagnostic_n80","trait",80,2,1200800,34,0.0925,0.05,0.09
"between_freedman_lane","diagnostic_n80","trait",80,2,1200800,35,0.1875,0.05,0.09
"between_freedman_lane","diagnostic_n80","trait",80,2,1200800,36,0.645,0.05,0.09
"between_freedman_lane","diagnostic_n80","trait",80,2,1200800,37,0.5525,0.05,0.09
"between_freedman_lane","diagnostic_n80","trait",80,2,1200800,38,0.2125,0.05,0.09
"between_freedman_lane","diagnostic_n80","trait",80,2,1200800,39,0.34,0.05,0.09
"between_freedman_lane","diagnostic_n80","trait",80,2,1200800,40,0.8725,0.05,0.09
"between_freedman_lane","diagnostic_n80","trait",80,2,1200800,41,0.52,0.05,0.09
"between_freedman_lane","diagnostic_n80","trait",80,2,1200800,42,0.195,0.05,0.09
"between_freedman_lane","diagnostic_n80","trait",80,2,1200800,43,0.4575,0.05,0.09
"between_freedman_lane","diagnostic_n80","trait",80,2,1200800,44,0.6,0.05,0.09
"between_freedman_lane","diagnostic_n80","trait",80,2,1200800,45,0.685,0.05,0.09
"between_freedman_lane","diagnostic_n80","trait",80,2,1200800,46,0.165,0.05,0.09
"between_freedman_lane","diagnostic_n80","trait",80,2,1200800,47,0.275,0.05,0.09
"between_freedman_lane","diagnostic_n80","trait",80,2,1200800,48,0.2525,0.05,0.09
"between_freedman_lane","diagnostic_n80","trait",80,2,1200800,49,0.4575,0.05,0.09
"between_freedman_lane","diagnostic_n80","trait",80,2,1200800,50,0.7525,0.05,0.09
"between_freedman_lane","diagnostic_n80","trait",80,2,1200800,51,0.12,0.05,0.09
"between_freedman_lane","diagnostic_n80","trait",80,2,1200800,52,0.95,0.05,0.09
"between_freedman_lane","diagnostic_n80","trait",80,2,1200800,53,0.745,0.05,0.09
"between_freedman_lane","diagnostic_n80","trait",80,2,1200800,54,0.73,0.05,0.09
"between_freedman_lane","diagnostic_n80","trait",80,2,1200800,55,0.0675,0.05,0.09
"between_freedman_lane","diagnostic_n80","trait",80,2,1200800,56,0.1725,0.05,0.09
"between_freedman_lane","diagnostic_n80","trait",80,2,1200800,57,0.3875,0.05,0.09
"between_freedman_lane","diagnostic_n80","trait",80,2,1200800,58,0.7225,0.05,0.09
"between_freedman_lane","diagnostic_n80","trait",80,2,1200800,59,0.1375,0.05,0.09
"between_freedman_lane","diagnostic_n80","trait",80,2,1200800,60,0.6775,0.05,0.09
"between_freedman_lane","diagnostic_n80","trait",80,2,1200800,61,0.78,0.05,0.09
"between_freedman_lane","diagnostic_n80","trait",80,2,1200800,62,0.46,0.05,0.09
"between_freedman_lane","diagnostic_n80","trait",80,2,1200800,63,0.945,0.05,0.09
"between_freedman_lane","diagnostic_n80","trait",80,2,1200800,64,0.0175,0.05,0.09
"between_freedman_lane","diagnostic_n80","trait",80,2,1200800,65,0.93,0.05,0.09
"between_freedman_lane","diagnostic_n80","trait",80,2,1200800,66,0.1075,0.05,0.09
"between_freedman_lane","diagnostic_n80","trait",80,2,1200800,67,0.865,0.05,0.09
"between_freedman_lane","diagnostic_n80","trait",80,2,1200800,68,0.77,0.05,0.09
"between_freedman_lane","diagnostic_n80","trait",80,2,1200800,69,0.35,0.05,0.09
"between_freedman_lane","diagnostic_n80","trait",80,2,1200800,70,0.3125,0.05,0.09
"between_freedman_lane","diagnostic_n80","trait",80,2,1200800,71,0.84,0.05,0.09
"between_freedman_lane","diagnostic_n80","trait",80,2,1200800,72,0.18,0.05,0.09
"between_freedman_lane","diagnostic_n80","trait",80,2,1200800,73,0.2875,0.05,0.09
"between_freedman_lane","diagnostic_n80","trait",80,2,1200800,74,0.68,0.05,0.09
"between_freedman_lane","diagnostic_n80","trait",80,2,1200800,75,0.7175,0.05,0.09
"between_freedman_lane","diagnostic_n80","trait",80,2,1200800,76,0.71,0.05,0.09
"between_freedman_lane","diagnostic_n80","trait",80,2,1200800,77,0.21,0.05,0.09
"between_freedman_lane","diagnostic_n80","trait",80,2,1200800,78,0.7975,0.05,0.09
"between_freedman_lane","diagnostic_n80","trait",80,2,1200800,79,0.4725,0.05,0.09
"between_freedman_lane","diagnostic_n80","trait",80,2,1200800,80,0.12,0.05,0.09
"between_freedman_lane","diagnostic_n80","trait",80,2,1200800,81,0.995,0.05,0.09
"between_freedman_lane","diagnostic_n80","trait",80,2,1200800,82,0.3275,0.05,0.09
"between_freedman_lane","diagnostic_n80","trait",80,2,1200800,83,0.2875,0.05,0.09
"between_freedman_lane","diagnostic_n80","trait",80,2,1200800,84,0.4325,0.05,0.09
"between_freedman_lane","diagnostic_n80","trait",80,2,1200800,85,0.9,0.05,0.09
"between_freedman_lane","diagnostic_n80","trait",80,2,1200800,86,0.8425,0.05,0.09
"between_freedman_lane","diagnostic_n80","trait",80,2,1200800,87,0.575,0.05,0.09
"between_freedman_lane","diagnostic_n80","trait",80,2,1200800,88,0.5925,0.05,0.09
"between_freedman_lane","diagnostic_n80","trait",80,2,1200800,89,0.8,0.05,0.09
"between_freedman_lane","diagnostic_n80","trait",80,2,1200800,90,0.5725,0.05,0.09
"between_freedman_lane","diagnostic_n80","trait",80,2,1200800,91,0.7425,0.05,0.09
"between_freedman_lane","diagnostic_n80","trait",80,2,1200800,92,0.9925,0.05,0.09
"between_freedman_lane","diagnostic_n80","trait",80,2,1200800,93,0.465,0.05,0.09
"between_freedman_lane","diagnostic_n80","trait",80,2,1200800,94,0.86,0.05,0.09
"between_freedman_lane","diagnostic_n80","trait",80,2,1200800,95,0.1025,0.05,0.09
"between_freedman_lane","diagnostic_n80","trait",80,2,1200800,96,0.0875,0.05,0.09
"between_freedman_lane","diagnostic_n80","trait",80,2,1200800,97,0.825,0.05,0.09
"between_freedman_lane","diagnostic_n80","trait",80,2,1200800,98,0.4225,0.05,0.09
"between_freedman_lane","diagnostic_n80","trait",80,2,1200800,99,0.3875,0.05,0.09
"between_freedman_lane","diagnostic_n80","trait",80,2,1200800,100,0.375,0.05,0.09
"between_freedman_lane","diagnostic_n80","group:trait",80,2,1200800,1,0.365,0.05,0.09
"between_freedman_lane","diagnostic_n80","group:trait",80,2,1200800,2,0.255,0.05,0.09
"between_freedman_lane","diagnostic_n80","group:trait",80,2,1200800,3,0.565,0.05,0.09
"between_freedman_lane","diagnostic_n80","group:trait",80,2,1200800,4,0.125,0.05,0.09
"between_freedman_lane","diagnostic_n80","group:trait",80,2,1200800,5,0.81,0.05,0.09
"between_freedman_lane","diagnostic_n80","group:trait",80,2,1200800,6,0.3075,0.05,0.09
"between_freedman_lane","diagnostic_n80","group:trait",80,2,1200800,7,0.0125,0.05,0.09
"between_freedman_lane","diagnostic_n80","group:trait",80,2,1200800,8,0.37,0.05,0.09
"between_freedman_lane","diagnostic_n80","group:trait",80,2,1200800,9,0.3825,0.05,0.09
"between_freedman_lane","diagnostic_n80","group:trait",80,2,1200800,10,0.6925,0.05,0.09
"between_freedman_lane","diagnostic_n80","group:trait",80,2,1200800,11,0.87,0.05,0.09
"between_freedman_lane","diagnostic_n80","group:trait",80,2,1200800,12,0.005,0.05,0.09
"between_freedman_lane","diagnostic_n80","group:trait",80,2,1200800,13,0.6575,0.05,0.09
"between_freedman_lane","diagnostic_n80","group:trait",80,2,1200800,14,0.0575,0.05,0.09
"between_freedman_lane","diagnostic_n80","group:trait",80,2,1200800,15,0.2825,0.05,0.09
"between_freedman_lane","diagnostic_n80","group:trait",80,2,1200800,16,0.67,0.05,0.09
"between_freedman_lane","diagnostic_n80","group:trait",80,2,1200800,17,0.4275,0.05,0.09
"between_freedman_lane","diagnostic_n80","group:trait",80,2,1200800,18,0.1175,0.05,0.09
"between_freedman_lane","diagnostic_n80","group:trait",80,2,1200800,19,0.6575,0.05,0.09
"between_freedman_lane","diagnostic_n80","group:trait",80,2,1200800,20,0.715,0.05,0.09
"between_freedman_lane","diagnostic_n80","group:trait",80,2,1200800,21,0.0925,0.05,0.09
"between_freedman_lane","diagnostic_n80","group:trait",80,2,1200800,22,0.845,0.05,0.09
"between_freedman_lane","diagnostic_n80","group:trait",80,2,1200800,23,0.5875,0.05,0.09
"between_freedman_lane","diagnostic_n80","group:trait",80,2,1200800,24,0.5525,0.05,0.09
"between_freedman_lane","diagnostic_n80","group:trait",80,2,1200800,25,0.7875,0.05,0.09
"between_freedman_lane","diagnostic_n80","group:trait",80,2,1200800,26,0.435,0.05,0.09
"between_freedman_lane","diagnostic_n80","group:trait",80,2,1200800,27,0.645,0.05,0.09
"between_freedman_lane","diagnostic_n80","group:trait",80,2,1200800,28,0.32,0.05,0.09
"between_freedman_lane","diagnostic_n80","group:trait",80,2,1200800,29,0.025,0.05,0.09
"between_freedman_lane","diagnostic_n80","group:trait",80,2,1200800,30,0.91,0.05,0.09
"between_freedman_lane","diagnostic_n80","group:trait",80,2,1200800,31,0.0625,0.05,0.09
"between_freedman_lane","diagnostic_n80","group:trait",80,2,1200800,32,0.1225,0.05,0.09
"between_freedman_lane","diagnostic_n80","group:trait",80,2,1200800,33,0.13,0.05,0.09
"between_freedman_lane","diagnostic_n80","group:trait",80,2,1200800,34,0.255,0.05,0.09
"between_freedman_lane","diagnostic_n80","group:trait",80,2,1200800,35,0.4625,0.05,0.09
"between_freedman_lane","diagnostic_n80","group:trait",80,2,1200800,36,0.7475,0.05,0.09
"between_freedman_lane","diagnostic_n80","group:trait",80,2,1200800,37,0.9475,0.05,0.09
"between_freedman_lane","diagnostic_n80","group:trait",80,2,1200800,38,0.1075,0.05,0.09
"between_freedman_lane","diagnostic_n80","group:trait",80,2,1200800,39,0.1925,0.05,0.09
"between_freedman_lane","diagnostic_n80","group:trait",80,2,1200800,40,0.715,0.05,0.09
"between_freedman_lane","diagnostic_n80","group:trait",80,2,1200800,41,0.94,0.05,0.09
"between_freedman_lane","diagnostic_n80","group:trait",80,2,1200800,42,0.34,0.05,0.09
"between_freedman_lane","diagnostic_n80","group:trait",80,2,1200800,43,0.6375,0.05,0.09
"between_freedman_lane","diagnostic_n80","group:trait",80,2,1200800,44,0.3325,0.05,0.09
"between_freedman_lane","diagnostic_n80","group:trait",80,2,1200800,45,0.9575,0.05,0.09
"between_freedman_lane","diagnostic_n80","group:trait",80,2,1200800,46,0.1575,0.05,0.09
"between_freedman_lane","diagnostic_n80","group:trait",80,2,1200800,47,0.685,0.05,0.09
"between_freedman_lane","diagnostic_n80","group:trait",80,2,1200800,48,0.2975,0.05,0.09
"between_freedman_lane","diagnostic_n80","group:trait",80,2,1200800,49,0.9125,0.05,0.09
"between_freedman_lane","diagnostic_n80","group:trait",80,2,1200800,50,0.38,0.05,0.09
"between_freedman_lane","diagnostic_n80","group:trait",80,2,1200800,51,0.005,0.05,0.09
"between_freedman_lane","diagnostic_n80","group:trait",80,2,1200800,52,0.9525,0.05,0.09
"between_freedman_lane","diagnostic_n80","group:trait",80,2,1200800,53,0.325,0.05,0.09
"between_freedman_lane","diagnostic_n80","group:trait",80,2,1200800,54,0.9475,0.05,0.09
"between_freedman_lane","diagnostic_n80","group:trait",80,2,1200800,55,0.025,0.05,0.09
"between_freedman_lane","diagnostic_n80","group:trait",80,2,1200800,56,0.5525,0.05,0.09
"between_freedman_lane","diagnostic_n80","group:trait",80,2,1200800,57,0.6625,0.05,0.09
"between_freedman_lane","diagnostic_n80","group:trait",80,2,1200800,58,0.3075,0.05,0.09
"between_freedman_lane","diagnostic_n80","group:trait",80,2,1200800,59,0.6675,0.05,0.09
"between_freedman_lane","diagnostic_n80","group:trait",80,2,1200800,60,0.5575,0.05,0.09
"between_freedman_lane","diagnostic_n80","group:trait",80,2,1200800,61,0.415,0.05,0.09
"between_freedman_lane","diagnostic_n80","group:trait",80,2,1200800,62,0.4925,0.05,0.09
"between_freedman_lane","diagnostic_n80","group:trait",80,2,1200800,63,0.3525,0.05,0.09
"between_freedman_lane","diagnostic_n80","group:trait",80,2,1200800,64,0.02,0.05,0.09
"between_freedman_lane","diagnostic_n80","group:trait",80,2,1200800,65,0.5325,0.05,0.09
"between_freedman_lane","diagnostic_n80","group:trait",80,2,1200800,66,0.04,0.05,0.09
"between_freedman_lane","diagnostic_n80","group:trait",80,2,1200800,67,0.855,0.05,0.09
"between_freedman_lane","diagnostic_n80","group:trait",80,2,1200800,68,0.655,0.05,0.09
"between_freedman_lane","diagnostic_n80","group:trait",80,2,1200800,69,0.47,0.05,0.09
"between_freedman_lane","diagnostic_n80","group:trait",80,2,1200800,70,0.4575,0.05,0.09
"between_freedman_lane","diagnostic_n80","group:trait",80,2,1200800,71,0.935,0.05,0.09
"between_freedman_lane","diagnostic_n80","group:trait",80,2,1200800,72,0.93,0.05,0.09
"between_freedman_lane","diagnostic_n80","group:trait",80,2,1200800,73,0.475,0.05,0.09
"between_freedman_lane","diagnostic_n80","group:trait",80,2,1200800,74,0.82,0.05,0.09
"between_freedman_lane","diagnostic_n80","group:trait",80,2,1200800,75,0.7675,0.05,0.09
"between_freedman_lane","diagnostic_n80","group:trait",80,2,1200800,76,0.6425,0.05,0.09
"between_freedman_lane","diagnostic_n80","group:trait",80,2,1200800,77,0.295,0.05,0.09
"between_freedman_lane","diagnostic_n80","group:trait",80,2,1200800,78,0.725,0.05,0.09
"between_freedman_lane","diagnostic_n80","group:trait",80,2,1200800,79,0.3175,0.05,0.09
"between_freedman_lane","diagnostic_n80","group:trait",80,2,1200800,80,0.08,0.05,0.09
"between_freedman_lane","diagnostic_n80","group:trait",80,2,1200800,81,0.7875,0.05,0.09
"between_freedman_lane","diagnostic_n80","group:trait",80,2,1200800,82,0.4775,0.05,0.09
"between_freedman_lane","diagnostic_n80","group:trait",80,2,1200800,83,0.0475,0.05,0.09
"between_freedman_lane","diagnostic_n80","group:trait",80,2,1200800,84,0.2875,0.05,0.09
"between_freedman_lane","diagnostic_n80","group:trait",80,2,1200800,85,0.4625,0.05,0.09
"between_freedman_lane","diagnostic_n80","group:trait",80,2,1200800,86,0.5275,0.05,0.09
"between_freedman_lane","diagnostic_n80","group:trait",80,2,1200800,87,0.5525,0.05,0.09
"between_freedman_lane","diagnostic_n80","group:trait",80,2,1200800,88,0.845,0.05,0.09
"between_freedman_lane","diagnostic_n80","group:trait",80,2,1200800,89,0.455,0.05,0.09
"between_freedman_lane","diagnostic_n80","group:trait",80,2,1200800,90,0.9925,0.05,0.09
"between_freedman_lane","diagnostic_n80","group:trait",80,2,1200800,91,0.5325,0.05,0.09
"between_freedman_lane","diagnostic_n80","group:trait",80,2,1200800,92,0.3425,0.05,0.09
"between_freedman_lane","diagnostic_n80","group:trait",80,2,1200800,93,0.4725,0.05,0.09
"between_freedman_lane","diagnostic_n80","group:trait",80,2,1200800,94,0.465,0.05,0.09
"between_freedman_lane","diagnostic_n80","group:trait",80,2,1200800,95,0.17,0.05,0.09
"between_freedman_lane","diagnostic_n80","group:trait",80,2,1200800,96,0.275,0.05,0.09
"between_freedman_lane","diagnostic_n80","group:trait",80,2,1200800,97,0.61,0.05,0.09
"between_freedman_lane","diagnostic_n80","group:trait",80,2,1200800,98,0.505,0.05,0.09
"between_freedman_lane","diagnostic_n80","group:trait",80,2,1200800,99,0.51,0.05,0.09
"between_freedman_lane","diagnostic_n80","group:trait",80,2,1200800,100,0.145,0.05,0.09
"between_freedman_lane","diagnostic_n80","group",80,3,1300800,1,0.76,0.05,0.09
"between_freedman_lane","diagnostic_n80","group",80,3,1300800,2,0.925,0.05,0.09
"between_freedman_lane","diagnostic_n80","group",80,3,1300800,3,0.9875,0.05,0.09
"between_freedman_lane","diagnostic_n80","group",80,3,1300800,4,0.2725,0.05,0.09
"between_freedman_lane","diagnostic_n80","group",80,3,1300800,5,0.3325,0.05,0.09
"between_freedman_lane","diagnostic_n80","group",80,3,1300800,6,0.265,0.05,0.09
"between_freedman_lane","diagnostic_n80","group",80,3,1300800,7,0.2675,0.05,0.09
"between_freedman_lane","diagnostic_n80","group",80,3,1300800,8,0.9,0.05,0.09
"between_freedman_lane","diagnostic_n80","group",80,3,1300800,9,0.105,0.05,0.09
"between_freedman_lane","diagnostic_n80","group",80,3,1300800,10,0.5275,0.05,0.09
"between_freedman_lane","diagnostic_n80","group",80,3,1300800,11,0.23,0.05,0.09
"between_freedman_lane","diagnostic_n80","group",80,3,1300800,12,0.45,0.05,0.09
"between_freedman_lane","diagnostic_n80","group",80,3,1300800,13,0.5125,0.05,0.09
"between_freedman_lane","diagnostic_n80","group",80,3,1300800,14,0.09,0.05,0.09
"between_freedman_lane","diagnostic_n80","group",80,3,1300800,15,0.85,0.05,0.09
"between_freedman_lane","diagnostic_n80","group",80,3,1300800,16,0.7725,0.05,0.09
"between_freedman_lane","diagnostic_n80","group",80,3,1300800,17,0.28,0.05,0.09
"between_freedman_lane","diagnostic_n80","group",80,3,1300800,18,0.37,0.05,0.09
"between_freedman_lane","diagnostic_n80","group",80,3,1300800,19,0.315,0.05,0.09
"between_freedman_lane","diagnostic_n80","group",80,3,1300800,20,0.63,0.05,0.09
"between_freedman_lane","diagnostic_n80","group",80,3,1300800,21,0.8575,0.05,0.09
"between_freedman_lane","diagnostic_n80","group",80,3,1300800,22,0.9325,0.05,0.09
"between_freedman_lane","diagnostic_n80","group",80,3,1300800,23,0.8375,0.05,0.09
"between_freedman_lane","diagnostic_n80","group",80,3,1300800,24,0.6425,0.05,0.09
"between_freedman_lane","diagnostic_n80","group",80,3,1300800,25,0.635,0.05,0.09
"between_freedman_lane","diagnostic_n80","group",80,3,1300800,26,0.44,0.05,0.09
"between_freedman_lane","diagnostic_n80","group",80,3,1300800,27,0.6775,0.05,0.09
"between_freedman_lane","diagnostic_n80","group",80,3,1300800,28,0.88,0.05,0.09
"between_freedman_lane","diagnostic_n80","group",80,3,1300800,29,0.3025,0.05,0.09
"between_freedman_lane","diagnostic_n80","group",80,3,1300800,30,0.4825,0.05,0.09
"between_freedman_lane","diagnostic_n80","group",80,3,1300800,31,0.58,0.05,0.09
"between_freedman_lane","diagnostic_n80","group",80,3,1300800,32,0.1875,0.05,0.09
"between_freedman_lane","diagnostic_n80","group",80,3,1300800,33,0.2625,0.05,0.09
"between_freedman_lane","diagnostic_n80","group",80,3,1300800,34,0.6075,0.05,0.09
"between_freedman_lane","diagnostic_n80","group",80,3,1300800,35,0.105,0.05,0.09
"between_freedman_lane","diagnostic_n80","group",80,3,1300800,36,0.3875,0.05,0.09
"between_freedman_lane","diagnostic_n80","group",80,3,1300800,37,0.34,0.05,0.09
"between_freedman_lane","diagnostic_n80","group",80,3,1300800,38,0.5725,0.05,0.09
"between_freedman_lane","diagnostic_n80","group",80,3,1300800,39,0.34,0.05,0.09
"between_freedman_lane","diagnostic_n80","group",80,3,1300800,40,0.34,0.05,0.09
"between_freedman_lane","diagnostic_n80","group",80,3,1300800,41,0.1875,0.05,0.09
"between_freedman_lane","diagnostic_n80","group",80,3,1300800,42,0.3975,0.05,0.09
"between_freedman_lane","diagnostic_n80","group",80,3,1300800,43,0.3925,0.05,0.09
"between_freedman_lane","diagnostic_n80","group",80,3,1300800,44,0.8025,0.05,0.09
"between_freedman_lane","diagnostic_n80","group",80,3,1300800,45,0.7975,0.05,0.09
"between_freedman_lane","diagnostic_n80","group",80,3,1300800,46,0.9875,0.05,0.09
"between_freedman_lane","diagnostic_n80","group",80,3,1300800,47,0.93,0.05,0.09
"between_freedman_lane","diagnostic_n80","group",80,3,1300800,48,0.0925,0.05,0.09
"between_freedman_lane","diagnostic_n80","group",80,3,1300800,49,0.7225,0.05,0.09
"between_freedman_lane","diagnostic_n80","group",80,3,1300800,50,0.6925,0.05,0.09
"between_freedman_lane","diagnostic_n80","group",80,3,1300800,51,0.945,0.05,0.09
"between_freedman_lane","diagnostic_n80","group",80,3,1300800,52,0.4675,0.05,0.09
"between_freedman_lane","diagnostic_n80","group",80,3,1300800,53,0.655,0.05,0.09
"between_freedman_lane","diagnostic_n80","group",80,3,1300800,54,0.515,0.05,0.09
"between_freedman_lane","diagnostic_n80","group",80,3,1300800,55,0.715,0.05,0.09
"between_freedman_lane","diagnostic_n80","group",80,3,1300800,56,0.565,0.05,0.09
"between_freedman_lane","diagnostic_n80","group",80,3,1300800,57,0.7925,0.05,0.09
"between_freedman_lane","diagnostic_n80","group",80,3,1300800,58,0.5475,0.05,0.09
"between_freedman_lane","diagnostic_n80","group",80,3,1300800,59,0.11,0.05,0.09
"between_freedman_lane","diagnostic_n80","group",80,3,1300800,60,0.63,0.05,0.09
"between_freedman_lane","diagnostic_n80","group",80,3,1300800,61,0.5775,0.05,0.09
"between_freedman_lane","diagnostic_n80","group",80,3,1300800,62,0.8225,0.05,0.09
"between_freedman_lane","diagnostic_n80","group",80,3,1300800,63,0.065,0.05,0.09
"between_freedman_lane","diagnostic_n80","group",80,3,1300800,64,0.455,0.05,0.09
"between_freedman_lane","diagnostic_n80","group",80,3,1300800,65,0.8975,0.05,0.09
"between_freedman_lane","diagnostic_n80","group",80,3,1300800,66,0.85,0.05,0.09
"between_freedman_lane","diagnostic_n80","group",80,3,1300800,67,0.185,0.05,0.09
"between_freedman_lane","diagnostic_n80","group",80,3,1300800,68,0.4575,0.05,0.09
"between_freedman_lane","diagnostic_n80","group",80,3,1300800,69,0.67,0.05,0.09
"between_freedman_lane","diagnostic_n80","group",80,3,1300800,70,0.895,0.05,0.09
"between_freedman_lane","diagnostic_n80","group",80,3,1300800,71,0.8325,0.05,0.09
"between_freedman_lane","diagnostic_n80","group",80,3,1300800,72,0.8725,0.05,0.09
"between_freedman_lane","diagnostic_n80","group",80,3,1300800,73,0.8025,0.05,0.09
"between_freedman_lane","diagnostic_n80","group",80,3,1300800,74,0.235,0.05,0.09
"between_freedman_lane","diagnostic_n80","group",80,3,1300800,75,0.525,0.05,0.09
"between_freedman_lane","diagnostic_n80","group",80,3,1300800,76,0.945,0.05,0.09
"between_freedman_lane","diagnostic_n80","group",80,3,1300800,77,0.625,0.05,0.09
"between_freedman_lane","diagnostic_n80","group",80,3,1300800,78,0.7775,0.05,0.09
"between_freedman_lane","diagnostic_n80","group",80,3,1300800,79,0.37,0.05,0.09
"between_freedman_lane","diagnostic_n80","group",80,3,1300800,80,0.8775,0.05,0.09
"between_freedman_lane","diagnostic_n80","group",80,3,1300800,81,0.865,0.05,0.09
"between_freedman_lane","diagnostic_n80","group",80,3,1300800,82,0.9425,0.05,0.09
"between_freedman_lane","diagnostic_n80","group",80,3,1300800,83,0.715,0.05,0.09
"between_freedman_lane","diagnostic_n80","group",80,3,1300800,84,0.225,0.05,0.09
"between_freedman_lane","diagnostic_n80","group",80,3,1300800,85,0.3025,0.05,0.09
"between_freedman_lane","diagnostic_n80","group",80,3,1300800,86,0.0925,0.05,0.09
"between_freedman_lane","diagnostic_n80","group",80,3,1300800,87,0.4025,0.05,0.09
"between_freedman_lane","diagnostic_n80","group",80,3,1300800,88,0.6875,0.05,0.09
"between_freedman_lane","diagnostic_n80","group",80,3,1300800,89,0.885,0.05,0.09
"between_freedman_lane","diagnostic_n80","group",80,3,1300800,90,0.6925,0.05,0.09
"between_freedman_lane","diagnostic_n80","group",80,3,1300800,91,0.535,0.05,0.09
"between_freedman_lane","diagnostic_n80","group",80,3,1300800,92,0.475,0.05,0.09
"between_freedman_lane","diagnostic_n80","group",80,3,1300800,93,0.6,0.05,0.09
"between_freedman_lane","diagnostic_n80","group",80,3,1300800,94,0.4425,0.05,0.09
"between_freedman_lane","diagnostic_n80","group",80,3,1300800,95,0.7925,0.05,0.09
"between_freedman_lane","diagnostic_n80","group",80,3,1300800,96,0.4675,0.05,0.09
"between_freedman_lane","diagnostic_n80","group",80,3,1300800,97,0.575,0.05,0.09
"between_freedman_lane","diagnostic_n80","group",80,3,1300800,98,0.625,0.05,0.09
"between_freedman_lane","diagnostic_n80","group",80,3,1300800,99,0.045,0.05,0.09
"between_freedman_lane","diagnostic_n80","group",80,3,1300800,100,0.18,0.05,0.09
"between_freedman_lane","diagnostic_n80","trait",80,3,1300800,1,0.8825,0.05,0.09
"between_freedman_lane","diagnostic_n80","trait",80,3,1300800,2,0.0525,0.05,0.09
"between_freedman_lane","diagnostic_n80","trait",80,3,1300800,3,0.0175,0.05,0.09
"between_freedman_lane","diagnostic_n80","trait",80,3,1300800,4,0.415,0.05,0.09
"between_freedman_lane","diagnostic_n80","trait",80,3,1300800,5,0.9075,0.05,0.09
"between_freedman_lane","diagnostic_n80","trait",80,3,1300800,6,0.85,0.05,0.09
"between_freedman_lane","diagnostic_n80","trait",80,3,1300800,7,0.69,0.05,0.09
"between_freedman_lane","diagnostic_n80","trait",80,3,1300800,8,0.79,0.05,0.09
"between_freedman_lane","diagnostic_n80","trait",80,3,1300800,9,0.04,0.05,0.09
"between_freedman_lane","diagnostic_n80","trait",80,3,1300800,10,0.2575,0.05,0.09
"between_freedman_lane","diagnostic_n80","trait",80,3,1300800,11,0.53,0.05,0.09
"between_freedman_lane","diagnostic_n80","trait",80,3,1300800,12,0.375,0.05,0.09
"between_freedman_lane","diagnostic_n80","trait",80,3,1300800,13,0.1775,0.05,0.09
"between_freedman_lane","diagnostic_n80","trait",80,3,1300800,14,0.3225,0.05,0.09
"between_freedman_lane","diagnostic_n80","trait",80,3,1300800,15,0.125,0.05,0.09
"between_freedman_lane","diagnostic_n80","trait",80,3,1300800,16,0.66,0.05,0.09
"between_freedman_lane","diagnostic_n80","trait",80,3,1300800,17,0.395,0.05,0.09
"between_freedman_lane","diagnostic_n80","trait",80,3,1300800,18,0.1025,0.05,0.09
"between_freedman_lane","diagnostic_n80","trait",80,3,1300800,19,0.0225,0.05,0.09
"between_freedman_lane","diagnostic_n80","trait",80,3,1300800,20,0.5325,0.05,0.09
"between_freedman_lane","diagnostic_n80","trait",80,3,1300800,21,0.865,0.05,0.09
"between_freedman_lane","diagnostic_n80","trait",80,3,1300800,22,0.605,0.05,0.09
"between_freedman_lane","diagnostic_n80","trait",80,3,1300800,23,0.595,0.05,0.09
"between_freedman_lane","diagnostic_n80","trait",80,3,1300800,24,0.86,0.05,0.09
"between_freedman_lane","diagnostic_n80","trait",80,3,1300800,25,0.91,0.05,0.09
"between_freedman_lane","diagnostic_n80","trait",80,3,1300800,26,0.6975,0.05,0.09
"between_freedman_lane","diagnostic_n80","trait",80,3,1300800,27,0.765,0.05,0.09
"between_freedman_lane","diagnostic_n80","trait",80,3,1300800,28,0.8925,0.05,0.09
"between_freedman_lane","diagnostic_n80","trait",80,3,1300800,29,0.665,0.05,0.09
"between_freedman_lane","diagnostic_n80","trait",80,3,1300800,30,0.67,0.05,0.09
"between_freedman_lane","diagnostic_n80","trait",80,3,1300800,31,0.02,0.05,0.09
"between_freedman_lane","diagnostic_n80","trait",80,3,1300800,32,0.2525,0.05,0.09
"between_freedman_lane","diagnostic_n80","trait",80,3,1300800,33,0.2875,0.05,0.09
"between_freedman_lane","diagnostic_n80","trait",80,3,1300800,34,0.435,0.05,0.09
"between_freedman_lane","diagnostic_n80","trait",80,3,1300800,35,0.2975,0.05,0.09
"between_freedman_lane","diagnostic_n80","trait",80,3,1300800,36,0.6225,0.05,0.09
"between_freedman_lane","diagnostic_n80","trait",80,3,1300800,37,0.8925,0.05,0.09
"between_freedman_lane","diagnostic_n80","trait",80,3,1300800,38,0.185,0.05,0.09
"between_freedman_lane","diagnostic_n80","trait",80,3,1300800,39,0.225,0.05,0.09
"between_freedman_lane","diagnostic_n80","trait",80,3,1300800,40,0.475,0.05,0.09
"between_freedman_lane","diagnostic_n80","trait",80,3,1300800,41,0.71,0.05,0.09
"between_freedman_lane","diagnostic_n80","trait",80,3,1300800,42,0.2175,0.05,0.09
"between_freedman_lane","diagnostic_n80","trait",80,3,1300800,43,0.0575,0.05,0.09
"between_freedman_lane","diagnostic_n80","trait",80,3,1300800,44,0.285,0.05,0.09
"between_freedman_lane","diagnostic_n80","trait",80,3,1300800,45,0.4125,0.05,0.09
"between_freedman_lane","diagnostic_n80","trait",80,3,1300800,46,0.8525,0.05,0.09
"between_freedman_lane","diagnostic_n80","trait",80,3,1300800,47,0.965,0.05,0.09
"between_freedman_lane","diagnostic_n80","trait",80,3,1300800,48,0.96,0.05,0.09
"between_freedman_lane","diagnostic_n80","trait",80,3,1300800,49,0.03,0.05,0.09
"between_freedman_lane","diagnostic_n80","trait",80,3,1300800,50,0.325,0.05,0.09
"between_freedman_lane","diagnostic_n80","trait",80,3,1300800,51,0.24,0.05,0.09
"between_freedman_lane","diagnostic_n80","trait",80,3,1300800,52,0.905,0.05,0.09
"between_freedman_lane","diagnostic_n80","trait",80,3,1300800,53,0.2625,0.05,0.09
"between_freedman_lane","diagnostic_n80","trait",80,3,1300800,54,0.645,0.05,0.09
"between_freedman_lane","diagnostic_n80","trait",80,3,1300800,55,0.8175,0.05,0.09
"between_freedman_lane","diagnostic_n80","trait",80,3,1300800,56,0.5075,0.05,0.09
"between_freedman_lane","diagnostic_n80","trait",80,3,1300800,57,0.35,0.05,0.09
"between_freedman_lane","diagnostic_n80","trait",80,3,1300800,58,0.3,0.05,0.09
"between_freedman_lane","diagnostic_n80","trait",80,3,1300800,59,0.1425,0.05,0.09
"between_freedman_lane","diagnostic_n80","trait",80,3,1300800,60,0.4575,0.05,0.09
"between_freedman_lane","diagnostic_n80","trait",80,3,1300800,61,0.775,0.05,0.09
"between_freedman_lane","diagnostic_n80","trait",80,3,1300800,62,0.3725,0.05,0.09
"between_freedman_lane","diagnostic_n80","trait",80,3,1300800,63,0.395,0.05,0.09
"between_freedman_lane","diagnostic_n80","trait",80,3,1300800,64,0.9275,0.05,0.09
"between_freedman_lane","diagnostic_n80","trait",80,3,1300800,65,0.38,0.05,0.09
"between_freedman_lane","diagnostic_n80","trait",80,3,1300800,66,0.7625,0.05,0.09
"between_freedman_lane","diagnostic_n80","trait",80,3,1300800,67,0.5425,0.05,0.09
"between_freedman_lane","diagnostic_n80","trait",80,3,1300800,68,0.635,0.05,0.09
"between_freedman_lane","diagnostic_n80","trait",80,3,1300800,69,0.52,0.05,0.09
"between_freedman_lane","diagnostic_n80","trait",80,3,1300800,70,0.6725,0.05,0.09
"between_freedman_lane","diagnostic_n80","trait",80,3,1300800,71,0.705,0.05,0.09
"between_freedman_lane","diagnostic_n80","trait",80,3,1300800,72,0.7975,0.05,0.09
"between_freedman_lane","diagnostic_n80","trait",80,3,1300800,73,0.31,0.05,0.09
"between_freedman_lane","diagnostic_n80","trait",80,3,1300800,74,0.855,0.05,0.09
"between_freedman_lane","diagnostic_n80","trait",80,3,1300800,75,0.2525,0.05,0.09
"between_freedman_lane","diagnostic_n80","trait",80,3,1300800,76,0.9775,0.05,0.09
"between_freedman_lane","diagnostic_n80","trait",80,3,1300800,77,0.885,0.05,0.09
"between_freedman_lane","diagnostic_n80","trait",80,3,1300800,78,0.7975,0.05,0.09
"between_freedman_lane","diagnostic_n80","trait",80,3,1300800,79,0.3825,0.05,0.09
"between_freedman_lane","diagnostic_n80","trait",80,3,1300800,80,0.7575,0.05,0.09
"between_freedman_lane","diagnostic_n80","trait",80,3,1300800,81,0.6,0.05,0.09
"between_freedman_lane","diagnostic_n80","trait",80,3,1300800,82,0.23,0.05,0.09
"between_freedman_lane","diagnostic_n80","trait",80,3,1300800,83,0.5175,0.05,0.09
"between_freedman_lane","diagnostic_n80","trait",80,3,1300800,84,0.7925,0.05,0.09
"between_freedman_lane","diagnostic_n80","trait",80,3,1300800,85,0.5225,0.05,0.09
"between_freedman_lane","diagnostic_n80","trait",80,3,1300800,86,0.695,0.05,0.09
"between_freedman_lane","diagnostic_n80","trait",80,3,1300800,87,0.8025,0.05,0.09
"between_freedman_lane","diagnostic_n80","trait",80,3,1300800,88,0.97,0.05,0.09
"between_freedman_lane","diagnostic_n80","trait",80,3,1300800,89,0.1,0.05,0.09
"between_freedman_lane","diagnostic_n80","trait",80,3,1300800,90,0.28,0.05,0.09
"between_freedman_lane","diagnostic_n80","trait",80,3,1300800,91,0.26,0.05,0.09
"between_freedman_lane","diagnostic_n80","trait",80,3,1300800,92,0.51,0.05,0.09
"between_freedman_lane","diagnostic_n80","trait",80,3,1300800,93,0.7575,0.05,0.09
"between_freedman_lane","diagnostic_n80","trait",80,3,1300800,94,0.7575,0.05,0.09
"between_freedman_lane","diagnostic_n80","trait",80,3,1300800,95,0.415,0.05,0.09
"between_freedman_lane","diagnostic_n80","trait",80,3,1300800,96,0.57,0.05,0.09
"between_freedman_lane","diagnostic_n80","trait",80,3,1300800,97,0.335,0.05,0.09
"between_freedman_lane","diagnostic_n80","trait",80,3,1300800,98,0.5625,0.05,0.09
"between_freedman_lane","diagnostic_n80","trait",80,3,1300800,99,0.4775,0.05,0.09
"between_freedman_lane","diagnostic_n80","trait",80,3,1300800,100,0.2125,0.05,0.09
"between_freedman_lane","diagnostic_n80","group:trait",80,3,1300800,1,0.29,0.05,0.09
"between_freedman_lane","diagnostic_n80","group:trait",80,3,1300800,2,0.0725,0.05,0.09
"between_freedman_lane","diagnostic_n80","group:trait",80,3,1300800,3,0.0075,0.05,0.09
"between_freedman_lane","diagnostic_n80","group:trait",80,3,1300800,4,0.995,0.05,0.09
"between_freedman_lane","diagnostic_n80","group:trait",80,3,1300800,5,0.825,0.05,0.09
"between_freedman_lane","diagnostic_n80","group:trait",80,3,1300800,6,0.5875,0.05,0.09
"between_freedman_lane","diagnostic_n80","group:trait",80,3,1300800,7,0.7975,0.05,0.09
"between_freedman_lane","diagnostic_n80","group:trait",80,3,1300800,8,0.3875,0.05,0.09
"between_freedman_lane","diagnostic_n80","group:trait",80,3,1300800,9,0.1475,0.05,0.09
"between_freedman_lane","diagnostic_n80","group:trait",80,3,1300800,10,0.8625,0.05,0.09
"between_freedman_lane","diagnostic_n80","group:trait",80,3,1300800,11,0.5375,0.05,0.09
"between_freedman_lane","diagnostic_n80","group:trait",80,3,1300800,12,0.775,0.05,0.09
"between_freedman_lane","diagnostic_n80","group:trait",80,3,1300800,13,0.9375,0.05,0.09
"between_freedman_lane","diagnostic_n80","group:trait",80,3,1300800,14,0.445,0.05,0.09
"between_freedman_lane","diagnostic_n80","group:trait",80,3,1300800,15,0.3125,0.05,0.09
"between_freedman_lane","diagnostic_n80","group:trait",80,3,1300800,16,0.5575,0.05,0.09
"between_freedman_lane","diagnostic_n80","group:trait",80,3,1300800,17,0.4225,0.05,0.09
"between_freedman_lane","diagnostic_n80","group:trait",80,3,1300800,18,0.17,0.05,0.09
"between_freedman_lane","diagnostic_n80","group:trait",80,3,1300800,19,0.0025,0.05,0.09
"between_freedman_lane","diagnostic_n80","group:trait",80,3,1300800,20,0.3575,0.05,0.09
"between_freedman_lane","diagnostic_n80","group:trait",80,3,1300800,21,0.5625,0.05,0.09
"between_freedman_lane","diagnostic_n80","group:trait",80,3,1300800,22,0.8575,0.05,0.09
"between_freedman_lane","diagnostic_n80","group:trait",80,3,1300800,23,0.87,0.05,0.09
"between_freedman_lane","diagnostic_n80","group:trait",80,3,1300800,24,0.8025,0.05,0.09
"between_freedman_lane","diagnostic_n80","group:trait",80,3,1300800,25,0.9425,0.05,0.09
"between_freedman_lane","diagnostic_n80","group:trait",80,3,1300800,26,0.44,0.05,0.09
"between_freedman_lane","diagnostic_n80","group:trait",80,3,1300800,27,0.975,0.05,0.09
"between_freedman_lane","diagnostic_n80","group:trait",80,3,1300800,28,0.9325,0.05,0.09
"between_freedman_lane","diagnostic_n80","group:trait",80,3,1300800,29,0.4575,0.05,0.09
"between_freedman_lane","diagnostic_n80","group:trait",80,3,1300800,30,0.9925,0.05,0.09
"between_freedman_lane","diagnostic_n80","group:trait",80,3,1300800,31,0.06,0.05,0.09
"between_freedman_lane","diagnostic_n80","group:trait",80,3,1300800,32,0.4475,0.05,0.09
"between_freedman_lane","diagnostic_n80","group:trait",80,3,1300800,33,0.1225,0.05,0.09
"between_freedman_lane","diagnostic_n80","group:trait",80,3,1300800,34,0.6675,0.05,0.09
"between_freedman_lane","diagnostic_n80","group:trait",80,3,1300800,35,0.035,0.05,0.09
"between_freedman_lane","diagnostic_n80","group:trait",80,3,1300800,36,0.795,0.05,0.09
"between_freedman_lane","diagnostic_n80","group:trait",80,3,1300800,37,0.405,0.05,0.09
"between_freedman_lane","diagnostic_n80","group:trait",80,3,1300800,38,0.11,0.05,0.09
"between_freedman_lane","diagnostic_n80","group:trait",80,3,1300800,39,0.4825,0.05,0.09
"between_freedman_lane","diagnostic_n80","group:trait",80,3,1300800,40,0.8575,0.05,0.09
"between_freedman_lane","diagnostic_n80","group:trait",80,3,1300800,41,0.6125,0.05,0.09
"between_freedman_lane","diagnostic_n80","group:trait",80,3,1300800,42,0.87,0.05,0.09
"between_freedman_lane","diagnostic_n80","group:trait",80,3,1300800,43,0.7575,0.05,0.09
"between_freedman_lane","diagnostic_n80","group:trait",80,3,1300800,44,0.97,0.05,0.09
"between_freedman_lane","diagnostic_n80","group:trait",80,3,1300800,45,0.7125,0.05,0.09
"between_freedman_lane","diagnostic_n80","group:trait",80,3,1300800,46,0.6325,0.05,0.09
"between_freedman_lane","diagnostic_n80","group:trait",80,3,1300800,47,0.6975,0.05,0.09
"between_freedman_lane","diagnostic_n80","group:trait",80,3,1300800,48,0.235,0.05,0.09
"between_freedman_lane","diagnostic_n80","group:trait",80,3,1300800,49,0.19,0.05,0.09
"between_freedman_lane","diagnostic_n80","group:trait",80,3,1300800,50,0.57,0.05,0.09
"between_freedman_lane","diagnostic_n80","group:trait",80,3,1300800,51,0.6825,0.05,0.09
"between_freedman_lane","diagnostic_n80","group:trait",80,3,1300800,52,0.875,0.05,0.09
"between_freedman_lane","diagnostic_n80","group:trait",80,3,1300800,53,0.525,0.05,0.09
"between_freedman_lane","diagnostic_n80","group:trait",80,3,1300800,54,0.915,0.05,0.09
"between_freedman_lane","diagnostic_n80","group:trait",80,3,1300800,55,0.995,0.05,0.09
"between_freedman_lane","diagnostic_n80","group:trait",80,3,1300800,56,0.4675,0.05,0.09
"between_freedman_lane","diagnostic_n80","group:trait",80,3,1300800,57,0.175,0.05,0.09
"between_freedman_lane","diagnostic_n80","group:trait",80,3,1300800,58,0.3325,0.05,0.09
"between_freedman_lane","diagnostic_n80","group:trait",80,3,1300800,59,0.3875,0.05,0.09
"between_freedman_lane","diagnostic_n80","group:trait",80,3,1300800,60,0.5225,0.05,0.09
"between_freedman_lane","diagnostic_n80","group:trait",80,3,1300800,61,1,0.05,0.09
"between_freedman_lane","diagnostic_n80","group:trait",80,3,1300800,62,0.7425,0.05,0.09
"between_freedman_lane","diagnostic_n80","group:trait",80,3,1300800,63,1,0.05,0.09
"between_freedman_lane","diagnostic_n80","group:trait",80,3,1300800,64,0.4325,0.05,0.09
"between_freedman_lane","diagnostic_n80","group:trait",80,3,1300800,65,0.155,0.05,0.09
"between_freedman_lane","diagnostic_n80","group:trait",80,3,1300800,66,0.95,0.05,0.09
"between_freedman_lane","diagnostic_n80","group:trait",80,3,1300800,67,0.6025,0.05,0.09
"between_freedman_lane","diagnostic_n80","group:trait",80,3,1300800,68,0.6925,0.05,0.09
"between_freedman_lane","diagnostic_n80","group:trait",80,3,1300800,69,0.0525,0.05,0.09
"between_freedman_lane","diagnostic_n80","group:trait",80,3,1300800,70,0.75,0.05,0.09
"between_freedman_lane","diagnostic_n80","group:trait",80,3,1300800,71,0.9375,0.05,0.09
"between_freedman_lane","diagnostic_n80","group:trait",80,3,1300800,72,0.425,0.05,0.09
"between_freedman_lane","diagnostic_n80","group:trait",80,3,1300800,73,0.7325,0.05,0.09
"between_freedman_lane","diagnostic_n80","group:trait",80,3,1300800,74,0.7075,0.05,0.09
"between_freedman_lane","diagnostic_n80","group:trait",80,3,1300800,75,0.3025,0.05,0.09
"between_freedman_lane","diagnostic_n80","group:trait",80,3,1300800,76,0.585,0.05,0.09
"between_freedman_lane","diagnostic_n80","group:trait",80,3,1300800,77,0.7225,0.05,0.09
"between_freedman_lane","diagnostic_n80","group:trait",80,3,1300800,78,0.825,0.05,0.09
"between_freedman_lane","diagnostic_n80","group:trait",80,3,1300800,79,0.1775,0.05,0.09
"between_freedman_lane","diagnostic_n80","group:trait",80,3,1300800,80,0.965,0.05,0.09
"between_freedman_lane","diagnostic_n80","group:trait",80,3,1300800,81,0.605,0.05,0.09
"between_freedman_lane","diagnostic_n80","group:trait",80,3,1300800,82,0.015,0.05,0.09
"between_freedman_lane","diagnostic_n80","group:trait",80,3,1300800,83,0.94,0.05,0.09
"between_freedman_lane","diagnostic_n80","group:trait",80,3,1300800,84,0.1575,0.05,0.09
"between_freedman_lane","diagnostic_n80","group:trait",80,3,1300800,85,0.2375,0.05,0.09
"between_freedman_lane","diagnostic_n80","group:trait",80,3,1300800,86,0.285,0.05,0.09
"between_freedman_lane","diagnostic_n80","group:trait",80,3,1300800,87,0.465,0.05,0.09
"between_freedman_lane","diagnostic_n80","group:trait",80,3,1300800,88,0.66,0.05,0.09
"between_freedman_lane","diagnostic_n80","group:trait",80,3,1300800,89,0.03,0.05,0.09
"between_freedman_lane","diagnostic_n80","group:trait",80,3,1300800,90,0.3125,0.05,0.09
"between_freedman_lane","diagnostic_n80","group:trait",80,3,1300800,91,0.0925,0.05,0.09
"between_freedman_lane","diagnostic_n80","group:trait",80,3,1300800,92,0.5025,0.05,0.09
"between_freedman_lane","diagnostic_n80","group:trait",80,3,1300800,93,0.645,0.05,0.09
"between_freedman_lane","diagnostic_n80","group:trait",80,3,1300800,94,0.43,0.05,0.09
"between_freedman_lane","diagnostic_n80","group:trait",80,3,1300800,95,0.53,0.05,0.09
"between_freedman_lane","diagnostic_n80","group:trait",80,3,1300800,96,0.365,0.05,0.09
"between_freedman_lane","diagnostic_n80","group:trait",80,3,1300800,97,0.7,0.05,0.09
"between_freedman_lane","diagnostic_n80","group:trait",80,3,1300800,98,0.665,0.05,0.09
"between_freedman_lane","diagnostic_n80","group:trait",80,3,1300800,99,0.0125,0.05,0.09
"between_freedman_lane","diagnostic_n80","group:trait",80,3,1300800,100,0.245,0.05,0.09
"between_freedman_lane","diagnostic_n80","group",80,4,1400800,1,0.495,0.05,0.09
"between_freedman_lane","diagnostic_n80","group",80,4,1400800,2,0.635,0.05,0.09
"between_freedman_lane","diagnostic_n80","group",80,4,1400800,3,0.615,0.05,0.09
"between_freedman_lane","diagnostic_n80","group",80,4,1400800,4,0.5225,0.05,0.09
"between_freedman_lane","diagnostic_n80","group",80,4,1400800,5,0.49,0.05,0.09
"between_freedman_lane","diagnostic_n80","group",80,4,1400800,6,0.97,0.05,0.09
"between_freedman_lane","diagnostic_n80","group",80,4,1400800,7,0.8875,0.05,0.09
"between_freedman_lane","diagnostic_n80","group",80,4,1400800,8,0.5675,0.05,0.09
"between_freedman_lane","diagnostic_n80","group",80,4,1400800,9,0.3225,0.05,0.09
"between_freedman_lane","diagnostic_n80","group",80,4,1400800,10,0.64,0.05,0.09
"between_freedman_lane","diagnostic_n80","group",80,4,1400800,11,0.225,0.05,0.09
"between_freedman_lane","diagnostic_n80","group",80,4,1400800,12,0.4425,0.05,0.09
"between_freedman_lane","diagnostic_n80","group",80,4,1400800,13,0.995,0.05,0.09
"between_freedman_lane","diagnostic_n80","group",80,4,1400800,14,0.7475,0.05,0.09
"between_freedman_lane","diagnostic_n80","group",80,4,1400800,15,0.575,0.05,0.09
"between_freedman_lane","diagnostic_n80","group",80,4,1400800,16,0.7475,0.05,0.09
"between_freedman_lane","diagnostic_n80","group",80,4,1400800,17,0.9875,0.05,0.09
"between_freedman_lane","diagnostic_n80","group",80,4,1400800,18,0.245,0.05,0.09
"between_freedman_lane","diagnostic_n80","group",80,4,1400800,19,0.0325,0.05,0.09
"between_freedman_lane","diagnostic_n80","group",80,4,1400800,20,0.2325,0.05,0.09
"between_freedman_lane","diagnostic_n80","group",80,4,1400800,21,0.4025,0.05,0.09
"between_freedman_lane","diagnostic_n80","group",80,4,1400800,22,0.235,0.05,0.09
"between_freedman_lane","diagnostic_n80","group",80,4,1400800,23,0.175,0.05,0.09
"between_freedman_lane","diagnostic_n80","group",80,4,1400800,24,0.325,0.05,0.09
"between_freedman_lane","diagnostic_n80","group",80,4,1400800,25,0.635,0.05,0.09
"between_freedman_lane","diagnostic_n80","group",80,4,1400800,26,0.875,0.05,0.09
"between_freedman_lane","diagnostic_n80","group",80,4,1400800,27,0.88,0.05,0.09
"between_freedman_lane","diagnostic_n80","group",80,4,1400800,28,0.565,0.05,0.09
"between_freedman_lane","diagnostic_n80","group",80,4,1400800,29,0.07,0.05,0.09
"between_freedman_lane","diagnostic_n80","group",80,4,1400800,30,0.3825,0.05,0.09
"between_freedman_lane","diagnostic_n80","group",80,4,1400800,31,0.1575,0.05,0.09
"between_freedman_lane","diagnostic_n80","group",80,4,1400800,32,0.95,0.05,0.09
"between_freedman_lane","diagnostic_n80","group",80,4,1400800,33,0.12,0.05,0.09
"between_freedman_lane","diagnostic_n80","group",80,4,1400800,34,0.875,0.05,0.09
"between_freedman_lane","diagnostic_n80","group",80,4,1400800,35,0.3525,0.05,0.09
"between_freedman_lane","diagnostic_n80","group",80,4,1400800,36,0.35,0.05,0.09
"between_freedman_lane","diagnostic_n80","group",80,4,1400800,37,0.3925,0.05,0.09
"between_freedman_lane","diagnostic_n80","group",80,4,1400800,38,0.165,0.05,0.09
"between_freedman_lane","diagnostic_n80","group",80,4,1400800,39,0.855,0.05,0.09
"between_freedman_lane","diagnostic_n80","group",80,4,1400800,40,0.53,0.05,0.09
"between_freedman_lane","diagnostic_n80","group",80,4,1400800,41,0.505,0.05,0.09
"between_freedman_lane","diagnostic_n80","group",80,4,1400800,42,0.8925,0.05,0.09
"between_freedman_lane","diagnostic_n80","group",80,4,1400800,43,0.41,0.05,0.09
"between_freedman_lane","diagnostic_n80","group",80,4,1400800,44,0.1175,0.05,0.09
"between_freedman_lane","diagnostic_n80","group",80,4,1400800,45,0.7125,0.05,0.09
"between_freedman_lane","diagnostic_n80","group",80,4,1400800,46,0.755,0.05,0.09
"between_freedman_lane","diagnostic_n80","group",80,4,1400800,47,0.4,0.05,0.09
"between_freedman_lane","diagnostic_n80","group",80,4,1400800,48,0.85,0.05,0.09
"between_freedman_lane","diagnostic_n80","group",80,4,1400800,49,0.9075,0.05,0.09
"between_freedman_lane","diagnostic_n80","group",80,4,1400800,50,0.15,0.05,0.09
"between_freedman_lane","diagnostic_n80","group",80,4,1400800,51,0.2475,0.05,0.09
"between_freedman_lane","diagnostic_n80","group",80,4,1400800,52,0.0375,0.05,0.09
"between_freedman_lane","diagnostic_n80","group",80,4,1400800,53,0.12,0.05,0.09
"between_freedman_lane","diagnostic_n80","group",80,4,1400800,54,0.2975,0.05,0.09
"between_freedman_lane","diagnostic_n80","group",80,4,1400800,55,0.0975,0.05,0.09
"between_freedman_lane","diagnostic_n80","group",80,4,1400800,56,0.8975,0.05,0.09
"between_freedman_lane","diagnostic_n80","group",80,4,1400800,57,0.2525,0.05,0.09
"between_freedman_lane","diagnostic_n80","group",80,4,1400800,58,0.9325,0.05,0.09
"between_freedman_lane","diagnostic_n80","group",80,4,1400800,59,0.92,0.05,0.09
"between_freedman_lane","diagnostic_n80","group",80,4,1400800,60,0.5425,0.05,0.09
"between_freedman_lane","diagnostic_n80","group",80,4,1400800,61,0.865,0.05,0.09
"between_freedman_lane","diagnostic_n80","group",80,4,1400800,62,0.245,0.05,0.09
"between_freedman_lane","diagnostic_n80","group",80,4,1400800,63,0.455,0.05,0.09
"between_freedman_lane","diagnostic_n80","group",80,4,1400800,64,0.6125,0.05,0.09
"between_freedman_lane","diagnostic_n80","group",80,4,1400800,65,0.275,0.05,0.09
"between_freedman_lane","diagnostic_n80","group",80,4,1400800,66,0.62,0.05,0.09
"between_freedman_lane","diagnostic_n80","group",80,4,1400800,67,0.275,0.05,0.09
"between_freedman_lane","diagnostic_n80","group",80,4,1400800,68,0.6075,0.05,0.09
"between_freedman_lane","diagnostic_n80","group",80,4,1400800,69,0.4775,0.05,0.09
"between_freedman_lane","diagnostic_n80","group",80,4,1400800,70,0.745,0.05,0.09
"between_freedman_lane","diagnostic_n80","group",80,4,1400800,71,0.35,0.05,0.09
"between_freedman_lane","diagnostic_n80","group",80,4,1400800,72,0.335,0.05,0.09
"between_freedman_lane","diagnostic_n80","group",80,4,1400800,73,0.445,0.05,0.09
"between_freedman_lane","diagnostic_n80","group",80,4,1400800,74,0.665,0.05,0.09
"between_freedman_lane","diagnostic_n80","group",80,4,1400800,75,0.845,0.05,0.09
"between_freedman_lane","diagnostic_n80","group",80,4,1400800,76,0.7525,0.05,0.09
"between_freedman_lane","diagnostic_n80","group",80,4,1400800,77,0.87,0.05,0.09
"between_freedman_lane","diagnostic_n80","group",80,4,1400800,78,0.2,0.05,0.09
"between_freedman_lane","diagnostic_n80","group",80,4,1400800,79,0.785,0.05,0.09
"between_freedman_lane","diagnostic_n80","group",80,4,1400800,80,0.75,0.05,0.09
"between_freedman_lane","diagnostic_n80","group",80,4,1400800,81,0.5675,0.05,0.09
"between_freedman_lane","diagnostic_n80","group",80,4,1400800,82,0.89,0.05,0.09
"between_freedman_lane","diagnostic_n80","group",80,4,1400800,83,0.12,0.05,0.09
"between_freedman_lane","diagnostic_n80","group",80,4,1400800,84,0.355,0.05,0.09
"between_freedman_lane","diagnostic_n80","group",80,4,1400800,85,0.2725,0.05,0.09
"between_freedman_lane","diagnostic_n80","group",80,4,1400800,86,0.54,0.05,0.09
"between_freedman_lane","diagnostic_n80","group",80,4,1400800,87,0.185,0.05,0.09
"between_freedman_lane","diagnostic_n80","group",80,4,1400800,88,0.675,0.05,0.09
"between_freedman_lane","diagnostic_n80","group",80,4,1400800,89,0.1525,0.05,0.09
"between_freedman_lane","diagnostic_n80","group",80,4,1400800,90,0.695,0.05,0.09
"between_freedman_lane","diagnostic_n80","group",80,4,1400800,91,0.065,0.05,0.09
"between_freedman_lane","diagnostic_n80","group",80,4,1400800,92,0.625,0.05,0.09
"between_freedman_lane","diagnostic_n80","group",80,4,1400800,93,0.6375,0.05,0.09
"between_freedman_lane","diagnostic_n80","group",80,4,1400800,94,0.6475,0.05,0.09
"between_freedman_lane","diagnostic_n80","group",80,4,1400800,95,0.0175,0.05,0.09
"between_freedman_lane","diagnostic_n80","group",80,4,1400800,96,0.39,0.05,0.09
"between_freedman_lane","diagnostic_n80","group",80,4,1400800,97,0.085,0.05,0.09
"between_freedman_lane","diagnostic_n80","group",80,4,1400800,98,0.29,0.05,0.09
"between_freedman_lane","diagnostic_n80","group",80,4,1400800,99,0.2625,0.05,0.09
"between_freedman_lane","diagnostic_n80","group",80,4,1400800,100,0.4125,0.05,0.09
"between_freedman_lane","diagnostic_n80","trait",80,4,1400800,1,0.9325,0.05,0.09
"between_freedman_lane","diagnostic_n80","trait",80,4,1400800,2,0.035,0.05,0.09
"between_freedman_lane","diagnostic_n80","trait",80,4,1400800,3,0.475,0.05,0.09
"between_freedman_lane","diagnostic_n80","trait",80,4,1400800,4,0.6325,0.05,0.09
"between_freedman_lane","diagnostic_n80","trait",80,4,1400800,5,0.0725,0.05,0.09
"between_freedman_lane","diagnostic_n80","trait",80,4,1400800,6,0.165,0.05,0.09
"between_freedman_lane","diagnostic_n80","trait",80,4,1400800,7,0.23,0.05,0.09
"between_freedman_lane","diagnostic_n80","trait",80,4,1400800,8,0.14,0.05,0.09
"between_freedman_lane","diagnostic_n80","trait",80,4,1400800,9,0.525,0.05,0.09
"between_freedman_lane","diagnostic_n80","trait",80,4,1400800,10,0.345,0.05,0.09
"between_freedman_lane","diagnostic_n80","trait",80,4,1400800,11,0.5275,0.05,0.09
"between_freedman_lane","diagnostic_n80","trait",80,4,1400800,12,0.135,0.05,0.09
"between_freedman_lane","diagnostic_n80","trait",80,4,1400800,13,0.0675,0.05,0.09
"between_freedman_lane","diagnostic_n80","trait",80,4,1400800,14,0.54,0.05,0.09
"between_freedman_lane","diagnostic_n80","trait",80,4,1400800,15,0.735,0.05,0.09
"between_freedman_lane","diagnostic_n80","trait",80,4,1400800,16,0.725,0.05,0.09
"between_freedman_lane","diagnostic_n80","trait",80,4,1400800,17,0.5025,0.05,0.09
"between_freedman_lane","diagnostic_n80","trait",80,4,1400800,18,0.29,0.05,0.09
"between_freedman_lane","diagnostic_n80","trait",80,4,1400800,19,0.7125,0.05,0.09
"between_freedman_lane","diagnostic_n80","trait",80,4,1400800,20,0.86,0.05,0.09
"between_freedman_lane","diagnostic_n80","trait",80,4,1400800,21,0.9125,0.05,0.09
"between_freedman_lane","diagnostic_n80","trait",80,4,1400800,22,0.8625,0.05,0.09
"between_freedman_lane","diagnostic_n80","trait",80,4,1400800,23,0.4225,0.05,0.09
"between_freedman_lane","diagnostic_n80","trait",80,4,1400800,24,0.175,0.05,0.09
"between_freedman_lane","diagnostic_n80","trait",80,4,1400800,25,0.875,0.05,0.09
"between_freedman_lane","diagnostic_n80","trait",80,4,1400800,26,0.09,0.05,0.09
"between_freedman_lane","diagnostic_n80","trait",80,4,1400800,27,0.4275,0.05,0.09
"between_freedman_lane","diagnostic_n80","trait",80,4,1400800,28,0.66,0.05,0.09
"between_freedman_lane","diagnostic_n80","trait",80,4,1400800,29,0.78,0.05,0.09
"between_freedman_lane","diagnostic_n80","trait",80,4,1400800,30,0.3475,0.05,0.09
"between_freedman_lane","diagnostic_n80","trait",80,4,1400800,31,0.355,0.05,0.09
"between_freedman_lane","diagnostic_n80","trait",80,4,1400800,32,0.7375,0.05,0.09
"between_freedman_lane","diagnostic_n80","trait",80,4,1400800,33,0.7325,0.05,0.09
"between_freedman_lane","diagnostic_n80","trait",80,4,1400800,34,0.105,0.05,0.09
"between_freedman_lane","diagnostic_n80","trait",80,4,1400800,35,0.2275,0.05,0.09
"between_freedman_lane","diagnostic_n80","trait",80,4,1400800,36,0.45,0.05,0.09
"between_freedman_lane","diagnostic_n80","trait",80,4,1400800,37,0.77,0.05,0.09
"between_freedman_lane","diagnostic_n80","trait",80,4,1400800,38,0.12,0.05,0.09
"between_freedman_lane","diagnostic_n80","trait",80,4,1400800,39,0.95,0.05,0.09
"between_freedman_lane","diagnostic_n80","trait",80,4,1400800,40,0.295,0.05,0.09
"between_freedman_lane","diagnostic_n80","trait",80,4,1400800,41,0.6375,0.05,0.09
"between_freedman_lane","diagnostic_n80","trait",80,4,1400800,42,0.71,0.05,0.09
"between_freedman_lane","diagnostic_n80","trait",80,4,1400800,43,0.82,0.05,0.09
"between_freedman_lane","diagnostic_n80","trait",80,4,1400800,44,0.3125,0.05,0.09
"between_freedman_lane","diagnostic_n80","trait",80,4,1400800,45,0.145,0.05,0.09
"between_freedman_lane","diagnostic_n80","trait",80,4,1400800,46,0.365,0.05,0.09
"between_freedman_lane","diagnostic_n80","trait",80,4,1400800,47,0.4025,0.05,0.09
"between_freedman_lane","diagnostic_n80","trait",80,4,1400800,48,0.0025,0.05,0.09
"between_freedman_lane","diagnostic_n80","trait",80,4,1400800,49,0.87,0.05,0.09
"between_freedman_lane","diagnostic_n80","trait",80,4,1400800,50,0.2275,0.05,0.09
"between_freedman_lane","diagnostic_n80","trait",80,4,1400800,51,0.2275,0.05,0.09
"between_freedman_lane","diagnostic_n80","trait",80,4,1400800,52,0.6675,0.05,0.09
"between_freedman_lane","diagnostic_n80","trait",80,4,1400800,53,0.31,0.05,0.09
"between_freedman_lane","diagnostic_n80","trait",80,4,1400800,54,0.1075,0.05,0.09
"between_freedman_lane","diagnostic_n80","trait",80,4,1400800,55,0.0525,0.05,0.09
"between_freedman_lane","diagnostic_n80","trait",80,4,1400800,56,0.835,0.05,0.09
"between_freedman_lane","diagnostic_n80","trait",80,4,1400800,57,0.2925,0.05,0.09
"between_freedman_lane","diagnostic_n80","trait",80,4,1400800,58,0.62,0.05,0.09
"between_freedman_lane","diagnostic_n80","trait",80,4,1400800,59,0.2175,0.05,0.09
"between_freedman_lane","diagnostic_n80","trait",80,4,1400800,60,0.5175,0.05,0.09
"between_freedman_lane","diagnostic_n80","trait",80,4,1400800,61,0.05,0.05,0.09
"between_freedman_lane","diagnostic_n80","trait",80,4,1400800,62,0.405,0.05,0.09
"between_freedman_lane","diagnostic_n80","trait",80,4,1400800,63,0.325,0.05,0.09
"between_freedman_lane","diagnostic_n80","trait",80,4,1400800,64,0.3775,0.05,0.09
"between_freedman_lane","diagnostic_n80","trait",80,4,1400800,65,0.5425,0.05,0.09
"between_freedman_lane","diagnostic_n80","trait",80,4,1400800,66,0.6325,0.05,0.09
"between_freedman_lane","diagnostic_n80","trait",80,4,1400800,67,0.0375,0.05,0.09
"between_freedman_lane","diagnostic_n80","trait",80,4,1400800,68,0.74,0.05,0.09
"between_freedman_lane","diagnostic_n80","trait",80,4,1400800,69,0.5275,0.05,0.09
"between_freedman_lane","diagnostic_n80","trait",80,4,1400800,70,0.585,0.05,0.09
"between_freedman_lane","diagnostic_n80","trait",80,4,1400800,71,0.33,0.05,0.09
"between_freedman_lane","diagnostic_n80","trait",80,4,1400800,72,0.775,0.05,0.09
"between_freedman_lane","diagnostic_n80","trait",80,4,1400800,73,0.07,0.05,0.09
"between_freedman_lane","diagnostic_n80","trait",80,4,1400800,74,0.5375,0.05,0.09
"between_freedman_lane","diagnostic_n80","trait",80,4,1400800,75,0.1125,0.05,0.09
"between_freedman_lane","diagnostic_n80","trait",80,4,1400800,76,0.8725,0.05,0.09
"between_freedman_lane","diagnostic_n80","trait",80,4,1400800,77,0.5,0.05,0.09
"between_freedman_lane","diagnostic_n80","trait",80,4,1400800,78,1,0.05,0.09
"between_freedman_lane","diagnostic_n80","trait",80,4,1400800,79,0.305,0.05,0.09
"between_freedman_lane","diagnostic_n80","trait",80,4,1400800,80,0.4525,0.05,0.09
"between_freedman_lane","diagnostic_n80","trait",80,4,1400800,81,0.2325,0.05,0.09
"between_freedman_lane","diagnostic_n80","trait",80,4,1400800,82,0.175,0.05,0.09
"between_freedman_lane","diagnostic_n80","trait",80,4,1400800,83,0.325,0.05,0.09
"between_freedman_lane","diagnostic_n80","trait",80,4,1400800,84,0.0525,0.05,0.09
"between_freedman_lane","diagnostic_n80","trait",80,4,1400800,85,0.295,0.05,0.09
"between_freedman_lane","diagnostic_n80","trait",80,4,1400800,86,0.5875,0.05,0.09
"between_freedman_lane","diagnostic_n80","trait",80,4,1400800,87,0.9225,0.05,0.09
"between_freedman_lane","diagnostic_n80","trait",80,4,1400800,88,0.2275,0.05,0.09
"between_freedman_lane","diagnostic_n80","trait",80,4,1400800,89,0.165,0.05,0.09
"between_freedman_lane","diagnostic_n80","trait",80,4,1400800,90,0.2775,0.05,0.09
"between_freedman_lane","diagnostic_n80","trait",80,4,1400800,91,0.505,0.05,0.09
"between_freedman_lane","diagnostic_n80","trait",80,4,1400800,92,0.5175,0.05,0.09
"between_freedman_lane","diagnostic_n80","trait",80,4,1400800,93,0.2425,0.05,0.09
"between_freedman_lane","diagnostic_n80","trait",80,4,1400800,94,0.8225,0.05,0.09
"between_freedman_lane","diagnostic_n80","trait",80,4,1400800,95,0.73,0.05,0.09
"between_freedman_lane","diagnostic_n80","trait",80,4,1400800,96,0.825,0.05,0.09
"between_freedman_lane","diagnostic_n80","trait",80,4,1400800,97,0.87,0.05,0.09
"between_freedman_lane","diagnostic_n80","trait",80,4,1400800,98,0.0675,0.05,0.09
"between_freedman_lane","diagnostic_n80","trait",80,4,1400800,99,0.3625,0.05,0.09
"between_freedman_lane","diagnostic_n80","trait",80,4,1400800,100,0.6525,0.05,0.09
"between_freedman_lane","diagnostic_n80","group:trait",80,4,1400800,1,0.74,0.05,0.09
"between_freedman_lane","diagnostic_n80","group:trait",80,4,1400800,2,0.0825,0.05,0.09
"between_freedman_lane","diagnostic_n80","group:trait",80,4,1400800,3,0.28,0.05,0.09
"between_freedman_lane","diagnostic_n80","group:trait",80,4,1400800,4,0.1025,0.05,0.09
"between_freedman_lane","diagnostic_n80","group:trait",80,4,1400800,5,0.04,0.05,0.09
"between_freedman_lane","diagnostic_n80","group:trait",80,4,1400800,6,0.19,0.05,0.09
"between_freedman_lane","diagnostic_n80","group:trait",80,4,1400800,7,0.175,0.05,0.09
"between_freedman_lane","diagnostic_n80","group:trait",80,4,1400800,8,0.0925,0.05,0.09
"between_freedman_lane","diagnostic_n80","group:trait",80,4,1400800,9,0.7125,0.05,0.09
"between_freedman_lane","diagnostic_n80","group:trait",80,4,1400800,10,0.52,0.05,0.09
"between_freedman_lane","diagnostic_n80","group:trait",80,4,1400800,11,0.1725,0.05,0.09
"between_freedman_lane","diagnostic_n80","group:trait",80,4,1400800,12,0.4825,0.05,0.09
"between_freedman_lane","diagnostic_n80","group:trait",80,4,1400800,13,0.12,0.05,0.09
"between_freedman_lane","diagnostic_n80","group:trait",80,4,1400800,14,0.115,0.05,0.09
"between_freedman_lane","diagnostic_n80","group:trait",80,4,1400800,15,0.4925,0.05,0.09
"between_freedman_lane","diagnostic_n80","group:trait",80,4,1400800,16,0.47,0.05,0.09
"between_freedman_lane","diagnostic_n80","group:trait",80,4,1400800,17,0.625,0.05,0.09
"between_freedman_lane","diagnostic_n80","group:trait",80,4,1400800,18,0.17,0.05,0.09
"between_freedman_lane","diagnostic_n80","group:trait",80,4,1400800,19,0.57,0.05,0.09
"between_freedman_lane","diagnostic_n80","group:trait",80,4,1400800,20,0.0925,0.05,0.09
"between_freedman_lane","diagnostic_n80","group:trait",80,4,1400800,21,0.5725,0.05,0.09
"between_freedman_lane","diagnostic_n80","group:trait",80,4,1400800,22,0.605,0.05,0.09
"between_freedman_lane","diagnostic_n80","group:trait",80,4,1400800,23,0.43,0.05,0.09
"between_freedman_lane","diagnostic_n80","group:trait",80,4,1400800,24,0.5775,0.05,0.09
"between_freedman_lane","diagnostic_n80","group:trait",80,4,1400800,25,0.685,0.05,0.09
"between_freedman_lane","diagnostic_n80","group:trait",80,4,1400800,26,0.06,0.05,0.09
"between_freedman_lane","diagnostic_n80","group:trait",80,4,1400800,27,0.785,0.05,0.09
"between_freedman_lane","diagnostic_n80","group:trait",80,4,1400800,28,0.6125,0.05,0.09
"between_freedman_lane","diagnostic_n80","group:trait",80,4,1400800,29,0.9125,0.05,0.09
"between_freedman_lane","diagnostic_n80","group:trait",80,4,1400800,30,0.035,0.05,0.09
"between_freedman_lane","diagnostic_n80","group:trait",80,4,1400800,31,0.3525,0.05,0.09
"between_freedman_lane","diagnostic_n80","group:trait",80,4,1400800,32,0.16,0.05,0.09
"between_freedman_lane","diagnostic_n80","group:trait",80,4,1400800,33,0.45,0.05,0.09
"between_freedman_lane","diagnostic_n80","group:trait",80,4,1400800,34,0.265,0.05,0.09
"between_freedman_lane","diagnostic_n80","group:trait",80,4,1400800,35,0.64,0.05,0.09
"between_freedman_lane","diagnostic_n80","group:trait",80,4,1400800,36,0.66,0.05,0.09
"between_freedman_lane","diagnostic_n80","group:trait",80,4,1400800,37,0.755,0.05,0.09
"between_freedman_lane","diagnostic_n80","group:trait",80,4,1400800,38,0.2575,0.05,0.09
"between_freedman_lane","diagnostic_n80","group:trait",80,4,1400800,39,0.2575,0.05,0.09
"between_freedman_lane","diagnostic_n80","group:trait",80,4,1400800,40,0.76,0.05,0.09
"between_freedman_lane","diagnostic_n80","group:trait",80,4,1400800,41,0.3725,0.05,0.09
"between_freedman_lane","diagnostic_n80","group:trait",80,4,1400800,42,0.4675,0.05,0.09
"between_freedman_lane","diagnostic_n80","group:trait",80,4,1400800,43,0.09,0.05,0.09
"between_freedman_lane","diagnostic_n80","group:trait",80,4,1400800,44,0.29,0.05,0.09
"between_freedman_lane","diagnostic_n80","group:trait",80,4,1400800,45,0.03,0.05,0.09
"between_freedman_lane","diagnostic_n80","group:trait",80,4,1400800,46,0.2825,0.05,0.09
"between_freedman_lane","diagnostic_n80","group:trait",80,4,1400800,47,0.0175,0.05,0.09
"between_freedman_lane","diagnostic_n80","group:trait",80,4,1400800,48,0.12,0.05,0.09
"between_freedman_lane","diagnostic_n80","group:trait",80,4,1400800,49,0.94,0.05,0.09
"between_freedman_lane","diagnostic_n80","group:trait",80,4,1400800,50,0.4,0.05,0.09
"between_freedman_lane","diagnostic_n80","group:trait",80,4,1400800,51,0.855,0.05,0.09
"between_freedman_lane","diagnostic_n80","group:trait",80,4,1400800,52,0.1375,0.05,0.09
"between_freedman_lane","diagnostic_n80","group:trait",80,4,1400800,53,0.335,0.05,0.09
"between_freedman_lane","diagnostic_n80","group:trait",80,4,1400800,54,0.01,0.05,0.09
"between_freedman_lane","diagnostic_n80","group:trait",80,4,1400800,55,0.1075,0.05,0.09
"between_freedman_lane","diagnostic_n80","group:trait",80,4,1400800,56,0.5725,0.05,0.09
"between_freedman_lane","diagnostic_n80","group:trait",80,4,1400800,57,0.5025,0.05,0.09
"between_freedman_lane","diagnostic_n80","group:trait",80,4,1400800,58,0.9575,0.05,0.09
"between_freedman_lane","diagnostic_n80","group:trait",80,4,1400800,59,0.27,0.05,0.09
"between_freedman_lane","diagnostic_n80","group:trait",80,4,1400800,60,0.175,0.05,0.09
"between_freedman_lane","diagnostic_n80","group:trait",80,4,1400800,61,0.0925,0.05,0.09
"between_freedman_lane","diagnostic_n80","group:trait",80,4,1400800,62,0.0675,0.05,0.09
"between_freedman_lane","diagnostic_n80","group:trait",80,4,1400800,63,0.58,0.05,0.09
"between_freedman_lane","diagnostic_n80","group:trait",80,4,1400800,64,0.8475,0.05,0.09
"between_freedman_lane","diagnostic_n80","group:trait",80,4,1400800,65,0.5075,0.05,0.09
"between_freedman_lane","diagnostic_n80","group:trait",80,4,1400800,66,0.8675,0.05,0.09
"between_freedman_lane","diagnostic_n80","group:trait",80,4,1400800,67,0.12,0.05,0.09
"between_freedman_lane","diagnostic_n80","group:trait",80,4,1400800,68,0.6725,0.05,0.09
"between_freedman_lane","diagnostic_n80","group:trait",80,4,1400800,69,0.7575,0.05,0.09
"between_freedman_lane","diagnostic_n80","group:trait",80,4,1400800,70,0.87,0.05,0.09
"between_freedman_lane","diagnostic_n80","group:trait",80,4,1400800,71,0.31,0.05,0.09
"between_freedman_lane","diagnostic_n80","group:trait",80,4,1400800,72,0.92,0.05,0.09
"between_freedman_lane","diagnostic_n80","group:trait",80,4,1400800,73,0.1175,0.05,0.09
"between_freedman_lane","diagnostic_n80","group:trait",80,4,1400800,74,0.4975,0.05,0.09
"between_freedman_lane","diagnostic_n80","group:trait",80,4,1400800,75,0.11,0.05,0.09
"between_freedman_lane","diagnostic_n80","group:trait",80,4,1400800,76,0.825,0.05,0.09
"between_freedman_lane","diagnostic_n80","group:trait",80,4,1400800,77,0.465,0.05,0.09
"between_freedman_lane","diagnostic_n80","group:trait",80,4,1400800,78,0.795,0.05,0.09
"between_freedman_lane","diagnostic_n80","group:trait",80,4,1400800,79,0.45,0.05,0.09
"between_freedman_lane","diagnostic_n80","group:trait",80,4,1400800,80,0.0375,0.05,0.09
"between_freedman_lane","diagnostic_n80","group:trait",80,4,1400800,81,0.59,0.05,0.09
"between_freedman_lane","diagnostic_n80","group:trait",80,4,1400800,82,0.58,0.05,0.09
"between_freedman_lane","diagnostic_n80","group:trait",80,4,1400800,83,0.4875,0.05,0.09
"between_freedman_lane","diagnostic_n80","group:trait",80,4,1400800,84,0.5525,0.05,0.09
"between_freedman_lane","diagnostic_n80","group:trait",80,4,1400800,85,0.96,0.05,0.09
"between_freedman_lane","diagnostic_n80","group:trait",80,4,1400800,86,0.1375,0.05,0.09
"between_freedman_lane","diagnostic_n80","group:trait",80,4,1400800,87,0.065,0.05,0.09
"between_freedman_lane","diagnostic_n80","group:trait",80,4,1400800,88,0.3325,0.05,0.09
"between_freedman_lane","diagnostic_n80","group:trait",80,4,1400800,89,0.115,0.05,0.09
"between_freedman_lane","diagnostic_n80","group:trait",80,4,1400800,90,0.5375,0.05,0.09
"between_freedman_lane","diagnostic_n80","group:trait",80,4,1400800,91,0.6225,0.05,0.09
"between_freedman_lane","diagnostic_n80","group:trait",80,4,1400800,92,0.4625,0.05,0.09
"between_freedman_lane","diagnostic_n80","group:trait",80,4,1400800,93,0.635,0.05,0.09
"between_freedman_lane","diagnostic_n80","group:trait",80,4,1400800,94,0.875,0.05,0.09
"between_freedman_lane","diagnostic_n80","group:trait",80,4,1400800,95,0.325,0.05,0.09
"between_freedman_lane","diagnostic_n80","group:trait",80,4,1400800,96,0.78,0.05,0.09
"between_freedman_lane","diagnostic_n80","group:trait",80,4,1400800,97,0.1075,0.05,0.09
"between_freedman_lane","diagnostic_n80","group:trait",80,4,1400800,98,0.3375,0.05,0.09
"between_freedman_lane","diagnostic_n80","group:trait",80,4,1400800,99,0.1475,0.05,0.09
"between_freedman_lane","diagnostic_n80","group:trait",80,4,1400800,100,0.3325,0.05,0.09
"between_freedman_lane","diagnostic_n80","group",80,5,1500800,1,0.825,0.05,0.09
"between_freedman_lane","diagnostic_n80","group",80,5,1500800,2,0.5675,0.05,0.09
"between_freedman_lane","diagnostic_n80","group",80,5,1500800,3,0.2725,0.05,0.09
"between_freedman_lane","diagnostic_n80","group",80,5,1500800,4,0.3825,0.05,0.09
"between_freedman_lane","diagnostic_n80","group",80,5,1500800,5,0.135,0.05,0.09
"between_freedman_lane","diagnostic_n80","group",80,5,1500800,6,0.35,0.05,0.09
"between_freedman_lane","diagnostic_n80","group",80,5,1500800,7,0.9725,0.05,0.09
"between_freedman_lane","diagnostic_n80","group",80,5,1500800,8,0.725,0.05,0.09
"between_freedman_lane","diagnostic_n80","group",80,5,1500800,9,0.53,0.05,0.09
"between_freedman_lane","diagnostic_n80","group",80,5,1500800,10,0.715,0.05,0.09
"between_freedman_lane","diagnostic_n80","group",80,5,1500800,11,0.9425,0.05,0.09
"between_freedman_lane","diagnostic_n80","group",80,5,1500800,12,0.13,0.05,0.09
"between_freedman_lane","diagnostic_n80","group",80,5,1500800,13,0.4075,0.05,0.09
"between_freedman_lane","diagnostic_n80","group",80,5,1500800,14,0.635,0.05,0.09
"between_freedman_lane","diagnostic_n80","group",80,5,1500800,15,0.3975,0.05,0.09
"between_freedman_lane","diagnostic_n80","group",80,5,1500800,16,0.4575,0.05,0.09
"between_freedman_lane","diagnostic_n80","group",80,5,1500800,17,0.615,0.05,0.09
"between_freedman_lane","diagnostic_n80","group",80,5,1500800,18,0.3425,0.05,0.09
"between_freedman_lane","diagnostic_n80","group",80,5,1500800,19,0.51,0.05,0.09
"between_freedman_lane","diagnostic_n80","group",80,5,1500800,20,0.65,0.05,0.09
"between_freedman_lane","diagnostic_n80","group",80,5,1500800,21,0.1975,0.05,0.09
"between_freedman_lane","diagnostic_n80","group",80,5,1500800,22,0.41,0.05,0.09
"between_freedman_lane","diagnostic_n80","group",80,5,1500800,23,0.58,0.05,0.09
"between_freedman_lane","diagnostic_n80","group",80,5,1500800,24,0.17,0.05,0.09
"between_freedman_lane","diagnostic_n80","group",80,5,1500800,25,0.49,0.05,0.09
"between_freedman_lane","diagnostic_n80","group",80,5,1500800,26,0.015,0.05,0.09
"between_freedman_lane","diagnostic_n80","group",80,5,1500800,27,0.06,0.05,0.09
"between_freedman_lane","diagnostic_n80","group",80,5,1500800,28,0.28,0.05,0.09
"between_freedman_lane","diagnostic_n80","group",80,5,1500800,29,0.02,0.05,0.09
"between_freedman_lane","diagnostic_n80","group",80,5,1500800,30,0.15,0.05,0.09
"between_freedman_lane","diagnostic_n80","group",80,5,1500800,31,0.13,0.05,0.09
"between_freedman_lane","diagnostic_n80","group",80,5,1500800,32,0.9075,0.05,0.09
"between_freedman_lane","diagnostic_n80","group",80,5,1500800,33,0.795,0.05,0.09
"between_freedman_lane","diagnostic_n80","group",80,5,1500800,34,0.98,0.05,0.09
"between_freedman_lane","diagnostic_n80","group",80,5,1500800,35,0.1125,0.05,0.09
"between_freedman_lane","diagnostic_n80","group",80,5,1500800,36,0.8925,0.05,0.09
"between_freedman_lane","diagnostic_n80","group",80,5,1500800,37,0.3675,0.05,0.09
"between_freedman_lane","diagnostic_n80","group",80,5,1500800,38,0.6625,0.05,0.09
"between_freedman_lane","diagnostic_n80","group",80,5,1500800,39,0.96,0.05,0.09
"between_freedman_lane","diagnostic_n80","group",80,5,1500800,40,0.325,0.05,0.09
"between_freedman_lane","diagnostic_n80","group",80,5,1500800,41,0.5725,0.05,0.09
"between_freedman_lane","diagnostic_n80","group",80,5,1500800,42,0.12,0.05,0.09
"between_freedman_lane","diagnostic_n80","group",80,5,1500800,43,0.4175,0.05,0.09
"between_freedman_lane","diagnostic_n80","group",80,5,1500800,44,0.8575,0.05,0.09
"between_freedman_lane","diagnostic_n80","group",80,5,1500800,45,0.205,0.05,0.09
"between_freedman_lane","diagnostic_n80","group",80,5,1500800,46,0.6825,0.05,0.09
"between_freedman_lane","diagnostic_n80","group",80,5,1500800,47,0.945,0.05,0.09
"between_freedman_lane","diagnostic_n80","group",80,5,1500800,48,0.4,0.05,0.09
"between_freedman_lane","diagnostic_n80","group",80,5,1500800,49,0.8325,0.05,0.09
"between_freedman_lane","diagnostic_n80","group",80,5,1500800,50,0.675,0.05,0.09
"between_freedman_lane","diagnostic_n80","group",80,5,1500800,51,0.525,0.05,0.09
"between_freedman_lane","diagnostic_n80","group",80,5,1500800,52,0.8375,0.05,0.09
"between_freedman_lane","diagnostic_n80","group",80,5,1500800,53,0.8275,0.05,0.09
"between_freedman_lane","diagnostic_n80","group",80,5,1500800,54,0.5,0.05,0.09
"between_freedman_lane","diagnostic_n80","group",80,5,1500800,55,0.7925,0.05,0.09
"between_freedman_lane","diagnostic_n80","group",80,5,1500800,56,0.8375,0.05,0.09
"between_freedman_lane","diagnostic_n80","group",80,5,1500800,57,0.9475,0.05,0.09
"between_freedman_lane","diagnostic_n80","group",80,5,1500800,58,0.435,0.05,0.09
"between_freedman_lane","diagnostic_n80","group",80,5,1500800,59,0.4725,0.05,0.09
"between_freedman_lane","diagnostic_n80","group",80,5,1500800,60,0.3975,0.05,0.09
"between_freedman_lane","diagnostic_n80","group",80,5,1500800,61,0.3825,0.05,0.09
"between_freedman_lane","diagnostic_n80","group",80,5,1500800,62,0.4525,0.05,0.09
"between_freedman_lane","diagnostic_n80","group",80,5,1500800,63,0.63,0.05,0.09
"between_freedman_lane","diagnostic_n80","group",80,5,1500800,64,0.7875,0.05,0.09
"between_freedman_lane","diagnostic_n80","group",80,5,1500800,65,0.44,0.05,0.09
"between_freedman_lane","diagnostic_n80","group",80,5,1500800,66,0.645,0.05,0.09
"between_freedman_lane","diagnostic_n80","group",80,5,1500800,67,0.415,0.05,0.09
"between_freedman_lane","diagnostic_n80","group",80,5,1500800,68,0.9725,0.05,0.09
"between_freedman_lane","diagnostic_n80","group",80,5,1500800,69,0.855,0.05,0.09
"between_freedman_lane","diagnostic_n80","group",80,5,1500800,70,0.26,0.05,0.09
"between_freedman_lane","diagnostic_n80","group",80,5,1500800,71,0.9525,0.05,0.09
"between_freedman_lane","diagnostic_n80","group",80,5,1500800,72,0.915,0.05,0.09
"between_freedman_lane","diagnostic_n80","group",80,5,1500800,73,0.02,0.05,0.09
"between_freedman_lane","diagnostic_n80","group",80,5,1500800,74,0.3475,0.05,0.09
"between_freedman_lane","diagnostic_n80","group",80,5,1500800,75,0.85,0.05,0.09
"between_freedman_lane","diagnostic_n80","group",80,5,1500800,76,0.325,0.05,0.09
"between_freedman_lane","diagnostic_n80","group",80,5,1500800,77,0.7275,0.05,0.09
"between_freedman_lane","diagnostic_n80","group",80,5,1500800,78,0.0275,0.05,0.09
"between_freedman_lane","diagnostic_n80","group",80,5,1500800,79,0.92,0.05,0.09
"between_freedman_lane","diagnostic_n80","group",80,5,1500800,80,0.4375,0.05,0.09
"between_freedman_lane","diagnostic_n80","group",80,5,1500800,81,0.06,0.05,0.09
"between_freedman_lane","diagnostic_n80","group",80,5,1500800,82,0.235,0.05,0.09
"between_freedman_lane","diagnostic_n80","group",80,5,1500800,83,0.9925,0.05,0.09
"between_freedman_lane","diagnostic_n80","group",80,5,1500800,84,0.915,0.05,0.09
"between_freedman_lane","diagnostic_n80","group",80,5,1500800,85,0.03,0.05,0.09
"between_freedman_lane","diagnostic_n80","group",80,5,1500800,86,0.4875,0.05,0.09
"between_freedman_lane","diagnostic_n80","group",80,5,1500800,87,0.2975,0.05,0.09
"between_freedman_lane","diagnostic_n80","group",80,5,1500800,88,0.5675,0.05,0.09
"between_freedman_lane","diagnostic_n80","group",80,5,1500800,89,0.9825,0.05,0.09
"between_freedman_lane","diagnostic_n80","group",80,5,1500800,90,0.1675,0.05,0.09
"between_freedman_lane","diagnostic_n80","group",80,5,1500800,91,0.1825,0.05,0.09
"between_freedman_lane","diagnostic_n80","group",80,5,1500800,92,0.9725,0.05,0.09
"between_freedman_lane","diagnostic_n80","group",80,5,1500800,93,0.65,0.05,0.09
"between_freedman_lane","diagnostic_n80","group",80,5,1500800,94,0.565,0.05,0.09
"between_freedman_lane","diagnostic_n80","group",80,5,1500800,95,0.8425,0.05,0.09
"between_freedman_lane","diagnostic_n80","group",80,5,1500800,96,0.92,0.05,0.09
"between_freedman_lane","diagnostic_n80","group",80,5,1500800,97,0.2325,0.05,0.09
"between_freedman_lane","diagnostic_n80","group",80,5,1500800,98,0.715,0.05,0.09
"between_freedman_lane","diagnostic_n80","group",80,5,1500800,99,0.6475,0.05,0.09
"between_freedman_lane","diagnostic_n80","group",80,5,1500800,100,0.4075,0.05,0.09
"between_freedman_lane","diagnostic_n80","trait",80,5,1500800,1,0.94,0.05,0.09
"between_freedman_lane","diagnostic_n80","trait",80,5,1500800,2,0.65,0.05,0.09
"between_freedman_lane","diagnostic_n80","trait",80,5,1500800,3,0.15,0.05,0.09
"between_freedman_lane","diagnostic_n80","trait",80,5,1500800,4,0.7075,0.05,0.09
"between_freedman_lane","diagnostic_n80","trait",80,5,1500800,5,0.8775,0.05,0.09
"between_freedman_lane","diagnostic_n80","trait",80,5,1500800,6,0.7375,0.05,0.09
"between_freedman_lane","diagnostic_n80","trait",80,5,1500800,7,0.8975,0.05,0.09
"between_freedman_lane","diagnostic_n80","trait",80,5,1500800,8,0.03,0.05,0.09
"between_freedman_lane","diagnostic_n80","trait",80,5,1500800,9,0.4475,0.05,0.09
"between_freedman_lane","diagnostic_n80","trait",80,5,1500800,10,0.8525,0.05,0.09
"between_freedman_lane","diagnostic_n80","trait",80,5,1500800,11,0.25,0.05,0.09
"between_freedman_lane","diagnostic_n80","trait",80,5,1500800,12,0.7725,0.05,0.09
"between_freedman_lane","diagnostic_n80","trait",80,5,1500800,13,0.75,0.05,0.09
"between_freedman_lane","diagnostic_n80","trait",80,5,1500800,14,0.4375,0.05,0.09
"between_freedman_lane","diagnostic_n80","trait",80,5,1500800,15,0.1475,0.05,0.09
"between_freedman_lane","diagnostic_n80","trait",80,5,1500800,16,0.8075,0.05,0.09
"between_freedman_lane","diagnostic_n80","trait",80,5,1500800,17,0.3125,0.05,0.09
"between_freedman_lane","diagnostic_n80","trait",80,5,1500800,18,0.845,0.05,0.09
"between_freedman_lane","diagnostic_n80","trait",80,5,1500800,19,0.705,0.05,0.09
"between_freedman_lane","diagnostic_n80","trait",80,5,1500800,20,0.1475,0.05,0.09
"between_freedman_lane","diagnostic_n80","trait",80,5,1500800,21,0.415,0.05,0.09
"between_freedman_lane","diagnostic_n80","trait",80,5,1500800,22,0.325,0.05,0.09
"between_freedman_lane","diagnostic_n80","trait",80,5,1500800,23,0.4575,0.05,0.09
"between_freedman_lane","diagnostic_n80","trait",80,5,1500800,24,0.725,0.05,0.09
"between_freedman_lane","diagnostic_n80","trait",80,5,1500800,25,0.895,0.05,0.09
"between_freedman_lane","diagnostic_n80","trait",80,5,1500800,26,0.6875,0.05,0.09
"between_freedman_lane","diagnostic_n80","trait",80,5,1500800,27,0.765,0.05,0.09
"between_freedman_lane","diagnostic_n80","trait",80,5,1500800,28,0.015,0.05,0.09
"between_freedman_lane","diagnostic_n80","trait",80,5,1500800,29,0.735,0.05,0.09
"between_freedman_lane","diagnostic_n80","trait",80,5,1500800,30,0.4125,0.05,0.09
"between_freedman_lane","diagnostic_n80","trait",80,5,1500800,31,0.405,0.05,0.09
"between_freedman_lane","diagnostic_n80","trait",80,5,1500800,32,1,0.05,0.09
"between_freedman_lane","diagnostic_n80","trait",80,5,1500800,33,0.78,0.05,0.09
"between_freedman_lane","diagnostic_n80","trait",80,5,1500800,34,0.71,0.05,0.09
"between_freedman_lane","diagnostic_n80","trait",80,5,1500800,35,0.315,0.05,0.09
"between_freedman_lane","diagnostic_n80","trait",80,5,1500800,36,0.92,0.05,0.09
"between_freedman_lane","diagnostic_n80","trait",80,5,1500800,37,0.685,0.05,0.09
"between_freedman_lane","diagnostic_n80","trait",80,5,1500800,38,0.7875,0.05,0.09
"between_freedman_lane","diagnostic_n80","trait",80,5,1500800,39,0.7525,0.05,0.09
"between_freedman_lane","diagnostic_n80","trait",80,5,1500800,40,0.975,0.05,0.09
"between_freedman_lane","diagnostic_n80","trait",80,5,1500800,41,1,0.05,0.09
"between_freedman_lane","diagnostic_n80","trait",80,5,1500800,42,0.4075,0.05,0.09
"between_freedman_lane","diagnostic_n80","trait",80,5,1500800,43,0.05,0.05,0.09
"between_freedman_lane","diagnostic_n80","trait",80,5,1500800,44,0.065,0.05,0.09
"between_freedman_lane","diagnostic_n80","trait",80,5,1500800,45,0.0325,0.05,0.09
"between_freedman_lane","diagnostic_n80","trait",80,5,1500800,46,0.2075,0.05,0.09
"between_freedman_lane","diagnostic_n80","trait",80,5,1500800,47,0.8975,0.05,0.09
"between_freedman_lane","diagnostic_n80","trait",80,5,1500800,48,0.535,0.05,0.09
"between_freedman_lane","diagnostic_n80","trait",80,5,1500800,49,0.0175,0.05,0.09
"between_freedman_lane","diagnostic_n80","trait",80,5,1500800,50,0.96,0.05,0.09
"between_freedman_lane","diagnostic_n80","trait",80,5,1500800,51,0.2375,0.05,0.09
"between_freedman_lane","diagnostic_n80","trait",80,5,1500800,52,0.5,0.05,0.09
"between_freedman_lane","diagnostic_n80","trait",80,5,1500800,53,0.705,0.05,0.09
"between_freedman_lane","diagnostic_n80","trait",80,5,1500800,54,0.6425,0.05,0.09
"between_freedman_lane","diagnostic_n80","trait",80,5,1500800,55,0.5825,0.05,0.09
"between_freedman_lane","diagnostic_n80","trait",80,5,1500800,56,0.36,0.05,0.09
"between_freedman_lane","diagnostic_n80","trait",80,5,1500800,57,0.085,0.05,0.09
"between_freedman_lane","diagnostic_n80","trait",80,5,1500800,58,0.235,0.05,0.09
"between_freedman_lane","diagnostic_n80","trait",80,5,1500800,59,0.1725,0.05,0.09
"between_freedman_lane","diagnostic_n80","trait",80,5,1500800,60,0.6825,0.05,0.09
"between_freedman_lane","diagnostic_n80","trait",80,5,1500800,61,0.7075,0.05,0.09
"between_freedman_lane","diagnostic_n80","trait",80,5,1500800,62,0.9525,0.05,0.09
"between_freedman_lane","diagnostic_n80","trait",80,5,1500800,63,0.34,0.05,0.09
"between_freedman_lane","diagnostic_n80","trait",80,5,1500800,64,0.615,0.05,0.09
"between_freedman_lane","diagnostic_n80","trait",80,5,1500800,65,0.145,0.05,0.09
"between_freedman_lane","diagnostic_n80","trait",80,5,1500800,66,0.0125,0.05,0.09
"between_freedman_lane","diagnostic_n80","trait",80,5,1500800,67,0.905,0.05,0.09
"between_freedman_lane","diagnostic_n80","trait",80,5,1500800,68,0.3875,0.05,0.09
"between_freedman_lane","diagnostic_n80","trait",80,5,1500800,69,0.5175,0.05,0.09
"between_freedman_lane","diagnostic_n80","trait",80,5,1500800,70,0.2925,0.05,0.09
"between_freedman_lane","diagnostic_n80","trait",80,5,1500800,71,0.215,0.05,0.09
"between_freedman_lane","diagnostic_n80","trait",80,5,1500800,72,0.5625,0.05,0.09
"between_freedman_lane","diagnostic_n80","trait",80,5,1500800,73,0.14,0.05,0.09
"between_freedman_lane","diagnostic_n80","trait",80,5,1500800,74,0.005,0.05,0.09
"between_freedman_lane","diagnostic_n80","trait",80,5,1500800,75,0.63,0.05,0.09
"between_freedman_lane","diagnostic_n80","trait",80,5,1500800,76,0.5325,0.05,0.09
"between_freedman_lane","diagnostic_n80","trait",80,5,1500800,77,0.5675,0.05,0.09
"between_freedman_lane","diagnostic_n80","trait",80,5,1500800,78,0.8625,0.05,0.09
"between_freedman_lane","diagnostic_n80","trait",80,5,1500800,79,0.265,0.05,0.09
"between_freedman_lane","diagnostic_n80","trait",80,5,1500800,80,0.9425,0.05,0.09
"between_freedman_lane","diagnostic_n80","trait",80,5,1500800,81,0.4,0.05,0.09
"between_freedman_lane","diagnostic_n80","trait",80,5,1500800,82,0.955,0.05,0.09
"between_freedman_lane","diagnostic_n80","trait",80,5,1500800,83,0.3025,0.05,0.09
"between_freedman_lane","diagnostic_n80","trait",80,5,1500800,84,0.1,0.05,0.09
"between_freedman_lane","diagnostic_n80","trait",80,5,1500800,85,0.5775,0.05,0.09
"between_freedman_lane","diagnostic_n80","trait",80,5,1500800,86,0.5325,0.05,0.09
"between_freedman_lane","diagnostic_n80","trait",80,5,1500800,87,0.4575,0.05,0.09
"between_freedman_lane","diagnostic_n80","trait",80,5,1500800,88,0.4525,0.05,0.09
"between_freedman_lane","diagnostic_n80","trait",80,5,1500800,89,0.6425,0.05,0.09
"between_freedman_lane","diagnostic_n80","trait",80,5,1500800,90,0.865,0.05,0.09
"between_freedman_lane","diagnostic_n80","trait",80,5,1500800,91,0.72,0.05,0.09
"between_freedman_lane","diagnostic_n80","trait",80,5,1500800,92,0.74,0.05,0.09
"between_freedman_lane","diagnostic_n80","trait",80,5,1500800,93,0.4225,0.05,0.09
"between_freedman_lane","diagnostic_n80","trait",80,5,1500800,94,0.16,0.05,0.09
"between_freedman_lane","diagnostic_n80","trait",80,5,1500800,95,0.445,0.05,0.09
"between_freedman_lane","diagnostic_n80","trait",80,5,1500800,96,0.34,0.05,0.09
"between_freedman_lane","diagnostic_n80","trait",80,5,1500800,97,0.2525,0.05,0.09
"between_freedman_lane","diagnostic_n80","trait",80,5,1500800,98,0.405,0.05,0.09
"between_freedman_lane","diagnostic_n80","trait",80,5,1500800,99,0.0375,0.05,0.09
"between_freedman_lane","diagnostic_n80","trait",80,5,1500800,100,0.1125,0.05,0.09
"between_freedman_lane","diagnostic_n80","group:trait",80,5,1500800,1,0.23,0.05,0.09
"between_freedman_lane","diagnostic_n80","group:trait",80,5,1500800,2,0.4025,0.05,0.09
"between_freedman_lane","diagnostic_n80","group:trait",80,5,1500800,3,0.2225,0.05,0.09
"between_freedman_lane","diagnostic_n80","group:trait",80,5,1500800,4,0.585,0.05,0.09
"between_freedman_lane","diagnostic_n80","group:trait",80,5,1500800,5,0.12,0.05,0.09
"between_freedman_lane","diagnostic_n80","group:trait",80,5,1500800,6,0.2725,0.05,0.09
"between_freedman_lane","diagnostic_n80","group:trait",80,5,1500800,7,0.815,0.05,0.09
"between_freedman_lane","diagnostic_n80","group:trait",80,5,1500800,8,0.045,0.05,0.09
"between_freedman_lane","diagnostic_n80","group:trait",80,5,1500800,9,0.2025,0.05,0.09
"between_freedman_lane","diagnostic_n80","group:trait",80,5,1500800,10,0.8925,0.05,0.09
"between_freedman_lane","diagnostic_n80","group:trait",80,5,1500800,11,0.2325,0.05,0.09
"between_freedman_lane","diagnostic_n80","group:trait",80,5,1500800,12,0.405,0.05,0.09
"between_freedman_lane","diagnostic_n80","group:trait",80,5,1500800,13,0.9325,0.05,0.09
"between_freedman_lane","diagnostic_n80","group:trait",80,5,1500800,14,0.1375,0.05,0.09
"between_freedman_lane","diagnostic_n80","group:trait",80,5,1500800,15,0.3675,0.05,0.09
"between_freedman_lane","diagnostic_n80","group:trait",80,5,1500800,16,0.355,0.05,0.09
"between_freedman_lane","diagnostic_n80","group:trait",80,5,1500800,17,0.5175,0.05,0.09
"between_freedman_lane","diagnostic_n80","group:trait",80,5,1500800,18,0.1075,0.05,0.09
"between_freedman_lane","diagnostic_n80","group:trait",80,5,1500800,19,0.7425,0.05,0.09
"between_freedman_lane","diagnostic_n80","group:trait",80,5,1500800,20,0.385,0.05,0.09
"between_freedman_lane","diagnostic_n80","group:trait",80,5,1500800,21,0.5475,0.05,0.09
"between_freedman_lane","diagnostic_n80","group:trait",80,5,1500800,22,0.4275,0.05,0.09
"between_freedman_lane","diagnostic_n80","group:trait",80,5,1500800,23,0.4875,0.05,0.09
"between_freedman_lane","diagnostic_n80","group:trait",80,5,1500800,24,0.2475,0.05,0.09
"between_freedman_lane","diagnostic_n80","group:trait",80,5,1500800,25,0.9275,0.05,0.09
"between_freedman_lane","diagnostic_n80","group:trait",80,5,1500800,26,0.7825,0.05,0.09
"between_freedman_lane","diagnostic_n80","group:trait",80,5,1500800,27,0.98,0.05,0.09
"between_freedman_lane","diagnostic_n80","group:trait",80,5,1500800,28,0.18,0.05,0.09
"between_freedman_lane","diagnostic_n80","group:trait",80,5,1500800,29,0.6875,0.05,0.09
"between_freedman_lane","diagnostic_n80","group:trait",80,5,1500800,30,0.1125,0.05,0.09
"between_freedman_lane","diagnostic_n80","group:trait",80,5,1500800,31,0.47,0.05,0.09
"between_freedman_lane","diagnostic_n80","group:trait",80,5,1500800,32,0.5125,0.05,0.09
"between_freedman_lane","diagnostic_n80","group:trait",80,5,1500800,33,0.535,0.05,0.09
"between_freedman_lane","diagnostic_n80","group:trait",80,5,1500800,34,0.7425,0.05,0.09
"between_freedman_lane","diagnostic_n80","group:trait",80,5,1500800,35,0.4175,0.05,0.09
"between_freedman_lane","diagnostic_n80","group:trait",80,5,1500800,36,0.6625,0.05,0.09
"between_freedman_lane","diagnostic_n80","group:trait",80,5,1500800,37,0.845,0.05,0.09
"between_freedman_lane","diagnostic_n80","group:trait",80,5,1500800,38,0.8675,0.05,0.09
"between_freedman_lane","diagnostic_n80","group:trait",80,5,1500800,39,0.9075,0.05,0.09
"between_freedman_lane","diagnostic_n80","group:trait",80,5,1500800,40,0.465,0.05,0.09
"between_freedman_lane","diagnostic_n80","group:trait",80,5,1500800,41,0.8775,0.05,0.09
"between_freedman_lane","diagnostic_n80","group:trait",80,5,1500800,42,0.4875,0.05,0.09
"between_freedman_lane","diagnostic_n80","group:trait",80,5,1500800,43,0.3825,0.05,0.09
"between_freedman_lane","diagnostic_n80","group:trait",80,5,1500800,44,0.7,0.05,0.09
"between_freedman_lane","diagnostic_n80","group:trait",80,5,1500800,45,0.9925,0.05,0.09
"between_freedman_lane","diagnostic_n80","group:trait",80,5,1500800,46,0.9125,0.05,0.09
"between_freedman_lane","diagnostic_n80","group:trait",80,5,1500800,47,0.8675,0.05,0.09
"between_freedman_lane","diagnostic_n80","group:trait",80,5,1500800,48,0.685,0.05,0.09
"between_freedman_lane","diagnostic_n80","group:trait",80,5,1500800,49,0.095,0.05,0.09
"between_freedman_lane","diagnostic_n80","group:trait",80,5,1500800,50,0.7775,0.05,0.09
"between_freedman_lane","diagnostic_n80","group:trait",80,5,1500800,51,0.68,0.05,0.09
"between_freedman_lane","diagnostic_n80","group:trait",80,5,1500800,52,0.93,0.05,0.09
"between_freedman_lane","diagnostic_n80","group:trait",80,5,1500800,53,0.6425,0.05,0.09
"between_freedman_lane","diagnostic_n80","group:trait",80,5,1500800,54,0.185,0.05,0.09
"between_freedman_lane","diagnostic_n80","group:trait",80,5,1500800,55,0.385,0.05,0.09
"between_freedman_lane","diagnostic_n80","group:trait",80,5,1500800,56,0.5025,0.05,0.09
"between_freedman_lane","diagnostic_n80","group:trait",80,5,1500800,57,0.1025,0.05,0.09
"between_freedman_lane","diagnostic_n80","group:trait",80,5,1500800,58,0.07,0.05,0.09
"between_freedman_lane","diagnostic_n80","group:trait",80,5,1500800,59,0.3925,0.05,0.09
"between_freedman_lane","diagnostic_n80","group:trait",80,5,1500800,60,0.2475,0.05,0.09
"between_freedman_lane","diagnostic_n80","group:trait",80,5,1500800,61,0.535,0.05,0.09
"between_freedman_lane","diagnostic_n80","group:trait",80,5,1500800,62,0.4875,0.05,0.09
"between_freedman_lane","diagnostic_n80","group:trait",80,5,1500800,63,0.315,0.05,0.09
"between_freedman_lane","diagnostic_n80","group:trait",80,5,1500800,64,0.61,0.05,0.09
"between_freedman_lane","diagnostic_n80","group:trait",80,5,1500800,65,0.325,0.05,0.09
"between_freedman_lane","diagnostic_n80","group:trait",80,5,1500800,66,0.0875,0.05,0.09
"between_freedman_lane","diagnostic_n80","group:trait",80,5,1500800,67,0.83,0.05,0.09
"between_freedman_lane","diagnostic_n80","group:trait",80,5,1500800,68,0.1075,0.05,0.09
"between_freedman_lane","diagnostic_n80","group:trait",80,5,1500800,69,0.855,0.05,0.09
"between_freedman_lane","diagnostic_n80","group:trait",80,5,1500800,70,0.16,0.05,0.09
"between_freedman_lane","diagnostic_n80","group:trait",80,5,1500800,71,0.2575,0.05,0.09
"between_freedman_lane","diagnostic_n80","group:trait",80,5,1500800,72,0.85,0.05,0.09
"between_freedman_lane","diagnostic_n80","group:trait",80,5,1500800,73,0.025,0.05,0.09
"between_freedman_lane","diagnostic_n80","group:trait",80,5,1500800,74,0.0075,0.05,0.09
"between_freedman_lane","diagnostic_n80","group:trait",80,5,1500800,75,0.5425,0.05,0.09
"between_freedman_lane","diagnostic_n80","group:trait",80,5,1500800,76,0.985,0.05,0.09
"between_freedman_lane","diagnostic_n80","group:trait",80,5,1500800,77,0.91,0.05,0.09
"between_freedman_lane","diagnostic_n80","group:trait",80,5,1500800,78,0.3475,0.05,0.09
"between_freedman_lane","diagnostic_n80","group:trait",80,5,1500800,79,0.325,0.05,0.09
"between_freedman_lane","diagnostic_n80","group:trait",80,5,1500800,80,0.84,0.05,0.09
"between_freedman_lane","diagnostic_n80","group:trait",80,5,1500800,81,0.6725,0.05,0.09
"between_freedman_lane","diagnostic_n80","group:trait",80,5,1500800,82,0.775,0.05,0.09
"between_freedman_lane","diagnostic_n80","group:trait",80,5,1500800,83,0.165,0.05,0.09
"between_freedman_lane","diagnostic_n80","group:trait",80,5,1500800,84,0.9375,0.05,0.09
"between_freedman_lane","diagnostic_n80","group:trait",80,5,1500800,85,0.57,0.05,0.09
"between_freedman_lane","diagnostic_n80","group:trait",80,5,1500800,86,0.3025,0.05,0.09
"between_freedman_lane","diagnostic_n80","group:trait",80,5,1500800,87,0.4775,0.05,0.09
"between_freedman_lane","diagnostic_n80","group:trait",80,5,1500800,88,0.3725,0.05,0.09
"between_freedman_lane","diagnostic_n80","group:trait",80,5,1500800,89,0.7075,0.05,0.09
"between_freedman_lane","diagnostic_n80","group:trait",80,5,1500800,90,0.1475,0.05,0.09
"between_freedman_lane","diagnostic_n80","group:trait",80,5,1500800,91,0.315,0.05,0.09
"between_freedman_lane","diagnostic_n80","group:trait",80,5,1500800,92,0.1975,0.05,0.09
"between_freedman_lane","diagnostic_n80","group:trait",80,5,1500800,93,0.57,0.05,0.09
"between_freedman_lane","diagnostic_n80","group:trait",80,5,1500800,94,0.5775,0.05,0.09
"between_freedman_lane","diagnostic_n80","group:trait",80,5,1500800,95,0.11,0.05,0.09
"between_freedman_lane","diagnostic_n80","group:trait",80,5,1500800,96,0.8725,0.05,0.09
"between_freedman_lane","diagnostic_n80","group:trait",80,5,1500800,97,0.7725,0.05,0.09
"between_freedman_lane","diagnostic_n80","group:trait",80,5,1500800,98,0.6325,0.05,0.09
"between_freedman_lane","diagnostic_n80","group:trait",80,5,1500800,99,0.185,0.05,0.09
"between_freedman_lane","diagnostic_n80","group:trait",80,5,1500800,100,0.09,0.05,0.09
"adaptive_loso_signflip","n16_v128","none",16,1,101,1,0.788,0.05,0.08
"adaptive_loso_signflip","n16_v128","none",16,1,101,2,0.458,0.05,0.08
"adaptive_loso_signflip","n16_v128","none",16,1,101,3,0.974,0.05,0.08
"adaptive_loso_signflip","n16_v128","none",16,1,101,4,0.616,0.05,0.08
"adaptive_loso_signflip","n16_v128","none",16,1,101,5,0.61,0.05,0.08
"adaptive_loso_signflip","n16_v128","none",16,1,101,6,0.842,0.05,0.08
"adaptive_loso_signflip","n16_v128","none",16,1,101,7,0.77,0.05,0.08
"adaptive_loso_signflip","n16_v128","none",16,1,101,8,0.116,0.05,0.08
"adaptive_loso_signflip","n16_v128","none",16,1,101,9,0.274,0.05,0.08
"adaptive_loso_signflip","n16_v128","none",16,1,101,10,0.096,0.05,0.08
"adaptive_loso_signflip","n16_v128","none",16,1,101,11,0.052,0.05,0.08
"adaptive_loso_signflip","n16_v128","none",16,1,101,12,0.652,0.05,0.08
"adaptive_loso_signflip","n16_v128","none",16,1,101,13,0.362,0.05,0.08
"adaptive_loso_signflip","n16_v128","none",16,1,101,14,0.334,0.05,0.08
"adaptive_loso_signflip","n16_v128","none",16,1,101,15,0.566,0.05,0.08
"adaptive_loso_signflip","n16_v128","none",16,1,101,16,0.892,0.05,0.08
"adaptive_loso_signflip","n16_v128","none",16,1,101,17,0.986,0.05,0.08
"adaptive_loso_signflip","n16_v128","none",16,1,101,18,0.542,0.05,0.08
"adaptive_loso_signflip","n16_v128","none",16,1,101,19,0.906,0.05,0.08
"adaptive_loso_signflip","n16_v128","none",16,1,101,20,0.498,0.05,0.08
"adaptive_loso_signflip","n16_v128","none",16,1,101,21,0.452,0.05,0.08
"adaptive_loso_signflip","n16_v128","none",16,1,101,22,0.888,0.05,0.08
"adaptive_loso_signflip","n16_v128","none",16,1,101,23,0.532,0.05,0.08
"adaptive_loso_signflip","n16_v128","none",16,1,101,24,0.39,0.05,0.08
"adaptive_loso_signflip","n16_v128","none",16,1,101,25,0.608,0.05,0.08
"adaptive_loso_signflip","n16_v128","none",16,1,101,26,0.02,0.05,0.08
"adaptive_loso_signflip","n16_v128","none",16,1,101,27,0.75,0.05,0.08
"adaptive_loso_signflip","n16_v128","none",16,1,101,28,0.904,0.05,0.08
"adaptive_loso_signflip","n16_v128","none",16,1,101,29,0.718,0.05,0.08
"adaptive_loso_signflip","n16_v128","none",16,1,101,30,0.262,0.05,0.08
"adaptive_loso_signflip","n16_v128","none",16,1,101,31,0.244,0.05,0.08
"adaptive_loso_signflip","n16_v128","none",16,1,101,32,0.92,0.05,0.08
"adaptive_loso_signflip","n16_v128","none",16,1,101,33,0.574,0.05,0.08
"adaptive_loso_signflip","n16_v128","none",16,1,101,34,0.11,0.05,0.08
"adaptive_loso_signflip","n16_v128","none",16,1,101,35,0.114,0.05,0.08
"adaptive_loso_signflip","n16_v128","none",16,1,101,36,0.484,0.05,0.08
"adaptive_loso_signflip","n16_v128","none",16,1,101,37,0.588,0.05,0.08
"adaptive_loso_signflip","n16_v128","none",16,1,101,38,0.55,0.05,0.08
"adaptive_loso_signflip","n16_v128","none",16,1,101,39,0.828,0.05,0.08
"adaptive_loso_signflip","n16_v128","none",16,1,101,40,0.966,0.05,0.08
"adaptive_loso_signflip","n16_v128","none",16,1,101,41,0.46,0.05,0.08
"adaptive_loso_signflip","n16_v128","none",16,1,101,42,0.286,0.05,0.08
"adaptive_loso_signflip","n16_v128","none",16,1,101,43,0.262,0.05,0.08
"adaptive_loso_signflip","n16_v128","none",16,1,101,44,0.02,0.05,0.08
"adaptive_loso_signflip","n16_v128","none",16,1,101,45,0.686,0.05,0.08
"adaptive_loso_signflip","n16_v128","none",16,1,101,46,0.326,0.05,0.08
"adaptive_loso_signflip","n16_v128","none",16,1,101,47,0.06,0.05,0.08
"adaptive_loso_signflip","n16_v128","none",16,1,101,48,0.3,0.05,0.08
"adaptive_loso_signflip","n16_v128","none",16,1,101,49,0.92,0.05,0.08
"adaptive_loso_signflip","n16_v128","none",16,1,101,50,0.402,0.05,0.08
"adaptive_loso_signflip","n16_v128","none",16,1,101,51,0.056,0.05,0.08
"adaptive_loso_signflip","n16_v128","none",16,1,101,52,0.834,0.05,0.08
"adaptive_loso_signflip","n16_v128","none",16,1,101,53,0.88,0.05,0.08
"adaptive_loso_signflip","n16_v128","none",16,1,101,54,0.632,0.05,0.08
"adaptive_loso_signflip","n16_v128","none",16,1,101,55,0.772,0.05,0.08
"adaptive_loso_signflip","n16_v128","none",16,1,101,56,0.2,0.05,0.08
"adaptive_loso_signflip","n16_v128","none",16,1,101,57,0.328,0.05,0.08
"adaptive_loso_signflip","n16_v128","none",16,1,101,58,0.31,0.05,0.08
"adaptive_loso_signflip","n16_v128","none",16,1,101,59,0.496,0.05,0.08
"adaptive_loso_signflip","n16_v128","none",16,1,101,60,0.454,0.05,0.08
"adaptive_loso_signflip","n16_v128","none",16,1,101,61,0.382,0.05,0.08
"adaptive_loso_signflip","n16_v128","none",16,1,101,62,0.412,0.05,0.08
"adaptive_loso_signflip","n16_v128","none",16,1,101,63,0.334,0.05,0.08
"adaptive_loso_signflip","n16_v128","none",16,1,101,64,0.116,0.05,0.08
"adaptive_loso_signflip","n16_v128","none",16,1,101,65,0.568,0.05,0.08
"adaptive_loso_signflip","n16_v128","none",16,1,101,66,0.79,0.05,0.08
"adaptive_loso_signflip","n16_v128","none",16,1,101,67,0.88,0.05,0.08
"adaptive_loso_signflip","n16_v128","none",16,1,101,68,0.114,0.05,0.08
"adaptive_loso_signflip","n16_v128","none",16,1,101,69,0.628,0.05,0.08
"adaptive_loso_signflip","n16_v128","none",16,1,101,70,0.064,0.05,0.08
"adaptive_loso_signflip","n16_v128","none",16,1,101,71,0.704,0.05,0.08
"adaptive_loso_signflip","n16_v128","none",16,1,101,72,0.646,0.05,0.08
"adaptive_loso_signflip","n16_v128","none",16,1,101,73,0.508,0.05,0.08
"adaptive_loso_signflip","n16_v128","none",16,1,101,74,0.404,0.05,0.08
"adaptive_loso_signflip","n16_v128","none",16,1,101,75,0.756,0.05,0.08
"adaptive_loso_signflip","n16_v128","none",16,1,101,76,0.128,0.05,0.08
"adaptive_loso_signflip","n16_v128","none",16,1,101,77,0.266,0.05,0.08
"adaptive_loso_signflip","n16_v128","none",16,1,101,78,0.606,0.05,0.08
"adaptive_loso_signflip","n16_v128","none",16,1,101,79,0.388,0.05,0.08
"adaptive_loso_signflip","n16_v128","none",16,1,101,80,0.296,0.05,0.08
"adaptive_loso_signflip","n16_v128","none",16,1,101,81,0.098,0.05,0.08
"adaptive_loso_signflip","n16_v128","none",16,1,101,82,0.342,0.05,0.08
"adaptive_loso_signflip","n16_v128","none",16,1,101,83,0.314,0.05,0.08
"adaptive_loso_signflip","n16_v128","none",16,1,101,84,0.508,0.05,0.08
"adaptive_loso_signflip","n16_v128","none",16,1,101,85,0.892,0.05,0.08
"adaptive_loso_signflip","n16_v128","none",16,1,101,86,0.892,0.05,0.08
"adaptive_loso_signflip","n16_v128","none",16,1,101,87,0.154,0.05,0.08
"adaptive_loso_signflip","n16_v128","none",16,1,101,88,0.08,0.05,0.08
"adaptive_loso_signflip","n16_v128","none",16,1,101,89,0.956,0.05,0.08
"adaptive_loso_signflip","n16_v128","none",16,1,101,90,0.36,0.05,0.08
"adaptive_loso_signflip","n16_v128","none",16,1,101,91,0.004,0.05,0.08
"adaptive_loso_signflip","n16_v128","none",16,1,101,92,0.362,0.05,0.08
"adaptive_loso_signflip","n16_v128","none",16,1,101,93,0.368,0.05,0.08
"adaptive_loso_signflip","n16_v128","none",16,1,101,94,0.554,0.05,0.08
"adaptive_loso_signflip","n16_v128","none",16,1,101,95,0.83,0.05,0.08
"adaptive_loso_signflip","n16_v128","none",16,1,101,96,0.38,0.05,0.08
"adaptive_loso_signflip","n16_v128","none",16,1,101,97,0.124,0.05,0.08
"adaptive_loso_signflip","n16_v128","none",16,1,101,98,0.93,0.05,0.08
"adaptive_loso_signflip","n16_v128","none",16,1,101,99,0.986,0.05,0.08
"adaptive_loso_signflip","n16_v128","none",16,1,101,100,0.35,0.05,0.08
"adaptive_loso_signflip","n16_v128","none",16,1,101,101,0.038,0.05,0.08
"adaptive_loso_signflip","n16_v128","none",16,1,101,102,0.108,0.05,0.08
"adaptive_loso_signflip","n16_v128","none",16,1,101,103,0.528,0.05,0.08
"adaptive_loso_signflip","n16_v128","none",16,1,101,104,0.908,0.05,0.08
"adaptive_loso_signflip","n16_v128","none",16,1,101,105,0.594,0.05,0.08
"adaptive_loso_signflip","n16_v128","none",16,1,101,106,0.97,0.05,0.08
"adaptive_loso_signflip","n16_v128","none",16,1,101,107,0.718,0.05,0.08
"adaptive_loso_signflip","n16_v128","none",16,1,101,108,0.41,0.05,0.08
"adaptive_loso_signflip","n16_v128","none",16,1,101,109,0.588,0.05,0.08
"adaptive_loso_signflip","n16_v128","none",16,1,101,110,0.394,0.05,0.08
"adaptive_loso_signflip","n16_v128","none",16,1,101,111,0.158,0.05,0.08
"adaptive_loso_signflip","n16_v128","none",16,1,101,112,0.772,0.05,0.08
"adaptive_loso_signflip","n16_v128","none",16,1,101,113,0.488,0.05,0.08
"adaptive_loso_signflip","n16_v128","none",16,1,101,114,0.306,0.05,0.08
"adaptive_loso_signflip","n16_v128","none",16,1,101,115,0.67,0.05,0.08
"adaptive_loso_signflip","n16_v128","none",16,1,101,116,0.652,0.05,0.08
"adaptive_loso_signflip","n16_v128","none",16,1,101,117,0.754,0.05,0.08
"adaptive_loso_signflip","n16_v128","none",16,1,101,118,0.434,0.05,0.08
"adaptive_loso_signflip","n16_v128","none",16,1,101,119,0.19,0.05,0.08
"adaptive_loso_signflip","n16_v128","none",16,1,101,120,0.33,0.05,0.08
"adaptive_loso_signflip","n16_v128","none",16,1,101,121,0.824,0.05,0.08
"adaptive_loso_signflip","n16_v128","none",16,1,101,122,0.614,0.05,0.08
"adaptive_loso_signflip","n16_v128","none",16,1,101,123,0.012,0.05,0.08
"adaptive_loso_signflip","n16_v128","none",16,1,101,124,0.672,0.05,0.08
"adaptive_loso_signflip","n16_v128","none",16,1,101,125,0.57,0.05,0.08
"adaptive_loso_signflip","n16_v128","none",16,1,101,126,0.496,0.05,0.08
"adaptive_loso_signflip","n16_v128","none",16,1,101,127,0.366,0.05,0.08
"adaptive_loso_signflip","n16_v128","none",16,1,101,128,0.612,0.05,0.08
"adaptive_loso_signflip","n16_v128","none",16,1,101,129,0.314,0.05,0.08
"adaptive_loso_signflip","n16_v128","none",16,1,101,130,0.936,0.05,0.08
"adaptive_loso_signflip","n16_v128","none",16,1,101,131,0.03,0.05,0.08
"adaptive_loso_signflip","n16_v128","none",16,1,101,132,0.02,0.05,0.08
"adaptive_loso_signflip","n16_v128","none",16,1,101,133,0.352,0.05,0.08
"adaptive_loso_signflip","n16_v128","none",16,1,101,134,0.624,0.05,0.08
"adaptive_loso_signflip","n16_v128","none",16,1,101,135,0.13,0.05,0.08
"adaptive_loso_signflip","n16_v128","none",16,1,101,136,0.544,0.05,0.08
"adaptive_loso_signflip","n16_v128","none",16,1,101,137,0.362,0.05,0.08
"adaptive_loso_signflip","n16_v128","none",16,1,101,138,0.51,0.05,0.08
"adaptive_loso_signflip","n16_v128","none",16,1,101,139,0.846,0.05,0.08
"adaptive_loso_signflip","n16_v128","none",16,1,101,140,0.974,0.05,0.08
"adaptive_loso_signflip","n16_v128","none",16,1,101,141,0.744,0.05,0.08
"adaptive_loso_signflip","n16_v128","none",16,1,101,142,0.352,0.05,0.08
"adaptive_loso_signflip","n16_v128","none",16,1,101,143,0.576,0.05,0.08
"adaptive_loso_signflip","n16_v128","none",16,1,101,144,0.874,0.05,0.08
"adaptive_loso_signflip","n16_v128","none",16,1,101,145,0.302,0.05,0.08
"adaptive_loso_signflip","n16_v128","none",16,1,101,146,0.466,0.05,0.08
"adaptive_loso_signflip","n16_v128","none",16,1,101,147,0.14,0.05,0.08
"adaptive_loso_signflip","n16_v128","none",16,1,101,148,0.422,0.05,0.08
"adaptive_loso_signflip","n16_v128","none",16,1,101,149,0.238,0.05,0.08
"adaptive_loso_signflip","n16_v128","none",16,1,101,150,0.428,0.05,0.08
"adaptive_loso_signflip","n16_v128","none",16,1,101,151,0.382,0.05,0.08
"adaptive_loso_signflip","n16_v128","none",16,1,101,152,0.576,0.05,0.08
"adaptive_loso_signflip","n16_v128","none",16,1,101,153,0.456,0.05,0.08
"adaptive_loso_signflip","n16_v128","none",16,1,101,154,0.348,0.05,0.08
"adaptive_loso_signflip","n16_v128","none",16,1,101,155,0.6,0.05,0.08
"adaptive_loso_signflip","n16_v128","none",16,1,101,156,0.448,0.05,0.08
"adaptive_loso_signflip","n16_v128","none",16,1,101,157,0.58,0.05,0.08
"adaptive_loso_signflip","n16_v128","none",16,1,101,158,0.834,0.05,0.08
"adaptive_loso_signflip","n16_v128","none",16,1,101,159,0.12,0.05,0.08
"adaptive_loso_signflip","n16_v128","none",16,1,101,160,0.19,0.05,0.08
"adaptive_loso_signflip","n16_v128","none",16,1,101,161,0.214,0.05,0.08
"adaptive_loso_signflip","n16_v128","none",16,1,101,162,0.858,0.05,0.08
"adaptive_loso_signflip","n16_v128","none",16,1,101,163,0.49,0.05,0.08
"adaptive_loso_signflip","n16_v128","none",16,1,101,164,0.374,0.05,0.08
"adaptive_loso_signflip","n16_v128","none",16,1,101,165,0.516,0.05,0.08
"adaptive_loso_signflip","n16_v128","none",16,1,101,166,0.588,0.05,0.08
"adaptive_loso_signflip","n16_v128","none",16,1,101,167,0.016,0.05,0.08
"adaptive_loso_signflip","n16_v128","none",16,1,101,168,0.602,0.05,0.08
"adaptive_loso_signflip","n16_v128","none",16,1,101,169,0.746,0.05,0.08
"adaptive_loso_signflip","n16_v128","none",16,1,101,170,0.414,0.05,0.08
"adaptive_loso_signflip","n16_v128","none",16,1,101,171,0.782,0.05,0.08
"adaptive_loso_signflip","n16_v128","none",16,1,101,172,0.278,0.05,0.08
"adaptive_loso_signflip","n16_v128","none",16,1,101,173,0.156,0.05,0.08
"adaptive_loso_signflip","n16_v128","none",16,1,101,174,0.694,0.05,0.08
"adaptive_loso_signflip","n16_v128","none",16,1,101,175,0.476,0.05,0.08
"adaptive_loso_signflip","n16_v128","none",16,1,101,176,0.262,0.05,0.08
"adaptive_loso_signflip","n16_v128","none",16,1,101,177,0.382,0.05,0.08
"adaptive_loso_signflip","n16_v128","none",16,1,101,178,0.054,0.05,0.08
"adaptive_loso_signflip","n16_v128","none",16,1,101,179,0.53,0.05,0.08
"adaptive_loso_signflip","n16_v128","none",16,1,101,180,0.472,0.05,0.08
"adaptive_loso_signflip","n16_v128","none",16,1,101,181,0.768,0.05,0.08
"adaptive_loso_signflip","n16_v128","none",16,1,101,182,0.764,0.05,0.08
"adaptive_loso_signflip","n16_v128","none",16,1,101,183,0.286,0.05,0.08
"adaptive_loso_signflip","n16_v128","none",16,1,101,184,0.228,0.05,0.08
"adaptive_loso_signflip","n16_v128","none",16,1,101,185,0.336,0.05,0.08
"adaptive_loso_signflip","n16_v128","none",16,1,101,186,0.398,0.05,0.08
"adaptive_loso_signflip","n16_v128","none",16,1,101,187,0.982,0.05,0.08
"adaptive_loso_signflip","n16_v128","none",16,1,101,188,0.506,0.05,0.08
"adaptive_loso_signflip","n16_v128","none",16,1,101,189,0.21,0.05,0.08
"adaptive_loso_signflip","n16_v128","none",16,1,101,190,0.006,0.05,0.08
"adaptive_loso_signflip","n16_v128","none",16,1,101,191,0.31,0.05,0.08
"adaptive_loso_signflip","n16_v128","none",16,1,101,192,0.552,0.05,0.08
"adaptive_loso_signflip","n16_v128","none",16,1,101,193,0.898,0.05,0.08
"adaptive_loso_signflip","n16_v128","none",16,1,101,194,0.662,0.05,0.08
"adaptive_loso_signflip","n16_v128","none",16,1,101,195,0.386,0.05,0.08
"adaptive_loso_signflip","n16_v128","none",16,1,101,196,0.026,0.05,0.08
"adaptive_loso_signflip","n16_v128","none",16,1,101,197,0.916,0.05,0.08
"adaptive_loso_signflip","n16_v128","none",16,1,101,198,0.94,0.05,0.08
"adaptive_loso_signflip","n16_v128","none",16,1,101,199,0.564,0.05,0.08
"adaptive_loso_signflip","n16_v128","none",16,1,101,200,0.888,0.05,0.08
"adaptive_loso_signflip","n16_v128","none",16,2,100101,1,0.58,0.05,0.08
"adaptive_loso_signflip","n16_v128","none",16,2,100101,2,0.454,0.05,0.08
"adaptive_loso_signflip","n16_v128","none",16,2,100101,3,0.346,0.05,0.08
"adaptive_loso_signflip","n16_v128","none",16,2,100101,4,0.322,0.05,0.08
"adaptive_loso_signflip","n16_v128","none",16,2,100101,5,0.362,0.05,0.08
"adaptive_loso_signflip","n16_v128","none",16,2,100101,6,0.736,0.05,0.08
"adaptive_loso_signflip","n16_v128","none",16,2,100101,7,0.162,0.05,0.08
"adaptive_loso_signflip","n16_v128","none",16,2,100101,8,0.902,0.05,0.08
"adaptive_loso_signflip","n16_v128","none",16,2,100101,9,0.08,0.05,0.08
"adaptive_loso_signflip","n16_v128","none",16,2,100101,10,0.688,0.05,0.08
"adaptive_loso_signflip","n16_v128","none",16,2,100101,11,0.034,0.05,0.08
"adaptive_loso_signflip","n16_v128","none",16,2,100101,12,0.606,0.05,0.08
"adaptive_loso_signflip","n16_v128","none",16,2,100101,13,0.332,0.05,0.08
"adaptive_loso_signflip","n16_v128","none",16,2,100101,14,0.21,0.05,0.08
"adaptive_loso_signflip","n16_v128","none",16,2,100101,15,0.118,0.05,0.08
"adaptive_loso_signflip","n16_v128","none",16,2,100101,16,0.89,0.05,0.08
"adaptive_loso_signflip","n16_v128","none",16,2,100101,17,0.334,0.05,0.08
"adaptive_loso_signflip","n16_v128","none",16,2,100101,18,0.232,0.05,0.08
"adaptive_loso_signflip","n16_v128","none",16,2,100101,19,0.908,0.05,0.08
"adaptive_loso_signflip","n16_v128","none",16,2,100101,20,0.522,0.05,0.08
"adaptive_loso_signflip","n16_v128","none",16,2,100101,21,0.114,0.05,0.08
"adaptive_loso_signflip","n16_v128","none",16,2,100101,22,0.158,0.05,0.08
"adaptive_loso_signflip","n16_v128","none",16,2,100101,23,0.34,0.05,0.08
"adaptive_loso_signflip","n16_v128","none",16,2,100101,24,0.006,0.05,0.08
"adaptive_loso_signflip","n16_v128","none",16,2,100101,25,0.14,0.05,0.08
"adaptive_loso_signflip","n16_v128","none",16,2,100101,26,0.714,0.05,0.08
"adaptive_loso_signflip","n16_v128","none",16,2,100101,27,0.974,0.05,0.08
"adaptive_loso_signflip","n16_v128","none",16,2,100101,28,0.392,0.05,0.08
"adaptive_loso_signflip","n16_v128","none",16,2,100101,29,0.204,0.05,0.08
"adaptive_loso_signflip","n16_v128","none",16,2,100101,30,0.466,0.05,0.08
"adaptive_loso_signflip","n16_v128","none",16,2,100101,31,0.414,0.05,0.08
"adaptive_loso_signflip","n16_v128","none",16,2,100101,32,0.268,0.05,0.08
"adaptive_loso_signflip","n16_v128","none",16,2,100101,33,0.918,0.05,0.08
"adaptive_loso_signflip","n16_v128","none",16,2,100101,34,0.04,0.05,0.08
"adaptive_loso_signflip","n16_v128","none",16,2,100101,35,0.36,0.05,0.08
"adaptive_loso_signflip","n16_v128","none",16,2,100101,36,0.378,0.05,0.08
"adaptive_loso_signflip","n16_v128","none",16,2,100101,37,0.574,0.05,0.08
"adaptive_loso_signflip","n16_v128","none",16,2,100101,38,0.136,0.05,0.08
"adaptive_loso_signflip","n16_v128","none",16,2,100101,39,0.394,0.05,0.08
"adaptive_loso_signflip","n16_v128","none",16,2,100101,40,0.582,0.05,0.08
"adaptive_loso_signflip","n16_v128","none",16,2,100101,41,0.89,0.05,0.08
"adaptive_loso_signflip","n16_v128","none",16,2,100101,42,0.824,0.05,0.08
"adaptive_loso_signflip","n16_v128","none",16,2,100101,43,0.708,0.05,0.08
"adaptive_loso_signflip","n16_v128","none",16,2,100101,44,0.55,0.05,0.08
"adaptive_loso_signflip","n16_v128","none",16,2,100101,45,0.962,0.05,0.08
"adaptive_loso_signflip","n16_v128","none",16,2,100101,46,0.392,0.05,0.08
"adaptive_loso_signflip","n16_v128","none",16,2,100101,47,0.61,0.05,0.08
"adaptive_loso_signflip","n16_v128","none",16,2,100101,48,0.294,0.05,0.08
"adaptive_loso_signflip","n16_v128","none",16,2,100101,49,0.44,0.05,0.08
"adaptive_loso_signflip","n16_v128","none",16,2,100101,50,0.158,0.05,0.08
"adaptive_loso_signflip","n16_v128","none",16,2,100101,51,0.036,0.05,0.08
"adaptive_loso_signflip","n16_v128","none",16,2,100101,52,0.568,0.05,0.08
"adaptive_loso_signflip","n16_v128","none",16,2,100101,53,0.754,0.05,0.08
"adaptive_loso_signflip","n16_v128","none",16,2,100101,54,0.158,0.05,0.08
"adaptive_loso_signflip","n16_v128","none",16,2,100101,55,0.908,0.05,0.08
"adaptive_loso_signflip","n16_v128","none",16,2,100101,56,0.668,0.05,0.08
"adaptive_loso_signflip","n16_v128","none",16,2,100101,57,0.96,0.05,0.08
"adaptive_loso_signflip","n16_v128","none",16,2,100101,58,0.702,0.05,0.08
"adaptive_loso_signflip","n16_v128","none",16,2,100101,59,0.794,0.05,0.08
"adaptive_loso_signflip","n16_v128","none",16,2,100101,60,0.634,0.05,0.08
"adaptive_loso_signflip","n16_v128","none",16,2,100101,61,0.458,0.05,0.08
"adaptive_loso_signflip","n16_v128","none",16,2,100101,62,0.922,0.05,0.08
"adaptive_loso_signflip","n16_v128","none",16,2,100101,63,0.338,0.05,0.08
"adaptive_loso_signflip","n16_v128","none",16,2,100101,64,0.282,0.05,0.08
"adaptive_loso_signflip","n16_v128","none",16,2,100101,65,0.918,0.05,0.08
"adaptive_loso_signflip","n16_v128","none",16,2,100101,66,0.502,0.05,0.08
"adaptive_loso_signflip","n16_v128","none",16,2,100101,67,0.646,0.05,0.08
"adaptive_loso_signflip","n16_v128","none",16,2,100101,68,0.128,0.05,0.08
"adaptive_loso_signflip","n16_v128","none",16,2,100101,69,0.198,0.05,0.08
"adaptive_loso_signflip","n16_v128","none",16,2,100101,70,0.992,0.05,0.08
"adaptive_loso_signflip","n16_v128","none",16,2,100101,71,0.316,0.05,0.08
"adaptive_loso_signflip","n16_v128","none",16,2,100101,72,0.266,0.05,0.08
"adaptive_loso_signflip","n16_v128","none",16,2,100101,73,0.354,0.05,0.08
"adaptive_loso_signflip","n16_v128","none",16,2,100101,74,0.96,0.05,0.08
"adaptive_loso_signflip","n16_v128","none",16,2,100101,75,0.266,0.05,0.08
"adaptive_loso_signflip","n16_v128","none",16,2,100101,76,0.548,0.05,0.08
"adaptive_loso_signflip","n16_v128","none",16,2,100101,77,0.998,0.05,0.08
"adaptive_loso_signflip","n16_v128","none",16,2,100101,78,0.55,0.05,0.08
"adaptive_loso_signflip","n16_v128","none",16,2,100101,79,0.77,0.05,0.08
"adaptive_loso_signflip","n16_v128","none",16,2,100101,80,0.664,0.05,0.08
"adaptive_loso_signflip","n16_v128","none",16,2,100101,81,0.754,0.05,0.08
"adaptive_loso_signflip","n16_v128","none",16,2,100101,82,0.614,0.05,0.08
"adaptive_loso_signflip","n16_v128","none",16,2,100101,83,0.8,0.05,0.08
"adaptive_loso_signflip","n16_v128","none",16,2,100101,84,0.538,0.05,0.08
"adaptive_loso_signflip","n16_v128","none",16,2,100101,85,0.244,0.05,0.08
"adaptive_loso_signflip","n16_v128","none",16,2,100101,86,0.782,0.05,0.08
"adaptive_loso_signflip","n16_v128","none",16,2,100101,87,0.314,0.05,0.08
"adaptive_loso_signflip","n16_v128","none",16,2,100101,88,0.502,0.05,0.08
"adaptive_loso_signflip","n16_v128","none",16,2,100101,89,0.264,0.05,0.08
"adaptive_loso_signflip","n16_v128","none",16,2,100101,90,0.756,0.05,0.08
"adaptive_loso_signflip","n16_v128","none",16,2,100101,91,0.7,0.05,0.08
"adaptive_loso_signflip","n16_v128","none",16,2,100101,92,0.816,0.05,0.08
"adaptive_loso_signflip","n16_v128","none",16,2,100101,93,0.596,0.05,0.08
"adaptive_loso_signflip","n16_v128","none",16,2,100101,94,0.76,0.05,0.08
"adaptive_loso_signflip","n16_v128","none",16,2,100101,95,0.35,0.05,0.08
"adaptive_loso_signflip","n16_v128","none",16,2,100101,96,0.806,0.05,0.08
"adaptive_loso_signflip","n16_v128","none",16,2,100101,97,0.434,0.05,0.08
"adaptive_loso_signflip","n16_v128","none",16,2,100101,98,0.652,0.05,0.08
"adaptive_loso_signflip","n16_v128","none",16,2,100101,99,0.322,0.05,0.08
"adaptive_loso_signflip","n16_v128","none",16,2,100101,100,0.998,0.05,0.08
"adaptive_loso_signflip","n16_v128","none",16,2,100101,101,0.318,0.05,0.08
"adaptive_loso_signflip","n16_v128","none",16,2,100101,102,0.33,0.05,0.08
"adaptive_loso_signflip","n16_v128","none",16,2,100101,103,0.64,0.05,0.08
"adaptive_loso_signflip","n16_v128","none",16,2,100101,104,0.088,0.05,0.08
"adaptive_loso_signflip","n16_v128","none",16,2,100101,105,0.284,0.05,0.08
"adaptive_loso_signflip","n16_v128","none",16,2,100101,106,0.64,0.05,0.08
"adaptive_loso_signflip","n16_v128","none",16,2,100101,107,0.704,0.05,0.08
"adaptive_loso_signflip","n16_v128","none",16,2,100101,108,0.144,0.05,0.08
"adaptive_loso_signflip","n16_v128","none",16,2,100101,109,0.966,0.05,0.08
"adaptive_loso_signflip","n16_v128","none",16,2,100101,110,0.834,0.05,0.08
"adaptive_loso_signflip","n16_v128","none",16,2,100101,111,0.146,0.05,0.08
"adaptive_loso_signflip","n16_v128","none",16,2,100101,112,0.632,0.05,0.08
"adaptive_loso_signflip","n16_v128","none",16,2,100101,113,0.716,0.05,0.08
"adaptive_loso_signflip","n16_v128","none",16,2,100101,114,0.966,0.05,0.08
"adaptive_loso_signflip","n16_v128","none",16,2,100101,115,0.94,0.05,0.08
"adaptive_loso_signflip","n16_v128","none",16,2,100101,116,0.704,0.05,0.08
"adaptive_loso_signflip","n16_v128","none",16,2,100101,117,0.206,0.05,0.08
"adaptive_loso_signflip","n16_v128","none",16,2,100101,118,0.384,0.05,0.08
"adaptive_loso_signflip","n16_v128","none",16,2,100101,119,0.306,0.05,0.08
"adaptive_loso_signflip","n16_v128","none",16,2,100101,120,0.318,0.05,0.08
"adaptive_loso_signflip","n16_v128","none",16,2,100101,121,0.856,0.05,0.08
"adaptive_loso_signflip","n16_v128","none",16,2,100101,122,0.64,0.05,0.08
"adaptive_loso_signflip","n16_v128","none",16,2,100101,123,0.234,0.05,0.08
"adaptive_loso_signflip","n16_v128","none",16,2,100101,124,0.716,0.05,0.08
"adaptive_loso_signflip","n16_v128","none",16,2,100101,125,0.618,0.05,0.08
"adaptive_loso_signflip","n16_v128","none",16,2,100101,126,0.93,0.05,0.08
"adaptive_loso_signflip","n16_v128","none",16,2,100101,127,0.04,0.05,0.08
"adaptive_loso_signflip","n16_v128","none",16,2,100101,128,0.72,0.05,0.08
"adaptive_loso_signflip","n16_v128","none",16,2,100101,129,0.32,0.05,0.08
"adaptive_loso_signflip","n16_v128","none",16,2,100101,130,0.552,0.05,0.08
"adaptive_loso_signflip","n16_v128","none",16,2,100101,131,0.13,0.05,0.08
"adaptive_loso_signflip","n16_v128","none",16,2,100101,132,0.486,0.05,0.08
"adaptive_loso_signflip","n16_v128","none",16,2,100101,133,0.118,0.05,0.08
"adaptive_loso_signflip","n16_v128","none",16,2,100101,134,0.664,0.05,0.08
"adaptive_loso_signflip","n16_v128","none",16,2,100101,135,0.946,0.05,0.08
"adaptive_loso_signflip","n16_v128","none",16,2,100101,136,0.41,0.05,0.08
"adaptive_loso_signflip","n16_v128","none",16,2,100101,137,0.906,0.05,0.08
"adaptive_loso_signflip","n16_v128","none",16,2,100101,138,0.886,0.05,0.08
"adaptive_loso_signflip","n16_v128","none",16,2,100101,139,0.832,0.05,0.08
"adaptive_loso_signflip","n16_v128","none",16,2,100101,140,0.708,0.05,0.08
"adaptive_loso_signflip","n16_v128","none",16,2,100101,141,0.506,0.05,0.08
"adaptive_loso_signflip","n16_v128","none",16,2,100101,142,0.85,0.05,0.08
"adaptive_loso_signflip","n16_v128","none",16,2,100101,143,0.054,0.05,0.08
"adaptive_loso_signflip","n16_v128","none",16,2,100101,144,0.858,0.05,0.08
"adaptive_loso_signflip","n16_v128","none",16,2,100101,145,0.424,0.05,0.08
"adaptive_loso_signflip","n16_v128","none",16,2,100101,146,0.804,0.05,0.08
"adaptive_loso_signflip","n16_v128","none",16,2,100101,147,0.392,0.05,0.08
"adaptive_loso_signflip","n16_v128","none",16,2,100101,148,0.916,0.05,0.08
"adaptive_loso_signflip","n16_v128","none",16,2,100101,149,0.424,0.05,0.08
"adaptive_loso_signflip","n16_v128","none",16,2,100101,150,0.986,0.05,0.08
"adaptive_loso_signflip","n16_v128","none",16,2,100101,151,0.484,0.05,0.08
"adaptive_loso_signflip","n16_v128","none",16,2,100101,152,0.206,0.05,0.08
"adaptive_loso_signflip","n16_v128","none",16,2,100101,153,0.58,0.05,0.08
"adaptive_loso_signflip","n16_v128","none",16,2,100101,154,0.858,0.05,0.08
"adaptive_loso_signflip","n16_v128","none",16,2,100101,155,0.006,0.05,0.08
"adaptive_loso_signflip","n16_v128","none",16,2,100101,156,0.81,0.05,0.08
"adaptive_loso_signflip","n16_v128","none",16,2,100101,157,0.9,0.05,0.08
"adaptive_loso_signflip","n16_v128","none",16,2,100101,158,0.824,0.05,0.08
"adaptive_loso_signflip","n16_v128","none",16,2,100101,159,0.022,0.05,0.08
"adaptive_loso_signflip","n16_v128","none",16,2,100101,160,0.73,0.05,0.08
"adaptive_loso_signflip","n16_v128","none",16,2,100101,161,0.122,0.05,0.08
"adaptive_loso_signflip","n16_v128","none",16,2,100101,162,0.184,0.05,0.08
"adaptive_loso_signflip","n16_v128","none",16,2,100101,163,0.128,0.05,0.08
"adaptive_loso_signflip","n16_v128","none",16,2,100101,164,0.076,0.05,0.08
"adaptive_loso_signflip","n16_v128","none",16,2,100101,165,0.446,0.05,0.08
"adaptive_loso_signflip","n16_v128","none",16,2,100101,166,0.734,0.05,0.08
"adaptive_loso_signflip","n16_v128","none",16,2,100101,167,0.99,0.05,0.08
"adaptive_loso_signflip","n16_v128","none",16,2,100101,168,0.064,0.05,0.08
"adaptive_loso_signflip","n16_v128","none",16,2,100101,169,0.334,0.05,0.08
"adaptive_loso_signflip","n16_v128","none",16,2,100101,170,0.572,0.05,0.08
"adaptive_loso_signflip","n16_v128","none",16,2,100101,171,0.196,0.05,0.08
"adaptive_loso_signflip","n16_v128","none",16,2,100101,172,0.148,0.05,0.08
"adaptive_loso_signflip","n16_v128","none",16,2,100101,173,0.55,0.05,0.08
"adaptive_loso_signflip","n16_v128","none",16,2,100101,174,0.614,0.05,0.08
"adaptive_loso_signflip","n16_v128","none",16,2,100101,175,0.822,0.05,0.08
"adaptive_loso_signflip","n16_v128","none",16,2,100101,176,0.146,0.05,0.08
"adaptive_loso_signflip","n16_v128","none",16,2,100101,177,0.442,0.05,0.08
"adaptive_loso_signflip","n16_v128","none",16,2,100101,178,0.392,0.05,0.08
"adaptive_loso_signflip","n16_v128","none",16,2,100101,179,0.698,0.05,0.08
"adaptive_loso_signflip","n16_v128","none",16,2,100101,180,0.342,0.05,0.08
"adaptive_loso_signflip","n16_v128","none",16,2,100101,181,0.388,0.05,0.08
"adaptive_loso_signflip","n16_v128","none",16,2,100101,182,0.196,0.05,0.08
"adaptive_loso_signflip","n16_v128","none",16,2,100101,183,0.666,0.05,0.08
"adaptive_loso_signflip","n16_v128","none",16,2,100101,184,0.69,0.05,0.08
"adaptive_loso_signflip","n16_v128","none",16,2,100101,185,0.668,0.05,0.08
"adaptive_loso_signflip","n16_v128","none",16,2,100101,186,0.666,0.05,0.08
"adaptive_loso_signflip","n16_v128","none",16,2,100101,187,0.472,0.05,0.08
"adaptive_loso_signflip","n16_v128","none",16,2,100101,188,0.316,0.05,0.08
"adaptive_loso_signflip","n16_v128","none",16,2,100101,189,0.094,0.05,0.08
"adaptive_loso_signflip","n16_v128","none",16,2,100101,190,0.232,0.05,0.08
"adaptive_loso_signflip","n16_v128","none",16,2,100101,191,0.802,0.05,0.08
"adaptive_loso_signflip","n16_v128","none",16,2,100101,192,0.812,0.05,0.08
"adaptive_loso_signflip","n16_v128","none",16,2,100101,193,0.712,0.05,0.08
"adaptive_loso_signflip","n16_v128","none",16,2,100101,194,0.602,0.05,0.08
"adaptive_loso_signflip","n16_v128","none",16,2,100101,195,0.602,0.05,0.08
"adaptive_loso_signflip","n16_v128","none",16,2,100101,196,0.366,0.05,0.08
"adaptive_loso_signflip","n16_v128","none",16,2,100101,197,0.71,0.05,0.08
"adaptive_loso_signflip","n16_v128","none",16,2,100101,198,0.008,0.05,0.08
"adaptive_loso_signflip","n16_v128","none",16,2,100101,199,0.366,0.05,0.08
"adaptive_loso_signflip","n16_v128","none",16,2,100101,200,0.998,0.05,0.08
"adaptive_loso_signflip","n16_v128","none",16,3,200101,1,0.13,0.05,0.08
"adaptive_loso_signflip","n16_v128","none",16,3,200101,2,0.66,0.05,0.08
"adaptive_loso_signflip","n16_v128","none",16,3,200101,3,0.186,0.05,0.08
"adaptive_loso_signflip","n16_v128","none",16,3,200101,4,0.588,0.05,0.08
"adaptive_loso_signflip","n16_v128","none",16,3,200101,5,0.222,0.05,0.08
"adaptive_loso_signflip","n16_v128","none",16,3,200101,6,0.672,0.05,0.08
"adaptive_loso_signflip","n16_v128","none",16,3,200101,7,0.15,0.05,0.08
"adaptive_loso_signflip","n16_v128","none",16,3,200101,8,0.204,0.05,0.08
"adaptive_loso_signflip","n16_v128","none",16,3,200101,9,0.894,0.05,0.08
"adaptive_loso_signflip","n16_v128","none",16,3,200101,10,0.574,0.05,0.08
"adaptive_loso_signflip","n16_v128","none",16,3,200101,11,0.862,0.05,0.08
"adaptive_loso_signflip","n16_v128","none",16,3,200101,12,0.536,0.05,0.08
"adaptive_loso_signflip","n16_v128","none",16,3,200101,13,0.384,0.05,0.08
"adaptive_loso_signflip","n16_v128","none",16,3,200101,14,0.196,0.05,0.08
"adaptive_loso_signflip","n16_v128","none",16,3,200101,15,0.466,0.05,0.08
"adaptive_loso_signflip","n16_v128","none",16,3,200101,16,0.696,0.05,0.08
"adaptive_loso_signflip","n16_v128","none",16,3,200101,17,0.062,0.05,0.08
"adaptive_loso_signflip","n16_v128","none",16,3,200101,18,0.776,0.05,0.08
"adaptive_loso_signflip","n16_v128","none",16,3,200101,19,0.224,0.05,0.08
"adaptive_loso_signflip","n16_v128","none",16,3,200101,20,0.448,0.05,0.08
"adaptive_loso_signflip","n16_v128","none",16,3,200101,21,0.238,0.05,0.08
"adaptive_loso_signflip","n16_v128","none",16,3,200101,22,0.446,0.05,0.08
"adaptive_loso_signflip","n16_v128","none",16,3,200101,23,0.28,0.05,0.08
"adaptive_loso_signflip","n16_v128","none",16,3,200101,24,0.822,0.05,0.08
"adaptive_loso_signflip","n16_v128","none",16,3,200101,25,0.884,0.05,0.08
"adaptive_loso_signflip","n16_v128","none",16,3,200101,26,0.902,0.05,0.08
"adaptive_loso_signflip","n16_v128","none",16,3,200101,27,0.494,0.05,0.08
"adaptive_loso_signflip","n16_v128","none",16,3,200101,28,0.368,0.05,0.08
"adaptive_loso_signflip","n16_v128","none",16,3,200101,29,0.444,0.05,0.08
"adaptive_loso_signflip","n16_v128","none",16,3,200101,30,0.458,0.05,0.08
"adaptive_loso_signflip","n16_v128","none",16,3,200101,31,0.59,0.05,0.08
"adaptive_loso_signflip","n16_v128","none",16,3,200101,32,0.374,0.05,0.08
"adaptive_loso_signflip","n16_v128","none",16,3,200101,33,0.546,0.05,0.08
"adaptive_loso_signflip","n16_v128","none",16,3,200101,34,0.938,0.05,0.08
"adaptive_loso_signflip","n16_v128","none",16,3,200101,35,0.836,0.05,0.08
"adaptive_loso_signflip","n16_v128","none",16,3,200101,36,0.156,0.05,0.08
"adaptive_loso_signflip","n16_v128","none",16,3,200101,37,0.766,0.05,0.08
"adaptive_loso_signflip","n16_v128","none",16,3,200101,38,0.542,0.05,0.08
"adaptive_loso_signflip","n16_v128","none",16,3,200101,39,0.568,0.05,0.08
"adaptive_loso_signflip","n16_v128","none",16,3,200101,40,0.388,0.05,0.08
"adaptive_loso_signflip","n16_v128","none",16,3,200101,41,0.336,0.05,0.08
"adaptive_loso_signflip","n16_v128","none",16,3,200101,42,0.532,0.05,0.08
"adaptive_loso_signflip","n16_v128","none",16,3,200101,43,0.718,0.05,0.08
"adaptive_loso_signflip","n16_v128","none",16,3,200101,44,0.558,0.05,0.08
"adaptive_loso_signflip","n16_v128","none",16,3,200101,45,0.8,0.05,0.08
"adaptive_loso_signflip","n16_v128","none",16,3,200101,46,0.866,0.05,0.08
"adaptive_loso_signflip","n16_v128","none",16,3,200101,47,0.416,0.05,0.08
"adaptive_loso_signflip","n16_v128","none",16,3,200101,48,0.296,0.05,0.08
"adaptive_loso_signflip","n16_v128","none",16,3,200101,49,0.128,0.05,0.08
"adaptive_loso_signflip","n16_v128","none",16,3,200101,50,0.862,0.05,0.08
"adaptive_loso_signflip","n16_v128","none",16,3,200101,51,0.708,0.05,0.08
"adaptive_loso_signflip","n16_v128","none",16,3,200101,52,0.286,0.05,0.08
"adaptive_loso_signflip","n16_v128","none",16,3,200101,53,0.69,0.05,0.08
"adaptive_loso_signflip","n16_v128","none",16,3,200101,54,0.568,0.05,0.08
"adaptive_loso_signflip","n16_v128","none",16,3,200101,55,0.59,0.05,0.08
"adaptive_loso_signflip","n16_v128","none",16,3,200101,56,0.926,0.05,0.08
"adaptive_loso_signflip","n16_v128","none",16,3,200101,57,0.114,0.05,0.08
"adaptive_loso_signflip","n16_v128","none",16,3,200101,58,0.008,0.05,0.08
"adaptive_loso_signflip","n16_v128","none",16,3,200101,59,0.146,0.05,0.08
"adaptive_loso_signflip","n16_v128","none",16,3,200101,60,0.546,0.05,0.08
"adaptive_loso_signflip","n16_v128","none",16,3,200101,61,0.97,0.05,0.08
"adaptive_loso_signflip","n16_v128","none",16,3,200101,62,0.814,0.05,0.08
"adaptive_loso_signflip","n16_v128","none",16,3,200101,63,0.572,0.05,0.08
"adaptive_loso_signflip","n16_v128","none",16,3,200101,64,0.312,0.05,0.08
"adaptive_loso_signflip","n16_v128","none",16,3,200101,65,0.558,0.05,0.08
"adaptive_loso_signflip","n16_v128","none",16,3,200101,66,0.446,0.05,0.08
"adaptive_loso_signflip","n16_v128","none",16,3,200101,67,0.88,0.05,0.08
"adaptive_loso_signflip","n16_v128","none",16,3,200101,68,0.956,0.05,0.08
"adaptive_loso_signflip","n16_v128","none",16,3,200101,69,0.122,0.05,0.08
"adaptive_loso_signflip","n16_v128","none",16,3,200101,70,0.864,0.05,0.08
"adaptive_loso_signflip","n16_v128","none",16,3,200101,71,0.886,0.05,0.08
"adaptive_loso_signflip","n16_v128","none",16,3,200101,72,0.264,0.05,0.08
"adaptive_loso_signflip","n16_v128","none",16,3,200101,73,0.398,0.05,0.08
"adaptive_loso_signflip","n16_v128","none",16,3,200101,74,0.034,0.05,0.08
"adaptive_loso_signflip","n16_v128","none",16,3,200101,75,0.6,0.05,0.08
"adaptive_loso_signflip","n16_v128","none",16,3,200101,76,0.526,0.05,0.08
"adaptive_loso_signflip","n16_v128","none",16,3,200101,77,0.634,0.05,0.08
"adaptive_loso_signflip","n16_v128","none",16,3,200101,78,0.492,0.05,0.08
"adaptive_loso_signflip","n16_v128","none",16,3,200101,79,0.652,0.05,0.08
"adaptive_loso_signflip","n16_v128","none",16,3,200101,80,0.844,0.05,0.08
"adaptive_loso_signflip","n16_v128","none",16,3,200101,81,0.222,0.05,0.08
"adaptive_loso_signflip","n16_v128","none",16,3,200101,82,0.88,0.05,0.08
"adaptive_loso_signflip","n16_v128","none",16,3,200101,83,0.692,0.05,0.08
"adaptive_loso_signflip","n16_v128","none",16,3,200101,84,0.354,0.05,0.08
"adaptive_loso_signflip","n16_v128","none",16,3,200101,85,0.222,0.05,0.08
"adaptive_loso_signflip","n16_v128","none",16,3,200101,86,0.164,0.05,0.08
"adaptive_loso_signflip","n16_v128","none",16,3,200101,87,0.618,0.05,0.08
"adaptive_loso_signflip","n16_v128","none",16,3,200101,88,0.048,0.05,0.08
"adaptive_loso_signflip","n16_v128","none",16,3,200101,89,0.962,0.05,0.08
"adaptive_loso_signflip","n16_v128","none",16,3,200101,90,0.754,0.05,0.08
"adaptive_loso_signflip","n16_v128","none",16,3,200101,91,0.978,0.05,0.08
"adaptive_loso_signflip","n16_v128","none",16,3,200101,92,0.194,0.05,0.08
"adaptive_loso_signflip","n16_v128","none",16,3,200101,93,0.296,0.05,0.08
"adaptive_loso_signflip","n16_v128","none",16,3,200101,94,0.322,0.05,0.08
"adaptive_loso_signflip","n16_v128","none",16,3,200101,95,0.84,0.05,0.08
"adaptive_loso_signflip","n16_v128","none",16,3,200101,96,0.62,0.05,0.08
"adaptive_loso_signflip","n16_v128","none",16,3,200101,97,0.602,0.05,0.08
"adaptive_loso_signflip","n16_v128","none",16,3,200101,98,0.57,0.05,0.08
"adaptive_loso_signflip","n16_v128","none",16,3,200101,99,0.42,0.05,0.08
"adaptive_loso_signflip","n16_v128","none",16,3,200101,100,0.488,0.05,0.08
"adaptive_loso_signflip","n16_v128","none",16,3,200101,101,0.084,0.05,0.08
"adaptive_loso_signflip","n16_v128","none",16,3,200101,102,0.974,0.05,0.08
"adaptive_loso_signflip","n16_v128","none",16,3,200101,103,0.966,0.05,0.08
"adaptive_loso_signflip","n16_v128","none",16,3,200101,104,0.928,0.05,0.08
"adaptive_loso_signflip","n16_v128","none",16,3,200101,105,0.204,0.05,0.08
"adaptive_loso_signflip","n16_v128","none",16,3,200101,106,0.594,0.05,0.08
"adaptive_loso_signflip","n16_v128","none",16,3,200101,107,0.254,0.05,0.08
"adaptive_loso_signflip","n16_v128","none",16,3,200101,108,0.424,0.05,0.08
"adaptive_loso_signflip","n16_v128","none",16,3,200101,109,0.838,0.05,0.08
"adaptive_loso_signflip","n16_v128","none",16,3,200101,110,0.514,0.05,0.08
"adaptive_loso_signflip","n16_v128","none",16,3,200101,111,0.124,0.05,0.08
"adaptive_loso_signflip","n16_v128","none",16,3,200101,112,0.904,0.05,0.08
"adaptive_loso_signflip","n16_v128","none",16,3,200101,113,0.144,0.05,0.08
"adaptive_loso_signflip","n16_v128","none",16,3,200101,114,0.774,0.05,0.08
"adaptive_loso_signflip","n16_v128","none",16,3,200101,115,0.022,0.05,0.08
"adaptive_loso_signflip","n16_v128","none",16,3,200101,116,0.4,0.05,0.08
"adaptive_loso_signflip","n16_v128","none",16,3,200101,117,0.866,0.05,0.08
"adaptive_loso_signflip","n16_v128","none",16,3,200101,118,0.202,0.05,0.08
"adaptive_loso_signflip","n16_v128","none",16,3,200101,119,0.958,0.05,0.08
"adaptive_loso_signflip","n16_v128","none",16,3,200101,120,0.088,0.05,0.08
"adaptive_loso_signflip","n16_v128","none",16,3,200101,121,0.87,0.05,0.08
"adaptive_loso_signflip","n16_v128","none",16,3,200101,122,0.404,0.05,0.08
"adaptive_loso_signflip","n16_v128","none",16,3,200101,123,0.056,0.05,0.08
"adaptive_loso_signflip","n16_v128","none",16,3,200101,124,0.228,0.05,0.08
"adaptive_loso_signflip","n16_v128","none",16,3,200101,125,0.324,0.05,0.08
"adaptive_loso_signflip","n16_v128","none",16,3,200101,126,0.84,0.05,0.08
"adaptive_loso_signflip","n16_v128","none",16,3,200101,127,0.94,0.05,0.08
"adaptive_loso_signflip","n16_v128","none",16,3,200101,128,0.494,0.05,0.08
"adaptive_loso_signflip","n16_v128","none",16,3,200101,129,0.93,0.05,0.08
"adaptive_loso_signflip","n16_v128","none",16,3,200101,130,0.764,0.05,0.08
"adaptive_loso_signflip","n16_v128","none",16,3,200101,131,0.01,0.05,0.08
"adaptive_loso_signflip","n16_v128","none",16,3,200101,132,0.68,0.05,0.08
"adaptive_loso_signflip","n16_v128","none",16,3,200101,133,0.774,0.05,0.08
"adaptive_loso_signflip","n16_v128","none",16,3,200101,134,0.522,0.05,0.08
"adaptive_loso_signflip","n16_v128","none",16,3,200101,135,0.744,0.05,0.08
"adaptive_loso_signflip","n16_v128","none",16,3,200101,136,0.976,0.05,0.08
"adaptive_loso_signflip","n16_v128","none",16,3,200101,137,0.462,0.05,0.08
"adaptive_loso_signflip","n16_v128","none",16,3,200101,138,0.742,0.05,0.08
"adaptive_loso_signflip","n16_v128","none",16,3,200101,139,0.99,0.05,0.08
"adaptive_loso_signflip","n16_v128","none",16,3,200101,140,0.144,0.05,0.08
"adaptive_loso_signflip","n16_v128","none",16,3,200101,141,0.262,0.05,0.08
"adaptive_loso_signflip","n16_v128","none",16,3,200101,142,0.084,0.05,0.08
"adaptive_loso_signflip","n16_v128","none",16,3,200101,143,0.426,0.05,0.08
"adaptive_loso_signflip","n16_v128","none",16,3,200101,144,0.282,0.05,0.08
"adaptive_loso_signflip","n16_v128","none",16,3,200101,145,0.602,0.05,0.08
"adaptive_loso_signflip","n16_v128","none",16,3,200101,146,0.676,0.05,0.08
"adaptive_loso_signflip","n16_v128","none",16,3,200101,147,0.704,0.05,0.08
"adaptive_loso_signflip","n16_v128","none",16,3,200101,148,0.698,0.05,0.08
"adaptive_loso_signflip","n16_v128","none",16,3,200101,149,0.974,0.05,0.08
"adaptive_loso_signflip","n16_v128","none",16,3,200101,150,0.108,0.05,0.08
"adaptive_loso_signflip","n16_v128","none",16,3,200101,151,0.984,0.05,0.08
"adaptive_loso_signflip","n16_v128","none",16,3,200101,152,0.462,0.05,0.08
"adaptive_loso_signflip","n16_v128","none",16,3,200101,153,0.818,0.05,0.08
"adaptive_loso_signflip","n16_v128","none",16,3,200101,154,0.104,0.05,0.08
"adaptive_loso_signflip","n16_v128","none",16,3,200101,155,0.802,0.05,0.08
"adaptive_loso_signflip","n16_v128","none",16,3,200101,156,0.042,0.05,0.08
"adaptive_loso_signflip","n16_v128","none",16,3,200101,157,0.122,0.05,0.08
"adaptive_loso_signflip","n16_v128","none",16,3,200101,158,0.374,0.05,0.08
"adaptive_loso_signflip","n16_v128","none",16,3,200101,159,0.44,0.05,0.08
"adaptive_loso_signflip","n16_v128","none",16,3,200101,160,0.404,0.05,0.08
"adaptive_loso_signflip","n16_v128","none",16,3,200101,161,0.452,0.05,0.08
"adaptive_loso_signflip","n16_v128","none",16,3,200101,162,0.08,0.05,0.08
"adaptive_loso_signflip","n16_v128","none",16,3,200101,163,0.35,0.05,0.08
"adaptive_loso_signflip","n16_v128","none",16,3,200101,164,0.29,0.05,0.08
"adaptive_loso_signflip","n16_v128","none",16,3,200101,165,0.076,0.05,0.08
"adaptive_loso_signflip","n16_v128","none",16,3,200101,166,0.734,0.05,0.08
"adaptive_loso_signflip","n16_v128","none",16,3,200101,167,0.288,0.05,0.08
"adaptive_loso_signflip","n16_v128","none",16,3,200101,168,0.75,0.05,0.08
"adaptive_loso_signflip","n16_v128","none",16,3,200101,169,0.056,0.05,0.08
"adaptive_loso_signflip","n16_v128","none",16,3,200101,170,0.398,0.05,0.08
"adaptive_loso_signflip","n16_v128","none",16,3,200101,171,0.522,0.05,0.08
"adaptive_loso_signflip","n16_v128","none",16,3,200101,172,0.534,0.05,0.08
"adaptive_loso_signflip","n16_v128","none",16,3,200101,173,0.058,0.05,0.08
"adaptive_loso_signflip","n16_v128","none",16,3,200101,174,0.856,0.05,0.08
"adaptive_loso_signflip","n16_v128","none",16,3,200101,175,0.122,0.05,0.08
"adaptive_loso_signflip","n16_v128","none",16,3,200101,176,0.42,0.05,0.08
"adaptive_loso_signflip","n16_v128","none",16,3,200101,177,0.68,0.05,0.08
"adaptive_loso_signflip","n16_v128","none",16,3,200101,178,0.196,0.05,0.08
"adaptive_loso_signflip","n16_v128","none",16,3,200101,179,0.48,0.05,0.08
"adaptive_loso_signflip","n16_v128","none",16,3,200101,180,0.29,0.05,0.08
"adaptive_loso_signflip","n16_v128","none",16,3,200101,181,0.006,0.05,0.08
"adaptive_loso_signflip","n16_v128","none",16,3,200101,182,0.24,0.05,0.08
"adaptive_loso_signflip","n16_v128","none",16,3,200101,183,0.058,0.05,0.08
"adaptive_loso_signflip","n16_v128","none",16,3,200101,184,0.062,0.05,0.08
"adaptive_loso_signflip","n16_v128","none",16,3,200101,185,0.228,0.05,0.08
"adaptive_loso_signflip","n16_v128","none",16,3,200101,186,0.084,0.05,0.08
"adaptive_loso_signflip","n16_v128","none",16,3,200101,187,0.41,0.05,0.08
"adaptive_loso_signflip","n16_v128","none",16,3,200101,188,0.332,0.05,0.08
"adaptive_loso_signflip","n16_v128","none",16,3,200101,189,0.752,0.05,0.08
"adaptive_loso_signflip","n16_v128","none",16,3,200101,190,0.52,0.05,0.08
"adaptive_loso_signflip","n16_v128","none",16,3,200101,191,0.458,0.05,0.08
"adaptive_loso_signflip","n16_v128","none",16,3,200101,192,0.924,0.05,0.08
"adaptive_loso_signflip","n16_v128","none",16,3,200101,193,0.084,0.05,0.08
"adaptive_loso_signflip","n16_v128","none",16,3,200101,194,0.402,0.05,0.08
"adaptive_loso_signflip","n16_v128","none",16,3,200101,195,0.96,0.05,0.08
"adaptive_loso_signflip","n16_v128","none",16,3,200101,196,0.112,0.05,0.08
"adaptive_loso_signflip","n16_v128","none",16,3,200101,197,0.466,0.05,0.08
"adaptive_loso_signflip","n16_v128","none",16,3,200101,198,0.178,0.05,0.08
"adaptive_loso_signflip","n16_v128","none",16,3,200101,199,0.724,0.05,0.08
"adaptive_loso_signflip","n16_v128","none",16,3,200101,200,0.074,0.05,0.08
"adaptive_loso_signflip","n16_v128","none",16,4,300101,1,0.406,0.05,0.08
"adaptive_loso_signflip","n16_v128","none",16,4,300101,2,0.024,0.05,0.08
"adaptive_loso_signflip","n16_v128","none",16,4,300101,3,0.374,0.05,0.08
"adaptive_loso_signflip","n16_v128","none",16,4,300101,4,0.398,0.05,0.08
"adaptive_loso_signflip","n16_v128","none",16,4,300101,5,0.29,0.05,0.08
"adaptive_loso_signflip","n16_v128","none",16,4,300101,6,0.598,0.05,0.08
"adaptive_loso_signflip","n16_v128","none",16,4,300101,7,0.98,0.05,0.08
"adaptive_loso_signflip","n16_v128","none",16,4,300101,8,0.77,0.05,0.08
"adaptive_loso_signflip","n16_v128","none",16,4,300101,9,0.688,0.05,0.08
"adaptive_loso_signflip","n16_v128","none",16,4,300101,10,0.128,0.05,0.08
"adaptive_loso_signflip","n16_v128","none",16,4,300101,11,0.138,0.05,0.08
"adaptive_loso_signflip","n16_v128","none",16,4,300101,12,0.782,0.05,0.08
"adaptive_loso_signflip","n16_v128","none",16,4,300101,13,0.826,0.05,0.08
"adaptive_loso_signflip","n16_v128","none",16,4,300101,14,0.85,0.05,0.08
"adaptive_loso_signflip","n16_v128","none",16,4,300101,15,0.034,0.05,0.08
"adaptive_loso_signflip","n16_v128","none",16,4,300101,16,0.88,0.05,0.08
"adaptive_loso_signflip","n16_v128","none",16,4,300101,17,0.124,0.05,0.08
"adaptive_loso_signflip","n16_v128","none",16,4,300101,18,0.956,0.05,0.08
"adaptive_loso_signflip","n16_v128","none",16,4,300101,19,0.468,0.05,0.08
"adaptive_loso_signflip","n16_v128","none",16,4,300101,20,0.53,0.05,0.08
"adaptive_loso_signflip","n16_v128","none",16,4,300101,21,0.738,0.05,0.08
"adaptive_loso_signflip","n16_v128","none",16,4,300101,22,0.514,0.05,0.08
"adaptive_loso_signflip","n16_v128","none",16,4,300101,23,0.35,0.05,0.08
"adaptive_loso_signflip","n16_v128","none",16,4,300101,24,0.846,0.05,0.08
"adaptive_loso_signflip","n16_v128","none",16,4,300101,25,0.792,0.05,0.08
"adaptive_loso_signflip","n16_v128","none",16,4,300101,26,0.198,0.05,0.08
"adaptive_loso_signflip","n16_v128","none",16,4,300101,27,0.92,0.05,0.08
"adaptive_loso_signflip","n16_v128","none",16,4,300101,28,0.226,0.05,0.08
"adaptive_loso_signflip","n16_v128","none",16,4,300101,29,0.074,0.05,0.08
"adaptive_loso_signflip","n16_v128","none",16,4,300101,30,0.53,0.05,0.08
"adaptive_loso_signflip","n16_v128","none",16,4,300101,31,0.644,0.05,0.08
"adaptive_loso_signflip","n16_v128","none",16,4,300101,32,0.422,0.05,0.08
"adaptive_loso_signflip","n16_v128","none",16,4,300101,33,0.162,0.05,0.08
"adaptive_loso_signflip","n16_v128","none",16,4,300101,34,0.134,0.05,0.08
"adaptive_loso_signflip","n16_v128","none",16,4,300101,35,0.706,0.05,0.08
"adaptive_loso_signflip","n16_v128","none",16,4,300101,36,0.238,0.05,0.08
"adaptive_loso_signflip","n16_v128","none",16,4,300101,37,0.546,0.05,0.08
"adaptive_loso_signflip","n16_v128","none",16,4,300101,38,1,0.05,0.08
"adaptive_loso_signflip","n16_v128","none",16,4,300101,39,0.19,0.05,0.08
"adaptive_loso_signflip","n16_v128","none",16,4,300101,40,0.98,0.05,0.08
"adaptive_loso_signflip","n16_v128","none",16,4,300101,41,0.67,0.05,0.08
"adaptive_loso_signflip","n16_v128","none",16,4,300101,42,0.342,0.05,0.08
"adaptive_loso_signflip","n16_v128","none",16,4,300101,43,0.986,0.05,0.08
"adaptive_loso_signflip","n16_v128","none",16,4,300101,44,0.448,0.05,0.08
"adaptive_loso_signflip","n16_v128","none",16,4,300101,45,0.382,0.05,0.08
"adaptive_loso_signflip","n16_v128","none",16,4,300101,46,0.716,0.05,0.08
"adaptive_loso_signflip","n16_v128","none",16,4,300101,47,0.132,0.05,0.08
"adaptive_loso_signflip","n16_v128","none",16,4,300101,48,0.452,0.05,0.08
"adaptive_loso_signflip","n16_v128","none",16,4,300101,49,0.974,0.05,0.08
"adaptive_loso_signflip","n16_v128","none",16,4,300101,50,0.078,0.05,0.08
"adaptive_loso_signflip","n16_v128","none",16,4,300101,51,0.712,0.05,0.08
"adaptive_loso_signflip","n16_v128","none",16,4,300101,52,0.162,0.05,0.08
"adaptive_loso_signflip","n16_v128","none",16,4,300101,53,0.902,0.05,0.08
"adaptive_loso_signflip","n16_v128","none",16,4,300101,54,0.2,0.05,0.08
"adaptive_loso_signflip","n16_v128","none",16,4,300101,55,0.73,0.05,0.08
"adaptive_loso_signflip","n16_v128","none",16,4,300101,56,0.276,0.05,0.08
"adaptive_loso_signflip","n16_v128","none",16,4,300101,57,0.25,0.05,0.08
"adaptive_loso_signflip","n16_v128","none",16,4,300101,58,0.138,0.05,0.08
"adaptive_loso_signflip","n16_v128","none",16,4,300101,59,0.384,0.05,0.08
"adaptive_loso_signflip","n16_v128","none",16,4,300101,60,0.382,0.05,0.08
"adaptive_loso_signflip","n16_v128","none",16,4,300101,61,0.47,0.05,0.08
"adaptive_loso_signflip","n16_v128","none",16,4,300101,62,0.946,0.05,0.08
"adaptive_loso_signflip","n16_v128","none",16,4,300101,63,0.812,0.05,0.08
"adaptive_loso_signflip","n16_v128","none",16,4,300101,64,0.802,0.05,0.08
"adaptive_loso_signflip","n16_v128","none",16,4,300101,65,0.164,0.05,0.08
"adaptive_loso_signflip","n16_v128","none",16,4,300101,66,0.296,0.05,0.08
"adaptive_loso_signflip","n16_v128","none",16,4,300101,67,0.328,0.05,0.08
"adaptive_loso_signflip","n16_v128","none",16,4,300101,68,0.464,0.05,0.08
"adaptive_loso_signflip","n16_v128","none",16,4,300101,69,0.562,0.05,0.08
"adaptive_loso_signflip","n16_v128","none",16,4,300101,70,0.672,0.05,0.08
"adaptive_loso_signflip","n16_v128","none",16,4,300101,71,0.216,0.05,0.08
"adaptive_loso_signflip","n16_v128","none",16,4,300101,72,0.498,0.05,0.08
"adaptive_loso_signflip","n16_v128","none",16,4,300101,73,0.18,0.05,0.08
"adaptive_loso_signflip","n16_v128","none",16,4,300101,74,0.308,0.05,0.08
"adaptive_loso_signflip","n16_v128","none",16,4,300101,75,0.814,0.05,0.08
"adaptive_loso_signflip","n16_v128","none",16,4,300101,76,0.894,0.05,0.08
"adaptive_loso_signflip","n16_v128","none",16,4,300101,77,0.044,0.05,0.08
"adaptive_loso_signflip","n16_v128","none",16,4,300101,78,0.876,0.05,0.08
"adaptive_loso_signflip","n16_v128","none",16,4,300101,79,0.722,0.05,0.08
"adaptive_loso_signflip","n16_v128","none",16,4,300101,80,0.512,0.05,0.08
"adaptive_loso_signflip","n16_v128","none",16,4,300101,81,0.008,0.05,0.08
"adaptive_loso_signflip","n16_v128","none",16,4,300101,82,0.878,0.05,0.08
"adaptive_loso_signflip","n16_v128","none",16,4,300101,83,0.642,0.05,0.08
"adaptive_loso_signflip","n16_v128","none",16,4,300101,84,0.752,0.05,0.08
"adaptive_loso_signflip","n16_v128","none",16,4,300101,85,0.27,0.05,0.08
"adaptive_loso_signflip","n16_v128","none",16,4,300101,86,0.678,0.05,0.08
"adaptive_loso_signflip","n16_v128","none",16,4,300101,87,0.61,0.05,0.08
"adaptive_loso_signflip","n16_v128","none",16,4,300101,88,0.6,0.05,0.08
"adaptive_loso_signflip","n16_v128","none",16,4,300101,89,0.502,0.05,0.08
"adaptive_loso_signflip","n16_v128","none",16,4,300101,90,0.702,0.05,0.08
"adaptive_loso_signflip","n16_v128","none",16,4,300101,91,0.968,0.05,0.08
"adaptive_loso_signflip","n16_v128","none",16,4,300101,92,0.676,0.05,0.08
"adaptive_loso_signflip","n16_v128","none",16,4,300101,93,0.29,0.05,0.08
"adaptive_loso_signflip","n16_v128","none",16,4,300101,94,0.864,0.05,0.08
"adaptive_loso_signflip","n16_v128","none",16,4,300101,95,0.608,0.05,0.08
"adaptive_loso_signflip","n16_v128","none",16,4,300101,96,0.564,0.05,0.08
"adaptive_loso_signflip","n16_v128","none",16,4,300101,97,0.338,0.05,0.08
"adaptive_loso_signflip","n16_v128","none",16,4,300101,98,0.416,0.05,0.08
"adaptive_loso_signflip","n16_v128","none",16,4,300101,99,0.842,0.05,0.08
"adaptive_loso_signflip","n16_v128","none",16,4,300101,100,0.126,0.05,0.08
"adaptive_loso_signflip","n16_v128","none",16,4,300101,101,0.894,0.05,0.08
"adaptive_loso_signflip","n16_v128","none",16,4,300101,102,0.274,0.05,0.08
"adaptive_loso_signflip","n16_v128","none",16,4,300101,103,0.086,0.05,0.08
"adaptive_loso_signflip","n16_v128","none",16,4,300101,104,0.692,0.05,0.08
"adaptive_loso_signflip","n16_v128","none",16,4,300101,105,0.998,0.05,0.08
"adaptive_loso_signflip","n16_v128","none",16,4,300101,106,0.736,0.05,0.08
"adaptive_loso_signflip","n16_v128","none",16,4,300101,107,0.52,0.05,0.08
"adaptive_loso_signflip","n16_v128","none",16,4,300101,108,0.41,0.05,0.08
"adaptive_loso_signflip","n16_v128","none",16,4,300101,109,0.69,0.05,0.08
"adaptive_loso_signflip","n16_v128","none",16,4,300101,110,0.418,0.05,0.08
"adaptive_loso_signflip","n16_v128","none",16,4,300101,111,0.958,0.05,0.08
"adaptive_loso_signflip","n16_v128","none",16,4,300101,112,0.178,0.05,0.08
"adaptive_loso_signflip","n16_v128","none",16,4,300101,113,0.918,0.05,0.08
"adaptive_loso_signflip","n16_v128","none",16,4,300101,114,0.296,0.05,0.08
"adaptive_loso_signflip","n16_v128","none",16,4,300101,115,0.91,0.05,0.08
"adaptive_loso_signflip","n16_v128","none",16,4,300101,116,0.13,0.05,0.08
"adaptive_loso_signflip","n16_v128","none",16,4,300101,117,0.756,0.05,0.08
"adaptive_loso_signflip","n16_v128","none",16,4,300101,118,0.81,0.05,0.08
"adaptive_loso_signflip","n16_v128","none",16,4,300101,119,0.176,0.05,0.08
"adaptive_loso_signflip","n16_v128","none",16,4,300101,120,0.424,0.05,0.08
"adaptive_loso_signflip","n16_v128","none",16,4,300101,121,0.728,0.05,0.08
"adaptive_loso_signflip","n16_v128","none",16,4,300101,122,0.5,0.05,0.08
"adaptive_loso_signflip","n16_v128","none",16,4,300101,123,0.422,0.05,0.08
"adaptive_loso_signflip","n16_v128","none",16,4,300101,124,0.808,0.05,0.08
"adaptive_loso_signflip","n16_v128","none",16,4,300101,125,0.46,0.05,0.08
"adaptive_loso_signflip","n16_v128","none",16,4,300101,126,0.904,0.05,0.08
"adaptive_loso_signflip","n16_v128","none",16,4,300101,127,0.996,0.05,0.08
"adaptive_loso_signflip","n16_v128","none",16,4,300101,128,0.072,0.05,0.08
"adaptive_loso_signflip","n16_v128","none",16,4,300101,129,0.054,0.05,0.08
"adaptive_loso_signflip","n16_v128","none",16,4,300101,130,0.22,0.05,0.08
"adaptive_loso_signflip","n16_v128","none",16,4,300101,131,0.162,0.05,0.08
"adaptive_loso_signflip","n16_v128","none",16,4,300101,132,0.58,0.05,0.08
"adaptive_loso_signflip","n16_v128","none",16,4,300101,133,0.8,0.05,0.08
"adaptive_loso_signflip","n16_v128","none",16,4,300101,134,0.206,0.05,0.08
"adaptive_loso_signflip","n16_v128","none",16,4,300101,135,0.458,0.05,0.08
"adaptive_loso_signflip","n16_v128","none",16,4,300101,136,0.592,0.05,0.08
"adaptive_loso_signflip","n16_v128","none",16,4,300101,137,0.898,0.05,0.08
"adaptive_loso_signflip","n16_v128","none",16,4,300101,138,0.808,0.05,0.08
"adaptive_loso_signflip","n16_v128","none",16,4,300101,139,0.926,0.05,0.08
"adaptive_loso_signflip","n16_v128","none",16,4,300101,140,0.156,0.05,0.08
"adaptive_loso_signflip","n16_v128","none",16,4,300101,141,0.628,0.05,0.08
"adaptive_loso_signflip","n16_v128","none",16,4,300101,142,0.908,0.05,0.08
"adaptive_loso_signflip","n16_v128","none",16,4,300101,143,0.29,0.05,0.08
"adaptive_loso_signflip","n16_v128","none",16,4,300101,144,0.072,0.05,0.08
"adaptive_loso_signflip","n16_v128","none",16,4,300101,145,0.498,0.05,0.08
"adaptive_loso_signflip","n16_v128","none",16,4,300101,146,0.974,0.05,0.08
"adaptive_loso_signflip","n16_v128","none",16,4,300101,147,0.432,0.05,0.08
"adaptive_loso_signflip","n16_v128","none",16,4,300101,148,0.682,0.05,0.08
"adaptive_loso_signflip","n16_v128","none",16,4,300101,149,0.26,0.05,0.08
"adaptive_loso_signflip","n16_v128","none",16,4,300101,150,0.286,0.05,0.08
"adaptive_loso_signflip","n16_v128","none",16,4,300101,151,0.078,0.05,0.08
"adaptive_loso_signflip","n16_v128","none",16,4,300101,152,0.576,0.05,0.08
"adaptive_loso_signflip","n16_v128","none",16,4,300101,153,0.656,0.05,0.08
"adaptive_loso_signflip","n16_v128","none",16,4,300101,154,0.2,0.05,0.08
"adaptive_loso_signflip","n16_v128","none",16,4,300101,155,0.914,0.05,0.08
"adaptive_loso_signflip","n16_v128","none",16,4,300101,156,0.948,0.05,0.08
"adaptive_loso_signflip","n16_v128","none",16,4,300101,157,0.774,0.05,0.08
"adaptive_loso_signflip","n16_v128","none",16,4,300101,158,0.22,0.05,0.08
"adaptive_loso_signflip","n16_v128","none",16,4,300101,159,0.516,0.05,0.08
"adaptive_loso_signflip","n16_v128","none",16,4,300101,160,0.172,0.05,0.08
"adaptive_loso_signflip","n16_v128","none",16,4,300101,161,0.362,0.05,0.08
"adaptive_loso_signflip","n16_v128","none",16,4,300101,162,0.524,0.05,0.08
"adaptive_loso_signflip","n16_v128","none",16,4,300101,163,0.484,0.05,0.08
"adaptive_loso_signflip","n16_v128","none",16,4,300101,164,0.876,0.05,0.08
"adaptive_loso_signflip","n16_v128","none",16,4,300101,165,0.1,0.05,0.08
"adaptive_loso_signflip","n16_v128","none",16,4,300101,166,0.93,0.05,0.08
"adaptive_loso_signflip","n16_v128","none",16,4,300101,167,0.45,0.05,0.08
"adaptive_loso_signflip","n16_v128","none",16,4,300101,168,0.228,0.05,0.08
"adaptive_loso_signflip","n16_v128","none",16,4,300101,169,0.192,0.05,0.08
"adaptive_loso_signflip","n16_v128","none",16,4,300101,170,0.198,0.05,0.08
"adaptive_loso_signflip","n16_v128","none",16,4,300101,171,0.562,0.05,0.08
"adaptive_loso_signflip","n16_v128","none",16,4,300101,172,0.694,0.05,0.08
"adaptive_loso_signflip","n16_v128","none",16,4,300101,173,0.2,0.05,0.08
"adaptive_loso_signflip","n16_v128","none",16,4,300101,174,0.82,0.05,0.08
"adaptive_loso_signflip","n16_v128","none",16,4,300101,175,0.106,0.05,0.08
"adaptive_loso_signflip","n16_v128","none",16,4,300101,176,0.972,0.05,0.08
"adaptive_loso_signflip","n16_v128","none",16,4,300101,177,0.712,0.05,0.08
"adaptive_loso_signflip","n16_v128","none",16,4,300101,178,0.622,0.05,0.08
"adaptive_loso_signflip","n16_v128","none",16,4,300101,179,0.056,0.05,0.08
"adaptive_loso_signflip","n16_v128","none",16,4,300101,180,0.082,0.05,0.08
"adaptive_loso_signflip","n16_v128","none",16,4,300101,181,0.112,0.05,0.08
"adaptive_loso_signflip","n16_v128","none",16,4,300101,182,0.858,0.05,0.08
"adaptive_loso_signflip","n16_v128","none",16,4,300101,183,0.982,0.05,0.08
"adaptive_loso_signflip","n16_v128","none",16,4,300101,184,0.504,0.05,0.08
"adaptive_loso_signflip","n16_v128","none",16,4,300101,185,0.636,0.05,0.08
"adaptive_loso_signflip","n16_v128","none",16,4,300101,186,0.42,0.05,0.08
"adaptive_loso_signflip","n16_v128","none",16,4,300101,187,0.952,0.05,0.08
"adaptive_loso_signflip","n16_v128","none",16,4,300101,188,0.542,0.05,0.08
"adaptive_loso_signflip","n16_v128","none",16,4,300101,189,0.25,0.05,0.08
"adaptive_loso_signflip","n16_v128","none",16,4,300101,190,0.014,0.05,0.08
"adaptive_loso_signflip","n16_v128","none",16,4,300101,191,0.064,0.05,0.08
"adaptive_loso_signflip","n16_v128","none",16,4,300101,192,0.168,0.05,0.08
"adaptive_loso_signflip","n16_v128","none",16,4,300101,193,0.722,0.05,0.08
"adaptive_loso_signflip","n16_v128","none",16,4,300101,194,0.104,0.05,0.08
"adaptive_loso_signflip","n16_v128","none",16,4,300101,195,0.884,0.05,0.08
"adaptive_loso_signflip","n16_v128","none",16,4,300101,196,0.626,0.05,0.08
"adaptive_loso_signflip","n16_v128","none",16,4,300101,197,0.052,0.05,0.08
"adaptive_loso_signflip","n16_v128","none",16,4,300101,198,0.424,0.05,0.08
"adaptive_loso_signflip","n16_v128","none",16,4,300101,199,0.592,0.05,0.08
"adaptive_loso_signflip","n16_v128","none",16,4,300101,200,0.124,0.05,0.08
"adaptive_loso_signflip","n16_v128","none",16,5,400101,1,0.468,0.05,0.08
"adaptive_loso_signflip","n16_v128","none",16,5,400101,2,0.748,0.05,0.08
"adaptive_loso_signflip","n16_v128","none",16,5,400101,3,0.016,0.05,0.08
"adaptive_loso_signflip","n16_v128","none",16,5,400101,4,0.01,0.05,0.08
"adaptive_loso_signflip","n16_v128","none",16,5,400101,5,0.828,0.05,0.08
"adaptive_loso_signflip","n16_v128","none",16,5,400101,6,0.852,0.05,0.08
"adaptive_loso_signflip","n16_v128","none",16,5,400101,7,0.064,0.05,0.08
"adaptive_loso_signflip","n16_v128","none",16,5,400101,8,0.69,0.05,0.08
"adaptive_loso_signflip","n16_v128","none",16,5,400101,9,0.844,0.05,0.08
"adaptive_loso_signflip","n16_v128","none",16,5,400101,10,0.066,0.05,0.08
"adaptive_loso_signflip","n16_v128","none",16,5,400101,11,0.646,0.05,0.08
"adaptive_loso_signflip","n16_v128","none",16,5,400101,12,0.482,0.05,0.08
"adaptive_loso_signflip","n16_v128","none",16,5,400101,13,0.282,0.05,0.08
"adaptive_loso_signflip","n16_v128","none",16,5,400101,14,0.342,0.05,0.08
"adaptive_loso_signflip","n16_v128","none",16,5,400101,15,0.15,0.05,0.08
"adaptive_loso_signflip","n16_v128","none",16,5,400101,16,0.532,0.05,0.08
"adaptive_loso_signflip","n16_v128","none",16,5,400101,17,0.272,0.05,0.08
"adaptive_loso_signflip","n16_v128","none",16,5,400101,18,0.888,0.05,0.08
"adaptive_loso_signflip","n16_v128","none",16,5,400101,19,0.628,0.05,0.08
"adaptive_loso_signflip","n16_v128","none",16,5,400101,20,0.074,0.05,0.08
"adaptive_loso_signflip","n16_v128","none",16,5,400101,21,0.002,0.05,0.08
"adaptive_loso_signflip","n16_v128","none",16,5,400101,22,0.748,0.05,0.08
"adaptive_loso_signflip","n16_v128","none",16,5,400101,23,0.98,0.05,0.08
"adaptive_loso_signflip","n16_v128","none",16,5,400101,24,0.842,0.05,0.08
"adaptive_loso_signflip","n16_v128","none",16,5,400101,25,0.596,0.05,0.08
"adaptive_loso_signflip","n16_v128","none",16,5,400101,26,0.064,0.05,0.08
"adaptive_loso_signflip","n16_v128","none",16,5,400101,27,0.44,0.05,0.08
"adaptive_loso_signflip","n16_v128","none",16,5,400101,28,0.844,0.05,0.08
"adaptive_loso_signflip","n16_v128","none",16,5,400101,29,0.286,0.05,0.08
"adaptive_loso_signflip","n16_v128","none",16,5,400101,30,0.952,0.05,0.08
"adaptive_loso_signflip","n16_v128","none",16,5,400101,31,0.538,0.05,0.08
"adaptive_loso_signflip","n16_v128","none",16,5,400101,32,0.078,0.05,0.08
"adaptive_loso_signflip","n16_v128","none",16,5,400101,33,0.222,0.05,0.08
"adaptive_loso_signflip","n16_v128","none",16,5,400101,34,0.68,0.05,0.08
"adaptive_loso_signflip","n16_v128","none",16,5,400101,35,0.172,0.05,0.08
"adaptive_loso_signflip","n16_v128","none",16,5,400101,36,0.448,0.05,0.08
"adaptive_loso_signflip","n16_v128","none",16,5,400101,37,0.454,0.05,0.08
"adaptive_loso_signflip","n16_v128","none",16,5,400101,38,0.546,0.05,0.08
"adaptive_loso_signflip","n16_v128","none",16,5,400101,39,0.634,0.05,0.08
"adaptive_loso_signflip","n16_v128","none",16,5,400101,40,0.698,0.05,0.08
"adaptive_loso_signflip","n16_v128","none",16,5,400101,41,0.806,0.05,0.08
"adaptive_loso_signflip","n16_v128","none",16,5,400101,42,0.94,0.05,0.08
"adaptive_loso_signflip","n16_v128","none",16,5,400101,43,0.164,0.05,0.08
"adaptive_loso_signflip","n16_v128","none",16,5,400101,44,0.174,0.05,0.08
"adaptive_loso_signflip","n16_v128","none",16,5,400101,45,0.6,0.05,0.08
"adaptive_loso_signflip","n16_v128","none",16,5,400101,46,0.008,0.05,0.08
"adaptive_loso_signflip","n16_v128","none",16,5,400101,47,0.18,0.05,0.08
"adaptive_loso_signflip","n16_v128","none",16,5,400101,48,0.012,0.05,0.08
"adaptive_loso_signflip","n16_v128","none",16,5,400101,49,0.822,0.05,0.08
"adaptive_loso_signflip","n16_v128","none",16,5,400101,50,0.322,0.05,0.08
"adaptive_loso_signflip","n16_v128","none",16,5,400101,51,0.606,0.05,0.08
"adaptive_loso_signflip","n16_v128","none",16,5,400101,52,0.928,0.05,0.08
"adaptive_loso_signflip","n16_v128","none",16,5,400101,53,0.292,0.05,0.08
"adaptive_loso_signflip","n16_v128","none",16,5,400101,54,0.058,0.05,0.08
"adaptive_loso_signflip","n16_v128","none",16,5,400101,55,0.056,0.05,0.08
"adaptive_loso_signflip","n16_v128","none",16,5,400101,56,0.998,0.05,0.08
"adaptive_loso_signflip","n16_v128","none",16,5,400101,57,0.134,0.05,0.08
"adaptive_loso_signflip","n16_v128","none",16,5,400101,58,0.37,0.05,0.08
"adaptive_loso_signflip","n16_v128","none",16,5,400101,59,0.59,0.05,0.08
"adaptive_loso_signflip","n16_v128","none",16,5,400101,60,0.362,0.05,0.08
"adaptive_loso_signflip","n16_v128","none",16,5,400101,61,0.874,0.05,0.08
"adaptive_loso_signflip","n16_v128","none",16,5,400101,62,0.848,0.05,0.08
"adaptive_loso_signflip","n16_v128","none",16,5,400101,63,0.336,0.05,0.08
"adaptive_loso_signflip","n16_v128","none",16,5,400101,64,0.364,0.05,0.08
"adaptive_loso_signflip","n16_v128","none",16,5,400101,65,0.462,0.05,0.08
"adaptive_loso_signflip","n16_v128","none",16,5,400101,66,0.468,0.05,0.08
"adaptive_loso_signflip","n16_v128","none",16,5,400101,67,0.648,0.05,0.08
"adaptive_loso_signflip","n16_v128","none",16,5,400101,68,0.036,0.05,0.08
"adaptive_loso_signflip","n16_v128","none",16,5,400101,69,0.398,0.05,0.08
"adaptive_loso_signflip","n16_v128","none",16,5,400101,70,0.952,0.05,0.08
"adaptive_loso_signflip","n16_v128","none",16,5,400101,71,0.828,0.05,0.08
"adaptive_loso_signflip","n16_v128","none",16,5,400101,72,0.266,0.05,0.08
"adaptive_loso_signflip","n16_v128","none",16,5,400101,73,0.988,0.05,0.08
"adaptive_loso_signflip","n16_v128","none",16,5,400101,74,0.65,0.05,0.08
"adaptive_loso_signflip","n16_v128","none",16,5,400101,75,0.438,0.05,0.08
"adaptive_loso_signflip","n16_v128","none",16,5,400101,76,0.724,0.05,0.08
"adaptive_loso_signflip","n16_v128","none",16,5,400101,77,0.392,0.05,0.08
"adaptive_loso_signflip","n16_v128","none",16,5,400101,78,0.294,0.05,0.08
"adaptive_loso_signflip","n16_v128","none",16,5,400101,79,0.166,0.05,0.08
"adaptive_loso_signflip","n16_v128","none",16,5,400101,80,0.324,0.05,0.08
"adaptive_loso_signflip","n16_v128","none",16,5,400101,81,0.332,0.05,0.08
"adaptive_loso_signflip","n16_v128","none",16,5,400101,82,0.056,0.05,0.08
"adaptive_loso_signflip","n16_v128","none",16,5,400101,83,0.128,0.05,0.08
"adaptive_loso_signflip","n16_v128","none",16,5,400101,84,0.722,0.05,0.08
"adaptive_loso_signflip","n16_v128","none",16,5,400101,85,0.224,0.05,0.08
"adaptive_loso_signflip","n16_v128","none",16,5,400101,86,0.538,0.05,0.08
"adaptive_loso_signflip","n16_v128","none",16,5,400101,87,0.074,0.05,0.08
"adaptive_loso_signflip","n16_v128","none",16,5,400101,88,0.326,0.05,0.08
"adaptive_loso_signflip","n16_v128","none",16,5,400101,89,0.28,0.05,0.08
"adaptive_loso_signflip","n16_v128","none",16,5,400101,90,0.168,0.05,0.08
"adaptive_loso_signflip","n16_v128","none",16,5,400101,91,0.482,0.05,0.08
"adaptive_loso_signflip","n16_v128","none",16,5,400101,92,0.618,0.05,0.08
"adaptive_loso_signflip","n16_v128","none",16,5,400101,93,0.164,0.05,0.08
"adaptive_loso_signflip","n16_v128","none",16,5,400101,94,0.224,0.05,0.08
"adaptive_loso_signflip","n16_v128","none",16,5,400101,95,0.43,0.05,0.08
"adaptive_loso_signflip","n16_v128","none",16,5,400101,96,0.406,0.05,0.08
"adaptive_loso_signflip","n16_v128","none",16,5,400101,97,0.964,0.05,0.08
"adaptive_loso_signflip","n16_v128","none",16,5,400101,98,0.88,0.05,0.08
"adaptive_loso_signflip","n16_v128","none",16,5,400101,99,0.068,0.05,0.08
"adaptive_loso_signflip","n16_v128","none",16,5,400101,100,0.578,0.05,0.08
"adaptive_loso_signflip","n16_v128","none",16,5,400101,101,0.366,0.05,0.08
"adaptive_loso_signflip","n16_v128","none",16,5,400101,102,0.046,0.05,0.08
"adaptive_loso_signflip","n16_v128","none",16,5,400101,103,0.888,0.05,0.08
"adaptive_loso_signflip","n16_v128","none",16,5,400101,104,0.206,0.05,0.08
"adaptive_loso_signflip","n16_v128","none",16,5,400101,105,0.516,0.05,0.08
"adaptive_loso_signflip","n16_v128","none",16,5,400101,106,0.556,0.05,0.08
"adaptive_loso_signflip","n16_v128","none",16,5,400101,107,0.87,0.05,0.08
"adaptive_loso_signflip","n16_v128","none",16,5,400101,108,0.406,0.05,0.08
"adaptive_loso_signflip","n16_v128","none",16,5,400101,109,0.016,0.05,0.08
"adaptive_loso_signflip","n16_v128","none",16,5,400101,110,0.442,0.05,0.08
"adaptive_loso_signflip","n16_v128","none",16,5,400101,111,0.054,0.05,0.08
"adaptive_loso_signflip","n16_v128","none",16,5,400101,112,0.234,0.05,0.08
"adaptive_loso_signflip","n16_v128","none",16,5,400101,113,0.886,0.05,0.08
"adaptive_loso_signflip","n16_v128","none",16,5,400101,114,0.418,0.05,0.08
"adaptive_loso_signflip","n16_v128","none",16,5,400101,115,0.51,0.05,0.08
"adaptive_loso_signflip","n16_v128","none",16,5,400101,116,0.7,0.05,0.08
"adaptive_loso_signflip","n16_v128","none",16,5,400101,117,0.718,0.05,0.08
"adaptive_loso_signflip","n16_v128","none",16,5,400101,118,0.894,0.05,0.08
"adaptive_loso_signflip","n16_v128","none",16,5,400101,119,0.806,0.05,0.08
"adaptive_loso_signflip","n16_v128","none",16,5,400101,120,0.992,0.05,0.08
"adaptive_loso_signflip","n16_v128","none",16,5,400101,121,0.86,0.05,0.08
"adaptive_loso_signflip","n16_v128","none",16,5,400101,122,0.05,0.05,0.08
"adaptive_loso_signflip","n16_v128","none",16,5,400101,123,0.67,0.05,0.08
"adaptive_loso_signflip","n16_v128","none",16,5,400101,124,0.088,0.05,0.08
"adaptive_loso_signflip","n16_v128","none",16,5,400101,125,0.108,0.05,0.08
"adaptive_loso_signflip","n16_v128","none",16,5,400101,126,0.45,0.05,0.08
"adaptive_loso_signflip","n16_v128","none",16,5,400101,127,0.998,0.05,0.08
"adaptive_loso_signflip","n16_v128","none",16,5,400101,128,0.864,0.05,0.08
"adaptive_loso_signflip","n16_v128","none",16,5,400101,129,0.934,0.05,0.08
"adaptive_loso_signflip","n16_v128","none",16,5,400101,130,0.172,0.05,0.08
"adaptive_loso_signflip","n16_v128","none",16,5,400101,131,0.456,0.05,0.08
"adaptive_loso_signflip","n16_v128","none",16,5,400101,132,0.222,0.05,0.08
"adaptive_loso_signflip","n16_v128","none",16,5,400101,133,0.144,0.05,0.08
"adaptive_loso_signflip","n16_v128","none",16,5,400101,134,0.932,0.05,0.08
"adaptive_loso_signflip","n16_v128","none",16,5,400101,135,0.73,0.05,0.08
"adaptive_loso_signflip","n16_v128","none",16,5,400101,136,0.552,0.05,0.08
"adaptive_loso_signflip","n16_v128","none",16,5,400101,137,0.034,0.05,0.08
"adaptive_loso_signflip","n16_v128","none",16,5,400101,138,0.864,0.05,0.08
"adaptive_loso_signflip","n16_v128","none",16,5,400101,139,0.466,0.05,0.08
"adaptive_loso_signflip","n16_v128","none",16,5,400101,140,0.722,0.05,0.08
"adaptive_loso_signflip","n16_v128","none",16,5,400101,141,0.222,0.05,0.08
"adaptive_loso_signflip","n16_v128","none",16,5,400101,142,0.454,0.05,0.08
"adaptive_loso_signflip","n16_v128","none",16,5,400101,143,0.448,0.05,0.08
"adaptive_loso_signflip","n16_v128","none",16,5,400101,144,0.688,0.05,0.08
"adaptive_loso_signflip","n16_v128","none",16,5,400101,145,0.64,0.05,0.08
"adaptive_loso_signflip","n16_v128","none",16,5,400101,146,0.62,0.05,0.08
"adaptive_loso_signflip","n16_v128","none",16,5,400101,147,0.216,0.05,0.08
"adaptive_loso_signflip","n16_v128","none",16,5,400101,148,0.93,0.05,0.08
"adaptive_loso_signflip","n16_v128","none",16,5,400101,149,0.842,0.05,0.08
"adaptive_loso_signflip","n16_v128","none",16,5,400101,150,0.26,0.05,0.08
"adaptive_loso_signflip","n16_v128","none",16,5,400101,151,0.562,0.05,0.08
"adaptive_loso_signflip","n16_v128","none",16,5,400101,152,0.77,0.05,0.08
"adaptive_loso_signflip","n16_v128","none",16,5,400101,153,0.294,0.05,0.08
"adaptive_loso_signflip","n16_v128","none",16,5,400101,154,0.816,0.05,0.08
"adaptive_loso_signflip","n16_v128","none",16,5,400101,155,0.574,0.05,0.08
"adaptive_loso_signflip","n16_v128","none",16,5,400101,156,0.938,0.05,0.08
"adaptive_loso_signflip","n16_v128","none",16,5,400101,157,0.064,0.05,0.08
"adaptive_loso_signflip","n16_v128","none",16,5,400101,158,0.636,0.05,0.08
"adaptive_loso_signflip","n16_v128","none",16,5,400101,159,0.776,0.05,0.08
"adaptive_loso_signflip","n16_v128","none",16,5,400101,160,0.874,0.05,0.08
"adaptive_loso_signflip","n16_v128","none",16,5,400101,161,0.774,0.05,0.08
"adaptive_loso_signflip","n16_v128","none",16,5,400101,162,0.464,0.05,0.08
"adaptive_loso_signflip","n16_v128","none",16,5,400101,163,0.634,0.05,0.08
"adaptive_loso_signflip","n16_v128","none",16,5,400101,164,0.27,0.05,0.08
"adaptive_loso_signflip","n16_v128","none",16,5,400101,165,0.836,0.05,0.08
"adaptive_loso_signflip","n16_v128","none",16,5,400101,166,0.666,0.05,0.08
"adaptive_loso_signflip","n16_v128","none",16,5,400101,167,0.118,0.05,0.08
"adaptive_loso_signflip","n16_v128","none",16,5,400101,168,0.068,0.05,0.08
"adaptive_loso_signflip","n16_v128","none",16,5,400101,169,0.19,0.05,0.08
"adaptive_loso_signflip","n16_v128","none",16,5,400101,170,0.388,0.05,0.08
"adaptive_loso_signflip","n16_v128","none",16,5,400101,171,0.976,0.05,0.08
"adaptive_loso_signflip","n16_v128","none",16,5,400101,172,0.114,0.05,0.08
"adaptive_loso_signflip","n16_v128","none",16,5,400101,173,0.712,0.05,0.08
"adaptive_loso_signflip","n16_v128","none",16,5,400101,174,0.912,0.05,0.08
"adaptive_loso_signflip","n16_v128","none",16,5,400101,175,1,0.05,0.08
"adaptive_loso_signflip","n16_v128","none",16,5,400101,176,0.8,0.05,0.08
"adaptive_loso_signflip","n16_v128","none",16,5,400101,177,0.234,0.05,0.08
"adaptive_loso_signflip","n16_v128","none",16,5,400101,178,0.484,0.05,0.08
"adaptive_loso_signflip","n16_v128","none",16,5,400101,179,0.664,0.05,0.08
"adaptive_loso_signflip","n16_v128","none",16,5,400101,180,0.572,0.05,0.08
"adaptive_loso_signflip","n16_v128","none",16,5,400101,181,0.182,0.05,0.08
"adaptive_loso_signflip","n16_v128","none",16,5,400101,182,0.428,0.05,0.08
"adaptive_loso_signflip","n16_v128","none",16,5,400101,183,0.222,0.05,0.08
"adaptive_loso_signflip","n16_v128","none",16,5,400101,184,0.276,0.05,0.08
"adaptive_loso_signflip","n16_v128","none",16,5,400101,185,0.108,0.05,0.08
"adaptive_loso_signflip","n16_v128","none",16,5,400101,186,0.178,0.05,0.08
"adaptive_loso_signflip","n16_v128","none",16,5,400101,187,0.436,0.05,0.08
"adaptive_loso_signflip","n16_v128","none",16,5,400101,188,0.75,0.05,0.08
"adaptive_loso_signflip","n16_v128","none",16,5,400101,189,0.958,0.05,0.08
"adaptive_loso_signflip","n16_v128","none",16,5,400101,190,0.752,0.05,0.08
"adaptive_loso_signflip","n16_v128","none",16,5,400101,191,0.356,0.05,0.08
"adaptive_loso_signflip","n16_v128","none",16,5,400101,192,0.628,0.05,0.08
"adaptive_loso_signflip","n16_v128","none",16,5,400101,193,0.27,0.05,0.08
"adaptive_loso_signflip","n16_v128","none",16,5,400101,194,0.32,0.05,0.08
"adaptive_loso_signflip","n16_v128","none",16,5,400101,195,0.696,0.05,0.08
"adaptive_loso_signflip","n16_v128","none",16,5,400101,196,0.612,0.05,0.08
"adaptive_loso_signflip","n16_v128","none",16,5,400101,197,0.73,0.05,0.08
"adaptive_loso_signflip","n16_v128","none",16,5,400101,198,0.196,0.05,0.08
"adaptive_loso_signflip","n16_v128","none",16,5,400101,199,0.586,0.05,0.08
"adaptive_loso_signflip","n16_v128","none",16,5,400101,200,0.3,0.05,0.08
"adaptive_loso_signflip","n16_v128","kenergy",16,1,20101,1,0.892,0.05,0.08
"adaptive_loso_signflip","n16_v128","kenergy",16,1,20101,2,0.928,0.05,0.08
"adaptive_loso_signflip","n16_v128","kenergy",16,1,20101,3,0.862,0.05,0.08
"adaptive_loso_signflip","n16_v128","kenergy",16,1,20101,4,0.47,0.05,0.08
"adaptive_loso_signflip","n16_v128","kenergy",16,1,20101,5,0.908,0.05,0.08
"adaptive_loso_signflip","n16_v128","kenergy",16,1,20101,6,0.582,0.05,0.08
"adaptive_loso_signflip","n16_v128","kenergy",16,1,20101,7,0.084,0.05,0.08
"adaptive_loso_signflip","n16_v128","kenergy",16,1,20101,8,0.47,0.05,0.08
"adaptive_loso_signflip","n16_v128","kenergy",16,1,20101,9,0.652,0.05,0.08
"adaptive_loso_signflip","n16_v128","kenergy",16,1,20101,10,0.872,0.05,0.08
"adaptive_loso_signflip","n16_v128","kenergy",16,1,20101,11,0.256,0.05,0.08
"adaptive_loso_signflip","n16_v128","kenergy",16,1,20101,12,0.346,0.05,0.08
"adaptive_loso_signflip","n16_v128","kenergy",16,1,20101,13,0.48,0.05,0.08
"adaptive_loso_signflip","n16_v128","kenergy",16,1,20101,14,0.976,0.05,0.08
"adaptive_loso_signflip","n16_v128","kenergy",16,1,20101,15,0.184,0.05,0.08
"adaptive_loso_signflip","n16_v128","kenergy",16,1,20101,16,0.784,0.05,0.08
"adaptive_loso_signflip","n16_v128","kenergy",16,1,20101,17,0.64,0.05,0.08
"adaptive_loso_signflip","n16_v128","kenergy",16,1,20101,18,0.434,0.05,0.08
"adaptive_loso_signflip","n16_v128","kenergy",16,1,20101,19,0.742,0.05,0.08
"adaptive_loso_signflip","n16_v128","kenergy",16,1,20101,20,0.164,0.05,0.08
"adaptive_loso_signflip","n16_v128","kenergy",16,1,20101,21,0.364,0.05,0.08
"adaptive_loso_signflip","n16_v128","kenergy",16,1,20101,22,0.276,0.05,0.08
"adaptive_loso_signflip","n16_v128","kenergy",16,1,20101,23,0.978,0.05,0.08
"adaptive_loso_signflip","n16_v128","kenergy",16,1,20101,24,0.898,0.05,0.08
"adaptive_loso_signflip","n16_v128","kenergy",16,1,20101,25,0.08,0.05,0.08
"adaptive_loso_signflip","n16_v128","kenergy",16,1,20101,26,0.966,0.05,0.08
"adaptive_loso_signflip","n16_v128","kenergy",16,1,20101,27,0.208,0.05,0.08
"adaptive_loso_signflip","n16_v128","kenergy",16,1,20101,28,0.762,0.05,0.08
"adaptive_loso_signflip","n16_v128","kenergy",16,1,20101,29,0.724,0.05,0.08
"adaptive_loso_signflip","n16_v128","kenergy",16,1,20101,30,0.654,0.05,0.08
"adaptive_loso_signflip","n16_v128","kenergy",16,1,20101,31,0.52,0.05,0.08
"adaptive_loso_signflip","n16_v128","kenergy",16,1,20101,32,0.25,0.05,0.08
"adaptive_loso_signflip","n16_v128","kenergy",16,1,20101,33,0.29,0.05,0.08
"adaptive_loso_signflip","n16_v128","kenergy",16,1,20101,34,0.276,0.05,0.08
"adaptive_loso_signflip","n16_v128","kenergy",16,1,20101,35,0.472,0.05,0.08
"adaptive_loso_signflip","n16_v128","kenergy",16,1,20101,36,0.536,0.05,0.08
"adaptive_loso_signflip","n16_v128","kenergy",16,1,20101,37,0.402,0.05,0.08
"adaptive_loso_signflip","n16_v128","kenergy",16,1,20101,38,0.096,0.05,0.08
"adaptive_loso_signflip","n16_v128","kenergy",16,1,20101,39,0.834,0.05,0.08
"adaptive_loso_signflip","n16_v128","kenergy",16,1,20101,40,0.93,0.05,0.08
"adaptive_loso_signflip","n16_v128","kenergy",16,1,20101,41,0.496,0.05,0.08
"adaptive_loso_signflip","n16_v128","kenergy",16,1,20101,42,0.63,0.05,0.08
"adaptive_loso_signflip","n16_v128","kenergy",16,1,20101,43,0.754,0.05,0.08
"adaptive_loso_signflip","n16_v128","kenergy",16,1,20101,44,0.18,0.05,0.08
"adaptive_loso_signflip","n16_v128","kenergy",16,1,20101,45,0.88,0.05,0.08
"adaptive_loso_signflip","n16_v128","kenergy",16,1,20101,46,0.044,0.05,0.08
"adaptive_loso_signflip","n16_v128","kenergy",16,1,20101,47,0.266,0.05,0.08
"adaptive_loso_signflip","n16_v128","kenergy",16,1,20101,48,0.098,0.05,0.08
"adaptive_loso_signflip","n16_v128","kenergy",16,1,20101,49,0.432,0.05,0.08
"adaptive_loso_signflip","n16_v128","kenergy",16,1,20101,50,0.334,0.05,0.08
"adaptive_loso_signflip","n16_v128","kenergy",16,1,20101,51,0.834,0.05,0.08
"adaptive_loso_signflip","n16_v128","kenergy",16,1,20101,52,0.562,0.05,0.08
"adaptive_loso_signflip","n16_v128","kenergy",16,1,20101,53,0.742,0.05,0.08
"adaptive_loso_signflip","n16_v128","kenergy",16,1,20101,54,0.932,0.05,0.08
"adaptive_loso_signflip","n16_v128","kenergy",16,1,20101,55,0.078,0.05,0.08
"adaptive_loso_signflip","n16_v128","kenergy",16,1,20101,56,0.244,0.05,0.08
"adaptive_loso_signflip","n16_v128","kenergy",16,1,20101,57,0.31,0.05,0.08
"adaptive_loso_signflip","n16_v128","kenergy",16,1,20101,58,0.058,0.05,0.08
"adaptive_loso_signflip","n16_v128","kenergy",16,1,20101,59,0.228,0.05,0.08
"adaptive_loso_signflip","n16_v128","kenergy",16,1,20101,60,0.34,0.05,0.08
"adaptive_loso_signflip","n16_v128","kenergy",16,1,20101,61,0.318,0.05,0.08
"adaptive_loso_signflip","n16_v128","kenergy",16,1,20101,62,0.71,0.05,0.08
"adaptive_loso_signflip","n16_v128","kenergy",16,1,20101,63,0.616,0.05,0.08
"adaptive_loso_signflip","n16_v128","kenergy",16,1,20101,64,0.356,0.05,0.08
"adaptive_loso_signflip","n16_v128","kenergy",16,1,20101,65,0.422,0.05,0.08
"adaptive_loso_signflip","n16_v128","kenergy",16,1,20101,66,0.918,0.05,0.08
"adaptive_loso_signflip","n16_v128","kenergy",16,1,20101,67,0.394,0.05,0.08
"adaptive_loso_signflip","n16_v128","kenergy",16,1,20101,68,0.88,0.05,0.08
"adaptive_loso_signflip","n16_v128","kenergy",16,1,20101,69,0.806,0.05,0.08
"adaptive_loso_signflip","n16_v128","kenergy",16,1,20101,70,0.376,0.05,0.08
"adaptive_loso_signflip","n16_v128","kenergy",16,1,20101,71,0.356,0.05,0.08
"adaptive_loso_signflip","n16_v128","kenergy",16,1,20101,72,0.11,0.05,0.08
"adaptive_loso_signflip","n16_v128","kenergy",16,1,20101,73,0.762,0.05,0.08
"adaptive_loso_signflip","n16_v128","kenergy",16,1,20101,74,0.932,0.05,0.08
"adaptive_loso_signflip","n16_v128","kenergy",16,1,20101,75,0.69,0.05,0.08
"adaptive_loso_signflip","n16_v128","kenergy",16,1,20101,76,0.666,0.05,0.08
"adaptive_loso_signflip","n16_v128","kenergy",16,1,20101,77,0.816,0.05,0.08
"adaptive_loso_signflip","n16_v128","kenergy",16,1,20101,78,0.022,0.05,0.08
"adaptive_loso_signflip","n16_v128","kenergy",16,1,20101,79,0.158,0.05,0.08
"adaptive_loso_signflip","n16_v128","kenergy",16,1,20101,80,0.398,0.05,0.08
"adaptive_loso_signflip","n16_v128","kenergy",16,1,20101,81,0.766,0.05,0.08
"adaptive_loso_signflip","n16_v128","kenergy",16,1,20101,82,0.08,0.05,0.08
"adaptive_loso_signflip","n16_v128","kenergy",16,1,20101,83,0.09,0.05,0.08
"adaptive_loso_signflip","n16_v128","kenergy",16,1,20101,84,0.614,0.05,0.08
"adaptive_loso_signflip","n16_v128","kenergy",16,1,20101,85,0.302,0.05,0.08
"adaptive_loso_signflip","n16_v128","kenergy",16,1,20101,86,0.672,0.05,0.08
"adaptive_loso_signflip","n16_v128","kenergy",16,1,20101,87,0.698,0.05,0.08
"adaptive_loso_signflip","n16_v128","kenergy",16,1,20101,88,0.018,0.05,0.08
"adaptive_loso_signflip","n16_v128","kenergy",16,1,20101,89,0.68,0.05,0.08
"adaptive_loso_signflip","n16_v128","kenergy",16,1,20101,90,0.37,0.05,0.08
"adaptive_loso_signflip","n16_v128","kenergy",16,1,20101,91,0.246,0.05,0.08
"adaptive_loso_signflip","n16_v128","kenergy",16,1,20101,92,0.834,0.05,0.08
"adaptive_loso_signflip","n16_v128","kenergy",16,1,20101,93,0.256,0.05,0.08
"adaptive_loso_signflip","n16_v128","kenergy",16,1,20101,94,0.684,0.05,0.08
"adaptive_loso_signflip","n16_v128","kenergy",16,1,20101,95,0.894,0.05,0.08
"adaptive_loso_signflip","n16_v128","kenergy",16,1,20101,96,0.716,0.05,0.08
"adaptive_loso_signflip","n16_v128","kenergy",16,1,20101,97,0.21,0.05,0.08
"adaptive_loso_signflip","n16_v128","kenergy",16,1,20101,98,0.132,0.05,0.08
"adaptive_loso_signflip","n16_v128","kenergy",16,1,20101,99,0.732,0.05,0.08
"adaptive_loso_signflip","n16_v128","kenergy",16,1,20101,100,0.19,0.05,0.08
"adaptive_loso_signflip","n16_v128","kenergy",16,1,20101,101,0.204,0.05,0.08
"adaptive_loso_signflip","n16_v128","kenergy",16,1,20101,102,0.064,0.05,0.08
"adaptive_loso_signflip","n16_v128","kenergy",16,1,20101,103,0.334,0.05,0.08
"adaptive_loso_signflip","n16_v128","kenergy",16,1,20101,104,0.278,0.05,0.08
"adaptive_loso_signflip","n16_v128","kenergy",16,1,20101,105,0.788,0.05,0.08
"adaptive_loso_signflip","n16_v128","kenergy",16,1,20101,106,0.262,0.05,0.08
"adaptive_loso_signflip","n16_v128","kenergy",16,1,20101,107,0.982,0.05,0.08
"adaptive_loso_signflip","n16_v128","kenergy",16,1,20101,108,0.652,0.05,0.08
"adaptive_loso_signflip","n16_v128","kenergy",16,1,20101,109,0.282,0.05,0.08
"adaptive_loso_signflip","n16_v128","kenergy",16,1,20101,110,0.26,0.05,0.08
"adaptive_loso_signflip","n16_v128","kenergy",16,1,20101,111,0.158,0.05,0.08
"adaptive_loso_signflip","n16_v128","kenergy",16,1,20101,112,0.706,0.05,0.08
"adaptive_loso_signflip","n16_v128","kenergy",16,1,20101,113,0.746,0.05,0.08
"adaptive_loso_signflip","n16_v128","kenergy",16,1,20101,114,0.172,0.05,0.08
"adaptive_loso_signflip","n16_v128","kenergy",16,1,20101,115,0.766,0.05,0.08
"adaptive_loso_signflip","n16_v128","kenergy",16,1,20101,116,0.214,0.05,0.08
"adaptive_loso_signflip","n16_v128","kenergy",16,1,20101,117,0.412,0.05,0.08
"adaptive_loso_signflip","n16_v128","kenergy",16,1,20101,118,0.808,0.05,0.08
"adaptive_loso_signflip","n16_v128","kenergy",16,1,20101,119,0.308,0.05,0.08
"adaptive_loso_signflip","n16_v128","kenergy",16,1,20101,120,0.136,0.05,0.08
"adaptive_loso_signflip","n16_v128","kenergy",16,1,20101,121,0.222,0.05,0.08
"adaptive_loso_signflip","n16_v128","kenergy",16,1,20101,122,0.222,0.05,0.08
"adaptive_loso_signflip","n16_v128","kenergy",16,1,20101,123,0.224,0.05,0.08
"adaptive_loso_signflip","n16_v128","kenergy",16,1,20101,124,0.796,0.05,0.08
"adaptive_loso_signflip","n16_v128","kenergy",16,1,20101,125,0.214,0.05,0.08
"adaptive_loso_signflip","n16_v128","kenergy",16,1,20101,126,0.428,0.05,0.08
"adaptive_loso_signflip","n16_v128","kenergy",16,1,20101,127,0.382,0.05,0.08
"adaptive_loso_signflip","n16_v128","kenergy",16,1,20101,128,0.362,0.05,0.08
"adaptive_loso_signflip","n16_v128","kenergy",16,1,20101,129,0.844,0.05,0.08
"adaptive_loso_signflip","n16_v128","kenergy",16,1,20101,130,0.094,0.05,0.08
"adaptive_loso_signflip","n16_v128","kenergy",16,1,20101,131,0.584,0.05,0.08
"adaptive_loso_signflip","n16_v128","kenergy",16,1,20101,132,0.552,0.05,0.08
"adaptive_loso_signflip","n16_v128","kenergy",16,1,20101,133,0.264,0.05,0.08
"adaptive_loso_signflip","n16_v128","kenergy",16,1,20101,134,0.832,0.05,0.08
"adaptive_loso_signflip","n16_v128","kenergy",16,1,20101,135,0.312,0.05,0.08
"adaptive_loso_signflip","n16_v128","kenergy",16,1,20101,136,0.682,0.05,0.08
"adaptive_loso_signflip","n16_v128","kenergy",16,1,20101,137,0.436,0.05,0.08
"adaptive_loso_signflip","n16_v128","kenergy",16,1,20101,138,0.966,0.05,0.08
"adaptive_loso_signflip","n16_v128","kenergy",16,1,20101,139,0.64,0.05,0.08
"adaptive_loso_signflip","n16_v128","kenergy",16,1,20101,140,0.748,0.05,0.08
"adaptive_loso_signflip","n16_v128","kenergy",16,1,20101,141,0.626,0.05,0.08
"adaptive_loso_signflip","n16_v128","kenergy",16,1,20101,142,0.164,0.05,0.08
"adaptive_loso_signflip","n16_v128","kenergy",16,1,20101,143,0.558,0.05,0.08
"adaptive_loso_signflip","n16_v128","kenergy",16,1,20101,144,0.992,0.05,0.08
"adaptive_loso_signflip","n16_v128","kenergy",16,1,20101,145,0.674,0.05,0.08
"adaptive_loso_signflip","n16_v128","kenergy",16,1,20101,146,0.134,0.05,0.08
"adaptive_loso_signflip","n16_v128","kenergy",16,1,20101,147,0.61,0.05,0.08
"adaptive_loso_signflip","n16_v128","kenergy",16,1,20101,148,0.046,0.05,0.08
"adaptive_loso_signflip","n16_v128","kenergy",16,1,20101,149,0.658,0.05,0.08
"adaptive_loso_signflip","n16_v128","kenergy",16,1,20101,150,0.918,0.05,0.08
"adaptive_loso_signflip","n16_v128","kenergy",16,1,20101,151,0.808,0.05,0.08
"adaptive_loso_signflip","n16_v128","kenergy",16,1,20101,152,0.406,0.05,0.08
"adaptive_loso_signflip","n16_v128","kenergy",16,1,20101,153,0.502,0.05,0.08
"adaptive_loso_signflip","n16_v128","kenergy",16,1,20101,154,0.968,0.05,0.08
"adaptive_loso_signflip","n16_v128","kenergy",16,1,20101,155,0.49,0.05,0.08
"adaptive_loso_signflip","n16_v128","kenergy",16,1,20101,156,0.144,0.05,0.08
"adaptive_loso_signflip","n16_v128","kenergy",16,1,20101,157,0.138,0.05,0.08
"adaptive_loso_signflip","n16_v128","kenergy",16,1,20101,158,0.06,0.05,0.08
"adaptive_loso_signflip","n16_v128","kenergy",16,1,20101,159,0.972,0.05,0.08
"adaptive_loso_signflip","n16_v128","kenergy",16,1,20101,160,0.124,0.05,0.08
"adaptive_loso_signflip","n16_v128","kenergy",16,1,20101,161,0.088,0.05,0.08
"adaptive_loso_signflip","n16_v128","kenergy",16,1,20101,162,0.61,0.05,0.08
"adaptive_loso_signflip","n16_v128","kenergy",16,1,20101,163,0.934,0.05,0.08
"adaptive_loso_signflip","n16_v128","kenergy",16,1,20101,164,0.63,0.05,0.08
"adaptive_loso_signflip","n16_v128","kenergy",16,1,20101,165,0.178,0.05,0.08
"adaptive_loso_signflip","n16_v128","kenergy",16,1,20101,166,0.134,0.05,0.08
"adaptive_loso_signflip","n16_v128","kenergy",16,1,20101,167,0.626,0.05,0.08
"adaptive_loso_signflip","n16_v128","kenergy",16,1,20101,168,0.24,0.05,0.08
"adaptive_loso_signflip","n16_v128","kenergy",16,1,20101,169,0.634,0.05,0.08
"adaptive_loso_signflip","n16_v128","kenergy",16,1,20101,170,0.962,0.05,0.08
"adaptive_loso_signflip","n16_v128","kenergy",16,1,20101,171,0.37,0.05,0.08
"adaptive_loso_signflip","n16_v128","kenergy",16,1,20101,172,0.756,0.05,0.08
"adaptive_loso_signflip","n16_v128","kenergy",16,1,20101,173,0.724,0.05,0.08
"adaptive_loso_signflip","n16_v128","kenergy",16,1,20101,174,0.106,0.05,0.08
"adaptive_loso_signflip","n16_v128","kenergy",16,1,20101,175,0.964,0.05,0.08
"adaptive_loso_signflip","n16_v128","kenergy",16,1,20101,176,0.914,0.05,0.08
"adaptive_loso_signflip","n16_v128","kenergy",16,1,20101,177,0.676,0.05,0.08
"adaptive_loso_signflip","n16_v128","kenergy",16,1,20101,178,0.11,0.05,0.08
"adaptive_loso_signflip","n16_v128","kenergy",16,1,20101,179,0.604,0.05,0.08
"adaptive_loso_signflip","n16_v128","kenergy",16,1,20101,180,0.074,0.05,0.08
"adaptive_loso_signflip","n16_v128","kenergy",16,1,20101,181,0.222,0.05,0.08
"adaptive_loso_signflip","n16_v128","kenergy",16,1,20101,182,0.188,0.05,0.08
"adaptive_loso_signflip","n16_v128","kenergy",16,1,20101,183,0.484,0.05,0.08
"adaptive_loso_signflip","n16_v128","kenergy",16,1,20101,184,0.21,0.05,0.08
"adaptive_loso_signflip","n16_v128","kenergy",16,1,20101,185,0.944,0.05,0.08
"adaptive_loso_signflip","n16_v128","kenergy",16,1,20101,186,0.468,0.05,0.08
"adaptive_loso_signflip","n16_v128","kenergy",16,1,20101,187,0.062,0.05,0.08
"adaptive_loso_signflip","n16_v128","kenergy",16,1,20101,188,0.388,0.05,0.08
"adaptive_loso_signflip","n16_v128","kenergy",16,1,20101,189,0.03,0.05,0.08
"adaptive_loso_signflip","n16_v128","kenergy",16,1,20101,190,0.018,0.05,0.08
"adaptive_loso_signflip","n16_v128","kenergy",16,1,20101,191,0.758,0.05,0.08
"adaptive_loso_signflip","n16_v128","kenergy",16,1,20101,192,0.548,0.05,0.08
"adaptive_loso_signflip","n16_v128","kenergy",16,1,20101,193,0.412,0.05,0.08
"adaptive_loso_signflip","n16_v128","kenergy",16,1,20101,194,0.97,0.05,0.08
"adaptive_loso_signflip","n16_v128","kenergy",16,1,20101,195,0.466,0.05,0.08
"adaptive_loso_signflip","n16_v128","kenergy",16,1,20101,196,0.444,0.05,0.08
"adaptive_loso_signflip","n16_v128","kenergy",16,1,20101,197,0.336,0.05,0.08
"adaptive_loso_signflip","n16_v128","kenergy",16,1,20101,198,0.918,0.05,0.08
"adaptive_loso_signflip","n16_v128","kenergy",16,1,20101,199,0.036,0.05,0.08
"adaptive_loso_signflip","n16_v128","kenergy",16,1,20101,200,0.412,0.05,0.08
"adaptive_loso_signflip","n16_v128","kenergy",16,2,120101,1,0.544,0.05,0.08
"adaptive_loso_signflip","n16_v128","kenergy",16,2,120101,2,0.82,0.05,0.08
"adaptive_loso_signflip","n16_v128","kenergy",16,2,120101,3,0.546,0.05,0.08
"adaptive_loso_signflip","n16_v128","kenergy",16,2,120101,4,0.068,0.05,0.08
"adaptive_loso_signflip","n16_v128","kenergy",16,2,120101,5,1,0.05,0.08
"adaptive_loso_signflip","n16_v128","kenergy",16,2,120101,6,0.756,0.05,0.08
"adaptive_loso_signflip","n16_v128","kenergy",16,2,120101,7,0.378,0.05,0.08
"adaptive_loso_signflip","n16_v128","kenergy",16,2,120101,8,0.376,0.05,0.08
"adaptive_loso_signflip","n16_v128","kenergy",16,2,120101,9,0.73,0.05,0.08
"adaptive_loso_signflip","n16_v128","kenergy",16,2,120101,10,0.738,0.05,0.08
"adaptive_loso_signflip","n16_v128","kenergy",16,2,120101,11,0.182,0.05,0.08
"adaptive_loso_signflip","n16_v128","kenergy",16,2,120101,12,0.946,0.05,0.08
"adaptive_loso_signflip","n16_v128","kenergy",16,2,120101,13,0.47,0.05,0.08
"adaptive_loso_signflip","n16_v128","kenergy",16,2,120101,14,0.868,0.05,0.08
"adaptive_loso_signflip","n16_v128","kenergy",16,2,120101,15,0.63,0.05,0.08
"adaptive_loso_signflip","n16_v128","kenergy",16,2,120101,16,0.202,0.05,0.08
"adaptive_loso_signflip","n16_v128","kenergy",16,2,120101,17,0.784,0.05,0.08
"adaptive_loso_signflip","n16_v128","kenergy",16,2,120101,18,0.344,0.05,0.08
"adaptive_loso_signflip","n16_v128","kenergy",16,2,120101,19,0.148,0.05,0.08
"adaptive_loso_signflip","n16_v128","kenergy",16,2,120101,20,0.762,0.05,0.08
"adaptive_loso_signflip","n16_v128","kenergy",16,2,120101,21,0.358,0.05,0.08
"adaptive_loso_signflip","n16_v128","kenergy",16,2,120101,22,0.238,0.05,0.08
"adaptive_loso_signflip","n16_v128","kenergy",16,2,120101,23,0.182,0.05,0.08
"adaptive_loso_signflip","n16_v128","kenergy",16,2,120101,24,0.332,0.05,0.08
"adaptive_loso_signflip","n16_v128","kenergy",16,2,120101,25,0.552,0.05,0.08
"adaptive_loso_signflip","n16_v128","kenergy",16,2,120101,26,0.974,0.05,0.08
"adaptive_loso_signflip","n16_v128","kenergy",16,2,120101,27,0.022,0.05,0.08
"adaptive_loso_signflip","n16_v128","kenergy",16,2,120101,28,0.486,0.05,0.08
"adaptive_loso_signflip","n16_v128","kenergy",16,2,120101,29,0.4,0.05,0.08
"adaptive_loso_signflip","n16_v128","kenergy",16,2,120101,30,0.728,0.05,0.08
"adaptive_loso_signflip","n16_v128","kenergy",16,2,120101,31,0.498,0.05,0.08
"adaptive_loso_signflip","n16_v128","kenergy",16,2,120101,32,0.192,0.05,0.08
"adaptive_loso_signflip","n16_v128","kenergy",16,2,120101,33,0.348,0.05,0.08
"adaptive_loso_signflip","n16_v128","kenergy",16,2,120101,34,0.548,0.05,0.08
"adaptive_loso_signflip","n16_v128","kenergy",16,2,120101,35,0.542,0.05,0.08
"adaptive_loso_signflip","n16_v128","kenergy",16,2,120101,36,0.464,0.05,0.08
"adaptive_loso_signflip","n16_v128","kenergy",16,2,120101,37,0.21,0.05,0.08
"adaptive_loso_signflip","n16_v128","kenergy",16,2,120101,38,0.624,0.05,0.08
"adaptive_loso_signflip","n16_v128","kenergy",16,2,120101,39,0.132,0.05,0.08
"adaptive_loso_signflip","n16_v128","kenergy",16,2,120101,40,0.19,0.05,0.08
"adaptive_loso_signflip","n16_v128","kenergy",16,2,120101,41,0.868,0.05,0.08
"adaptive_loso_signflip","n16_v128","kenergy",16,2,120101,42,0.308,0.05,0.08
"adaptive_loso_signflip","n16_v128","kenergy",16,2,120101,43,0.154,0.05,0.08
"adaptive_loso_signflip","n16_v128","kenergy",16,2,120101,44,0.5,0.05,0.08
"adaptive_loso_signflip","n16_v128","kenergy",16,2,120101,45,0.456,0.05,0.08
"adaptive_loso_signflip","n16_v128","kenergy",16,2,120101,46,0.082,0.05,0.08
"adaptive_loso_signflip","n16_v128","kenergy",16,2,120101,47,0.742,0.05,0.08
"adaptive_loso_signflip","n16_v128","kenergy",16,2,120101,48,0.072,0.05,0.08
"adaptive_loso_signflip","n16_v128","kenergy",16,2,120101,49,0.072,0.05,0.08
"adaptive_loso_signflip","n16_v128","kenergy",16,2,120101,50,0.87,0.05,0.08
"adaptive_loso_signflip","n16_v128","kenergy",16,2,120101,51,0.188,0.05,0.08
"adaptive_loso_signflip","n16_v128","kenergy",16,2,120101,52,0.08,0.05,0.08
"adaptive_loso_signflip","n16_v128","kenergy",16,2,120101,53,0.94,0.05,0.08
"adaptive_loso_signflip","n16_v128","kenergy",16,2,120101,54,0.944,0.05,0.08
"adaptive_loso_signflip","n16_v128","kenergy",16,2,120101,55,0.174,0.05,0.08
"adaptive_loso_signflip","n16_v128","kenergy",16,2,120101,56,0.926,0.05,0.08
"adaptive_loso_signflip","n16_v128","kenergy",16,2,120101,57,0.682,0.05,0.08
"adaptive_loso_signflip","n16_v128","kenergy",16,2,120101,58,0.018,0.05,0.08
"adaptive_loso_signflip","n16_v128","kenergy",16,2,120101,59,0.506,0.05,0.08
"adaptive_loso_signflip","n16_v128","kenergy",16,2,120101,60,0.066,0.05,0.08
"adaptive_loso_signflip","n16_v128","kenergy",16,2,120101,61,0.844,0.05,0.08
"adaptive_loso_signflip","n16_v128","kenergy",16,2,120101,62,0.816,0.05,0.08
"adaptive_loso_signflip","n16_v128","kenergy",16,2,120101,63,0.124,0.05,0.08
"adaptive_loso_signflip","n16_v128","kenergy",16,2,120101,64,0.976,0.05,0.08
"adaptive_loso_signflip","n16_v128","kenergy",16,2,120101,65,0.076,0.05,0.08
"adaptive_loso_signflip","n16_v128","kenergy",16,2,120101,66,0.694,0.05,0.08
"adaptive_loso_signflip","n16_v128","kenergy",16,2,120101,67,0.954,0.05,0.08
"adaptive_loso_signflip","n16_v128","kenergy",16,2,120101,68,0.358,0.05,0.08
"adaptive_loso_signflip","n16_v128","kenergy",16,2,120101,69,0.932,0.05,0.08
"adaptive_loso_signflip","n16_v128","kenergy",16,2,120101,70,0.066,0.05,0.08
"adaptive_loso_signflip","n16_v128","kenergy",16,2,120101,71,0.596,0.05,0.08
"adaptive_loso_signflip","n16_v128","kenergy",16,2,120101,72,0.274,0.05,0.08
"adaptive_loso_signflip","n16_v128","kenergy",16,2,120101,73,0.164,0.05,0.08
"adaptive_loso_signflip","n16_v128","kenergy",16,2,120101,74,0.232,0.05,0.08
"adaptive_loso_signflip","n16_v128","kenergy",16,2,120101,75,0.866,0.05,0.08
"adaptive_loso_signflip","n16_v128","kenergy",16,2,120101,76,0.654,0.05,0.08
"adaptive_loso_signflip","n16_v128","kenergy",16,2,120101,77,0.31,0.05,0.08
"adaptive_loso_signflip","n16_v128","kenergy",16,2,120101,78,0.778,0.05,0.08
"adaptive_loso_signflip","n16_v128","kenergy",16,2,120101,79,0.91,0.05,0.08
"adaptive_loso_signflip","n16_v128","kenergy",16,2,120101,80,0.39,0.05,0.08
"adaptive_loso_signflip","n16_v128","kenergy",16,2,120101,81,0.614,0.05,0.08
"adaptive_loso_signflip","n16_v128","kenergy",16,2,120101,82,0.914,0.05,0.08
"adaptive_loso_signflip","n16_v128","kenergy",16,2,120101,83,0.178,0.05,0.08
"adaptive_loso_signflip","n16_v128","kenergy",16,2,120101,84,0.348,0.05,0.08
"adaptive_loso_signflip","n16_v128","kenergy",16,2,120101,85,0.816,0.05,0.08
"adaptive_loso_signflip","n16_v128","kenergy",16,2,120101,86,0.27,0.05,0.08
"adaptive_loso_signflip","n16_v128","kenergy",16,2,120101,87,0.002,0.05,0.08
"adaptive_loso_signflip","n16_v128","kenergy",16,2,120101,88,0.87,0.05,0.08
"adaptive_loso_signflip","n16_v128","kenergy",16,2,120101,89,0.978,0.05,0.08
"adaptive_loso_signflip","n16_v128","kenergy",16,2,120101,90,0.818,0.05,0.08
"adaptive_loso_signflip","n16_v128","kenergy",16,2,120101,91,0.528,0.05,0.08
"adaptive_loso_signflip","n16_v128","kenergy",16,2,120101,92,0.792,0.05,0.08
"adaptive_loso_signflip","n16_v128","kenergy",16,2,120101,93,0.858,0.05,0.08
"adaptive_loso_signflip","n16_v128","kenergy",16,2,120101,94,0.51,0.05,0.08
"adaptive_loso_signflip","n16_v128","kenergy",16,2,120101,95,0.366,0.05,0.08
"adaptive_loso_signflip","n16_v128","kenergy",16,2,120101,96,0.302,0.05,0.08
"adaptive_loso_signflip","n16_v128","kenergy",16,2,120101,97,0.134,0.05,0.08
"adaptive_loso_signflip","n16_v128","kenergy",16,2,120101,98,0.82,0.05,0.08
"adaptive_loso_signflip","n16_v128","kenergy",16,2,120101,99,0.908,0.05,0.08
"adaptive_loso_signflip","n16_v128","kenergy",16,2,120101,100,0.676,0.05,0.08
"adaptive_loso_signflip","n16_v128","kenergy",16,2,120101,101,0.61,0.05,0.08
"adaptive_loso_signflip","n16_v128","kenergy",16,2,120101,102,0.742,0.05,0.08
"adaptive_loso_signflip","n16_v128","kenergy",16,2,120101,103,0.26,0.05,0.08
"adaptive_loso_signflip","n16_v128","kenergy",16,2,120101,104,0.678,0.05,0.08
"adaptive_loso_signflip","n16_v128","kenergy",16,2,120101,105,0.534,0.05,0.08
"adaptive_loso_signflip","n16_v128","kenergy",16,2,120101,106,0.542,0.05,0.08
"adaptive_loso_signflip","n16_v128","kenergy",16,2,120101,107,0.982,0.05,0.08
"adaptive_loso_signflip","n16_v128","kenergy",16,2,120101,108,0.06,0.05,0.08
"adaptive_loso_signflip","n16_v128","kenergy",16,2,120101,109,0.602,0.05,0.08
"adaptive_loso_signflip","n16_v128","kenergy",16,2,120101,110,0.324,0.05,0.08
"adaptive_loso_signflip","n16_v128","kenergy",16,2,120101,111,0.2,0.05,0.08
"adaptive_loso_signflip","n16_v128","kenergy",16,2,120101,112,0.514,0.05,0.08
"adaptive_loso_signflip","n16_v128","kenergy",16,2,120101,113,0.088,0.05,0.08
"adaptive_loso_signflip","n16_v128","kenergy",16,2,120101,114,0.024,0.05,0.08
"adaptive_loso_signflip","n16_v128","kenergy",16,2,120101,115,0.338,0.05,0.08
"adaptive_loso_signflip","n16_v128","kenergy",16,2,120101,116,0.772,0.05,0.08
"adaptive_loso_signflip","n16_v128","kenergy",16,2,120101,117,0.354,0.05,0.08
"adaptive_loso_signflip","n16_v128","kenergy",16,2,120101,118,0.204,0.05,0.08
"adaptive_loso_signflip","n16_v128","kenergy",16,2,120101,119,0.806,0.05,0.08
"adaptive_loso_signflip","n16_v128","kenergy",16,2,120101,120,0.09,0.05,0.08
"adaptive_loso_signflip","n16_v128","kenergy",16,2,120101,121,0.694,0.05,0.08
"adaptive_loso_signflip","n16_v128","kenergy",16,2,120101,122,0.468,0.05,0.08
"adaptive_loso_signflip","n16_v128","kenergy",16,2,120101,123,0.384,0.05,0.08
"adaptive_loso_signflip","n16_v128","kenergy",16,2,120101,124,0.964,0.05,0.08
"adaptive_loso_signflip","n16_v128","kenergy",16,2,120101,125,0.258,0.05,0.08
"adaptive_loso_signflip","n16_v128","kenergy",16,2,120101,126,0.772,0.05,0.08
"adaptive_loso_signflip","n16_v128","kenergy",16,2,120101,127,0.632,0.05,0.08
"adaptive_loso_signflip","n16_v128","kenergy",16,2,120101,128,0.792,0.05,0.08
"adaptive_loso_signflip","n16_v128","kenergy",16,2,120101,129,0.82,0.05,0.08
"adaptive_loso_signflip","n16_v128","kenergy",16,2,120101,130,0.364,0.05,0.08
"adaptive_loso_signflip","n16_v128","kenergy",16,2,120101,131,0.214,0.05,0.08
"adaptive_loso_signflip","n16_v128","kenergy",16,2,120101,132,0.956,0.05,0.08
"adaptive_loso_signflip","n16_v128","kenergy",16,2,120101,133,0.46,0.05,0.08
"adaptive_loso_signflip","n16_v128","kenergy",16,2,120101,134,0.862,0.05,0.08
"adaptive_loso_signflip","n16_v128","kenergy",16,2,120101,135,0.038,0.05,0.08
"adaptive_loso_signflip","n16_v128","kenergy",16,2,120101,136,0.682,0.05,0.08
"adaptive_loso_signflip","n16_v128","kenergy",16,2,120101,137,0.184,0.05,0.08
"adaptive_loso_signflip","n16_v128","kenergy",16,2,120101,138,0.676,0.05,0.08
"adaptive_loso_signflip","n16_v128","kenergy",16,2,120101,139,0.178,0.05,0.08
"adaptive_loso_signflip","n16_v128","kenergy",16,2,120101,140,0.14,0.05,0.08
"adaptive_loso_signflip","n16_v128","kenergy",16,2,120101,141,0.39,0.05,0.08
"adaptive_loso_signflip","n16_v128","kenergy",16,2,120101,142,0.054,0.05,0.08
"adaptive_loso_signflip","n16_v128","kenergy",16,2,120101,143,0.61,0.05,0.08
"adaptive_loso_signflip","n16_v128","kenergy",16,2,120101,144,0.298,0.05,0.08
"adaptive_loso_signflip","n16_v128","kenergy",16,2,120101,145,0.844,0.05,0.08
"adaptive_loso_signflip","n16_v128","kenergy",16,2,120101,146,0.384,0.05,0.08
"adaptive_loso_signflip","n16_v128","kenergy",16,2,120101,147,0.906,0.05,0.08
"adaptive_loso_signflip","n16_v128","kenergy",16,2,120101,148,0.566,0.05,0.08
"adaptive_loso_signflip","n16_v128","kenergy",16,2,120101,149,0.744,0.05,0.08
"adaptive_loso_signflip","n16_v128","kenergy",16,2,120101,150,0.75,0.05,0.08
"adaptive_loso_signflip","n16_v128","kenergy",16,2,120101,151,0.386,0.05,0.08
"adaptive_loso_signflip","n16_v128","kenergy",16,2,120101,152,0.69,0.05,0.08
"adaptive_loso_signflip","n16_v128","kenergy",16,2,120101,153,0.39,0.05,0.08
"adaptive_loso_signflip","n16_v128","kenergy",16,2,120101,154,0.51,0.05,0.08
"adaptive_loso_signflip","n16_v128","kenergy",16,2,120101,155,0.878,0.05,0.08
"adaptive_loso_signflip","n16_v128","kenergy",16,2,120101,156,0.716,0.05,0.08
"adaptive_loso_signflip","n16_v128","kenergy",16,2,120101,157,0.838,0.05,0.08
"adaptive_loso_signflip","n16_v128","kenergy",16,2,120101,158,0.032,0.05,0.08
"adaptive_loso_signflip","n16_v128","kenergy",16,2,120101,159,0.322,0.05,0.08
"adaptive_loso_signflip","n16_v128","kenergy",16,2,120101,160,0.32,0.05,0.08
"adaptive_loso_signflip","n16_v128","kenergy",16,2,120101,161,0.376,0.05,0.08
"adaptive_loso_signflip","n16_v128","kenergy",16,2,120101,162,0.762,0.05,0.08
"adaptive_loso_signflip","n16_v128","kenergy",16,2,120101,163,0.152,0.05,0.08
"adaptive_loso_signflip","n16_v128","kenergy",16,2,120101,164,0.798,0.05,0.08
"adaptive_loso_signflip","n16_v128","kenergy",16,2,120101,165,0.174,0.05,0.08
"adaptive_loso_signflip","n16_v128","kenergy",16,2,120101,166,0.626,0.05,0.08
"adaptive_loso_signflip","n16_v128","kenergy",16,2,120101,167,0.74,0.05,0.08
"adaptive_loso_signflip","n16_v128","kenergy",16,2,120101,168,0.496,0.05,0.08
"adaptive_loso_signflip","n16_v128","kenergy",16,2,120101,169,0.842,0.05,0.08
"adaptive_loso_signflip","n16_v128","kenergy",16,2,120101,170,0.95,0.05,0.08
"adaptive_loso_signflip","n16_v128","kenergy",16,2,120101,171,0.96,0.05,0.08
"adaptive_loso_signflip","n16_v128","kenergy",16,2,120101,172,0.782,0.05,0.08
"adaptive_loso_signflip","n16_v128","kenergy",16,2,120101,173,0.08,0.05,0.08
"adaptive_loso_signflip","n16_v128","kenergy",16,2,120101,174,0.5,0.05,0.08
"adaptive_loso_signflip","n16_v128","kenergy",16,2,120101,175,0.69,0.05,0.08
"adaptive_loso_signflip","n16_v128","kenergy",16,2,120101,176,0.44,0.05,0.08
"adaptive_loso_signflip","n16_v128","kenergy",16,2,120101,177,0.19,0.05,0.08
"adaptive_loso_signflip","n16_v128","kenergy",16,2,120101,178,0.96,0.05,0.08
"adaptive_loso_signflip","n16_v128","kenergy",16,2,120101,179,0.016,0.05,0.08
"adaptive_loso_signflip","n16_v128","kenergy",16,2,120101,180,0.126,0.05,0.08
"adaptive_loso_signflip","n16_v128","kenergy",16,2,120101,181,0.85,0.05,0.08
"adaptive_loso_signflip","n16_v128","kenergy",16,2,120101,182,0.002,0.05,0.08
"adaptive_loso_signflip","n16_v128","kenergy",16,2,120101,183,0.222,0.05,0.08
"adaptive_loso_signflip","n16_v128","kenergy",16,2,120101,184,0.912,0.05,0.08
"adaptive_loso_signflip","n16_v128","kenergy",16,2,120101,185,0.042,0.05,0.08
"adaptive_loso_signflip","n16_v128","kenergy",16,2,120101,186,0.926,0.05,0.08
"adaptive_loso_signflip","n16_v128","kenergy",16,2,120101,187,0.366,0.05,0.08
"adaptive_loso_signflip","n16_v128","kenergy",16,2,120101,188,0.734,0.05,0.08
"adaptive_loso_signflip","n16_v128","kenergy",16,2,120101,189,0.166,0.05,0.08
"adaptive_loso_signflip","n16_v128","kenergy",16,2,120101,190,0.66,0.05,0.08
"adaptive_loso_signflip","n16_v128","kenergy",16,2,120101,191,0.444,0.05,0.08
"adaptive_loso_signflip","n16_v128","kenergy",16,2,120101,192,0.204,0.05,0.08
"adaptive_loso_signflip","n16_v128","kenergy",16,2,120101,193,0.334,0.05,0.08
"adaptive_loso_signflip","n16_v128","kenergy",16,2,120101,194,0.868,0.05,0.08
"adaptive_loso_signflip","n16_v128","kenergy",16,2,120101,195,0.42,0.05,0.08
"adaptive_loso_signflip","n16_v128","kenergy",16,2,120101,196,0.522,0.05,0.08
"adaptive_loso_signflip","n16_v128","kenergy",16,2,120101,197,0.356,0.05,0.08
"adaptive_loso_signflip","n16_v128","kenergy",16,2,120101,198,0.422,0.05,0.08
"adaptive_loso_signflip","n16_v128","kenergy",16,2,120101,199,0.134,0.05,0.08
"adaptive_loso_signflip","n16_v128","kenergy",16,2,120101,200,0.518,0.05,0.08
"adaptive_loso_signflip","n16_v128","kenergy",16,3,220101,1,0.816,0.05,0.08
"adaptive_loso_signflip","n16_v128","kenergy",16,3,220101,2,0.552,0.05,0.08
"adaptive_loso_signflip","n16_v128","kenergy",16,3,220101,3,0.46,0.05,0.08
"adaptive_loso_signflip","n16_v128","kenergy",16,3,220101,4,0.33,0.05,0.08
"adaptive_loso_signflip","n16_v128","kenergy",16,3,220101,5,0.84,0.05,0.08
"adaptive_loso_signflip","n16_v128","kenergy",16,3,220101,6,0.834,0.05,0.08
"adaptive_loso_signflip","n16_v128","kenergy",16,3,220101,7,0.582,0.05,0.08
"adaptive_loso_signflip","n16_v128","kenergy",16,3,220101,8,0.312,0.05,0.08
"adaptive_loso_signflip","n16_v128","kenergy",16,3,220101,9,0.312,0.05,0.08
"adaptive_loso_signflip","n16_v128","kenergy",16,3,220101,10,0.364,0.05,0.08
"adaptive_loso_signflip","n16_v128","kenergy",16,3,220101,11,0.476,0.05,0.08
"adaptive_loso_signflip","n16_v128","kenergy",16,3,220101,12,0.844,0.05,0.08
"adaptive_loso_signflip","n16_v128","kenergy",16,3,220101,13,0.482,0.05,0.08
"adaptive_loso_signflip","n16_v128","kenergy",16,3,220101,14,0.028,0.05,0.08
"adaptive_loso_signflip","n16_v128","kenergy",16,3,220101,15,0.042,0.05,0.08
"adaptive_loso_signflip","n16_v128","kenergy",16,3,220101,16,0.296,0.05,0.08
"adaptive_loso_signflip","n16_v128","kenergy",16,3,220101,17,0.71,0.05,0.08
"adaptive_loso_signflip","n16_v128","kenergy",16,3,220101,18,0.238,0.05,0.08
"adaptive_loso_signflip","n16_v128","kenergy",16,3,220101,19,0.222,0.05,0.08
"adaptive_loso_signflip","n16_v128","kenergy",16,3,220101,20,0.972,0.05,0.08
"adaptive_loso_signflip","n16_v128","kenergy",16,3,220101,21,0.464,0.05,0.08
"adaptive_loso_signflip","n16_v128","kenergy",16,3,220101,22,0.716,0.05,0.08
"adaptive_loso_signflip","n16_v128","kenergy",16,3,220101,23,0.13,0.05,0.08
"adaptive_loso_signflip","n16_v128","kenergy",16,3,220101,24,0.568,0.05,0.08
"adaptive_loso_signflip","n16_v128","kenergy",16,3,220101,25,0.504,0.05,0.08
"adaptive_loso_signflip","n16_v128","kenergy",16,3,220101,26,0.018,0.05,0.08
"adaptive_loso_signflip","n16_v128","kenergy",16,3,220101,27,0.474,0.05,0.08
"adaptive_loso_signflip","n16_v128","kenergy",16,3,220101,28,0.546,0.05,0.08
"adaptive_loso_signflip","n16_v128","kenergy",16,3,220101,29,0.654,0.05,0.08
"adaptive_loso_signflip","n16_v128","kenergy",16,3,220101,30,0.64,0.05,0.08
"adaptive_loso_signflip","n16_v128","kenergy",16,3,220101,31,0.346,0.05,0.08
"adaptive_loso_signflip","n16_v128","kenergy",16,3,220101,32,0.488,0.05,0.08
"adaptive_loso_signflip","n16_v128","kenergy",16,3,220101,33,0.264,0.05,0.08
"adaptive_loso_signflip","n16_v128","kenergy",16,3,220101,34,0.444,0.05,0.08
"adaptive_loso_signflip","n16_v128","kenergy",16,3,220101,35,0.776,0.05,0.08
"adaptive_loso_signflip","n16_v128","kenergy",16,3,220101,36,0.06,0.05,0.08
"adaptive_loso_signflip","n16_v128","kenergy",16,3,220101,37,0.68,0.05,0.08
"adaptive_loso_signflip","n16_v128","kenergy",16,3,220101,38,0.4,0.05,0.08
"adaptive_loso_signflip","n16_v128","kenergy",16,3,220101,39,0.368,0.05,0.08
"adaptive_loso_signflip","n16_v128","kenergy",16,3,220101,40,0.908,0.05,0.08
"adaptive_loso_signflip","n16_v128","kenergy",16,3,220101,41,0.916,0.05,0.08
"adaptive_loso_signflip","n16_v128","kenergy",16,3,220101,42,0.626,0.05,0.08
"adaptive_loso_signflip","n16_v128","kenergy",16,3,220101,43,0.022,0.05,0.08
"adaptive_loso_signflip","n16_v128","kenergy",16,3,220101,44,0.268,0.05,0.08
"adaptive_loso_signflip","n16_v128","kenergy",16,3,220101,45,0.568,0.05,0.08
"adaptive_loso_signflip","n16_v128","kenergy",16,3,220101,46,0.774,0.05,0.08
"adaptive_loso_signflip","n16_v128","kenergy",16,3,220101,47,0.186,0.05,0.08
"adaptive_loso_signflip","n16_v128","kenergy",16,3,220101,48,0.368,0.05,0.08
"adaptive_loso_signflip","n16_v128","kenergy",16,3,220101,49,0.166,0.05,0.08
"adaptive_loso_signflip","n16_v128","kenergy",16,3,220101,50,0.32,0.05,0.08
"adaptive_loso_signflip","n16_v128","kenergy",16,3,220101,51,0.77,0.05,0.08
"adaptive_loso_signflip","n16_v128","kenergy",16,3,220101,52,0.924,0.05,0.08
"adaptive_loso_signflip","n16_v128","kenergy",16,3,220101,53,0.112,0.05,0.08
"adaptive_loso_signflip","n16_v128","kenergy",16,3,220101,54,0.434,0.05,0.08
"adaptive_loso_signflip","n16_v128","kenergy",16,3,220101,55,0.06,0.05,0.08
"adaptive_loso_signflip","n16_v128","kenergy",16,3,220101,56,0.808,0.05,0.08
"adaptive_loso_signflip","n16_v128","kenergy",16,3,220101,57,0.03,0.05,0.08
"adaptive_loso_signflip","n16_v128","kenergy",16,3,220101,58,0.422,0.05,0.08
"adaptive_loso_signflip","n16_v128","kenergy",16,3,220101,59,0.2,0.05,0.08
"adaptive_loso_signflip","n16_v128","kenergy",16,3,220101,60,0.904,0.05,0.08
"adaptive_loso_signflip","n16_v128","kenergy",16,3,220101,61,0.426,0.05,0.08
"adaptive_loso_signflip","n16_v128","kenergy",16,3,220101,62,0.518,0.05,0.08
"adaptive_loso_signflip","n16_v128","kenergy",16,3,220101,63,0.884,0.05,0.08
"adaptive_loso_signflip","n16_v128","kenergy",16,3,220101,64,0.318,0.05,0.08
"adaptive_loso_signflip","n16_v128","kenergy",16,3,220101,65,0.286,0.05,0.08
"adaptive_loso_signflip","n16_v128","kenergy",16,3,220101,66,0.438,0.05,0.08
"adaptive_loso_signflip","n16_v128","kenergy",16,3,220101,67,0.44,0.05,0.08
"adaptive_loso_signflip","n16_v128","kenergy",16,3,220101,68,0.264,0.05,0.08
"adaptive_loso_signflip","n16_v128","kenergy",16,3,220101,69,0.67,0.05,0.08
"adaptive_loso_signflip","n16_v128","kenergy",16,3,220101,70,0.866,0.05,0.08
"adaptive_loso_signflip","n16_v128","kenergy",16,3,220101,71,0.276,0.05,0.08
"adaptive_loso_signflip","n16_v128","kenergy",16,3,220101,72,0.262,0.05,0.08
"adaptive_loso_signflip","n16_v128","kenergy",16,3,220101,73,0.872,0.05,0.08
"adaptive_loso_signflip","n16_v128","kenergy",16,3,220101,74,0.044,0.05,0.08
"adaptive_loso_signflip","n16_v128","kenergy",16,3,220101,75,0.166,0.05,0.08
"adaptive_loso_signflip","n16_v128","kenergy",16,3,220101,76,0.38,0.05,0.08
"adaptive_loso_signflip","n16_v128","kenergy",16,3,220101,77,0.24,0.05,0.08
"adaptive_loso_signflip","n16_v128","kenergy",16,3,220101,78,0.04,0.05,0.08
"adaptive_loso_signflip","n16_v128","kenergy",16,3,220101,79,0.926,0.05,0.08
"adaptive_loso_signflip","n16_v128","kenergy",16,3,220101,80,0.598,0.05,0.08
"adaptive_loso_signflip","n16_v128","kenergy",16,3,220101,81,0.83,0.05,0.08
"adaptive_loso_signflip","n16_v128","kenergy",16,3,220101,82,0.134,0.05,0.08
"adaptive_loso_signflip","n16_v128","kenergy",16,3,220101,83,0.752,0.05,0.08
"adaptive_loso_signflip","n16_v128","kenergy",16,3,220101,84,0.262,0.05,0.08
"adaptive_loso_signflip","n16_v128","kenergy",16,3,220101,85,0.496,0.05,0.08
"adaptive_loso_signflip","n16_v128","kenergy",16,3,220101,86,0.166,0.05,0.08
"adaptive_loso_signflip","n16_v128","kenergy",16,3,220101,87,0.092,0.05,0.08
"adaptive_loso_signflip","n16_v128","kenergy",16,3,220101,88,0.474,0.05,0.08
"adaptive_loso_signflip","n16_v128","kenergy",16,3,220101,89,0.44,0.05,0.08
"adaptive_loso_signflip","n16_v128","kenergy",16,3,220101,90,0.838,0.05,0.08
"adaptive_loso_signflip","n16_v128","kenergy",16,3,220101,91,0.208,0.05,0.08
"adaptive_loso_signflip","n16_v128","kenergy",16,3,220101,92,0.99,0.05,0.08
"adaptive_loso_signflip","n16_v128","kenergy",16,3,220101,93,0.862,0.05,0.08
"adaptive_loso_signflip","n16_v128","kenergy",16,3,220101,94,1,0.05,0.08
"adaptive_loso_signflip","n16_v128","kenergy",16,3,220101,95,0.256,0.05,0.08
"adaptive_loso_signflip","n16_v128","kenergy",16,3,220101,96,0.994,0.05,0.08
"adaptive_loso_signflip","n16_v128","kenergy",16,3,220101,97,0.598,0.05,0.08
"adaptive_loso_signflip","n16_v128","kenergy",16,3,220101,98,0.312,0.05,0.08
"adaptive_loso_signflip","n16_v128","kenergy",16,3,220101,99,0.62,0.05,0.08
"adaptive_loso_signflip","n16_v128","kenergy",16,3,220101,100,0.218,0.05,0.08
"adaptive_loso_signflip","n16_v128","kenergy",16,3,220101,101,0.292,0.05,0.08
"adaptive_loso_signflip","n16_v128","kenergy",16,3,220101,102,0.146,0.05,0.08
"adaptive_loso_signflip","n16_v128","kenergy",16,3,220101,103,0.232,0.05,0.08
"adaptive_loso_signflip","n16_v128","kenergy",16,3,220101,104,0.778,0.05,0.08
"adaptive_loso_signflip","n16_v128","kenergy",16,3,220101,105,0.37,0.05,0.08
"adaptive_loso_signflip","n16_v128","kenergy",16,3,220101,106,0.71,0.05,0.08
"adaptive_loso_signflip","n16_v128","kenergy",16,3,220101,107,0.648,0.05,0.08
"adaptive_loso_signflip","n16_v128","kenergy",16,3,220101,108,0.084,0.05,0.08
"adaptive_loso_signflip","n16_v128","kenergy",16,3,220101,109,0.772,0.05,0.08
"adaptive_loso_signflip","n16_v128","kenergy",16,3,220101,110,0.63,0.05,0.08
"adaptive_loso_signflip","n16_v128","kenergy",16,3,220101,111,0.586,0.05,0.08
"adaptive_loso_signflip","n16_v128","kenergy",16,3,220101,112,0.972,0.05,0.08
"adaptive_loso_signflip","n16_v128","kenergy",16,3,220101,113,0.74,0.05,0.08
"adaptive_loso_signflip","n16_v128","kenergy",16,3,220101,114,0.354,0.05,0.08
"adaptive_loso_signflip","n16_v128","kenergy",16,3,220101,115,0.52,0.05,0.08
"adaptive_loso_signflip","n16_v128","kenergy",16,3,220101,116,0.172,0.05,0.08
"adaptive_loso_signflip","n16_v128","kenergy",16,3,220101,117,0.132,0.05,0.08
"adaptive_loso_signflip","n16_v128","kenergy",16,3,220101,118,0.552,0.05,0.08
"adaptive_loso_signflip","n16_v128","kenergy",16,3,220101,119,0.216,0.05,0.08
"adaptive_loso_signflip","n16_v128","kenergy",16,3,220101,120,0.444,0.05,0.08
"adaptive_loso_signflip","n16_v128","kenergy",16,3,220101,121,0.77,0.05,0.08
"adaptive_loso_signflip","n16_v128","kenergy",16,3,220101,122,0.654,0.05,0.08
"adaptive_loso_signflip","n16_v128","kenergy",16,3,220101,123,0.482,0.05,0.08
"adaptive_loso_signflip","n16_v128","kenergy",16,3,220101,124,0.964,0.05,0.08
"adaptive_loso_signflip","n16_v128","kenergy",16,3,220101,125,0.55,0.05,0.08
"adaptive_loso_signflip","n16_v128","kenergy",16,3,220101,126,0.116,0.05,0.08
"adaptive_loso_signflip","n16_v128","kenergy",16,3,220101,127,0.672,0.05,0.08
"adaptive_loso_signflip","n16_v128","kenergy",16,3,220101,128,0.596,0.05,0.08
"adaptive_loso_signflip","n16_v128","kenergy",16,3,220101,129,0.512,0.05,0.08
"adaptive_loso_signflip","n16_v128","kenergy",16,3,220101,130,0.712,0.05,0.08
"adaptive_loso_signflip","n16_v128","kenergy",16,3,220101,131,0.084,0.05,0.08
"adaptive_loso_signflip","n16_v128","kenergy",16,3,220101,132,0.114,0.05,0.08
"adaptive_loso_signflip","n16_v128","kenergy",16,3,220101,133,0.642,0.05,0.08
"adaptive_loso_signflip","n16_v128","kenergy",16,3,220101,134,0.032,0.05,0.08
"adaptive_loso_signflip","n16_v128","kenergy",16,3,220101,135,0.534,0.05,0.08
"adaptive_loso_signflip","n16_v128","kenergy",16,3,220101,136,0.832,0.05,0.08
"adaptive_loso_signflip","n16_v128","kenergy",16,3,220101,137,0.66,0.05,0.08
"adaptive_loso_signflip","n16_v128","kenergy",16,3,220101,138,0.018,0.05,0.08
"adaptive_loso_signflip","n16_v128","kenergy",16,3,220101,139,0.006,0.05,0.08
"adaptive_loso_signflip","n16_v128","kenergy",16,3,220101,140,0.296,0.05,0.08
"adaptive_loso_signflip","n16_v128","kenergy",16,3,220101,141,0.236,0.05,0.08
"adaptive_loso_signflip","n16_v128","kenergy",16,3,220101,142,0.678,0.05,0.08
"adaptive_loso_signflip","n16_v128","kenergy",16,3,220101,143,0.324,0.05,0.08
"adaptive_loso_signflip","n16_v128","kenergy",16,3,220101,144,0.166,0.05,0.08
"adaptive_loso_signflip","n16_v128","kenergy",16,3,220101,145,0.734,0.05,0.08
"adaptive_loso_signflip","n16_v128","kenergy",16,3,220101,146,0.256,0.05,0.08
"adaptive_loso_signflip","n16_v128","kenergy",16,3,220101,147,0.062,0.05,0.08
"adaptive_loso_signflip","n16_v128","kenergy",16,3,220101,148,0.684,0.05,0.08
"adaptive_loso_signflip","n16_v128","kenergy",16,3,220101,149,0.036,0.05,0.08
"adaptive_loso_signflip","n16_v128","kenergy",16,3,220101,150,0.082,0.05,0.08
"adaptive_loso_signflip","n16_v128","kenergy",16,3,220101,151,0.312,0.05,0.08
"adaptive_loso_signflip","n16_v128","kenergy",16,3,220101,152,0.908,0.05,0.08
"adaptive_loso_signflip","n16_v128","kenergy",16,3,220101,153,0.23,0.05,0.08
"adaptive_loso_signflip","n16_v128","kenergy",16,3,220101,154,0.654,0.05,0.08
"adaptive_loso_signflip","n16_v128","kenergy",16,3,220101,155,0.526,0.05,0.08
"adaptive_loso_signflip","n16_v128","kenergy",16,3,220101,156,0.308,0.05,0.08
"adaptive_loso_signflip","n16_v128","kenergy",16,3,220101,157,0.388,0.05,0.08
"adaptive_loso_signflip","n16_v128","kenergy",16,3,220101,158,0.432,0.05,0.08
"adaptive_loso_signflip","n16_v128","kenergy",16,3,220101,159,0.704,0.05,0.08
"adaptive_loso_signflip","n16_v128","kenergy",16,3,220101,160,0.728,0.05,0.08
"adaptive_loso_signflip","n16_v128","kenergy",16,3,220101,161,0.678,0.05,0.08
"adaptive_loso_signflip","n16_v128","kenergy",16,3,220101,162,0.902,0.05,0.08
"adaptive_loso_signflip","n16_v128","kenergy",16,3,220101,163,0.116,0.05,0.08
"adaptive_loso_signflip","n16_v128","kenergy",16,3,220101,164,0.126,0.05,0.08
"adaptive_loso_signflip","n16_v128","kenergy",16,3,220101,165,0.58,0.05,0.08
"adaptive_loso_signflip","n16_v128","kenergy",16,3,220101,166,0.434,0.05,0.08
"adaptive_loso_signflip","n16_v128","kenergy",16,3,220101,167,0.712,0.05,0.08
"adaptive_loso_signflip","n16_v128","kenergy",16,3,220101,168,0.512,0.05,0.08
"adaptive_loso_signflip","n16_v128","kenergy",16,3,220101,169,0.74,0.05,0.08
"adaptive_loso_signflip","n16_v128","kenergy",16,3,220101,170,0.634,0.05,0.08
"adaptive_loso_signflip","n16_v128","kenergy",16,3,220101,171,0.422,0.05,0.08
"adaptive_loso_signflip","n16_v128","kenergy",16,3,220101,172,0.442,0.05,0.08
"adaptive_loso_signflip","n16_v128","kenergy",16,3,220101,173,0.528,0.05,0.08
"adaptive_loso_signflip","n16_v128","kenergy",16,3,220101,174,0.204,0.05,0.08
"adaptive_loso_signflip","n16_v128","kenergy",16,3,220101,175,0.68,0.05,0.08
"adaptive_loso_signflip","n16_v128","kenergy",16,3,220101,176,0.216,0.05,0.08
"adaptive_loso_signflip","n16_v128","kenergy",16,3,220101,177,0.928,0.05,0.08
"adaptive_loso_signflip","n16_v128","kenergy",16,3,220101,178,0.816,0.05,0.08
"adaptive_loso_signflip","n16_v128","kenergy",16,3,220101,179,0.324,0.05,0.08
"adaptive_loso_signflip","n16_v128","kenergy",16,3,220101,180,0.484,0.05,0.08
"adaptive_loso_signflip","n16_v128","kenergy",16,3,220101,181,0.894,0.05,0.08
"adaptive_loso_signflip","n16_v128","kenergy",16,3,220101,182,0.918,0.05,0.08
"adaptive_loso_signflip","n16_v128","kenergy",16,3,220101,183,0.202,0.05,0.08
"adaptive_loso_signflip","n16_v128","kenergy",16,3,220101,184,0.376,0.05,0.08
"adaptive_loso_signflip","n16_v128","kenergy",16,3,220101,185,0.23,0.05,0.08
"adaptive_loso_signflip","n16_v128","kenergy",16,3,220101,186,0.328,0.05,0.08
"adaptive_loso_signflip","n16_v128","kenergy",16,3,220101,187,0.886,0.05,0.08
"adaptive_loso_signflip","n16_v128","kenergy",16,3,220101,188,0.82,0.05,0.08
"adaptive_loso_signflip","n16_v128","kenergy",16,3,220101,189,0.536,0.05,0.08
"adaptive_loso_signflip","n16_v128","kenergy",16,3,220101,190,0.978,0.05,0.08
"adaptive_loso_signflip","n16_v128","kenergy",16,3,220101,191,0.12,0.05,0.08
"adaptive_loso_signflip","n16_v128","kenergy",16,3,220101,192,0.01,0.05,0.08
"adaptive_loso_signflip","n16_v128","kenergy",16,3,220101,193,0.006,0.05,0.08
"adaptive_loso_signflip","n16_v128","kenergy",16,3,220101,194,0.088,0.05,0.08
"adaptive_loso_signflip","n16_v128","kenergy",16,3,220101,195,0.174,0.05,0.08
"adaptive_loso_signflip","n16_v128","kenergy",16,3,220101,196,0.61,0.05,0.08
"adaptive_loso_signflip","n16_v128","kenergy",16,3,220101,197,0.94,0.05,0.08
"adaptive_loso_signflip","n16_v128","kenergy",16,3,220101,198,0.23,0.05,0.08
"adaptive_loso_signflip","n16_v128","kenergy",16,3,220101,199,0.022,0.05,0.08
"adaptive_loso_signflip","n16_v128","kenergy",16,3,220101,200,0.17,0.05,0.08
"adaptive_loso_signflip","n16_v128","kenergy",16,4,320101,1,0.16,0.05,0.08
"adaptive_loso_signflip","n16_v128","kenergy",16,4,320101,2,0.936,0.05,0.08
"adaptive_loso_signflip","n16_v128","kenergy",16,4,320101,3,0.824,0.05,0.08
"adaptive_loso_signflip","n16_v128","kenergy",16,4,320101,4,0.16,0.05,0.08
"adaptive_loso_signflip","n16_v128","kenergy",16,4,320101,5,0.792,0.05,0.08
"adaptive_loso_signflip","n16_v128","kenergy",16,4,320101,6,0.418,0.05,0.08
"adaptive_loso_signflip","n16_v128","kenergy",16,4,320101,7,0.652,0.05,0.08
"adaptive_loso_signflip","n16_v128","kenergy",16,4,320101,8,0.468,0.05,0.08
"adaptive_loso_signflip","n16_v128","kenergy",16,4,320101,9,0.816,0.05,0.08
"adaptive_loso_signflip","n16_v128","kenergy",16,4,320101,10,0.382,0.05,0.08
"adaptive_loso_signflip","n16_v128","kenergy",16,4,320101,11,0.982,0.05,0.08
"adaptive_loso_signflip","n16_v128","kenergy",16,4,320101,12,0.1,0.05,0.08
"adaptive_loso_signflip","n16_v128","kenergy",16,4,320101,13,0.272,0.05,0.08
"adaptive_loso_signflip","n16_v128","kenergy",16,4,320101,14,0.392,0.05,0.08
"adaptive_loso_signflip","n16_v128","kenergy",16,4,320101,15,0.798,0.05,0.08
"adaptive_loso_signflip","n16_v128","kenergy",16,4,320101,16,0.26,0.05,0.08
"adaptive_loso_signflip","n16_v128","kenergy",16,4,320101,17,0.09,0.05,0.08
"adaptive_loso_signflip","n16_v128","kenergy",16,4,320101,18,0.806,0.05,0.08
"adaptive_loso_signflip","n16_v128","kenergy",16,4,320101,19,0.362,0.05,0.08
"adaptive_loso_signflip","n16_v128","kenergy",16,4,320101,20,0.116,0.05,0.08
"adaptive_loso_signflip","n16_v128","kenergy",16,4,320101,21,0.128,0.05,0.08
"adaptive_loso_signflip","n16_v128","kenergy",16,4,320101,22,0.462,0.05,0.08
"adaptive_loso_signflip","n16_v128","kenergy",16,4,320101,23,0.318,0.05,0.08
"adaptive_loso_signflip","n16_v128","kenergy",16,4,320101,24,0.42,0.05,0.08
"adaptive_loso_signflip","n16_v128","kenergy",16,4,320101,25,0.584,0.05,0.08
"adaptive_loso_signflip","n16_v128","kenergy",16,4,320101,26,0.612,0.05,0.08
"adaptive_loso_signflip","n16_v128","kenergy",16,4,320101,27,0.68,0.05,0.08
"adaptive_loso_signflip","n16_v128","kenergy",16,4,320101,28,0.706,0.05,0.08
"adaptive_loso_signflip","n16_v128","kenergy",16,4,320101,29,0.282,0.05,0.08
"adaptive_loso_signflip","n16_v128","kenergy",16,4,320101,30,0.716,0.05,0.08
"adaptive_loso_signflip","n16_v128","kenergy",16,4,320101,31,0.786,0.05,0.08
"adaptive_loso_signflip","n16_v128","kenergy",16,4,320101,32,0.474,0.05,0.08
"adaptive_loso_signflip","n16_v128","kenergy",16,4,320101,33,0.992,0.05,0.08
"adaptive_loso_signflip","n16_v128","kenergy",16,4,320101,34,0.854,0.05,0.08
"adaptive_loso_signflip","n16_v128","kenergy",16,4,320101,35,0.828,0.05,0.08
"adaptive_loso_signflip","n16_v128","kenergy",16,4,320101,36,0.714,0.05,0.08
"adaptive_loso_signflip","n16_v128","kenergy",16,4,320101,37,0.798,0.05,0.08
"adaptive_loso_signflip","n16_v128","kenergy",16,4,320101,38,0.564,0.05,0.08
"adaptive_loso_signflip","n16_v128","kenergy",16,4,320101,39,0.882,0.05,0.08
"adaptive_loso_signflip","n16_v128","kenergy",16,4,320101,40,0.022,0.05,0.08
"adaptive_loso_signflip","n16_v128","kenergy",16,4,320101,41,0.888,0.05,0.08
"adaptive_loso_signflip","n16_v128","kenergy",16,4,320101,42,0.698,0.05,0.08
"adaptive_loso_signflip","n16_v128","kenergy",16,4,320101,43,0.566,0.05,0.08
"adaptive_loso_signflip","n16_v128","kenergy",16,4,320101,44,0.094,0.05,0.08
"adaptive_loso_signflip","n16_v128","kenergy",16,4,320101,45,0.288,0.05,0.08
"adaptive_loso_signflip","n16_v128","kenergy",16,4,320101,46,0.242,0.05,0.08
"adaptive_loso_signflip","n16_v128","kenergy",16,4,320101,47,0.892,0.05,0.08
"adaptive_loso_signflip","n16_v128","kenergy",16,4,320101,48,0.936,0.05,0.08
"adaptive_loso_signflip","n16_v128","kenergy",16,4,320101,49,0.268,0.05,0.08
"adaptive_loso_signflip","n16_v128","kenergy",16,4,320101,50,0.452,0.05,0.08
"adaptive_loso_signflip","n16_v128","kenergy",16,4,320101,51,0.974,0.05,0.08
"adaptive_loso_signflip","n16_v128","kenergy",16,4,320101,52,0.934,0.05,0.08
"adaptive_loso_signflip","n16_v128","kenergy",16,4,320101,53,0.206,0.05,0.08
"adaptive_loso_signflip","n16_v128","kenergy",16,4,320101,54,0.732,0.05,0.08
"adaptive_loso_signflip","n16_v128","kenergy",16,4,320101,55,0.11,0.05,0.08
"adaptive_loso_signflip","n16_v128","kenergy",16,4,320101,56,0.254,0.05,0.08
"adaptive_loso_signflip","n16_v128","kenergy",16,4,320101,57,0.484,0.05,0.08
"adaptive_loso_signflip","n16_v128","kenergy",16,4,320101,58,0.184,0.05,0.08
"adaptive_loso_signflip","n16_v128","kenergy",16,4,320101,59,0.622,0.05,0.08
"adaptive_loso_signflip","n16_v128","kenergy",16,4,320101,60,0.158,0.05,0.08
"adaptive_loso_signflip","n16_v128","kenergy",16,4,320101,61,0.33,0.05,0.08
"adaptive_loso_signflip","n16_v128","kenergy",16,4,320101,62,0.924,0.05,0.08
"adaptive_loso_signflip","n16_v128","kenergy",16,4,320101,63,0.648,0.05,0.08
"adaptive_loso_signflip","n16_v128","kenergy",16,4,320101,64,0.446,0.05,0.08
"adaptive_loso_signflip","n16_v128","kenergy",16,4,320101,65,0.266,0.05,0.08
"adaptive_loso_signflip","n16_v128","kenergy",16,4,320101,66,0.5,0.05,0.08
"adaptive_loso_signflip","n16_v128","kenergy",16,4,320101,67,0.334,0.05,0.08
"adaptive_loso_signflip","n16_v128","kenergy",16,4,320101,68,0.772,0.05,0.08
"adaptive_loso_signflip","n16_v128","kenergy",16,4,320101,69,0.73,0.05,0.08
"adaptive_loso_signflip","n16_v128","kenergy",16,4,320101,70,0.09,0.05,0.08
"adaptive_loso_signflip","n16_v128","kenergy",16,4,320101,71,0.346,0.05,0.08
"adaptive_loso_signflip","n16_v128","kenergy",16,4,320101,72,0.33,0.05,0.08
"adaptive_loso_signflip","n16_v128","kenergy",16,4,320101,73,0.554,0.05,0.08
"adaptive_loso_signflip","n16_v128","kenergy",16,4,320101,74,0.574,0.05,0.08
"adaptive_loso_signflip","n16_v128","kenergy",16,4,320101,75,0.166,0.05,0.08
"adaptive_loso_signflip","n16_v128","kenergy",16,4,320101,76,0.34,0.05,0.08
"adaptive_loso_signflip","n16_v128","kenergy",16,4,320101,77,0.694,0.05,0.08
"adaptive_loso_signflip","n16_v128","kenergy",16,4,320101,78,0.382,0.05,0.08
"adaptive_loso_signflip","n16_v128","kenergy",16,4,320101,79,0.354,0.05,0.08
"adaptive_loso_signflip","n16_v128","kenergy",16,4,320101,80,0.896,0.05,0.08
"adaptive_loso_signflip","n16_v128","kenergy",16,4,320101,81,0.72,0.05,0.08
"adaptive_loso_signflip","n16_v128","kenergy",16,4,320101,82,0.624,0.05,0.08
"adaptive_loso_signflip","n16_v128","kenergy",16,4,320101,83,0.418,0.05,0.08
"adaptive_loso_signflip","n16_v128","kenergy",16,4,320101,84,0.696,0.05,0.08
"adaptive_loso_signflip","n16_v128","kenergy",16,4,320101,85,0.926,0.05,0.08
"adaptive_loso_signflip","n16_v128","kenergy",16,4,320101,86,0.9,0.05,0.08
"adaptive_loso_signflip","n16_v128","kenergy",16,4,320101,87,0.66,0.05,0.08
"adaptive_loso_signflip","n16_v128","kenergy",16,4,320101,88,0.47,0.05,0.08
"adaptive_loso_signflip","n16_v128","kenergy",16,4,320101,89,0.63,0.05,0.08
"adaptive_loso_signflip","n16_v128","kenergy",16,4,320101,90,0.018,0.05,0.08
"adaptive_loso_signflip","n16_v128","kenergy",16,4,320101,91,0.7,0.05,0.08
"adaptive_loso_signflip","n16_v128","kenergy",16,4,320101,92,0.308,0.05,0.08
"adaptive_loso_signflip","n16_v128","kenergy",16,4,320101,93,0.008,0.05,0.08
"adaptive_loso_signflip","n16_v128","kenergy",16,4,320101,94,0.004,0.05,0.08
"adaptive_loso_signflip","n16_v128","kenergy",16,4,320101,95,0.666,0.05,0.08
"adaptive_loso_signflip","n16_v128","kenergy",16,4,320101,96,0.922,0.05,0.08
"adaptive_loso_signflip","n16_v128","kenergy",16,4,320101,97,0.986,0.05,0.08
"adaptive_loso_signflip","n16_v128","kenergy",16,4,320101,98,0.744,0.05,0.08
"adaptive_loso_signflip","n16_v128","kenergy",16,4,320101,99,0.066,0.05,0.08
"adaptive_loso_signflip","n16_v128","kenergy",16,4,320101,100,0.372,0.05,0.08
"adaptive_loso_signflip","n16_v128","kenergy",16,4,320101,101,0.59,0.05,0.08
"adaptive_loso_signflip","n16_v128","kenergy",16,4,320101,102,0.686,0.05,0.08
"adaptive_loso_signflip","n16_v128","kenergy",16,4,320101,103,0.256,0.05,0.08
"adaptive_loso_signflip","n16_v128","kenergy",16,4,320101,104,0.608,0.05,0.08
"adaptive_loso_signflip","n16_v128","kenergy",16,4,320101,105,0.442,0.05,0.08
"adaptive_loso_signflip","n16_v128","kenergy",16,4,320101,106,0.93,0.05,0.08
"adaptive_loso_signflip","n16_v128","kenergy",16,4,320101,107,0.04,0.05,0.08
"adaptive_loso_signflip","n16_v128","kenergy",16,4,320101,108,0.722,0.05,0.08
"adaptive_loso_signflip","n16_v128","kenergy",16,4,320101,109,0.478,0.05,0.08
"adaptive_loso_signflip","n16_v128","kenergy",16,4,320101,110,0.252,0.05,0.08
"adaptive_loso_signflip","n16_v128","kenergy",16,4,320101,111,0.586,0.05,0.08
"adaptive_loso_signflip","n16_v128","kenergy",16,4,320101,112,0.524,0.05,0.08
"adaptive_loso_signflip","n16_v128","kenergy",16,4,320101,113,0.06,0.05,0.08
"adaptive_loso_signflip","n16_v128","kenergy",16,4,320101,114,0.81,0.05,0.08
"adaptive_loso_signflip","n16_v128","kenergy",16,4,320101,115,0.704,0.05,0.08
"adaptive_loso_signflip","n16_v128","kenergy",16,4,320101,116,0.288,0.05,0.08
"adaptive_loso_signflip","n16_v128","kenergy",16,4,320101,117,0.57,0.05,0.08
"adaptive_loso_signflip","n16_v128","kenergy",16,4,320101,118,0.928,0.05,0.08
"adaptive_loso_signflip","n16_v128","kenergy",16,4,320101,119,0.504,0.05,0.08
"adaptive_loso_signflip","n16_v128","kenergy",16,4,320101,120,0.702,0.05,0.08
"adaptive_loso_signflip","n16_v128","kenergy",16,4,320101,121,0.232,0.05,0.08
"adaptive_loso_signflip","n16_v128","kenergy",16,4,320101,122,0.66,0.05,0.08
"adaptive_loso_signflip","n16_v128","kenergy",16,4,320101,123,0.808,0.05,0.08
"adaptive_loso_signflip","n16_v128","kenergy",16,4,320101,124,0.136,0.05,0.08
"adaptive_loso_signflip","n16_v128","kenergy",16,4,320101,125,0.228,0.05,0.08
"adaptive_loso_signflip","n16_v128","kenergy",16,4,320101,126,0.542,0.05,0.08
"adaptive_loso_signflip","n16_v128","kenergy",16,4,320101,127,0.682,0.05,0.08
"adaptive_loso_signflip","n16_v128","kenergy",16,4,320101,128,0.384,0.05,0.08
"adaptive_loso_signflip","n16_v128","kenergy",16,4,320101,129,0.88,0.05,0.08
"adaptive_loso_signflip","n16_v128","kenergy",16,4,320101,130,0.956,0.05,0.08
"adaptive_loso_signflip","n16_v128","kenergy",16,4,320101,131,0.874,0.05,0.08
"adaptive_loso_signflip","n16_v128","kenergy",16,4,320101,132,0.658,0.05,0.08
"adaptive_loso_signflip","n16_v128","kenergy",16,4,320101,133,0.416,0.05,0.08
"adaptive_loso_signflip","n16_v128","kenergy",16,4,320101,134,0.596,0.05,0.08
"adaptive_loso_signflip","n16_v128","kenergy",16,4,320101,135,0.674,0.05,0.08
"adaptive_loso_signflip","n16_v128","kenergy",16,4,320101,136,0.07,0.05,0.08
"adaptive_loso_signflip","n16_v128","kenergy",16,4,320101,137,0.178,0.05,0.08
"adaptive_loso_signflip","n16_v128","kenergy",16,4,320101,138,0.566,0.05,0.08
"adaptive_loso_signflip","n16_v128","kenergy",16,4,320101,139,0.432,0.05,0.08
"adaptive_loso_signflip","n16_v128","kenergy",16,4,320101,140,0.464,0.05,0.08
"adaptive_loso_signflip","n16_v128","kenergy",16,4,320101,141,0.556,0.05,0.08
"adaptive_loso_signflip","n16_v128","kenergy",16,4,320101,142,0.84,0.05,0.08
"adaptive_loso_signflip","n16_v128","kenergy",16,4,320101,143,0.548,0.05,0.08
"adaptive_loso_signflip","n16_v128","kenergy",16,4,320101,144,0.97,0.05,0.08
"adaptive_loso_signflip","n16_v128","kenergy",16,4,320101,145,0.394,0.05,0.08
"adaptive_loso_signflip","n16_v128","kenergy",16,4,320101,146,0.954,0.05,0.08
"adaptive_loso_signflip","n16_v128","kenergy",16,4,320101,147,0.582,0.05,0.08
"adaptive_loso_signflip","n16_v128","kenergy",16,4,320101,148,0.598,0.05,0.08
"adaptive_loso_signflip","n16_v128","kenergy",16,4,320101,149,0.4,0.05,0.08
"adaptive_loso_signflip","n16_v128","kenergy",16,4,320101,150,0.054,0.05,0.08
"adaptive_loso_signflip","n16_v128","kenergy",16,4,320101,151,0.648,0.05,0.08
"adaptive_loso_signflip","n16_v128","kenergy",16,4,320101,152,0.014,0.05,0.08
"adaptive_loso_signflip","n16_v128","kenergy",16,4,320101,153,0.07,0.05,0.08
"adaptive_loso_signflip","n16_v128","kenergy",16,4,320101,154,0.176,0.05,0.08
"adaptive_loso_signflip","n16_v128","kenergy",16,4,320101,155,0.306,0.05,0.08
"adaptive_loso_signflip","n16_v128","kenergy",16,4,320101,156,0.114,0.05,0.08
"adaptive_loso_signflip","n16_v128","kenergy",16,4,320101,157,0.238,0.05,0.08
"adaptive_loso_signflip","n16_v128","kenergy",16,4,320101,158,0.348,0.05,0.08
"adaptive_loso_signflip","n16_v128","kenergy",16,4,320101,159,0.584,0.05,0.08
"adaptive_loso_signflip","n16_v128","kenergy",16,4,320101,160,0.88,0.05,0.08
"adaptive_loso_signflip","n16_v128","kenergy",16,4,320101,161,0.604,0.05,0.08
"adaptive_loso_signflip","n16_v128","kenergy",16,4,320101,162,0.868,0.05,0.08
"adaptive_loso_signflip","n16_v128","kenergy",16,4,320101,163,0.832,0.05,0.08
"adaptive_loso_signflip","n16_v128","kenergy",16,4,320101,164,0.968,0.05,0.08
"adaptive_loso_signflip","n16_v128","kenergy",16,4,320101,165,0.622,0.05,0.08
"adaptive_loso_signflip","n16_v128","kenergy",16,4,320101,166,0.122,0.05,0.08
"adaptive_loso_signflip","n16_v128","kenergy",16,4,320101,167,0.816,0.05,0.08
"adaptive_loso_signflip","n16_v128","kenergy",16,4,320101,168,0.088,0.05,0.08
"adaptive_loso_signflip","n16_v128","kenergy",16,4,320101,169,0.938,0.05,0.08
"adaptive_loso_signflip","n16_v128","kenergy",16,4,320101,170,0.736,0.05,0.08
"adaptive_loso_signflip","n16_v128","kenergy",16,4,320101,171,0.286,0.05,0.08
"adaptive_loso_signflip","n16_v128","kenergy",16,4,320101,172,0.764,0.05,0.08
"adaptive_loso_signflip","n16_v128","kenergy",16,4,320101,173,0.662,0.05,0.08
"adaptive_loso_signflip","n16_v128","kenergy",16,4,320101,174,0.06,0.05,0.08
"adaptive_loso_signflip","n16_v128","kenergy",16,4,320101,175,0.344,0.05,0.08
"adaptive_loso_signflip","n16_v128","kenergy",16,4,320101,176,0.254,0.05,0.08
"adaptive_loso_signflip","n16_v128","kenergy",16,4,320101,177,0.12,0.05,0.08
"adaptive_loso_signflip","n16_v128","kenergy",16,4,320101,178,0.532,0.05,0.08
"adaptive_loso_signflip","n16_v128","kenergy",16,4,320101,179,0.952,0.05,0.08
"adaptive_loso_signflip","n16_v128","kenergy",16,4,320101,180,0.21,0.05,0.08
"adaptive_loso_signflip","n16_v128","kenergy",16,4,320101,181,0.382,0.05,0.08
"adaptive_loso_signflip","n16_v128","kenergy",16,4,320101,182,0.526,0.05,0.08
"adaptive_loso_signflip","n16_v128","kenergy",16,4,320101,183,0.006,0.05,0.08
"adaptive_loso_signflip","n16_v128","kenergy",16,4,320101,184,0.29,0.05,0.08
"adaptive_loso_signflip","n16_v128","kenergy",16,4,320101,185,0.46,0.05,0.08
"adaptive_loso_signflip","n16_v128","kenergy",16,4,320101,186,0.096,0.05,0.08
"adaptive_loso_signflip","n16_v128","kenergy",16,4,320101,187,0.544,0.05,0.08
"adaptive_loso_signflip","n16_v128","kenergy",16,4,320101,188,0.43,0.05,0.08
"adaptive_loso_signflip","n16_v128","kenergy",16,4,320101,189,0.562,0.05,0.08
"adaptive_loso_signflip","n16_v128","kenergy",16,4,320101,190,0.264,0.05,0.08
"adaptive_loso_signflip","n16_v128","kenergy",16,4,320101,191,0.54,0.05,0.08
"adaptive_loso_signflip","n16_v128","kenergy",16,4,320101,192,0.378,0.05,0.08
"adaptive_loso_signflip","n16_v128","kenergy",16,4,320101,193,0.052,0.05,0.08
"adaptive_loso_signflip","n16_v128","kenergy",16,4,320101,194,0.274,0.05,0.08
"adaptive_loso_signflip","n16_v128","kenergy",16,4,320101,195,0.078,0.05,0.08
"adaptive_loso_signflip","n16_v128","kenergy",16,4,320101,196,0.51,0.05,0.08
"adaptive_loso_signflip","n16_v128","kenergy",16,4,320101,197,0.59,0.05,0.08
"adaptive_loso_signflip","n16_v128","kenergy",16,4,320101,198,0.568,0.05,0.08
"adaptive_loso_signflip","n16_v128","kenergy",16,4,320101,199,0.188,0.05,0.08
"adaptive_loso_signflip","n16_v128","kenergy",16,4,320101,200,0.352,0.05,0.08
"adaptive_loso_signflip","n16_v128","kenergy",16,5,420101,1,0.446,0.05,0.08
"adaptive_loso_signflip","n16_v128","kenergy",16,5,420101,2,0.878,0.05,0.08
"adaptive_loso_signflip","n16_v128","kenergy",16,5,420101,3,0.684,0.05,0.08
"adaptive_loso_signflip","n16_v128","kenergy",16,5,420101,4,0.862,0.05,0.08
"adaptive_loso_signflip","n16_v128","kenergy",16,5,420101,5,0.246,0.05,0.08
"adaptive_loso_signflip","n16_v128","kenergy",16,5,420101,6,0.584,0.05,0.08
"adaptive_loso_signflip","n16_v128","kenergy",16,5,420101,7,0.814,0.05,0.08
"adaptive_loso_signflip","n16_v128","kenergy",16,5,420101,8,0.55,0.05,0.08
"adaptive_loso_signflip","n16_v128","kenergy",16,5,420101,9,0.894,0.05,0.08
"adaptive_loso_signflip","n16_v128","kenergy",16,5,420101,10,0.162,0.05,0.08
"adaptive_loso_signflip","n16_v128","kenergy",16,5,420101,11,0.52,0.05,0.08
"adaptive_loso_signflip","n16_v128","kenergy",16,5,420101,12,0.788,0.05,0.08
"adaptive_loso_signflip","n16_v128","kenergy",16,5,420101,13,0.568,0.05,0.08
"adaptive_loso_signflip","n16_v128","kenergy",16,5,420101,14,0.904,0.05,0.08
"adaptive_loso_signflip","n16_v128","kenergy",16,5,420101,15,0.622,0.05,0.08
"adaptive_loso_signflip","n16_v128","kenergy",16,5,420101,16,0.586,0.05,0.08
"adaptive_loso_signflip","n16_v128","kenergy",16,5,420101,17,0.868,0.05,0.08
"adaptive_loso_signflip","n16_v128","kenergy",16,5,420101,18,0.502,0.05,0.08
"adaptive_loso_signflip","n16_v128","kenergy",16,5,420101,19,0.184,0.05,0.08
"adaptive_loso_signflip","n16_v128","kenergy",16,5,420101,20,0.58,0.05,0.08
"adaptive_loso_signflip","n16_v128","kenergy",16,5,420101,21,0.45,0.05,0.08
"adaptive_loso_signflip","n16_v128","kenergy",16,5,420101,22,0.352,0.05,0.08
"adaptive_loso_signflip","n16_v128","kenergy",16,5,420101,23,0.89,0.05,0.08
"adaptive_loso_signflip","n16_v128","kenergy",16,5,420101,24,0.516,0.05,0.08
"adaptive_loso_signflip","n16_v128","kenergy",16,5,420101,25,0.416,0.05,0.08
"adaptive_loso_signflip","n16_v128","kenergy",16,5,420101,26,0.522,0.05,0.08
"adaptive_loso_signflip","n16_v128","kenergy",16,5,420101,27,0.234,0.05,0.08
"adaptive_loso_signflip","n16_v128","kenergy",16,5,420101,28,0.716,0.05,0.08
"adaptive_loso_signflip","n16_v128","kenergy",16,5,420101,29,0.842,0.05,0.08
"adaptive_loso_signflip","n16_v128","kenergy",16,5,420101,30,0.622,0.05,0.08
"adaptive_loso_signflip","n16_v128","kenergy",16,5,420101,31,0.224,0.05,0.08
"adaptive_loso_signflip","n16_v128","kenergy",16,5,420101,32,0.398,0.05,0.08
"adaptive_loso_signflip","n16_v128","kenergy",16,5,420101,33,0.798,0.05,0.08
"adaptive_loso_signflip","n16_v128","kenergy",16,5,420101,34,0.344,0.05,0.08
"adaptive_loso_signflip","n16_v128","kenergy",16,5,420101,35,0.446,0.05,0.08
"adaptive_loso_signflip","n16_v128","kenergy",16,5,420101,36,0.586,0.05,0.08
"adaptive_loso_signflip","n16_v128","kenergy",16,5,420101,37,0.18,0.05,0.08
"adaptive_loso_signflip","n16_v128","kenergy",16,5,420101,38,0.972,0.05,0.08
"adaptive_loso_signflip","n16_v128","kenergy",16,5,420101,39,0.374,0.05,0.08
"adaptive_loso_signflip","n16_v128","kenergy",16,5,420101,40,0.32,0.05,0.08
"adaptive_loso_signflip","n16_v128","kenergy",16,5,420101,41,0.946,0.05,0.08
"adaptive_loso_signflip","n16_v128","kenergy",16,5,420101,42,0.378,0.05,0.08
"adaptive_loso_signflip","n16_v128","kenergy",16,5,420101,43,0.32,0.05,0.08
"adaptive_loso_signflip","n16_v128","kenergy",16,5,420101,44,0.376,0.05,0.08
"adaptive_loso_signflip","n16_v128","kenergy",16,5,420101,45,0.362,0.05,0.08
"adaptive_loso_signflip","n16_v128","kenergy",16,5,420101,46,0.706,0.05,0.08
"adaptive_loso_signflip","n16_v128","kenergy",16,5,420101,47,0.39,0.05,0.08
"adaptive_loso_signflip","n16_v128","kenergy",16,5,420101,48,0.766,0.05,0.08
"adaptive_loso_signflip","n16_v128","kenergy",16,5,420101,49,0.006,0.05,0.08
"adaptive_loso_signflip","n16_v128","kenergy",16,5,420101,50,0.052,0.05,0.08
"adaptive_loso_signflip","n16_v128","kenergy",16,5,420101,51,0.96,0.05,0.08
"adaptive_loso_signflip","n16_v128","kenergy",16,5,420101,52,0.692,0.05,0.08
"adaptive_loso_signflip","n16_v128","kenergy",16,5,420101,53,0.656,0.05,0.08
"adaptive_loso_signflip","n16_v128","kenergy",16,5,420101,54,0.86,0.05,0.08
"adaptive_loso_signflip","n16_v128","kenergy",16,5,420101,55,0.03,0.05,0.08
"adaptive_loso_signflip","n16_v128","kenergy",16,5,420101,56,0.86,0.05,0.08
"adaptive_loso_signflip","n16_v128","kenergy",16,5,420101,57,0.328,0.05,0.08
"adaptive_loso_signflip","n16_v128","kenergy",16,5,420101,58,0.182,0.05,0.08
"adaptive_loso_signflip","n16_v128","kenergy",16,5,420101,59,0.038,0.05,0.08
"adaptive_loso_signflip","n16_v128","kenergy",16,5,420101,60,0.752,0.05,0.08
"adaptive_loso_signflip","n16_v128","kenergy",16,5,420101,61,0.802,0.05,0.08
"adaptive_loso_signflip","n16_v128","kenergy",16,5,420101,62,0.11,0.05,0.08
"adaptive_loso_signflip","n16_v128","kenergy",16,5,420101,63,0.458,0.05,0.08
"adaptive_loso_signflip","n16_v128","kenergy",16,5,420101,64,0.014,0.05,0.08
"adaptive_loso_signflip","n16_v128","kenergy",16,5,420101,65,0.642,0.05,0.08
"adaptive_loso_signflip","n16_v128","kenergy",16,5,420101,66,0.72,0.05,0.08
"adaptive_loso_signflip","n16_v128","kenergy",16,5,420101,67,0.392,0.05,0.08
"adaptive_loso_signflip","n16_v128","kenergy",16,5,420101,68,0.37,0.05,0.08
"adaptive_loso_signflip","n16_v128","kenergy",16,5,420101,69,0.864,0.05,0.08
"adaptive_loso_signflip","n16_v128","kenergy",16,5,420101,70,0.962,0.05,0.08
"adaptive_loso_signflip","n16_v128","kenergy",16,5,420101,71,0.262,0.05,0.08
"adaptive_loso_signflip","n16_v128","kenergy",16,5,420101,72,0.858,0.05,0.08
"adaptive_loso_signflip","n16_v128","kenergy",16,5,420101,73,0.788,0.05,0.08
"adaptive_loso_signflip","n16_v128","kenergy",16,5,420101,74,0.552,0.05,0.08
"adaptive_loso_signflip","n16_v128","kenergy",16,5,420101,75,0.864,0.05,0.08
"adaptive_loso_signflip","n16_v128","kenergy",16,5,420101,76,0.474,0.05,0.08
"adaptive_loso_signflip","n16_v128","kenergy",16,5,420101,77,0.066,0.05,0.08
"adaptive_loso_signflip","n16_v128","kenergy",16,5,420101,78,0.038,0.05,0.08
"adaptive_loso_signflip","n16_v128","kenergy",16,5,420101,79,0.794,0.05,0.08
"adaptive_loso_signflip","n16_v128","kenergy",16,5,420101,80,0.17,0.05,0.08
"adaptive_loso_signflip","n16_v128","kenergy",16,5,420101,81,0.834,0.05,0.08
"adaptive_loso_signflip","n16_v128","kenergy",16,5,420101,82,0.588,0.05,0.08
"adaptive_loso_signflip","n16_v128","kenergy",16,5,420101,83,0.662,0.05,0.08
"adaptive_loso_signflip","n16_v128","kenergy",16,5,420101,84,0.366,0.05,0.08
"adaptive_loso_signflip","n16_v128","kenergy",16,5,420101,85,0.706,0.05,0.08
"adaptive_loso_signflip","n16_v128","kenergy",16,5,420101,86,0.136,0.05,0.08
"adaptive_loso_signflip","n16_v128","kenergy",16,5,420101,87,0.37,0.05,0.08
"adaptive_loso_signflip","n16_v128","kenergy",16,5,420101,88,0.474,0.05,0.08
"adaptive_loso_signflip","n16_v128","kenergy",16,5,420101,89,0.42,0.05,0.08
"adaptive_loso_signflip","n16_v128","kenergy",16,5,420101,90,0.408,0.05,0.08
"adaptive_loso_signflip","n16_v128","kenergy",16,5,420101,91,0.212,0.05,0.08
"adaptive_loso_signflip","n16_v128","kenergy",16,5,420101,92,0.806,0.05,0.08
"adaptive_loso_signflip","n16_v128","kenergy",16,5,420101,93,0.006,0.05,0.08
"adaptive_loso_signflip","n16_v128","kenergy",16,5,420101,94,0.152,0.05,0.08
"adaptive_loso_signflip","n16_v128","kenergy",16,5,420101,95,0.694,0.05,0.08
"adaptive_loso_signflip","n16_v128","kenergy",16,5,420101,96,0.568,0.05,0.08
"adaptive_loso_signflip","n16_v128","kenergy",16,5,420101,97,0.558,0.05,0.08
"adaptive_loso_signflip","n16_v128","kenergy",16,5,420101,98,0.356,0.05,0.08
"adaptive_loso_signflip","n16_v128","kenergy",16,5,420101,99,0.22,0.05,0.08
"adaptive_loso_signflip","n16_v128","kenergy",16,5,420101,100,0.024,0.05,0.08
"adaptive_loso_signflip","n16_v128","kenergy",16,5,420101,101,0.702,0.05,0.08
"adaptive_loso_signflip","n16_v128","kenergy",16,5,420101,102,0.928,0.05,0.08
"adaptive_loso_signflip","n16_v128","kenergy",16,5,420101,103,0.606,0.05,0.08
"adaptive_loso_signflip","n16_v128","kenergy",16,5,420101,104,0.61,0.05,0.08
"adaptive_loso_signflip","n16_v128","kenergy",16,5,420101,105,0.974,0.05,0.08
"adaptive_loso_signflip","n16_v128","kenergy",16,5,420101,106,0.734,0.05,0.08
"adaptive_loso_signflip","n16_v128","kenergy",16,5,420101,107,0.996,0.05,0.08
"adaptive_loso_signflip","n16_v128","kenergy",16,5,420101,108,0.254,0.05,0.08
"adaptive_loso_signflip","n16_v128","kenergy",16,5,420101,109,0.574,0.05,0.08
"adaptive_loso_signflip","n16_v128","kenergy",16,5,420101,110,0.048,0.05,0.08
"adaptive_loso_signflip","n16_v128","kenergy",16,5,420101,111,0.58,0.05,0.08
"adaptive_loso_signflip","n16_v128","kenergy",16,5,420101,112,0.562,0.05,0.08
"adaptive_loso_signflip","n16_v128","kenergy",16,5,420101,113,0.722,0.05,0.08
"adaptive_loso_signflip","n16_v128","kenergy",16,5,420101,114,0.506,0.05,0.08
"adaptive_loso_signflip","n16_v128","kenergy",16,5,420101,115,0.424,0.05,0.08
"adaptive_loso_signflip","n16_v128","kenergy",16,5,420101,116,0.234,0.05,0.08
"adaptive_loso_signflip","n16_v128","kenergy",16,5,420101,117,0.15,0.05,0.08
"adaptive_loso_signflip","n16_v128","kenergy",16,5,420101,118,0.24,0.05,0.08
"adaptive_loso_signflip","n16_v128","kenergy",16,5,420101,119,0.042,0.05,0.08
"adaptive_loso_signflip","n16_v128","kenergy",16,5,420101,120,0.732,0.05,0.08
"adaptive_loso_signflip","n16_v128","kenergy",16,5,420101,121,0.134,0.05,0.08
"adaptive_loso_signflip","n16_v128","kenergy",16,5,420101,122,0.772,0.05,0.08
"adaptive_loso_signflip","n16_v128","kenergy",16,5,420101,123,0.638,0.05,0.08
"adaptive_loso_signflip","n16_v128","kenergy",16,5,420101,124,0.582,0.05,0.08
"adaptive_loso_signflip","n16_v128","kenergy",16,5,420101,125,0.754,0.05,0.08
"adaptive_loso_signflip","n16_v128","kenergy",16,5,420101,126,0.732,0.05,0.08
"adaptive_loso_signflip","n16_v128","kenergy",16,5,420101,127,0.848,0.05,0.08
"adaptive_loso_signflip","n16_v128","kenergy",16,5,420101,128,0.768,0.05,0.08
"adaptive_loso_signflip","n16_v128","kenergy",16,5,420101,129,0.77,0.05,0.08
"adaptive_loso_signflip","n16_v128","kenergy",16,5,420101,130,0.666,0.05,0.08
"adaptive_loso_signflip","n16_v128","kenergy",16,5,420101,131,0.164,0.05,0.08
"adaptive_loso_signflip","n16_v128","kenergy",16,5,420101,132,0.028,0.05,0.08
"adaptive_loso_signflip","n16_v128","kenergy",16,5,420101,133,0.74,0.05,0.08
"adaptive_loso_signflip","n16_v128","kenergy",16,5,420101,134,0.588,0.05,0.08
"adaptive_loso_signflip","n16_v128","kenergy",16,5,420101,135,0.958,0.05,0.08
"adaptive_loso_signflip","n16_v128","kenergy",16,5,420101,136,0.208,0.05,0.08
"adaptive_loso_signflip","n16_v128","kenergy",16,5,420101,137,0.178,0.05,0.08
"adaptive_loso_signflip","n16_v128","kenergy",16,5,420101,138,0.792,0.05,0.08
"adaptive_loso_signflip","n16_v128","kenergy",16,5,420101,139,0.988,0.05,0.08
"adaptive_loso_signflip","n16_v128","kenergy",16,5,420101,140,0.768,0.05,0.08
"adaptive_loso_signflip","n16_v128","kenergy",16,5,420101,141,0.004,0.05,0.08
"adaptive_loso_signflip","n16_v128","kenergy",16,5,420101,142,0.754,0.05,0.08
"adaptive_loso_signflip","n16_v128","kenergy",16,5,420101,143,0.286,0.05,0.08
"adaptive_loso_signflip","n16_v128","kenergy",16,5,420101,144,0.79,0.05,0.08
"adaptive_loso_signflip","n16_v128","kenergy",16,5,420101,145,0.828,0.05,0.08
"adaptive_loso_signflip","n16_v128","kenergy",16,5,420101,146,0.16,0.05,0.08
"adaptive_loso_signflip","n16_v128","kenergy",16,5,420101,147,0.832,0.05,0.08
"adaptive_loso_signflip","n16_v128","kenergy",16,5,420101,148,0.996,0.05,0.08
"adaptive_loso_signflip","n16_v128","kenergy",16,5,420101,149,0.146,0.05,0.08
"adaptive_loso_signflip","n16_v128","kenergy",16,5,420101,150,0.088,0.05,0.08
"adaptive_loso_signflip","n16_v128","kenergy",16,5,420101,151,0.592,0.05,0.08
"adaptive_loso_signflip","n16_v128","kenergy",16,5,420101,152,0.274,0.05,0.08
"adaptive_loso_signflip","n16_v128","kenergy",16,5,420101,153,0.698,0.05,0.08
"adaptive_loso_signflip","n16_v128","kenergy",16,5,420101,154,0.888,0.05,0.08
"adaptive_loso_signflip","n16_v128","kenergy",16,5,420101,155,0.988,0.05,0.08
"adaptive_loso_signflip","n16_v128","kenergy",16,5,420101,156,0.424,0.05,0.08
"adaptive_loso_signflip","n16_v128","kenergy",16,5,420101,157,0.596,0.05,0.08
"adaptive_loso_signflip","n16_v128","kenergy",16,5,420101,158,0.888,0.05,0.08
"adaptive_loso_signflip","n16_v128","kenergy",16,5,420101,159,0.892,0.05,0.08
"adaptive_loso_signflip","n16_v128","kenergy",16,5,420101,160,0.912,0.05,0.08
"adaptive_loso_signflip","n16_v128","kenergy",16,5,420101,161,0.16,0.05,0.08
"adaptive_loso_signflip","n16_v128","kenergy",16,5,420101,162,0.004,0.05,0.08
"adaptive_loso_signflip","n16_v128","kenergy",16,5,420101,163,0.236,0.05,0.08
"adaptive_loso_signflip","n16_v128","kenergy",16,5,420101,164,0.372,0.05,0.08
"adaptive_loso_signflip","n16_v128","kenergy",16,5,420101,165,0.576,0.05,0.08
"adaptive_loso_signflip","n16_v128","kenergy",16,5,420101,166,0.748,0.05,0.08
"adaptive_loso_signflip","n16_v128","kenergy",16,5,420101,167,0.46,0.05,0.08
"adaptive_loso_signflip","n16_v128","kenergy",16,5,420101,168,0.62,0.05,0.08
"adaptive_loso_signflip","n16_v128","kenergy",16,5,420101,169,0.934,0.05,0.08
"adaptive_loso_signflip","n16_v128","kenergy",16,5,420101,170,0.718,0.05,0.08
"adaptive_loso_signflip","n16_v128","kenergy",16,5,420101,171,0.194,0.05,0.08
"adaptive_loso_signflip","n16_v128","kenergy",16,5,420101,172,0.908,0.05,0.08
"adaptive_loso_signflip","n16_v128","kenergy",16,5,420101,173,0.306,0.05,0.08
"adaptive_loso_signflip","n16_v128","kenergy",16,5,420101,174,0.01,0.05,0.08
"adaptive_loso_signflip","n16_v128","kenergy",16,5,420101,175,0.356,0.05,0.08
"adaptive_loso_signflip","n16_v128","kenergy",16,5,420101,176,0.03,0.05,0.08
"adaptive_loso_signflip","n16_v128","kenergy",16,5,420101,177,0.574,0.05,0.08
"adaptive_loso_signflip","n16_v128","kenergy",16,5,420101,178,0.186,0.05,0.08
"adaptive_loso_signflip","n16_v128","kenergy",16,5,420101,179,0.62,0.05,0.08
"adaptive_loso_signflip","n16_v128","kenergy",16,5,420101,180,0.824,0.05,0.08
"adaptive_loso_signflip","n16_v128","kenergy",16,5,420101,181,0.066,0.05,0.08
"adaptive_loso_signflip","n16_v128","kenergy",16,5,420101,182,0.73,0.05,0.08
"adaptive_loso_signflip","n16_v128","kenergy",16,5,420101,183,0.186,0.05,0.08
"adaptive_loso_signflip","n16_v128","kenergy",16,5,420101,184,0.588,0.05,0.08
"adaptive_loso_signflip","n16_v128","kenergy",16,5,420101,185,0.882,0.05,0.08
"adaptive_loso_signflip","n16_v128","kenergy",16,5,420101,186,0.788,0.05,0.08
"adaptive_loso_signflip","n16_v128","kenergy",16,5,420101,187,0.252,0.05,0.08
"adaptive_loso_signflip","n16_v128","kenergy",16,5,420101,188,0.454,0.05,0.08
"adaptive_loso_signflip","n16_v128","kenergy",16,5,420101,189,0.218,0.05,0.08
"adaptive_loso_signflip","n16_v128","kenergy",16,5,420101,190,0.664,0.05,0.08
"adaptive_loso_signflip","n16_v128","kenergy",16,5,420101,191,0.286,0.05,0.08
"adaptive_loso_signflip","n16_v128","kenergy",16,5,420101,192,0.646,0.05,0.08
"adaptive_loso_signflip","n16_v128","kenergy",16,5,420101,193,0.864,0.05,0.08
"adaptive_loso_signflip","n16_v128","kenergy",16,5,420101,194,0.564,0.05,0.08
"adaptive_loso_signflip","n16_v128","kenergy",16,5,420101,195,0.254,0.05,0.08
"adaptive_loso_signflip","n16_v128","kenergy",16,5,420101,196,0.088,0.05,0.08
"adaptive_loso_signflip","n16_v128","kenergy",16,5,420101,197,0.344,0.05,0.08
"adaptive_loso_signflip","n16_v128","kenergy",16,5,420101,198,0.508,0.05,0.08
"adaptive_loso_signflip","n16_v128","kenergy",16,5,420101,199,0.166,0.05,0.08
"adaptive_loso_signflip","n16_v128","kenergy",16,5,420101,200,0.936,0.05,0.08
"adaptive_loso_signflip","n16_v128","kenergy_prec",16,1,40101,1,0.682,0.05,0.08
"adaptive_loso_signflip","n16_v128","kenergy_prec",16,1,40101,2,0.76,0.05,0.08
"adaptive_loso_signflip","n16_v128","kenergy_prec",16,1,40101,3,0.602,0.05,0.08
"adaptive_loso_signflip","n16_v128","kenergy_prec",16,1,40101,4,0.846,0.05,0.08
"adaptive_loso_signflip","n16_v128","kenergy_prec",16,1,40101,5,0.524,0.05,0.08
"adaptive_loso_signflip","n16_v128","kenergy_prec",16,1,40101,6,0.92,0.05,0.08
"adaptive_loso_signflip","n16_v128","kenergy_prec",16,1,40101,7,0.312,0.05,0.08
"adaptive_loso_signflip","n16_v128","kenergy_prec",16,1,40101,8,0.726,0.05,0.08
"adaptive_loso_signflip","n16_v128","kenergy_prec",16,1,40101,9,0.518,0.05,0.08
"adaptive_loso_signflip","n16_v128","kenergy_prec",16,1,40101,10,0.85,0.05,0.08
"adaptive_loso_signflip","n16_v128","kenergy_prec",16,1,40101,11,0.884,0.05,0.08
"adaptive_loso_signflip","n16_v128","kenergy_prec",16,1,40101,12,0.86,0.05,0.08
"adaptive_loso_signflip","n16_v128","kenergy_prec",16,1,40101,13,0.408,0.05,0.08
"adaptive_loso_signflip","n16_v128","kenergy_prec",16,1,40101,14,0.758,0.05,0.08
"adaptive_loso_signflip","n16_v128","kenergy_prec",16,1,40101,15,0.168,0.05,0.08
"adaptive_loso_signflip","n16_v128","kenergy_prec",16,1,40101,16,0.476,0.05,0.08
"adaptive_loso_signflip","n16_v128","kenergy_prec",16,1,40101,17,0.786,0.05,0.08
"adaptive_loso_signflip","n16_v128","kenergy_prec",16,1,40101,18,0.784,0.05,0.08
"adaptive_loso_signflip","n16_v128","kenergy_prec",16,1,40101,19,0.218,0.05,0.08
"adaptive_loso_signflip","n16_v128","kenergy_prec",16,1,40101,20,0.146,0.05,0.08
"adaptive_loso_signflip","n16_v128","kenergy_prec",16,1,40101,21,0.932,0.05,0.08
"adaptive_loso_signflip","n16_v128","kenergy_prec",16,1,40101,22,0.326,0.05,0.08
"adaptive_loso_signflip","n16_v128","kenergy_prec",16,1,40101,23,0.906,0.05,0.08
"adaptive_loso_signflip","n16_v128","kenergy_prec",16,1,40101,24,0.408,0.05,0.08
"adaptive_loso_signflip","n16_v128","kenergy_prec",16,1,40101,25,0.654,0.05,0.08
"adaptive_loso_signflip","n16_v128","kenergy_prec",16,1,40101,26,0.33,0.05,0.08
"adaptive_loso_signflip","n16_v128","kenergy_prec",16,1,40101,27,0.53,0.05,0.08
"adaptive_loso_signflip","n16_v128","kenergy_prec",16,1,40101,28,0.372,0.05,0.08
"adaptive_loso_signflip","n16_v128","kenergy_prec",16,1,40101,29,0.826,0.05,0.08
"adaptive_loso_signflip","n16_v128","kenergy_prec",16,1,40101,30,0.28,0.05,0.08
"adaptive_loso_signflip","n16_v128","kenergy_prec",16,1,40101,31,0.912,0.05,0.08
"adaptive_loso_signflip","n16_v128","kenergy_prec",16,1,40101,32,0.714,0.05,0.08
"adaptive_loso_signflip","n16_v128","kenergy_prec",16,1,40101,33,0.194,0.05,0.08
"adaptive_loso_signflip","n16_v128","kenergy_prec",16,1,40101,34,0.29,0.05,0.08
"adaptive_loso_signflip","n16_v128","kenergy_prec",16,1,40101,35,0.398,0.05,0.08
"adaptive_loso_signflip","n16_v128","kenergy_prec",16,1,40101,36,0.35,0.05,0.08
"adaptive_loso_signflip","n16_v128","kenergy_prec",16,1,40101,37,0.5,0.05,0.08
"adaptive_loso_signflip","n16_v128","kenergy_prec",16,1,40101,38,0.264,0.05,0.08
"adaptive_loso_signflip","n16_v128","kenergy_prec",16,1,40101,39,0.968,0.05,0.08
"adaptive_loso_signflip","n16_v128","kenergy_prec",16,1,40101,40,0.246,0.05,0.08
"adaptive_loso_signflip","n16_v128","kenergy_prec",16,1,40101,41,0.516,0.05,0.08
"adaptive_loso_signflip","n16_v128","kenergy_prec",16,1,40101,42,0.762,0.05,0.08
"adaptive_loso_signflip","n16_v128","kenergy_prec",16,1,40101,43,0.966,0.05,0.08
"adaptive_loso_signflip","n16_v128","kenergy_prec",16,1,40101,44,0.88,0.05,0.08
"adaptive_loso_signflip","n16_v128","kenergy_prec",16,1,40101,45,0.158,0.05,0.08
"adaptive_loso_signflip","n16_v128","kenergy_prec",16,1,40101,46,0.582,0.05,0.08
"adaptive_loso_signflip","n16_v128","kenergy_prec",16,1,40101,47,0.904,0.05,0.08
"adaptive_loso_signflip","n16_v128","kenergy_prec",16,1,40101,48,0.616,0.05,0.08
"adaptive_loso_signflip","n16_v128","kenergy_prec",16,1,40101,49,0.51,0.05,0.08
"adaptive_loso_signflip","n16_v128","kenergy_prec",16,1,40101,50,0.652,0.05,0.08
"adaptive_loso_signflip","n16_v128","kenergy_prec",16,1,40101,51,0.772,0.05,0.08
"adaptive_loso_signflip","n16_v128","kenergy_prec",16,1,40101,52,0.382,0.05,0.08
"adaptive_loso_signflip","n16_v128","kenergy_prec",16,1,40101,53,0.004,0.05,0.08
"adaptive_loso_signflip","n16_v128","kenergy_prec",16,1,40101,54,0.61,0.05,0.08
"adaptive_loso_signflip","n16_v128","kenergy_prec",16,1,40101,55,0.78,0.05,0.08
"adaptive_loso_signflip","n16_v128","kenergy_prec",16,1,40101,56,0.794,0.05,0.08
"adaptive_loso_signflip","n16_v128","kenergy_prec",16,1,40101,57,0.21,0.05,0.08
"adaptive_loso_signflip","n16_v128","kenergy_prec",16,1,40101,58,0.77,0.05,0.08
"adaptive_loso_signflip","n16_v128","kenergy_prec",16,1,40101,59,0.932,0.05,0.08
"adaptive_loso_signflip","n16_v128","kenergy_prec",16,1,40101,60,0.594,0.05,0.08
"adaptive_loso_signflip","n16_v128","kenergy_prec",16,1,40101,61,0.076,0.05,0.08
"adaptive_loso_signflip","n16_v128","kenergy_prec",16,1,40101,62,0.696,0.05,0.08
"adaptive_loso_signflip","n16_v128","kenergy_prec",16,1,40101,63,0.716,0.05,0.08
"adaptive_loso_signflip","n16_v128","kenergy_prec",16,1,40101,64,0.846,0.05,0.08
"adaptive_loso_signflip","n16_v128","kenergy_prec",16,1,40101,65,0.59,0.05,0.08
"adaptive_loso_signflip","n16_v128","kenergy_prec",16,1,40101,66,0.768,0.05,0.08
"adaptive_loso_signflip","n16_v128","kenergy_prec",16,1,40101,67,0.264,0.05,0.08
"adaptive_loso_signflip","n16_v128","kenergy_prec",16,1,40101,68,0.264,0.05,0.08
"adaptive_loso_signflip","n16_v128","kenergy_prec",16,1,40101,69,0.164,0.05,0.08
"adaptive_loso_signflip","n16_v128","kenergy_prec",16,1,40101,70,0.318,0.05,0.08
"adaptive_loso_signflip","n16_v128","kenergy_prec",16,1,40101,71,0.196,0.05,0.08
"adaptive_loso_signflip","n16_v128","kenergy_prec",16,1,40101,72,0.934,0.05,0.08
"adaptive_loso_signflip","n16_v128","kenergy_prec",16,1,40101,73,0.792,0.05,0.08
"adaptive_loso_signflip","n16_v128","kenergy_prec",16,1,40101,74,0.108,0.05,0.08
"adaptive_loso_signflip","n16_v128","kenergy_prec",16,1,40101,75,0.764,0.05,0.08
"adaptive_loso_signflip","n16_v128","kenergy_prec",16,1,40101,76,0.746,0.05,0.08
"adaptive_loso_signflip","n16_v128","kenergy_prec",16,1,40101,77,0.612,0.05,0.08
"adaptive_loso_signflip","n16_v128","kenergy_prec",16,1,40101,78,0.372,0.05,0.08
"adaptive_loso_signflip","n16_v128","kenergy_prec",16,1,40101,79,0.828,0.05,0.08
"adaptive_loso_signflip","n16_v128","kenergy_prec",16,1,40101,80,0.826,0.05,0.08
"adaptive_loso_signflip","n16_v128","kenergy_prec",16,1,40101,81,0.378,0.05,0.08
"adaptive_loso_signflip","n16_v128","kenergy_prec",16,1,40101,82,0.67,0.05,0.08
"adaptive_loso_signflip","n16_v128","kenergy_prec",16,1,40101,83,0.35,0.05,0.08
"adaptive_loso_signflip","n16_v128","kenergy_prec",16,1,40101,84,0.71,0.05,0.08
"adaptive_loso_signflip","n16_v128","kenergy_prec",16,1,40101,85,0.034,0.05,0.08
"adaptive_loso_signflip","n16_v128","kenergy_prec",16,1,40101,86,0.944,0.05,0.08
"adaptive_loso_signflip","n16_v128","kenergy_prec",16,1,40101,87,0.088,0.05,0.08
"adaptive_loso_signflip","n16_v128","kenergy_prec",16,1,40101,88,0.726,0.05,0.08
"adaptive_loso_signflip","n16_v128","kenergy_prec",16,1,40101,89,0.09,0.05,0.08
"adaptive_loso_signflip","n16_v128","kenergy_prec",16,1,40101,90,0.842,0.05,0.08
"adaptive_loso_signflip","n16_v128","kenergy_prec",16,1,40101,91,0.142,0.05,0.08
"adaptive_loso_signflip","n16_v128","kenergy_prec",16,1,40101,92,0.096,0.05,0.08
"adaptive_loso_signflip","n16_v128","kenergy_prec",16,1,40101,93,0.456,0.05,0.08
"adaptive_loso_signflip","n16_v128","kenergy_prec",16,1,40101,94,0.518,0.05,0.08
"adaptive_loso_signflip","n16_v128","kenergy_prec",16,1,40101,95,0.82,0.05,0.08
"adaptive_loso_signflip","n16_v128","kenergy_prec",16,1,40101,96,0.42,0.05,0.08
"adaptive_loso_signflip","n16_v128","kenergy_prec",16,1,40101,97,0.668,0.05,0.08
"adaptive_loso_signflip","n16_v128","kenergy_prec",16,1,40101,98,0.42,0.05,0.08
"adaptive_loso_signflip","n16_v128","kenergy_prec",16,1,40101,99,0.846,0.05,0.08
"adaptive_loso_signflip","n16_v128","kenergy_prec",16,1,40101,100,0.012,0.05,0.08
"adaptive_loso_signflip","n16_v128","kenergy_prec",16,1,40101,101,0.334,0.05,0.08
"adaptive_loso_signflip","n16_v128","kenergy_prec",16,1,40101,102,0.844,0.05,0.08
"adaptive_loso_signflip","n16_v128","kenergy_prec",16,1,40101,103,0.988,0.05,0.08
"adaptive_loso_signflip","n16_v128","kenergy_prec",16,1,40101,104,0.056,0.05,0.08
"adaptive_loso_signflip","n16_v128","kenergy_prec",16,1,40101,105,0.546,0.05,0.08
"adaptive_loso_signflip","n16_v128","kenergy_prec",16,1,40101,106,0.484,0.05,0.08
"adaptive_loso_signflip","n16_v128","kenergy_prec",16,1,40101,107,0.884,0.05,0.08
"adaptive_loso_signflip","n16_v128","kenergy_prec",16,1,40101,108,0.154,0.05,0.08
"adaptive_loso_signflip","n16_v128","kenergy_prec",16,1,40101,109,0.444,0.05,0.08
"adaptive_loso_signflip","n16_v128","kenergy_prec",16,1,40101,110,0.67,0.05,0.08
"adaptive_loso_signflip","n16_v128","kenergy_prec",16,1,40101,111,0.522,0.05,0.08
"adaptive_loso_signflip","n16_v128","kenergy_prec",16,1,40101,112,0.98,0.05,0.08
"adaptive_loso_signflip","n16_v128","kenergy_prec",16,1,40101,113,0.796,0.05,0.08
"adaptive_loso_signflip","n16_v128","kenergy_prec",16,1,40101,114,0.65,0.05,0.08
"adaptive_loso_signflip","n16_v128","kenergy_prec",16,1,40101,115,0.25,0.05,0.08
"adaptive_loso_signflip","n16_v128","kenergy_prec",16,1,40101,116,0.444,0.05,0.08
"adaptive_loso_signflip","n16_v128","kenergy_prec",16,1,40101,117,0.604,0.05,0.08
"adaptive_loso_signflip","n16_v128","kenergy_prec",16,1,40101,118,0.292,0.05,0.08
"adaptive_loso_signflip","n16_v128","kenergy_prec",16,1,40101,119,0.998,0.05,0.08
"adaptive_loso_signflip","n16_v128","kenergy_prec",16,1,40101,120,0.97,0.05,0.08
"adaptive_loso_signflip","n16_v128","kenergy_prec",16,1,40101,121,0.162,0.05,0.08
"adaptive_loso_signflip","n16_v128","kenergy_prec",16,1,40101,122,0.16,0.05,0.08
"adaptive_loso_signflip","n16_v128","kenergy_prec",16,1,40101,123,0.026,0.05,0.08
"adaptive_loso_signflip","n16_v128","kenergy_prec",16,1,40101,124,0.306,0.05,0.08
"adaptive_loso_signflip","n16_v128","kenergy_prec",16,1,40101,125,0.552,0.05,0.08
"adaptive_loso_signflip","n16_v128","kenergy_prec",16,1,40101,126,0.224,0.05,0.08
"adaptive_loso_signflip","n16_v128","kenergy_prec",16,1,40101,127,0.494,0.05,0.08
"adaptive_loso_signflip","n16_v128","kenergy_prec",16,1,40101,128,0.6,0.05,0.08
"adaptive_loso_signflip","n16_v128","kenergy_prec",16,1,40101,129,0.078,0.05,0.08
"adaptive_loso_signflip","n16_v128","kenergy_prec",16,1,40101,130,0.486,0.05,0.08
"adaptive_loso_signflip","n16_v128","kenergy_prec",16,1,40101,131,0.894,0.05,0.08
"adaptive_loso_signflip","n16_v128","kenergy_prec",16,1,40101,132,0.168,0.05,0.08
"adaptive_loso_signflip","n16_v128","kenergy_prec",16,1,40101,133,0.414,0.05,0.08
"adaptive_loso_signflip","n16_v128","kenergy_prec",16,1,40101,134,0.072,0.05,0.08
"adaptive_loso_signflip","n16_v128","kenergy_prec",16,1,40101,135,0.428,0.05,0.08
"adaptive_loso_signflip","n16_v128","kenergy_prec",16,1,40101,136,0.802,0.05,0.08
"adaptive_loso_signflip","n16_v128","kenergy_prec",16,1,40101,137,0.91,0.05,0.08
"adaptive_loso_signflip","n16_v128","kenergy_prec",16,1,40101,138,0.382,0.05,0.08
"adaptive_loso_signflip","n16_v128","kenergy_prec",16,1,40101,139,0.586,0.05,0.08
"adaptive_loso_signflip","n16_v128","kenergy_prec",16,1,40101,140,0.154,0.05,0.08
"adaptive_loso_signflip","n16_v128","kenergy_prec",16,1,40101,141,0.802,0.05,0.08
"adaptive_loso_signflip","n16_v128","kenergy_prec",16,1,40101,142,0.232,0.05,0.08
"adaptive_loso_signflip","n16_v128","kenergy_prec",16,1,40101,143,0.132,0.05,0.08
"adaptive_loso_signflip","n16_v128","kenergy_prec",16,1,40101,144,0.346,0.05,0.08
"adaptive_loso_signflip","n16_v128","kenergy_prec",16,1,40101,145,0.732,0.05,0.08
"adaptive_loso_signflip","n16_v128","kenergy_prec",16,1,40101,146,0.578,0.05,0.08
"adaptive_loso_signflip","n16_v128","kenergy_prec",16,1,40101,147,0.916,0.05,0.08
"adaptive_loso_signflip","n16_v128","kenergy_prec",16,1,40101,148,0.362,0.05,0.08
"adaptive_loso_signflip","n16_v128","kenergy_prec",16,1,40101,149,0.974,0.05,0.08
"adaptive_loso_signflip","n16_v128","kenergy_prec",16,1,40101,150,0.31,0.05,0.08
"adaptive_loso_signflip","n16_v128","kenergy_prec",16,1,40101,151,0.686,0.05,0.08
"adaptive_loso_signflip","n16_v128","kenergy_prec",16,1,40101,152,0.812,0.05,0.08
"adaptive_loso_signflip","n16_v128","kenergy_prec",16,1,40101,153,0.434,0.05,0.08
"adaptive_loso_signflip","n16_v128","kenergy_prec",16,1,40101,154,0.076,0.05,0.08
"adaptive_loso_signflip","n16_v128","kenergy_prec",16,1,40101,155,0.29,0.05,0.08
"adaptive_loso_signflip","n16_v128","kenergy_prec",16,1,40101,156,0.588,0.05,0.08
"adaptive_loso_signflip","n16_v128","kenergy_prec",16,1,40101,157,0.216,0.05,0.08
"adaptive_loso_signflip","n16_v128","kenergy_prec",16,1,40101,158,0.146,0.05,0.08
"adaptive_loso_signflip","n16_v128","kenergy_prec",16,1,40101,159,0.928,0.05,0.08
"adaptive_loso_signflip","n16_v128","kenergy_prec",16,1,40101,160,0.672,0.05,0.08
"adaptive_loso_signflip","n16_v128","kenergy_prec",16,1,40101,161,0.846,0.05,0.08
"adaptive_loso_signflip","n16_v128","kenergy_prec",16,1,40101,162,0.054,0.05,0.08
"adaptive_loso_signflip","n16_v128","kenergy_prec",16,1,40101,163,0.038,0.05,0.08
"adaptive_loso_signflip","n16_v128","kenergy_prec",16,1,40101,164,0.97,0.05,0.08
"adaptive_loso_signflip","n16_v128","kenergy_prec",16,1,40101,165,0.51,0.05,0.08
"adaptive_loso_signflip","n16_v128","kenergy_prec",16,1,40101,166,0.546,0.05,0.08
"adaptive_loso_signflip","n16_v128","kenergy_prec",16,1,40101,167,0.742,0.05,0.08
"adaptive_loso_signflip","n16_v128","kenergy_prec",16,1,40101,168,0.614,0.05,0.08
"adaptive_loso_signflip","n16_v128","kenergy_prec",16,1,40101,169,0.646,0.05,0.08
"adaptive_loso_signflip","n16_v128","kenergy_prec",16,1,40101,170,0.056,0.05,0.08
"adaptive_loso_signflip","n16_v128","kenergy_prec",16,1,40101,171,0.96,0.05,0.08
"adaptive_loso_signflip","n16_v128","kenergy_prec",16,1,40101,172,0.62,0.05,0.08
"adaptive_loso_signflip","n16_v128","kenergy_prec",16,1,40101,173,0.14,0.05,0.08
"adaptive_loso_signflip","n16_v128","kenergy_prec",16,1,40101,174,0.706,0.05,0.08
"adaptive_loso_signflip","n16_v128","kenergy_prec",16,1,40101,175,0.562,0.05,0.08
"adaptive_loso_signflip","n16_v128","kenergy_prec",16,1,40101,176,0.302,0.05,0.08
"adaptive_loso_signflip","n16_v128","kenergy_prec",16,1,40101,177,0.802,0.05,0.08
"adaptive_loso_signflip","n16_v128","kenergy_prec",16,1,40101,178,0.614,0.05,0.08
"adaptive_loso_signflip","n16_v128","kenergy_prec",16,1,40101,179,0.576,0.05,0.08
"adaptive_loso_signflip","n16_v128","kenergy_prec",16,1,40101,180,0.916,0.05,0.08
"adaptive_loso_signflip","n16_v128","kenergy_prec",16,1,40101,181,0.958,0.05,0.08
"adaptive_loso_signflip","n16_v128","kenergy_prec",16,1,40101,182,0.294,0.05,0.08
"adaptive_loso_signflip","n16_v128","kenergy_prec",16,1,40101,183,0.736,0.05,0.08
"adaptive_loso_signflip","n16_v128","kenergy_prec",16,1,40101,184,0.834,0.05,0.08
"adaptive_loso_signflip","n16_v128","kenergy_prec",16,1,40101,185,0.35,0.05,0.08
"adaptive_loso_signflip","n16_v128","kenergy_prec",16,1,40101,186,0.856,0.05,0.08
"adaptive_loso_signflip","n16_v128","kenergy_prec",16,1,40101,187,0.74,0.05,0.08
"adaptive_loso_signflip","n16_v128","kenergy_prec",16,1,40101,188,0.428,0.05,0.08
"adaptive_loso_signflip","n16_v128","kenergy_prec",16,1,40101,189,0.558,0.05,0.08
"adaptive_loso_signflip","n16_v128","kenergy_prec",16,1,40101,190,0.742,0.05,0.08
"adaptive_loso_signflip","n16_v128","kenergy_prec",16,1,40101,191,0.878,0.05,0.08
"adaptive_loso_signflip","n16_v128","kenergy_prec",16,1,40101,192,0.92,0.05,0.08
"adaptive_loso_signflip","n16_v128","kenergy_prec",16,1,40101,193,0.434,0.05,0.08
"adaptive_loso_signflip","n16_v128","kenergy_prec",16,1,40101,194,0.532,0.05,0.08
"adaptive_loso_signflip","n16_v128","kenergy_prec",16,1,40101,195,0.362,0.05,0.08
"adaptive_loso_signflip","n16_v128","kenergy_prec",16,1,40101,196,0.03,0.05,0.08
"adaptive_loso_signflip","n16_v128","kenergy_prec",16,1,40101,197,0.112,0.05,0.08
"adaptive_loso_signflip","n16_v128","kenergy_prec",16,1,40101,198,0.858,0.05,0.08
"adaptive_loso_signflip","n16_v128","kenergy_prec",16,1,40101,199,0.222,0.05,0.08
"adaptive_loso_signflip","n16_v128","kenergy_prec",16,1,40101,200,0.098,0.05,0.08
"adaptive_loso_signflip","n16_v128","kenergy_prec",16,2,140101,1,0.466,0.05,0.08
"adaptive_loso_signflip","n16_v128","kenergy_prec",16,2,140101,2,0.854,0.05,0.08
"adaptive_loso_signflip","n16_v128","kenergy_prec",16,2,140101,3,0.142,0.05,0.08
"adaptive_loso_signflip","n16_v128","kenergy_prec",16,2,140101,4,0.914,0.05,0.08
"adaptive_loso_signflip","n16_v128","kenergy_prec",16,2,140101,5,0.676,0.05,0.08
"adaptive_loso_signflip","n16_v128","kenergy_prec",16,2,140101,6,0.562,0.05,0.08
"adaptive_loso_signflip","n16_v128","kenergy_prec",16,2,140101,7,0.928,0.05,0.08
"adaptive_loso_signflip","n16_v128","kenergy_prec",16,2,140101,8,0.676,0.05,0.08
"adaptive_loso_signflip","n16_v128","kenergy_prec",16,2,140101,9,0.586,0.05,0.08
"adaptive_loso_signflip","n16_v128","kenergy_prec",16,2,140101,10,0.396,0.05,0.08
"adaptive_loso_signflip","n16_v128","kenergy_prec",16,2,140101,11,0.096,0.05,0.08
"adaptive_loso_signflip","n16_v128","kenergy_prec",16,2,140101,12,0.278,0.05,0.08
"adaptive_loso_signflip","n16_v128","kenergy_prec",16,2,140101,13,0.988,0.05,0.08
"adaptive_loso_signflip","n16_v128","kenergy_prec",16,2,140101,14,0.118,0.05,0.08
"adaptive_loso_signflip","n16_v128","kenergy_prec",16,2,140101,15,0.322,0.05,0.08
"adaptive_loso_signflip","n16_v128","kenergy_prec",16,2,140101,16,0.59,0.05,0.08
"adaptive_loso_signflip","n16_v128","kenergy_prec",16,2,140101,17,0.718,0.05,0.08
"adaptive_loso_signflip","n16_v128","kenergy_prec",16,2,140101,18,0.408,0.05,0.08
"adaptive_loso_signflip","n16_v128","kenergy_prec",16,2,140101,19,0.268,0.05,0.08
"adaptive_loso_signflip","n16_v128","kenergy_prec",16,2,140101,20,0.142,0.05,0.08
"adaptive_loso_signflip","n16_v128","kenergy_prec",16,2,140101,21,0.806,0.05,0.08
"adaptive_loso_signflip","n16_v128","kenergy_prec",16,2,140101,22,0.508,0.05,0.08
"adaptive_loso_signflip","n16_v128","kenergy_prec",16,2,140101,23,0.464,0.05,0.08
"adaptive_loso_signflip","n16_v128","kenergy_prec",16,2,140101,24,0.206,0.05,0.08
"adaptive_loso_signflip","n16_v128","kenergy_prec",16,2,140101,25,0.168,0.05,0.08
"adaptive_loso_signflip","n16_v128","kenergy_prec",16,2,140101,26,0.178,0.05,0.08
"adaptive_loso_signflip","n16_v128","kenergy_prec",16,2,140101,27,0.358,0.05,0.08
"adaptive_loso_signflip","n16_v128","kenergy_prec",16,2,140101,28,0.824,0.05,0.08
"adaptive_loso_signflip","n16_v128","kenergy_prec",16,2,140101,29,0.316,0.05,0.08
"adaptive_loso_signflip","n16_v128","kenergy_prec",16,2,140101,30,0.686,0.05,0.08
"adaptive_loso_signflip","n16_v128","kenergy_prec",16,2,140101,31,0.418,0.05,0.08
"adaptive_loso_signflip","n16_v128","kenergy_prec",16,2,140101,32,0.72,0.05,0.08
"adaptive_loso_signflip","n16_v128","kenergy_prec",16,2,140101,33,0.52,0.05,0.08
"adaptive_loso_signflip","n16_v128","kenergy_prec",16,2,140101,34,0.52,0.05,0.08
"adaptive_loso_signflip","n16_v128","kenergy_prec",16,2,140101,35,0.738,0.05,0.08
"adaptive_loso_signflip","n16_v128","kenergy_prec",16,2,140101,36,0.222,0.05,0.08
"adaptive_loso_signflip","n16_v128","kenergy_prec",16,2,140101,37,0.46,0.05,0.08
"adaptive_loso_signflip","n16_v128","kenergy_prec",16,2,140101,38,0.52,0.05,0.08
"adaptive_loso_signflip","n16_v128","kenergy_prec",16,2,140101,39,0.528,0.05,0.08
"adaptive_loso_signflip","n16_v128","kenergy_prec",16,2,140101,40,0.788,0.05,0.08
"adaptive_loso_signflip","n16_v128","kenergy_prec",16,2,140101,41,0.22,0.05,0.08
"adaptive_loso_signflip","n16_v128","kenergy_prec",16,2,140101,42,0.408,0.05,0.08
"adaptive_loso_signflip","n16_v128","kenergy_prec",16,2,140101,43,0.522,0.05,0.08
"adaptive_loso_signflip","n16_v128","kenergy_prec",16,2,140101,44,0.022,0.05,0.08
"adaptive_loso_signflip","n16_v128","kenergy_prec",16,2,140101,45,0.532,0.05,0.08
"adaptive_loso_signflip","n16_v128","kenergy_prec",16,2,140101,46,0.84,0.05,0.08
"adaptive_loso_signflip","n16_v128","kenergy_prec",16,2,140101,47,0.4,0.05,0.08
"adaptive_loso_signflip","n16_v128","kenergy_prec",16,2,140101,48,0.78,0.05,0.08
"adaptive_loso_signflip","n16_v128","kenergy_prec",16,2,140101,49,0.014,0.05,0.08
"adaptive_loso_signflip","n16_v128","kenergy_prec",16,2,140101,50,0.942,0.05,0.08
"adaptive_loso_signflip","n16_v128","kenergy_prec",16,2,140101,51,0.136,0.05,0.08
"adaptive_loso_signflip","n16_v128","kenergy_prec",16,2,140101,52,0.83,0.05,0.08
"adaptive_loso_signflip","n16_v128","kenergy_prec",16,2,140101,53,0.94,0.05,0.08
"adaptive_loso_signflip","n16_v128","kenergy_prec",16,2,140101,54,0.408,0.05,0.08
"adaptive_loso_signflip","n16_v128","kenergy_prec",16,2,140101,55,0.858,0.05,0.08
"adaptive_loso_signflip","n16_v128","kenergy_prec",16,2,140101,56,0.778,0.05,0.08
"adaptive_loso_signflip","n16_v128","kenergy_prec",16,2,140101,57,0.12,0.05,0.08
"adaptive_loso_signflip","n16_v128","kenergy_prec",16,2,140101,58,0.944,0.05,0.08
"adaptive_loso_signflip","n16_v128","kenergy_prec",16,2,140101,59,0.918,0.05,0.08
"adaptive_loso_signflip","n16_v128","kenergy_prec",16,2,140101,60,0.212,0.05,0.08
"adaptive_loso_signflip","n16_v128","kenergy_prec",16,2,140101,61,0.618,0.05,0.08
"adaptive_loso_signflip","n16_v128","kenergy_prec",16,2,140101,62,0.968,0.05,0.08
"adaptive_loso_signflip","n16_v128","kenergy_prec",16,2,140101,63,0.2,0.05,0.08
"adaptive_loso_signflip","n16_v128","kenergy_prec",16,2,140101,64,0.756,0.05,0.08
"adaptive_loso_signflip","n16_v128","kenergy_prec",16,2,140101,65,0.46,0.05,0.08
"adaptive_loso_signflip","n16_v128","kenergy_prec",16,2,140101,66,0.082,0.05,0.08
"adaptive_loso_signflip","n16_v128","kenergy_prec",16,2,140101,67,0.96,0.05,0.08
"adaptive_loso_signflip","n16_v128","kenergy_prec",16,2,140101,68,0.448,0.05,0.08
"adaptive_loso_signflip","n16_v128","kenergy_prec",16,2,140101,69,0.938,0.05,0.08
"adaptive_loso_signflip","n16_v128","kenergy_prec",16,2,140101,70,0.228,0.05,0.08
"adaptive_loso_signflip","n16_v128","kenergy_prec",16,2,140101,71,0.754,0.05,0.08
"adaptive_loso_signflip","n16_v128","kenergy_prec",16,2,140101,72,0.428,0.05,0.08
"adaptive_loso_signflip","n16_v128","kenergy_prec",16,2,140101,73,0.92,0.05,0.08
"adaptive_loso_signflip","n16_v128","kenergy_prec",16,2,140101,74,0.888,0.05,0.08
"adaptive_loso_signflip","n16_v128","kenergy_prec",16,2,140101,75,0.166,0.05,0.08
"adaptive_loso_signflip","n16_v128","kenergy_prec",16,2,140101,76,0.23,0.05,0.08
"adaptive_loso_signflip","n16_v128","kenergy_prec",16,2,140101,77,0.034,0.05,0.08
"adaptive_loso_signflip","n16_v128","kenergy_prec",16,2,140101,78,0.146,0.05,0.08
"adaptive_loso_signflip","n16_v128","kenergy_prec",16,2,140101,79,0.084,0.05,0.08
"adaptive_loso_signflip","n16_v128","kenergy_prec",16,2,140101,80,0.194,0.05,0.08
"adaptive_loso_signflip","n16_v128","kenergy_prec",16,2,140101,81,0.452,0.05,0.08
"adaptive_loso_signflip","n16_v128","kenergy_prec",16,2,140101,82,0.824,0.05,0.08
"adaptive_loso_signflip","n16_v128","kenergy_prec",16,2,140101,83,0.958,0.05,0.08
"adaptive_loso_signflip","n16_v128","kenergy_prec",16,2,140101,84,0.846,0.05,0.08
"adaptive_loso_signflip","n16_v128","kenergy_prec",16,2,140101,85,0.042,0.05,0.08
"adaptive_loso_signflip","n16_v128","kenergy_prec",16,2,140101,86,0.394,0.05,0.08
"adaptive_loso_signflip","n16_v128","kenergy_prec",16,2,140101,87,0.042,0.05,0.08
"adaptive_loso_signflip","n16_v128","kenergy_prec",16,2,140101,88,0.506,0.05,0.08
"adaptive_loso_signflip","n16_v128","kenergy_prec",16,2,140101,89,0.968,0.05,0.08
"adaptive_loso_signflip","n16_v128","kenergy_prec",16,2,140101,90,0.572,0.05,0.08
"adaptive_loso_signflip","n16_v128","kenergy_prec",16,2,140101,91,0.854,0.05,0.08
"adaptive_loso_signflip","n16_v128","kenergy_prec",16,2,140101,92,0.392,0.05,0.08
"adaptive_loso_signflip","n16_v128","kenergy_prec",16,2,140101,93,0.64,0.05,0.08
"adaptive_loso_signflip","n16_v128","kenergy_prec",16,2,140101,94,0.094,0.05,0.08
"adaptive_loso_signflip","n16_v128","kenergy_prec",16,2,140101,95,0.908,0.05,0.08
"adaptive_loso_signflip","n16_v128","kenergy_prec",16,2,140101,96,0.234,0.05,0.08
"adaptive_loso_signflip","n16_v128","kenergy_prec",16,2,140101,97,0.724,0.05,0.08
"adaptive_loso_signflip","n16_v128","kenergy_prec",16,2,140101,98,0.826,0.05,0.08
"adaptive_loso_signflip","n16_v128","kenergy_prec",16,2,140101,99,0.858,0.05,0.08
"adaptive_loso_signflip","n16_v128","kenergy_prec",16,2,140101,100,0.202,0.05,0.08
"adaptive_loso_signflip","n16_v128","kenergy_prec",16,2,140101,101,0.842,0.05,0.08
"adaptive_loso_signflip","n16_v128","kenergy_prec",16,2,140101,102,0.838,0.05,0.08
"adaptive_loso_signflip","n16_v128","kenergy_prec",16,2,140101,103,0.836,0.05,0.08
"adaptive_loso_signflip","n16_v128","kenergy_prec",16,2,140101,104,0.99,0.05,0.08
"adaptive_loso_signflip","n16_v128","kenergy_prec",16,2,140101,105,0.534,0.05,0.08
"adaptive_loso_signflip","n16_v128","kenergy_prec",16,2,140101,106,0.006,0.05,0.08
"adaptive_loso_signflip","n16_v128","kenergy_prec",16,2,140101,107,0.664,0.05,0.08
"adaptive_loso_signflip","n16_v128","kenergy_prec",16,2,140101,108,0.194,0.05,0.08
"adaptive_loso_signflip","n16_v128","kenergy_prec",16,2,140101,109,0.324,0.05,0.08
"adaptive_loso_signflip","n16_v128","kenergy_prec",16,2,140101,110,0.944,0.05,0.08
"adaptive_loso_signflip","n16_v128","kenergy_prec",16,2,140101,111,0.226,0.05,0.08
"adaptive_loso_signflip","n16_v128","kenergy_prec",16,2,140101,112,0.804,0.05,0.08
"adaptive_loso_signflip","n16_v128","kenergy_prec",16,2,140101,113,0.572,0.05,0.08
"adaptive_loso_signflip","n16_v128","kenergy_prec",16,2,140101,114,0.442,0.05,0.08
"adaptive_loso_signflip","n16_v128","kenergy_prec",16,2,140101,115,0.23,0.05,0.08
"adaptive_loso_signflip","n16_v128","kenergy_prec",16,2,140101,116,0.842,0.05,0.08
"adaptive_loso_signflip","n16_v128","kenergy_prec",16,2,140101,117,0.218,0.05,0.08
"adaptive_loso_signflip","n16_v128","kenergy_prec",16,2,140101,118,0.338,0.05,0.08
"adaptive_loso_signflip","n16_v128","kenergy_prec",16,2,140101,119,0.83,0.05,0.08
"adaptive_loso_signflip","n16_v128","kenergy_prec",16,2,140101,120,0.538,0.05,0.08
"adaptive_loso_signflip","n16_v128","kenergy_prec",16,2,140101,121,0.042,0.05,0.08
"adaptive_loso_signflip","n16_v128","kenergy_prec",16,2,140101,122,0.154,0.05,0.08
"adaptive_loso_signflip","n16_v128","kenergy_prec",16,2,140101,123,0.944,0.05,0.08
"adaptive_loso_signflip","n16_v128","kenergy_prec",16,2,140101,124,0.26,0.05,0.08
"adaptive_loso_signflip","n16_v128","kenergy_prec",16,2,140101,125,0.052,0.05,0.08
"adaptive_loso_signflip","n16_v128","kenergy_prec",16,2,140101,126,0.932,0.05,0.08
"adaptive_loso_signflip","n16_v128","kenergy_prec",16,2,140101,127,0.058,0.05,0.08
"adaptive_loso_signflip","n16_v128","kenergy_prec",16,2,140101,128,0.564,0.05,0.08
"adaptive_loso_signflip","n16_v128","kenergy_prec",16,2,140101,129,0.078,0.05,0.08
"adaptive_loso_signflip","n16_v128","kenergy_prec",16,2,140101,130,0.782,0.05,0.08
"adaptive_loso_signflip","n16_v128","kenergy_prec",16,2,140101,131,0.886,0.05,0.08
"adaptive_loso_signflip","n16_v128","kenergy_prec",16,2,140101,132,0.668,0.05,0.08
"adaptive_loso_signflip","n16_v128","kenergy_prec",16,2,140101,133,0.65,0.05,0.08
"adaptive_loso_signflip","n16_v128","kenergy_prec",16,2,140101,134,0.722,0.05,0.08
"adaptive_loso_signflip","n16_v128","kenergy_prec",16,2,140101,135,0.342,0.05,0.08
"adaptive_loso_signflip","n16_v128","kenergy_prec",16,2,140101,136,0.894,0.05,0.08
"adaptive_loso_signflip","n16_v128","kenergy_prec",16,2,140101,137,0.07,0.05,0.08
"adaptive_loso_signflip","n16_v128","kenergy_prec",16,2,140101,138,0.894,0.05,0.08
"adaptive_loso_signflip","n16_v128","kenergy_prec",16,2,140101,139,0.322,0.05,0.08
"adaptive_loso_signflip","n16_v128","kenergy_prec",16,2,140101,140,0.634,0.05,0.08
"adaptive_loso_signflip","n16_v128","kenergy_prec",16,2,140101,141,0.734,0.05,0.08
"adaptive_loso_signflip","n16_v128","kenergy_prec",16,2,140101,142,0.864,0.05,0.08
"adaptive_loso_signflip","n16_v128","kenergy_prec",16,2,140101,143,0.514,0.05,0.08
"adaptive_loso_signflip","n16_v128","kenergy_prec",16,2,140101,144,0.394,0.05,0.08
"adaptive_loso_signflip","n16_v128","kenergy_prec",16,2,140101,145,0.204,0.05,0.08
"adaptive_loso_signflip","n16_v128","kenergy_prec",16,2,140101,146,0.82,0.05,0.08
"adaptive_loso_signflip","n16_v128","kenergy_prec",16,2,140101,147,0.242,0.05,0.08
"adaptive_loso_signflip","n16_v128","kenergy_prec",16,2,140101,148,0.286,0.05,0.08
"adaptive_loso_signflip","n16_v128","kenergy_prec",16,2,140101,149,0.814,0.05,0.08
"adaptive_loso_signflip","n16_v128","kenergy_prec",16,2,140101,150,0.83,0.05,0.08
"adaptive_loso_signflip","n16_v128","kenergy_prec",16,2,140101,151,0.584,0.05,0.08
"adaptive_loso_signflip","n16_v128","kenergy_prec",16,2,140101,152,0.34,0.05,0.08
"adaptive_loso_signflip","n16_v128","kenergy_prec",16,2,140101,153,0.658,0.05,0.08
"adaptive_loso_signflip","n16_v128","kenergy_prec",16,2,140101,154,0.368,0.05,0.08
"adaptive_loso_signflip","n16_v128","kenergy_prec",16,2,140101,155,0.074,0.05,0.08
"adaptive_loso_signflip","n16_v128","kenergy_prec",16,2,140101,156,0.018,0.05,0.08
"adaptive_loso_signflip","n16_v128","kenergy_prec",16,2,140101,157,0.024,0.05,0.08
"adaptive_loso_signflip","n16_v128","kenergy_prec",16,2,140101,158,0.568,0.05,0.08
"adaptive_loso_signflip","n16_v128","kenergy_prec",16,2,140101,159,0.066,0.05,0.08
"adaptive_loso_signflip","n16_v128","kenergy_prec",16,2,140101,160,0.238,0.05,0.08
"adaptive_loso_signflip","n16_v128","kenergy_prec",16,2,140101,161,0.344,0.05,0.08
"adaptive_loso_signflip","n16_v128","kenergy_prec",16,2,140101,162,0.128,0.05,0.08
"adaptive_loso_signflip","n16_v128","kenergy_prec",16,2,140101,163,0.308,0.05,0.08
"adaptive_loso_signflip","n16_v128","kenergy_prec",16,2,140101,164,0.086,0.05,0.08
"adaptive_loso_signflip","n16_v128","kenergy_prec",16,2,140101,165,0.298,0.05,0.08
"adaptive_loso_signflip","n16_v128","kenergy_prec",16,2,140101,166,0.292,0.05,0.08
"adaptive_loso_signflip","n16_v128","kenergy_prec",16,2,140101,167,0.7,0.05,0.08
"adaptive_loso_signflip","n16_v128","kenergy_prec",16,2,140101,168,0.824,0.05,0.08
"adaptive_loso_signflip","n16_v128","kenergy_prec",16,2,140101,169,0.796,0.05,0.08
"adaptive_loso_signflip","n16_v128","kenergy_prec",16,2,140101,170,0.566,0.05,0.08
"adaptive_loso_signflip","n16_v128","kenergy_prec",16,2,140101,171,0.95,0.05,0.08
"adaptive_loso_signflip","n16_v128","kenergy_prec",16,2,140101,172,0.488,0.05,0.08
"adaptive_loso_signflip","n16_v128","kenergy_prec",16,2,140101,173,0.106,0.05,0.08
"adaptive_loso_signflip","n16_v128","kenergy_prec",16,2,140101,174,0.182,0.05,0.08
"adaptive_loso_signflip","n16_v128","kenergy_prec",16,2,140101,175,0.608,0.05,0.08
"adaptive_loso_signflip","n16_v128","kenergy_prec",16,2,140101,176,0.602,0.05,0.08
"adaptive_loso_signflip","n16_v128","kenergy_prec",16,2,140101,177,0.838,0.05,0.08
"adaptive_loso_signflip","n16_v128","kenergy_prec",16,2,140101,178,0.57,0.05,0.08
"adaptive_loso_signflip","n16_v128","kenergy_prec",16,2,140101,179,0.936,0.05,0.08
"adaptive_loso_signflip","n16_v128","kenergy_prec",16,2,140101,180,0.07,0.05,0.08
"adaptive_loso_signflip","n16_v128","kenergy_prec",16,2,140101,181,0.626,0.05,0.08
"adaptive_loso_signflip","n16_v128","kenergy_prec",16,2,140101,182,0.71,0.05,0.08
"adaptive_loso_signflip","n16_v128","kenergy_prec",16,2,140101,183,0.342,0.05,0.08
"adaptive_loso_signflip","n16_v128","kenergy_prec",16,2,140101,184,0.838,0.05,0.08
"adaptive_loso_signflip","n16_v128","kenergy_prec",16,2,140101,185,0.738,0.05,0.08
"adaptive_loso_signflip","n16_v128","kenergy_prec",16,2,140101,186,0.246,0.05,0.08
"adaptive_loso_signflip","n16_v128","kenergy_prec",16,2,140101,187,0.842,0.05,0.08
"adaptive_loso_signflip","n16_v128","kenergy_prec",16,2,140101,188,0.2,0.05,0.08
"adaptive_loso_signflip","n16_v128","kenergy_prec",16,2,140101,189,0.99,0.05,0.08
"adaptive_loso_signflip","n16_v128","kenergy_prec",16,2,140101,190,0.19,0.05,0.08
"adaptive_loso_signflip","n16_v128","kenergy_prec",16,2,140101,191,0.138,0.05,0.08
"adaptive_loso_signflip","n16_v128","kenergy_prec",16,2,140101,192,0.85,0.05,0.08
"adaptive_loso_signflip","n16_v128","kenergy_prec",16,2,140101,193,0.598,0.05,0.08
"adaptive_loso_signflip","n16_v128","kenergy_prec",16,2,140101,194,0.604,0.05,0.08
"adaptive_loso_signflip","n16_v128","kenergy_prec",16,2,140101,195,0.966,0.05,0.08
"adaptive_loso_signflip","n16_v128","kenergy_prec",16,2,140101,196,0.62,0.05,0.08
"adaptive_loso_signflip","n16_v128","kenergy_prec",16,2,140101,197,0.932,0.05,0.08
"adaptive_loso_signflip","n16_v128","kenergy_prec",16,2,140101,198,0.544,0.05,0.08
"adaptive_loso_signflip","n16_v128","kenergy_prec",16,2,140101,199,0.886,0.05,0.08
"adaptive_loso_signflip","n16_v128","kenergy_prec",16,2,140101,200,0.848,0.05,0.08
"adaptive_loso_signflip","n16_v128","kenergy_prec",16,3,240101,1,0.73,0.05,0.08
"adaptive_loso_signflip","n16_v128","kenergy_prec",16,3,240101,2,0.53,0.05,0.08
"adaptive_loso_signflip","n16_v128","kenergy_prec",16,3,240101,3,0.79,0.05,0.08
"adaptive_loso_signflip","n16_v128","kenergy_prec",16,3,240101,4,0.488,0.05,0.08
"adaptive_loso_signflip","n16_v128","kenergy_prec",16,3,240101,5,0.314,0.05,0.08
"adaptive_loso_signflip","n16_v128","kenergy_prec",16,3,240101,6,0.122,0.05,0.08
"adaptive_loso_signflip","n16_v128","kenergy_prec",16,3,240101,7,0.148,0.05,0.08
"adaptive_loso_signflip","n16_v128","kenergy_prec",16,3,240101,8,0.472,0.05,0.08
"adaptive_loso_signflip","n16_v128","kenergy_prec",16,3,240101,9,0.924,0.05,0.08
"adaptive_loso_signflip","n16_v128","kenergy_prec",16,3,240101,10,0.284,0.05,0.08
"adaptive_loso_signflip","n16_v128","kenergy_prec",16,3,240101,11,0.508,0.05,0.08
"adaptive_loso_signflip","n16_v128","kenergy_prec",16,3,240101,12,0.54,0.05,0.08
"adaptive_loso_signflip","n16_v128","kenergy_prec",16,3,240101,13,0.328,0.05,0.08
"adaptive_loso_signflip","n16_v128","kenergy_prec",16,3,240101,14,0.106,0.05,0.08
"adaptive_loso_signflip","n16_v128","kenergy_prec",16,3,240101,15,0.074,0.05,0.08
"adaptive_loso_signflip","n16_v128","kenergy_prec",16,3,240101,16,0.82,0.05,0.08
"adaptive_loso_signflip","n16_v128","kenergy_prec",16,3,240101,17,0.214,0.05,0.08
"adaptive_loso_signflip","n16_v128","kenergy_prec",16,3,240101,18,0.472,0.05,0.08
"adaptive_loso_signflip","n16_v128","kenergy_prec",16,3,240101,19,0.164,0.05,0.08
"adaptive_loso_signflip","n16_v128","kenergy_prec",16,3,240101,20,0.26,0.05,0.08
"adaptive_loso_signflip","n16_v128","kenergy_prec",16,3,240101,21,0.372,0.05,0.08
"adaptive_loso_signflip","n16_v128","kenergy_prec",16,3,240101,22,0.906,0.05,0.08
"adaptive_loso_signflip","n16_v128","kenergy_prec",16,3,240101,23,0.306,0.05,0.08
"adaptive_loso_signflip","n16_v128","kenergy_prec",16,3,240101,24,0.71,0.05,0.08
"adaptive_loso_signflip","n16_v128","kenergy_prec",16,3,240101,25,0.698,0.05,0.08
"adaptive_loso_signflip","n16_v128","kenergy_prec",16,3,240101,26,0.992,0.05,0.08
"adaptive_loso_signflip","n16_v128","kenergy_prec",16,3,240101,27,0.462,0.05,0.08
"adaptive_loso_signflip","n16_v128","kenergy_prec",16,3,240101,28,0.312,0.05,0.08
"adaptive_loso_signflip","n16_v128","kenergy_prec",16,3,240101,29,0.738,0.05,0.08
"adaptive_loso_signflip","n16_v128","kenergy_prec",16,3,240101,30,0.724,0.05,0.08
"adaptive_loso_signflip","n16_v128","kenergy_prec",16,3,240101,31,0.724,0.05,0.08
"adaptive_loso_signflip","n16_v128","kenergy_prec",16,3,240101,32,0.07,0.05,0.08
"adaptive_loso_signflip","n16_v128","kenergy_prec",16,3,240101,33,0.236,0.05,0.08
"adaptive_loso_signflip","n16_v128","kenergy_prec",16,3,240101,34,0.49,0.05,0.08
"adaptive_loso_signflip","n16_v128","kenergy_prec",16,3,240101,35,0.056,0.05,0.08
"adaptive_loso_signflip","n16_v128","kenergy_prec",16,3,240101,36,0.342,0.05,0.08
"adaptive_loso_signflip","n16_v128","kenergy_prec",16,3,240101,37,0.462,0.05,0.08
"adaptive_loso_signflip","n16_v128","kenergy_prec",16,3,240101,38,0.484,0.05,0.08
"adaptive_loso_signflip","n16_v128","kenergy_prec",16,3,240101,39,0.152,0.05,0.08
"adaptive_loso_signflip","n16_v128","kenergy_prec",16,3,240101,40,0.834,0.05,0.08
"adaptive_loso_signflip","n16_v128","kenergy_prec",16,3,240101,41,0.358,0.05,0.08
"adaptive_loso_signflip","n16_v128","kenergy_prec",16,3,240101,42,0.624,0.05,0.08
"adaptive_loso_signflip","n16_v128","kenergy_prec",16,3,240101,43,0.124,0.05,0.08
"adaptive_loso_signflip","n16_v128","kenergy_prec",16,3,240101,44,0.62,0.05,0.08
"adaptive_loso_signflip","n16_v128","kenergy_prec",16,3,240101,45,0.666,0.05,0.08
"adaptive_loso_signflip","n16_v128","kenergy_prec",16,3,240101,46,0.88,0.05,0.08
"adaptive_loso_signflip","n16_v128","kenergy_prec",16,3,240101,47,0.768,0.05,0.08
"adaptive_loso_signflip","n16_v128","kenergy_prec",16,3,240101,48,0.32,0.05,0.08
"adaptive_loso_signflip","n16_v128","kenergy_prec",16,3,240101,49,0.106,0.05,0.08
"adaptive_loso_signflip","n16_v128","kenergy_prec",16,3,240101,50,0.952,0.05,0.08
"adaptive_loso_signflip","n16_v128","kenergy_prec",16,3,240101,51,0.748,0.05,0.08
"adaptive_loso_signflip","n16_v128","kenergy_prec",16,3,240101,52,0.656,0.05,0.08
"adaptive_loso_signflip","n16_v128","kenergy_prec",16,3,240101,53,0.056,0.05,0.08
"adaptive_loso_signflip","n16_v128","kenergy_prec",16,3,240101,54,0.268,0.05,0.08
"adaptive_loso_signflip","n16_v128","kenergy_prec",16,3,240101,55,0.694,0.05,0.08
"adaptive_loso_signflip","n16_v128","kenergy_prec",16,3,240101,56,0.956,0.05,0.08
"adaptive_loso_signflip","n16_v128","kenergy_prec",16,3,240101,57,0.254,0.05,0.08
"adaptive_loso_signflip","n16_v128","kenergy_prec",16,3,240101,58,0.648,0.05,0.08
"adaptive_loso_signflip","n16_v128","kenergy_prec",16,3,240101,59,0.114,0.05,0.08
"adaptive_loso_signflip","n16_v128","kenergy_prec",16,3,240101,60,0.654,0.05,0.08
"adaptive_loso_signflip","n16_v128","kenergy_prec",16,3,240101,61,0.012,0.05,0.08
"adaptive_loso_signflip","n16_v128","kenergy_prec",16,3,240101,62,0.66,0.05,0.08
"adaptive_loso_signflip","n16_v128","kenergy_prec",16,3,240101,63,0.53,0.05,0.08
"adaptive_loso_signflip","n16_v128","kenergy_prec",16,3,240101,64,0.178,0.05,0.08
"adaptive_loso_signflip","n16_v128","kenergy_prec",16,3,240101,65,0.65,0.05,0.08
"adaptive_loso_signflip","n16_v128","kenergy_prec",16,3,240101,66,0.12,0.05,0.08
"adaptive_loso_signflip","n16_v128","kenergy_prec",16,3,240101,67,0.692,0.05,0.08
"adaptive_loso_signflip","n16_v128","kenergy_prec",16,3,240101,68,0.858,0.05,0.08
"adaptive_loso_signflip","n16_v128","kenergy_prec",16,3,240101,69,0.81,0.05,0.08
"adaptive_loso_signflip","n16_v128","kenergy_prec",16,3,240101,70,0.214,0.05,0.08
"adaptive_loso_signflip","n16_v128","kenergy_prec",16,3,240101,71,0.378,0.05,0.08
"adaptive_loso_signflip","n16_v128","kenergy_prec",16,3,240101,72,0.82,0.05,0.08
"adaptive_loso_signflip","n16_v128","kenergy_prec",16,3,240101,73,0.03,0.05,0.08
"adaptive_loso_signflip","n16_v128","kenergy_prec",16,3,240101,74,0.96,0.05,0.08
"adaptive_loso_signflip","n16_v128","kenergy_prec",16,3,240101,75,0.972,0.05,0.08
"adaptive_loso_signflip","n16_v128","kenergy_prec",16,3,240101,76,0.568,0.05,0.08
"adaptive_loso_signflip","n16_v128","kenergy_prec",16,3,240101,77,0.182,0.05,0.08
"adaptive_loso_signflip","n16_v128","kenergy_prec",16,3,240101,78,0.334,0.05,0.08
"adaptive_loso_signflip","n16_v128","kenergy_prec",16,3,240101,79,0.498,0.05,0.08
"adaptive_loso_signflip","n16_v128","kenergy_prec",16,3,240101,80,0.272,0.05,0.08
"adaptive_loso_signflip","n16_v128","kenergy_prec",16,3,240101,81,0.186,0.05,0.08
"adaptive_loso_signflip","n16_v128","kenergy_prec",16,3,240101,82,0.746,0.05,0.08
"adaptive_loso_signflip","n16_v128","kenergy_prec",16,3,240101,83,0.522,0.05,0.08
"adaptive_loso_signflip","n16_v128","kenergy_prec",16,3,240101,84,0.708,0.05,0.08
"adaptive_loso_signflip","n16_v128","kenergy_prec",16,3,240101,85,0.534,0.05,0.08
"adaptive_loso_signflip","n16_v128","kenergy_prec",16,3,240101,86,0.86,0.05,0.08
"adaptive_loso_signflip","n16_v128","kenergy_prec",16,3,240101,87,0.5,0.05,0.08
"adaptive_loso_signflip","n16_v128","kenergy_prec",16,3,240101,88,0.352,0.05,0.08
"adaptive_loso_signflip","n16_v128","kenergy_prec",16,3,240101,89,0.172,0.05,0.08
"adaptive_loso_signflip","n16_v128","kenergy_prec",16,3,240101,90,0.49,0.05,0.08
"adaptive_loso_signflip","n16_v128","kenergy_prec",16,3,240101,91,0.018,0.05,0.08
"adaptive_loso_signflip","n16_v128","kenergy_prec",16,3,240101,92,0.824,0.05,0.08
"adaptive_loso_signflip","n16_v128","kenergy_prec",16,3,240101,93,0.774,0.05,0.08
"adaptive_loso_signflip","n16_v128","kenergy_prec",16,3,240101,94,0.414,0.05,0.08
"adaptive_loso_signflip","n16_v128","kenergy_prec",16,3,240101,95,0.698,0.05,0.08
"adaptive_loso_signflip","n16_v128","kenergy_prec",16,3,240101,96,0.04,0.05,0.08
"adaptive_loso_signflip","n16_v128","kenergy_prec",16,3,240101,97,0.984,0.05,0.08
"adaptive_loso_signflip","n16_v128","kenergy_prec",16,3,240101,98,0.772,0.05,0.08
"adaptive_loso_signflip","n16_v128","kenergy_prec",16,3,240101,99,0.26,0.05,0.08
"adaptive_loso_signflip","n16_v128","kenergy_prec",16,3,240101,100,0.64,0.05,0.08
"adaptive_loso_signflip","n16_v128","kenergy_prec",16,3,240101,101,0.938,0.05,0.08
"adaptive_loso_signflip","n16_v128","kenergy_prec",16,3,240101,102,0.276,0.05,0.08
"adaptive_loso_signflip","n16_v128","kenergy_prec",16,3,240101,103,0.092,0.05,0.08
"adaptive_loso_signflip","n16_v128","kenergy_prec",16,3,240101,104,0.1,0.05,0.08
"adaptive_loso_signflip","n16_v128","kenergy_prec",16,3,240101,105,0.046,0.05,0.08
"adaptive_loso_signflip","n16_v128","kenergy_prec",16,3,240101,106,0.448,0.05,0.08
"adaptive_loso_signflip","n16_v128","kenergy_prec",16,3,240101,107,0.458,0.05,0.08
"adaptive_loso_signflip","n16_v128","kenergy_prec",16,3,240101,108,0.874,0.05,0.08
"adaptive_loso_signflip","n16_v128","kenergy_prec",16,3,240101,109,0.362,0.05,0.08
"adaptive_loso_signflip","n16_v128","kenergy_prec",16,3,240101,110,0.558,0.05,0.08
"adaptive_loso_signflip","n16_v128","kenergy_prec",16,3,240101,111,0.426,0.05,0.08
"adaptive_loso_signflip","n16_v128","kenergy_prec",16,3,240101,112,0.362,0.05,0.08
"adaptive_loso_signflip","n16_v128","kenergy_prec",16,3,240101,113,0.782,0.05,0.08
"adaptive_loso_signflip","n16_v128","kenergy_prec",16,3,240101,114,0.15,0.05,0.08
"adaptive_loso_signflip","n16_v128","kenergy_prec",16,3,240101,115,0.398,0.05,0.08
"adaptive_loso_signflip","n16_v128","kenergy_prec",16,3,240101,116,0.814,0.05,0.08
"adaptive_loso_signflip","n16_v128","kenergy_prec",16,3,240101,117,0.074,0.05,0.08
"adaptive_loso_signflip","n16_v128","kenergy_prec",16,3,240101,118,0.326,0.05,0.08
"adaptive_loso_signflip","n16_v128","kenergy_prec",16,3,240101,119,0.018,0.05,0.08
"adaptive_loso_signflip","n16_v128","kenergy_prec",16,3,240101,120,0.42,0.05,0.08
"adaptive_loso_signflip","n16_v128","kenergy_prec",16,3,240101,121,0.142,0.05,0.08
"adaptive_loso_signflip","n16_v128","kenergy_prec",16,3,240101,122,0.028,0.05,0.08
"adaptive_loso_signflip","n16_v128","kenergy_prec",16,3,240101,123,0.026,0.05,0.08
"adaptive_loso_signflip","n16_v128","kenergy_prec",16,3,240101,124,0.152,0.05,0.08
"adaptive_loso_signflip","n16_v128","kenergy_prec",16,3,240101,125,0.44,0.05,0.08
"adaptive_loso_signflip","n16_v128","kenergy_prec",16,3,240101,126,0.784,0.05,0.08
"adaptive_loso_signflip","n16_v128","kenergy_prec",16,3,240101,127,0.584,0.05,0.08
"adaptive_loso_signflip","n16_v128","kenergy_prec",16,3,240101,128,0.566,0.05,0.08
"adaptive_loso_signflip","n16_v128","kenergy_prec",16,3,240101,129,0.594,0.05,0.08
"adaptive_loso_signflip","n16_v128","kenergy_prec",16,3,240101,130,0.7,0.05,0.08
"adaptive_loso_signflip","n16_v128","kenergy_prec",16,3,240101,131,0.246,0.05,0.08
"adaptive_loso_signflip","n16_v128","kenergy_prec",16,3,240101,132,0.236,0.05,0.08
"adaptive_loso_signflip","n16_v128","kenergy_prec",16,3,240101,133,0.81,0.05,0.08
"adaptive_loso_signflip","n16_v128","kenergy_prec",16,3,240101,134,0.7,0.05,0.08
"adaptive_loso_signflip","n16_v128","kenergy_prec",16,3,240101,135,0.558,0.05,0.08
"adaptive_loso_signflip","n16_v128","kenergy_prec",16,3,240101,136,0.818,0.05,0.08
"adaptive_loso_signflip","n16_v128","kenergy_prec",16,3,240101,137,0.172,0.05,0.08
"adaptive_loso_signflip","n16_v128","kenergy_prec",16,3,240101,138,0.004,0.05,0.08
"adaptive_loso_signflip","n16_v128","kenergy_prec",16,3,240101,139,0.516,0.05,0.08
"adaptive_loso_signflip","n16_v128","kenergy_prec",16,3,240101,140,0.83,0.05,0.08
"adaptive_loso_signflip","n16_v128","kenergy_prec",16,3,240101,141,0.078,0.05,0.08
"adaptive_loso_signflip","n16_v128","kenergy_prec",16,3,240101,142,0.048,0.05,0.08
"adaptive_loso_signflip","n16_v128","kenergy_prec",16,3,240101,143,0.066,0.05,0.08
"adaptive_loso_signflip","n16_v128","kenergy_prec",16,3,240101,144,0.372,0.05,0.08
"adaptive_loso_signflip","n16_v128","kenergy_prec",16,3,240101,145,0.208,0.05,0.08
"adaptive_loso_signflip","n16_v128","kenergy_prec",16,3,240101,146,0.762,0.05,0.08
"adaptive_loso_signflip","n16_v128","kenergy_prec",16,3,240101,147,0.102,0.05,0.08
"adaptive_loso_signflip","n16_v128","kenergy_prec",16,3,240101,148,0.956,0.05,0.08
"adaptive_loso_signflip","n16_v128","kenergy_prec",16,3,240101,149,0.19,0.05,0.08
"adaptive_loso_signflip","n16_v128","kenergy_prec",16,3,240101,150,0.116,0.05,0.08
"adaptive_loso_signflip","n16_v128","kenergy_prec",16,3,240101,151,0.264,0.05,0.08
"adaptive_loso_signflip","n16_v128","kenergy_prec",16,3,240101,152,0.478,0.05,0.08
"adaptive_loso_signflip","n16_v128","kenergy_prec",16,3,240101,153,0.606,0.05,0.08
"adaptive_loso_signflip","n16_v128","kenergy_prec",16,3,240101,154,0.318,0.05,0.08
"adaptive_loso_signflip","n16_v128","kenergy_prec",16,3,240101,155,0.976,0.05,0.08
"adaptive_loso_signflip","n16_v128","kenergy_prec",16,3,240101,156,0.402,0.05,0.08
"adaptive_loso_signflip","n16_v128","kenergy_prec",16,3,240101,157,0.672,0.05,0.08
"adaptive_loso_signflip","n16_v128","kenergy_prec",16,3,240101,158,0.236,0.05,0.08
"adaptive_loso_signflip","n16_v128","kenergy_prec",16,3,240101,159,0.796,0.05,0.08
"adaptive_loso_signflip","n16_v128","kenergy_prec",16,3,240101,160,0.366,0.05,0.08
"adaptive_loso_signflip","n16_v128","kenergy_prec",16,3,240101,161,0.954,0.05,0.08
"adaptive_loso_signflip","n16_v128","kenergy_prec",16,3,240101,162,0.926,0.05,0.08
"adaptive_loso_signflip","n16_v128","kenergy_prec",16,3,240101,163,0.076,0.05,0.08
"adaptive_loso_signflip","n16_v128","kenergy_prec",16,3,240101,164,0.354,0.05,0.08
"adaptive_loso_signflip","n16_v128","kenergy_prec",16,3,240101,165,0.95,0.05,0.08
"adaptive_loso_signflip","n16_v128","kenergy_prec",16,3,240101,166,0.556,0.05,0.08
"adaptive_loso_signflip","n16_v128","kenergy_prec",16,3,240101,167,0.096,0.05,0.08
"adaptive_loso_signflip","n16_v128","kenergy_prec",16,3,240101,168,0.594,0.05,0.08
"adaptive_loso_signflip","n16_v128","kenergy_prec",16,3,240101,169,0.73,0.05,0.08
"adaptive_loso_signflip","n16_v128","kenergy_prec",16,3,240101,170,0.688,0.05,0.08
"adaptive_loso_signflip","n16_v128","kenergy_prec",16,3,240101,171,0.486,0.05,0.08
"adaptive_loso_signflip","n16_v128","kenergy_prec",16,3,240101,172,0.026,0.05,0.08
"adaptive_loso_signflip","n16_v128","kenergy_prec",16,3,240101,173,0.704,0.05,0.08
"adaptive_loso_signflip","n16_v128","kenergy_prec",16,3,240101,174,0.998,0.05,0.08
"adaptive_loso_signflip","n16_v128","kenergy_prec",16,3,240101,175,0.426,0.05,0.08
"adaptive_loso_signflip","n16_v128","kenergy_prec",16,3,240101,176,0.756,0.05,0.08
"adaptive_loso_signflip","n16_v128","kenergy_prec",16,3,240101,177,0.398,0.05,0.08
"adaptive_loso_signflip","n16_v128","kenergy_prec",16,3,240101,178,0.844,0.05,0.08
"adaptive_loso_signflip","n16_v128","kenergy_prec",16,3,240101,179,0.144,0.05,0.08
"adaptive_loso_signflip","n16_v128","kenergy_prec",16,3,240101,180,0.77,0.05,0.08
"adaptive_loso_signflip","n16_v128","kenergy_prec",16,3,240101,181,0.766,0.05,0.08
"adaptive_loso_signflip","n16_v128","kenergy_prec",16,3,240101,182,0.12,0.05,0.08
"adaptive_loso_signflip","n16_v128","kenergy_prec",16,3,240101,183,0.498,0.05,0.08
"adaptive_loso_signflip","n16_v128","kenergy_prec",16,3,240101,184,0.872,0.05,0.08
"adaptive_loso_signflip","n16_v128","kenergy_prec",16,3,240101,185,0.838,0.05,0.08
"adaptive_loso_signflip","n16_v128","kenergy_prec",16,3,240101,186,0.918,0.05,0.08
"adaptive_loso_signflip","n16_v128","kenergy_prec",16,3,240101,187,0.026,0.05,0.08
"adaptive_loso_signflip","n16_v128","kenergy_prec",16,3,240101,188,0.642,0.05,0.08
"adaptive_loso_signflip","n16_v128","kenergy_prec",16,3,240101,189,0.394,0.05,0.08
"adaptive_loso_signflip","n16_v128","kenergy_prec",16,3,240101,190,0.404,0.05,0.08
"adaptive_loso_signflip","n16_v128","kenergy_prec",16,3,240101,191,0.232,0.05,0.08
"adaptive_loso_signflip","n16_v128","kenergy_prec",16,3,240101,192,0.648,0.05,0.08
"adaptive_loso_signflip","n16_v128","kenergy_prec",16,3,240101,193,0.65,0.05,0.08
"adaptive_loso_signflip","n16_v128","kenergy_prec",16,3,240101,194,0.432,0.05,0.08
"adaptive_loso_signflip","n16_v128","kenergy_prec",16,3,240101,195,0.264,0.05,0.08
"adaptive_loso_signflip","n16_v128","kenergy_prec",16,3,240101,196,1,0.05,0.08
"adaptive_loso_signflip","n16_v128","kenergy_prec",16,3,240101,197,0.894,0.05,0.08
"adaptive_loso_signflip","n16_v128","kenergy_prec",16,3,240101,198,0.74,0.05,0.08
"adaptive_loso_signflip","n16_v128","kenergy_prec",16,3,240101,199,0.89,0.05,0.08
"adaptive_loso_signflip","n16_v128","kenergy_prec",16,3,240101,200,0.138,0.05,0.08
"adaptive_loso_signflip","n16_v128","kenergy_prec",16,4,340101,1,0.854,0.05,0.08
"adaptive_loso_signflip","n16_v128","kenergy_prec",16,4,340101,2,0.442,0.05,0.08
"adaptive_loso_signflip","n16_v128","kenergy_prec",16,4,340101,3,0.922,0.05,0.08
"adaptive_loso_signflip","n16_v128","kenergy_prec",16,4,340101,4,0.146,0.05,0.08
"adaptive_loso_signflip","n16_v128","kenergy_prec",16,4,340101,5,0.586,0.05,0.08
"adaptive_loso_signflip","n16_v128","kenergy_prec",16,4,340101,6,0.21,0.05,0.08
"adaptive_loso_signflip","n16_v128","kenergy_prec",16,4,340101,7,0.512,0.05,0.08
"adaptive_loso_signflip","n16_v128","kenergy_prec",16,4,340101,8,0.544,0.05,0.08
"adaptive_loso_signflip","n16_v128","kenergy_prec",16,4,340101,9,0.952,0.05,0.08
"adaptive_loso_signflip","n16_v128","kenergy_prec",16,4,340101,10,0.42,0.05,0.08
"adaptive_loso_signflip","n16_v128","kenergy_prec",16,4,340101,11,0.756,0.05,0.08
"adaptive_loso_signflip","n16_v128","kenergy_prec",16,4,340101,12,0.592,0.05,0.08
"adaptive_loso_signflip","n16_v128","kenergy_prec",16,4,340101,13,0.986,0.05,0.08
"adaptive_loso_signflip","n16_v128","kenergy_prec",16,4,340101,14,0.658,0.05,0.08
"adaptive_loso_signflip","n16_v128","kenergy_prec",16,4,340101,15,0.012,0.05,0.08
"adaptive_loso_signflip","n16_v128","kenergy_prec",16,4,340101,16,0.388,0.05,0.08
"adaptive_loso_signflip","n16_v128","kenergy_prec",16,4,340101,17,0.66,0.05,0.08
"adaptive_loso_signflip","n16_v128","kenergy_prec",16,4,340101,18,0.868,0.05,0.08
"adaptive_loso_signflip","n16_v128","kenergy_prec",16,4,340101,19,0.816,0.05,0.08
"adaptive_loso_signflip","n16_v128","kenergy_prec",16,4,340101,20,0.12,0.05,0.08
"adaptive_loso_signflip","n16_v128","kenergy_prec",16,4,340101,21,0.654,0.05,0.08
"adaptive_loso_signflip","n16_v128","kenergy_prec",16,4,340101,22,0.862,0.05,0.08
"adaptive_loso_signflip","n16_v128","kenergy_prec",16,4,340101,23,0.12,0.05,0.08
"adaptive_loso_signflip","n16_v128","kenergy_prec",16,4,340101,24,0.654,0.05,0.08
"adaptive_loso_signflip","n16_v128","kenergy_prec",16,4,340101,25,0.798,0.05,0.08
"adaptive_loso_signflip","n16_v128","kenergy_prec",16,4,340101,26,0.854,0.05,0.08
"adaptive_loso_signflip","n16_v128","kenergy_prec",16,4,340101,27,0.754,0.05,0.08
"adaptive_loso_signflip","n16_v128","kenergy_prec",16,4,340101,28,0.396,0.05,0.08
"adaptive_loso_signflip","n16_v128","kenergy_prec",16,4,340101,29,0.314,0.05,0.08
"adaptive_loso_signflip","n16_v128","kenergy_prec",16,4,340101,30,0.408,0.05,0.08
"adaptive_loso_signflip","n16_v128","kenergy_prec",16,4,340101,31,0.872,0.05,0.08
"adaptive_loso_signflip","n16_v128","kenergy_prec",16,4,340101,32,0.938,0.05,0.08
"adaptive_loso_signflip","n16_v128","kenergy_prec",16,4,340101,33,0.814,0.05,0.08
"adaptive_loso_signflip","n16_v128","kenergy_prec",16,4,340101,34,0.716,0.05,0.08
"adaptive_loso_signflip","n16_v128","kenergy_prec",16,4,340101,35,0.474,0.05,0.08
"adaptive_loso_signflip","n16_v128","kenergy_prec",16,4,340101,36,0.602,0.05,0.08
"adaptive_loso_signflip","n16_v128","kenergy_prec",16,4,340101,37,0.138,0.05,0.08
"adaptive_loso_signflip","n16_v128","kenergy_prec",16,4,340101,38,0.258,0.05,0.08
"adaptive_loso_signflip","n16_v128","kenergy_prec",16,4,340101,39,0.626,0.05,0.08
"adaptive_loso_signflip","n16_v128","kenergy_prec",16,4,340101,40,0.854,0.05,0.08
"adaptive_loso_signflip","n16_v128","kenergy_prec",16,4,340101,41,0.43,0.05,0.08
"adaptive_loso_signflip","n16_v128","kenergy_prec",16,4,340101,42,0.98,0.05,0.08
"adaptive_loso_signflip","n16_v128","kenergy_prec",16,4,340101,43,0.048,0.05,0.08
"adaptive_loso_signflip","n16_v128","kenergy_prec",16,4,340101,44,0.532,0.05,0.08
"adaptive_loso_signflip","n16_v128","kenergy_prec",16,4,340101,45,0.128,0.05,0.08
"adaptive_loso_signflip","n16_v128","kenergy_prec",16,4,340101,46,0.546,0.05,0.08
"adaptive_loso_signflip","n16_v128","kenergy_prec",16,4,340101,47,0.618,0.05,0.08
"adaptive_loso_signflip","n16_v128","kenergy_prec",16,4,340101,48,0.796,0.05,0.08
"adaptive_loso_signflip","n16_v128","kenergy_prec",16,4,340101,49,0.406,0.05,0.08
"adaptive_loso_signflip","n16_v128","kenergy_prec",16,4,340101,50,0.196,0.05,0.08
"adaptive_loso_signflip","n16_v128","kenergy_prec",16,4,340101,51,0.452,0.05,0.08
"adaptive_loso_signflip","n16_v128","kenergy_prec",16,4,340101,52,0.902,0.05,0.08
"adaptive_loso_signflip","n16_v128","kenergy_prec",16,4,340101,53,0.018,0.05,0.08
"adaptive_loso_signflip","n16_v128","kenergy_prec",16,4,340101,54,0.864,0.05,0.08
"adaptive_loso_signflip","n16_v128","kenergy_prec",16,4,340101,55,0.908,0.05,0.08
"adaptive_loso_signflip","n16_v128","kenergy_prec",16,4,340101,56,0.088,0.05,0.08
"adaptive_loso_signflip","n16_v128","kenergy_prec",16,4,340101,57,0.488,0.05,0.08
"adaptive_loso_signflip","n16_v128","kenergy_prec",16,4,340101,58,0.534,0.05,0.08
"adaptive_loso_signflip","n16_v128","kenergy_prec",16,4,340101,59,0.808,0.05,0.08
"adaptive_loso_signflip","n16_v128","kenergy_prec",16,4,340101,60,0.488,0.05,0.08
"adaptive_loso_signflip","n16_v128","kenergy_prec",16,4,340101,61,0.188,0.05,0.08
"adaptive_loso_signflip","n16_v128","kenergy_prec",16,4,340101,62,0.086,0.05,0.08
"adaptive_loso_signflip","n16_v128","kenergy_prec",16,4,340101,63,0.672,0.05,0.08
"adaptive_loso_signflip","n16_v128","kenergy_prec",16,4,340101,64,0.33,0.05,0.08
"adaptive_loso_signflip","n16_v128","kenergy_prec",16,4,340101,65,0.32,0.05,0.08
"adaptive_loso_signflip","n16_v128","kenergy_prec",16,4,340101,66,0.962,0.05,0.08
"adaptive_loso_signflip","n16_v128","kenergy_prec",16,4,340101,67,0.156,0.05,0.08
"adaptive_loso_signflip","n16_v128","kenergy_prec",16,4,340101,68,0.942,0.05,0.08
"adaptive_loso_signflip","n16_v128","kenergy_prec",16,4,340101,69,0.55,0.05,0.08
"adaptive_loso_signflip","n16_v128","kenergy_prec",16,4,340101,70,0.806,0.05,0.08
"adaptive_loso_signflip","n16_v128","kenergy_prec",16,4,340101,71,0.488,0.05,0.08
"adaptive_loso_signflip","n16_v128","kenergy_prec",16,4,340101,72,0.164,0.05,0.08
"adaptive_loso_signflip","n16_v128","kenergy_prec",16,4,340101,73,0.868,0.05,0.08
"adaptive_loso_signflip","n16_v128","kenergy_prec",16,4,340101,74,0.77,0.05,0.08
"adaptive_loso_signflip","n16_v128","kenergy_prec",16,4,340101,75,0.856,0.05,0.08
"adaptive_loso_signflip","n16_v128","kenergy_prec",16,4,340101,76,0.95,0.05,0.08
"adaptive_loso_signflip","n16_v128","kenergy_prec",16,4,340101,77,0.714,0.05,0.08
"adaptive_loso_signflip","n16_v128","kenergy_prec",16,4,340101,78,0.946,0.05,0.08
"adaptive_loso_signflip","n16_v128","kenergy_prec",16,4,340101,79,0.874,0.05,0.08
"adaptive_loso_signflip","n16_v128","kenergy_prec",16,4,340101,80,0.962,0.05,0.08
"adaptive_loso_signflip","n16_v128","kenergy_prec",16,4,340101,81,0.436,0.05,0.08
"adaptive_loso_signflip","n16_v128","kenergy_prec",16,4,340101,82,0.62,0.05,0.08
"adaptive_loso_signflip","n16_v128","kenergy_prec",16,4,340101,83,0.946,0.05,0.08
"adaptive_loso_signflip","n16_v128","kenergy_prec",16,4,340101,84,0.698,0.05,0.08
"adaptive_loso_signflip","n16_v128","kenergy_prec",16,4,340101,85,0.456,0.05,0.08
"adaptive_loso_signflip","n16_v128","kenergy_prec",16,4,340101,86,0.096,0.05,0.08
"adaptive_loso_signflip","n16_v128","kenergy_prec",16,4,340101,87,0.112,0.05,0.08
"adaptive_loso_signflip","n16_v128","kenergy_prec",16,4,340101,88,0.61,0.05,0.08
"adaptive_loso_signflip","n16_v128","kenergy_prec",16,4,340101,89,0.78,0.05,0.08
"adaptive_loso_signflip","n16_v128","kenergy_prec",16,4,340101,90,0.3,0.05,0.08
"adaptive_loso_signflip","n16_v128","kenergy_prec",16,4,340101,91,0.868,0.05,0.08
"adaptive_loso_signflip","n16_v128","kenergy_prec",16,4,340101,92,0.054,0.05,0.08
"adaptive_loso_signflip","n16_v128","kenergy_prec",16,4,340101,93,0.038,0.05,0.08
"adaptive_loso_signflip","n16_v128","kenergy_prec",16,4,340101,94,0.416,0.05,0.08
"adaptive_loso_signflip","n16_v128","kenergy_prec",16,4,340101,95,0.244,0.05,0.08
"adaptive_loso_signflip","n16_v128","kenergy_prec",16,4,340101,96,0.908,0.05,0.08
"adaptive_loso_signflip","n16_v128","kenergy_prec",16,4,340101,97,0.788,0.05,0.08
"adaptive_loso_signflip","n16_v128","kenergy_prec",16,4,340101,98,0.254,0.05,0.08
"adaptive_loso_signflip","n16_v128","kenergy_prec",16,4,340101,99,0.044,0.05,0.08
"adaptive_loso_signflip","n16_v128","kenergy_prec",16,4,340101,100,0.058,0.05,0.08
"adaptive_loso_signflip","n16_v128","kenergy_prec",16,4,340101,101,0.636,0.05,0.08
"adaptive_loso_signflip","n16_v128","kenergy_prec",16,4,340101,102,0.438,0.05,0.08
"adaptive_loso_signflip","n16_v128","kenergy_prec",16,4,340101,103,0.92,0.05,0.08
"adaptive_loso_signflip","n16_v128","kenergy_prec",16,4,340101,104,0.184,0.05,0.08
"adaptive_loso_signflip","n16_v128","kenergy_prec",16,4,340101,105,0.032,0.05,0.08
"adaptive_loso_signflip","n16_v128","kenergy_prec",16,4,340101,106,0.124,0.05,0.08
"adaptive_loso_signflip","n16_v128","kenergy_prec",16,4,340101,107,0.218,0.05,0.08
"adaptive_loso_signflip","n16_v128","kenergy_prec",16,4,340101,108,0.496,0.05,0.08
"adaptive_loso_signflip","n16_v128","kenergy_prec",16,4,340101,109,0.046,0.05,0.08
"adaptive_loso_signflip","n16_v128","kenergy_prec",16,4,340101,110,0.102,0.05,0.08
"adaptive_loso_signflip","n16_v128","kenergy_prec",16,4,340101,111,0.262,0.05,0.08
"adaptive_loso_signflip","n16_v128","kenergy_prec",16,4,340101,112,0.112,0.05,0.08
"adaptive_loso_signflip","n16_v128","kenergy_prec",16,4,340101,113,0.972,0.05,0.08
"adaptive_loso_signflip","n16_v128","kenergy_prec",16,4,340101,114,0.574,0.05,0.08
"adaptive_loso_signflip","n16_v128","kenergy_prec",16,4,340101,115,0.416,0.05,0.08
"adaptive_loso_signflip","n16_v128","kenergy_prec",16,4,340101,116,0.002,0.05,0.08
"adaptive_loso_signflip","n16_v128","kenergy_prec",16,4,340101,117,0.806,0.05,0.08
"adaptive_loso_signflip","n16_v128","kenergy_prec",16,4,340101,118,0.168,0.05,0.08
"adaptive_loso_signflip","n16_v128","kenergy_prec",16,4,340101,119,0.748,0.05,0.08
"adaptive_loso_signflip","n16_v128","kenergy_prec",16,4,340101,120,0.726,0.05,0.08
"adaptive_loso_signflip","n16_v128","kenergy_prec",16,4,340101,121,0.964,0.05,0.08
"adaptive_loso_signflip","n16_v128","kenergy_prec",16,4,340101,122,0.958,0.05,0.08
"adaptive_loso_signflip","n16_v128","kenergy_prec",16,4,340101,123,0.692,0.05,0.08
"adaptive_loso_signflip","n16_v128","kenergy_prec",16,4,340101,124,0.438,0.05,0.08
"adaptive_loso_signflip","n16_v128","kenergy_prec",16,4,340101,125,0.43,0.05,0.08
"adaptive_loso_signflip","n16_v128","kenergy_prec",16,4,340101,126,0.484,0.05,0.08
"adaptive_loso_signflip","n16_v128","kenergy_prec",16,4,340101,127,0.766,0.05,0.08
"adaptive_loso_signflip","n16_v128","kenergy_prec",16,4,340101,128,0.916,0.05,0.08
"adaptive_loso_signflip","n16_v128","kenergy_prec",16,4,340101,129,0.89,0.05,0.08
"adaptive_loso_signflip","n16_v128","kenergy_prec",16,4,340101,130,0.968,0.05,0.08
"adaptive_loso_signflip","n16_v128","kenergy_prec",16,4,340101,131,0.154,0.05,0.08
"adaptive_loso_signflip","n16_v128","kenergy_prec",16,4,340101,132,0.68,0.05,0.08
"adaptive_loso_signflip","n16_v128","kenergy_prec",16,4,340101,133,0.96,0.05,0.08
"adaptive_loso_signflip","n16_v128","kenergy_prec",16,4,340101,134,0.12,0.05,0.08
"adaptive_loso_signflip","n16_v128","kenergy_prec",16,4,340101,135,0.99,0.05,0.08
"adaptive_loso_signflip","n16_v128","kenergy_prec",16,4,340101,136,0.984,0.05,0.08
"adaptive_loso_signflip","n16_v128","kenergy_prec",16,4,340101,137,0.476,0.05,0.08
"adaptive_loso_signflip","n16_v128","kenergy_prec",16,4,340101,138,0.33,0.05,0.08
"adaptive_loso_signflip","n16_v128","kenergy_prec",16,4,340101,139,0.038,0.05,0.08
"adaptive_loso_signflip","n16_v128","kenergy_prec",16,4,340101,140,0.282,0.05,0.08
"adaptive_loso_signflip","n16_v128","kenergy_prec",16,4,340101,141,0.13,0.05,0.08
"adaptive_loso_signflip","n16_v128","kenergy_prec",16,4,340101,142,0.248,0.05,0.08
"adaptive_loso_signflip","n16_v128","kenergy_prec",16,4,340101,143,0.01,0.05,0.08
"adaptive_loso_signflip","n16_v128","kenergy_prec",16,4,340101,144,0.036,0.05,0.08
"adaptive_loso_signflip","n16_v128","kenergy_prec",16,4,340101,145,0.026,0.05,0.08
"adaptive_loso_signflip","n16_v128","kenergy_prec",16,4,340101,146,0.64,0.05,0.08
"adaptive_loso_signflip","n16_v128","kenergy_prec",16,4,340101,147,0.496,0.05,0.08
"adaptive_loso_signflip","n16_v128","kenergy_prec",16,4,340101,148,0.172,0.05,0.08
"adaptive_loso_signflip","n16_v128","kenergy_prec",16,4,340101,149,0.014,0.05,0.08
"adaptive_loso_signflip","n16_v128","kenergy_prec",16,4,340101,150,0.128,0.05,0.08
"adaptive_loso_signflip","n16_v128","kenergy_prec",16,4,340101,151,0.282,0.05,0.08
"adaptive_loso_signflip","n16_v128","kenergy_prec",16,4,340101,152,0.524,0.05,0.08
"adaptive_loso_signflip","n16_v128","kenergy_prec",16,4,340101,153,0.226,0.05,0.08
"adaptive_loso_signflip","n16_v128","kenergy_prec",16,4,340101,154,0.94,0.05,0.08
"adaptive_loso_signflip","n16_v128","kenergy_prec",16,4,340101,155,0.046,0.05,0.08
"adaptive_loso_signflip","n16_v128","kenergy_prec",16,4,340101,156,0.662,0.05,0.08
"adaptive_loso_signflip","n16_v128","kenergy_prec",16,4,340101,157,0.54,0.05,0.08
"adaptive_loso_signflip","n16_v128","kenergy_prec",16,4,340101,158,0.252,0.05,0.08
"adaptive_loso_signflip","n16_v128","kenergy_prec",16,4,340101,159,0.614,0.05,0.08
"adaptive_loso_signflip","n16_v128","kenergy_prec",16,4,340101,160,0.688,0.05,0.08
"adaptive_loso_signflip","n16_v128","kenergy_prec",16,4,340101,161,0.814,0.05,0.08
"adaptive_loso_signflip","n16_v128","kenergy_prec",16,4,340101,162,0.622,0.05,0.08
"adaptive_loso_signflip","n16_v128","kenergy_prec",16,4,340101,163,0.756,0.05,0.08
"adaptive_loso_signflip","n16_v128","kenergy_prec",16,4,340101,164,0.876,0.05,0.08
"adaptive_loso_signflip","n16_v128","kenergy_prec",16,4,340101,165,0.336,0.05,0.08
"adaptive_loso_signflip","n16_v128","kenergy_prec",16,4,340101,166,0.616,0.05,0.08
"adaptive_loso_signflip","n16_v128","kenergy_prec",16,4,340101,167,0.486,0.05,0.08
"adaptive_loso_signflip","n16_v128","kenergy_prec",16,4,340101,168,0.74,0.05,0.08
"adaptive_loso_signflip","n16_v128","kenergy_prec",16,4,340101,169,0.876,0.05,0.08
"adaptive_loso_signflip","n16_v128","kenergy_prec",16,4,340101,170,0.36,0.05,0.08
"adaptive_loso_signflip","n16_v128","kenergy_prec",16,4,340101,171,0.642,0.05,0.08
"adaptive_loso_signflip","n16_v128","kenergy_prec",16,4,340101,172,0.618,0.05,0.08
"adaptive_loso_signflip","n16_v128","kenergy_prec",16,4,340101,173,0.756,0.05,0.08
"adaptive_loso_signflip","n16_v128","kenergy_prec",16,4,340101,174,0.03,0.05,0.08
"adaptive_loso_signflip","n16_v128","kenergy_prec",16,4,340101,175,0.248,0.05,0.08
"adaptive_loso_signflip","n16_v128","kenergy_prec",16,4,340101,176,0.028,0.05,0.08
"adaptive_loso_signflip","n16_v128","kenergy_prec",16,4,340101,177,0.812,0.05,0.08
"adaptive_loso_signflip","n16_v128","kenergy_prec",16,4,340101,178,0.568,0.05,0.08
"adaptive_loso_signflip","n16_v128","kenergy_prec",16,4,340101,179,0.174,0.05,0.08
"adaptive_loso_signflip","n16_v128","kenergy_prec",16,4,340101,180,0.686,0.05,0.08
"adaptive_loso_signflip","n16_v128","kenergy_prec",16,4,340101,181,0.042,0.05,0.08
"adaptive_loso_signflip","n16_v128","kenergy_prec",16,4,340101,182,0.2,0.05,0.08
"adaptive_loso_signflip","n16_v128","kenergy_prec",16,4,340101,183,0.708,0.05,0.08
"adaptive_loso_signflip","n16_v128","kenergy_prec",16,4,340101,184,0.59,0.05,0.08
"adaptive_loso_signflip","n16_v128","kenergy_prec",16,4,340101,185,0.66,0.05,0.08
"adaptive_loso_signflip","n16_v128","kenergy_prec",16,4,340101,186,0.378,0.05,0.08
"adaptive_loso_signflip","n16_v128","kenergy_prec",16,4,340101,187,0.394,0.05,0.08
"adaptive_loso_signflip","n16_v128","kenergy_prec",16,4,340101,188,0.132,0.05,0.08
"adaptive_loso_signflip","n16_v128","kenergy_prec",16,4,340101,189,0.358,0.05,0.08
"adaptive_loso_signflip","n16_v128","kenergy_prec",16,4,340101,190,0.492,0.05,0.08
"adaptive_loso_signflip","n16_v128","kenergy_prec",16,4,340101,191,0.554,0.05,0.08
"adaptive_loso_signflip","n16_v128","kenergy_prec",16,4,340101,192,0.718,0.05,0.08
"adaptive_loso_signflip","n16_v128","kenergy_prec",16,4,340101,193,0.324,0.05,0.08
"adaptive_loso_signflip","n16_v128","kenergy_prec",16,4,340101,194,0.524,0.05,0.08
"adaptive_loso_signflip","n16_v128","kenergy_prec",16,4,340101,195,0.648,0.05,0.08
"adaptive_loso_signflip","n16_v128","kenergy_prec",16,4,340101,196,0.794,0.05,0.08
"adaptive_loso_signflip","n16_v128","kenergy_prec",16,4,340101,197,0.546,0.05,0.08
"adaptive_loso_signflip","n16_v128","kenergy_prec",16,4,340101,198,0.106,0.05,0.08
"adaptive_loso_signflip","n16_v128","kenergy_prec",16,4,340101,199,0.026,0.05,0.08
"adaptive_loso_signflip","n16_v128","kenergy_prec",16,4,340101,200,0.764,0.05,0.08
"adaptive_loso_signflip","n16_v128","kenergy_prec",16,5,440101,1,0.158,0.05,0.08
"adaptive_loso_signflip","n16_v128","kenergy_prec",16,5,440101,2,0.886,0.05,0.08
"adaptive_loso_signflip","n16_v128","kenergy_prec",16,5,440101,3,0.65,0.05,0.08
"adaptive_loso_signflip","n16_v128","kenergy_prec",16,5,440101,4,0.546,0.05,0.08
"adaptive_loso_signflip","n16_v128","kenergy_prec",16,5,440101,5,0.724,0.05,0.08
"adaptive_loso_signflip","n16_v128","kenergy_prec",16,5,440101,6,0.964,0.05,0.08
"adaptive_loso_signflip","n16_v128","kenergy_prec",16,5,440101,7,0.01,0.05,0.08
"adaptive_loso_signflip","n16_v128","kenergy_prec",16,5,440101,8,0.24,0.05,0.08
"adaptive_loso_signflip","n16_v128","kenergy_prec",16,5,440101,9,0.9,0.05,0.08
"adaptive_loso_signflip","n16_v128","kenergy_prec",16,5,440101,10,0.356,0.05,0.08
"adaptive_loso_signflip","n16_v128","kenergy_prec",16,5,440101,11,0.672,0.05,0.08
"adaptive_loso_signflip","n16_v128","kenergy_prec",16,5,440101,12,0.604,0.05,0.08
"adaptive_loso_signflip","n16_v128","kenergy_prec",16,5,440101,13,0.558,0.05,0.08
"adaptive_loso_signflip","n16_v128","kenergy_prec",16,5,440101,14,0.876,0.05,0.08
"adaptive_loso_signflip","n16_v128","kenergy_prec",16,5,440101,15,0.684,0.05,0.08
"adaptive_loso_signflip","n16_v128","kenergy_prec",16,5,440101,16,0.902,0.05,0.08
"adaptive_loso_signflip","n16_v128","kenergy_prec",16,5,440101,17,0.53,0.05,0.08
"adaptive_loso_signflip","n16_v128","kenergy_prec",16,5,440101,18,0.096,0.05,0.08
"adaptive_loso_signflip","n16_v128","kenergy_prec",16,5,440101,19,0.538,0.05,0.08
"adaptive_loso_signflip","n16_v128","kenergy_prec",16,5,440101,20,0.992,0.05,0.08
"adaptive_loso_signflip","n16_v128","kenergy_prec",16,5,440101,21,0.696,0.05,0.08
"adaptive_loso_signflip","n16_v128","kenergy_prec",16,5,440101,22,0.72,0.05,0.08
"adaptive_loso_signflip","n16_v128","kenergy_prec",16,5,440101,23,0.516,0.05,0.08
"adaptive_loso_signflip","n16_v128","kenergy_prec",16,5,440101,24,0.678,0.05,0.08
"adaptive_loso_signflip","n16_v128","kenergy_prec",16,5,440101,25,0.894,0.05,0.08
"adaptive_loso_signflip","n16_v128","kenergy_prec",16,5,440101,26,0.294,0.05,0.08
"adaptive_loso_signflip","n16_v128","kenergy_prec",16,5,440101,27,0.796,0.05,0.08
"adaptive_loso_signflip","n16_v128","kenergy_prec",16,5,440101,28,0.346,0.05,0.08
"adaptive_loso_signflip","n16_v128","kenergy_prec",16,5,440101,29,0.77,0.05,0.08
"adaptive_loso_signflip","n16_v128","kenergy_prec",16,5,440101,30,0.744,0.05,0.08
"adaptive_loso_signflip","n16_v128","kenergy_prec",16,5,440101,31,0.692,0.05,0.08
"adaptive_loso_signflip","n16_v128","kenergy_prec",16,5,440101,32,0.202,0.05,0.08
"adaptive_loso_signflip","n16_v128","kenergy_prec",16,5,440101,33,0.99,0.05,0.08
"adaptive_loso_signflip","n16_v128","kenergy_prec",16,5,440101,34,0.762,0.05,0.08
"adaptive_loso_signflip","n16_v128","kenergy_prec",16,5,440101,35,0.29,0.05,0.08
"adaptive_loso_signflip","n16_v128","kenergy_prec",16,5,440101,36,0.216,0.05,0.08
"adaptive_loso_signflip","n16_v128","kenergy_prec",16,5,440101,37,0.08,0.05,0.08
"adaptive_loso_signflip","n16_v128","kenergy_prec",16,5,440101,38,0.984,0.05,0.08
"adaptive_loso_signflip","n16_v128","kenergy_prec",16,5,440101,39,0.372,0.05,0.08
"adaptive_loso_signflip","n16_v128","kenergy_prec",16,5,440101,40,0.922,0.05,0.08
"adaptive_loso_signflip","n16_v128","kenergy_prec",16,5,440101,41,0.418,0.05,0.08
"adaptive_loso_signflip","n16_v128","kenergy_prec",16,5,440101,42,0.698,0.05,0.08
"adaptive_loso_signflip","n16_v128","kenergy_prec",16,5,440101,43,0.436,0.05,0.08
"adaptive_loso_signflip","n16_v128","kenergy_prec",16,5,440101,44,0.284,0.05,0.08
"adaptive_loso_signflip","n16_v128","kenergy_prec",16,5,440101,45,0.614,0.05,0.08
"adaptive_loso_signflip","n16_v128","kenergy_prec",16,5,440101,46,0.09,0.05,0.08
"adaptive_loso_signflip","n16_v128","kenergy_prec",16,5,440101,47,0.34,0.05,0.08
"adaptive_loso_signflip","n16_v128","kenergy_prec",16,5,440101,48,0.832,0.05,0.08
"adaptive_loso_signflip","n16_v128","kenergy_prec",16,5,440101,49,0.75,0.05,0.08
"adaptive_loso_signflip","n16_v128","kenergy_prec",16,5,440101,50,0.352,0.05,0.08
"adaptive_loso_signflip","n16_v128","kenergy_prec",16,5,440101,51,0.17,0.05,0.08
"adaptive_loso_signflip","n16_v128","kenergy_prec",16,5,440101,52,0.396,0.05,0.08
"adaptive_loso_signflip","n16_v128","kenergy_prec",16,5,440101,53,0.012,0.05,0.08
"adaptive_loso_signflip","n16_v128","kenergy_prec",16,5,440101,54,0.546,0.05,0.08
"adaptive_loso_signflip","n16_v128","kenergy_prec",16,5,440101,55,0.182,0.05,0.08
"adaptive_loso_signflip","n16_v128","kenergy_prec",16,5,440101,56,0.334,0.05,0.08
"adaptive_loso_signflip","n16_v128","kenergy_prec",16,5,440101,57,0.392,0.05,0.08
"adaptive_loso_signflip","n16_v128","kenergy_prec",16,5,440101,58,0.924,0.05,0.08
"adaptive_loso_signflip","n16_v128","kenergy_prec",16,5,440101,59,0.154,0.05,0.08
"adaptive_loso_signflip","n16_v128","kenergy_prec",16,5,440101,60,0.832,0.05,0.08
"adaptive_loso_signflip","n16_v128","kenergy_prec",16,5,440101,61,0.388,0.05,0.08
"adaptive_loso_signflip","n16_v128","kenergy_prec",16,5,440101,62,0.01,0.05,0.08
"adaptive_loso_signflip","n16_v128","kenergy_prec",16,5,440101,63,0.834,0.05,0.08
"adaptive_loso_signflip","n16_v128","kenergy_prec",16,5,440101,64,0.372,0.05,0.08
"adaptive_loso_signflip","n16_v128","kenergy_prec",16,5,440101,65,0.25,0.05,0.08
"adaptive_loso_signflip","n16_v128","kenergy_prec",16,5,440101,66,0.892,0.05,0.08
"adaptive_loso_signflip","n16_v128","kenergy_prec",16,5,440101,67,0.802,0.05,0.08
"adaptive_loso_signflip","n16_v128","kenergy_prec",16,5,440101,68,0.908,0.05,0.08
"adaptive_loso_signflip","n16_v128","kenergy_prec",16,5,440101,69,0.232,0.05,0.08
"adaptive_loso_signflip","n16_v128","kenergy_prec",16,5,440101,70,0.95,0.05,0.08
"adaptive_loso_signflip","n16_v128","kenergy_prec",16,5,440101,71,0.794,0.05,0.08
"adaptive_loso_signflip","n16_v128","kenergy_prec",16,5,440101,72,0.476,0.05,0.08
"adaptive_loso_signflip","n16_v128","kenergy_prec",16,5,440101,73,0.184,0.05,0.08
"adaptive_loso_signflip","n16_v128","kenergy_prec",16,5,440101,74,0.256,0.05,0.08
"adaptive_loso_signflip","n16_v128","kenergy_prec",16,5,440101,75,0.502,0.05,0.08
"adaptive_loso_signflip","n16_v128","kenergy_prec",16,5,440101,76,0.312,0.05,0.08
"adaptive_loso_signflip","n16_v128","kenergy_prec",16,5,440101,77,0.6,0.05,0.08
"adaptive_loso_signflip","n16_v128","kenergy_prec",16,5,440101,78,0.28,0.05,0.08
"adaptive_loso_signflip","n16_v128","kenergy_prec",16,5,440101,79,0.202,0.05,0.08
"adaptive_loso_signflip","n16_v128","kenergy_prec",16,5,440101,80,0.142,0.05,0.08
"adaptive_loso_signflip","n16_v128","kenergy_prec",16,5,440101,81,0.344,0.05,0.08
"adaptive_loso_signflip","n16_v128","kenergy_prec",16,5,440101,82,0.284,0.05,0.08
"adaptive_loso_signflip","n16_v128","kenergy_prec",16,5,440101,83,0.036,0.05,0.08
"adaptive_loso_signflip","n16_v128","kenergy_prec",16,5,440101,84,0.854,0.05,0.08
"adaptive_loso_signflip","n16_v128","kenergy_prec",16,5,440101,85,0.896,0.05,0.08
"adaptive_loso_signflip","n16_v128","kenergy_prec",16,5,440101,86,0.294,0.05,0.08
"adaptive_loso_signflip","n16_v128","kenergy_prec",16,5,440101,87,0.888,0.05,0.08
"adaptive_loso_signflip","n16_v128","kenergy_prec",16,5,440101,88,0.074,0.05,0.08
"adaptive_loso_signflip","n16_v128","kenergy_prec",16,5,440101,89,0.69,0.05,0.08
"adaptive_loso_signflip","n16_v128","kenergy_prec",16,5,440101,90,0.384,0.05,0.08
"adaptive_loso_signflip","n16_v128","kenergy_prec",16,5,440101,91,0.08,0.05,0.08
"adaptive_loso_signflip","n16_v128","kenergy_prec",16,5,440101,92,0.168,0.05,0.08
"adaptive_loso_signflip","n16_v128","kenergy_prec",16,5,440101,93,0.548,0.05,0.08
"adaptive_loso_signflip","n16_v128","kenergy_prec",16,5,440101,94,0.756,0.05,0.08
"adaptive_loso_signflip","n16_v128","kenergy_prec",16,5,440101,95,0.744,0.05,0.08
"adaptive_loso_signflip","n16_v128","kenergy_prec",16,5,440101,96,0.422,0.05,0.08
"adaptive_loso_signflip","n16_v128","kenergy_prec",16,5,440101,97,0.348,0.05,0.08
"adaptive_loso_signflip","n16_v128","kenergy_prec",16,5,440101,98,0.914,0.05,0.08
"adaptive_loso_signflip","n16_v128","kenergy_prec",16,5,440101,99,0.272,0.05,0.08
"adaptive_loso_signflip","n16_v128","kenergy_prec",16,5,440101,100,0.67,0.05,0.08
"adaptive_loso_signflip","n16_v128","kenergy_prec",16,5,440101,101,0.06,0.05,0.08
"adaptive_loso_signflip","n16_v128","kenergy_prec",16,5,440101,102,0.276,0.05,0.08
"adaptive_loso_signflip","n16_v128","kenergy_prec",16,5,440101,103,0.292,0.05,0.08
"adaptive_loso_signflip","n16_v128","kenergy_prec",16,5,440101,104,0.804,0.05,0.08
"adaptive_loso_signflip","n16_v128","kenergy_prec",16,5,440101,105,0.44,0.05,0.08
"adaptive_loso_signflip","n16_v128","kenergy_prec",16,5,440101,106,0.452,0.05,0.08
"adaptive_loso_signflip","n16_v128","kenergy_prec",16,5,440101,107,0.006,0.05,0.08
"adaptive_loso_signflip","n16_v128","kenergy_prec",16,5,440101,108,0.476,0.05,0.08
"adaptive_loso_signflip","n16_v128","kenergy_prec",16,5,440101,109,0.506,0.05,0.08
"adaptive_loso_signflip","n16_v128","kenergy_prec",16,5,440101,110,0.662,0.05,0.08
"adaptive_loso_signflip","n16_v128","kenergy_prec",16,5,440101,111,0.246,0.05,0.08
"adaptive_loso_signflip","n16_v128","kenergy_prec",16,5,440101,112,0.664,0.05,0.08
"adaptive_loso_signflip","n16_v128","kenergy_prec",16,5,440101,113,0.22,0.05,0.08
"adaptive_loso_signflip","n16_v128","kenergy_prec",16,5,440101,114,0.562,0.05,0.08
"adaptive_loso_signflip","n16_v128","kenergy_prec",16,5,440101,115,0.676,0.05,0.08
"adaptive_loso_signflip","n16_v128","kenergy_prec",16,5,440101,116,0.404,0.05,0.08
"adaptive_loso_signflip","n16_v128","kenergy_prec",16,5,440101,117,0.506,0.05,0.08
"adaptive_loso_signflip","n16_v128","kenergy_prec",16,5,440101,118,0.13,0.05,0.08
"adaptive_loso_signflip","n16_v128","kenergy_prec",16,5,440101,119,0.254,0.05,0.08
"adaptive_loso_signflip","n16_v128","kenergy_prec",16,5,440101,120,0.166,0.05,0.08
"adaptive_loso_signflip","n16_v128","kenergy_prec",16,5,440101,121,0.242,0.05,0.08
"adaptive_loso_signflip","n16_v128","kenergy_prec",16,5,440101,122,0.968,0.05,0.08
"adaptive_loso_signflip","n16_v128","kenergy_prec",16,5,440101,123,0.886,0.05,0.08
"adaptive_loso_signflip","n16_v128","kenergy_prec",16,5,440101,124,0.068,0.05,0.08
"adaptive_loso_signflip","n16_v128","kenergy_prec",16,5,440101,125,0.46,0.05,0.08
"adaptive_loso_signflip","n16_v128","kenergy_prec",16,5,440101,126,0.736,0.05,0.08
"adaptive_loso_signflip","n16_v128","kenergy_prec",16,5,440101,127,0.356,0.05,0.08
"adaptive_loso_signflip","n16_v128","kenergy_prec",16,5,440101,128,0.542,0.05,0.08
"adaptive_loso_signflip","n16_v128","kenergy_prec",16,5,440101,129,0.048,0.05,0.08
"adaptive_loso_signflip","n16_v128","kenergy_prec",16,5,440101,130,0.92,0.05,0.08
"adaptive_loso_signflip","n16_v128","kenergy_prec",16,5,440101,131,0.446,0.05,0.08
"adaptive_loso_signflip","n16_v128","kenergy_prec",16,5,440101,132,0.732,0.05,0.08
"adaptive_loso_signflip","n16_v128","kenergy_prec",16,5,440101,133,0.284,0.05,0.08
"adaptive_loso_signflip","n16_v128","kenergy_prec",16,5,440101,134,0.746,0.05,0.08
"adaptive_loso_signflip","n16_v128","kenergy_prec",16,5,440101,135,0.276,0.05,0.08
"adaptive_loso_signflip","n16_v128","kenergy_prec",16,5,440101,136,0.89,0.05,0.08
"adaptive_loso_signflip","n16_v128","kenergy_prec",16,5,440101,137,0.736,0.05,0.08
"adaptive_loso_signflip","n16_v128","kenergy_prec",16,5,440101,138,0.768,0.05,0.08
"adaptive_loso_signflip","n16_v128","kenergy_prec",16,5,440101,139,0.352,0.05,0.08
"adaptive_loso_signflip","n16_v128","kenergy_prec",16,5,440101,140,0.884,0.05,0.08
"adaptive_loso_signflip","n16_v128","kenergy_prec",16,5,440101,141,0.164,0.05,0.08
"adaptive_loso_signflip","n16_v128","kenergy_prec",16,5,440101,142,0.966,0.05,0.08
"adaptive_loso_signflip","n16_v128","kenergy_prec",16,5,440101,143,0.36,0.05,0.08
"adaptive_loso_signflip","n16_v128","kenergy_prec",16,5,440101,144,0.424,0.05,0.08
"adaptive_loso_signflip","n16_v128","kenergy_prec",16,5,440101,145,0.734,0.05,0.08
"adaptive_loso_signflip","n16_v128","kenergy_prec",16,5,440101,146,0.812,0.05,0.08
"adaptive_loso_signflip","n16_v128","kenergy_prec",16,5,440101,147,0.872,0.05,0.08
"adaptive_loso_signflip","n16_v128","kenergy_prec",16,5,440101,148,0.728,0.05,0.08
"adaptive_loso_signflip","n16_v128","kenergy_prec",16,5,440101,149,0.422,0.05,0.08
"adaptive_loso_signflip","n16_v128","kenergy_prec",16,5,440101,150,0.644,0.05,0.08
"adaptive_loso_signflip","n16_v128","kenergy_prec",16,5,440101,151,0.684,0.05,0.08
"adaptive_loso_signflip","n16_v128","kenergy_prec",16,5,440101,152,0.086,0.05,0.08
"adaptive_loso_signflip","n16_v128","kenergy_prec",16,5,440101,153,0.178,0.05,0.08
"adaptive_loso_signflip","n16_v128","kenergy_prec",16,5,440101,154,0.864,0.05,0.08
"adaptive_loso_signflip","n16_v128","kenergy_prec",16,5,440101,155,0.886,0.05,0.08
"adaptive_loso_signflip","n16_v128","kenergy_prec",16,5,440101,156,0.594,0.05,0.08
"adaptive_loso_signflip","n16_v128","kenergy_prec",16,5,440101,157,1,0.05,0.08
"adaptive_loso_signflip","n16_v128","kenergy_prec",16,5,440101,158,0.326,0.05,0.08
"adaptive_loso_signflip","n16_v128","kenergy_prec",16,5,440101,159,0.974,0.05,0.08
"adaptive_loso_signflip","n16_v128","kenergy_prec",16,5,440101,160,0.322,0.05,0.08
"adaptive_loso_signflip","n16_v128","kenergy_prec",16,5,440101,161,0.73,0.05,0.08
"adaptive_loso_signflip","n16_v128","kenergy_prec",16,5,440101,162,0.586,0.05,0.08
"adaptive_loso_signflip","n16_v128","kenergy_prec",16,5,440101,163,0.566,0.05,0.08
"adaptive_loso_signflip","n16_v128","kenergy_prec",16,5,440101,164,0.796,0.05,0.08
"adaptive_loso_signflip","n16_v128","kenergy_prec",16,5,440101,165,0.316,0.05,0.08
"adaptive_loso_signflip","n16_v128","kenergy_prec",16,5,440101,166,0.478,0.05,0.08
"adaptive_loso_signflip","n16_v128","kenergy_prec",16,5,440101,167,0.714,0.05,0.08
"adaptive_loso_signflip","n16_v128","kenergy_prec",16,5,440101,168,0.728,0.05,0.08
"adaptive_loso_signflip","n16_v128","kenergy_prec",16,5,440101,169,0.646,0.05,0.08
"adaptive_loso_signflip","n16_v128","kenergy_prec",16,5,440101,170,0.334,0.05,0.08
"adaptive_loso_signflip","n16_v128","kenergy_prec",16,5,440101,171,0.238,0.05,0.08
"adaptive_loso_signflip","n16_v128","kenergy_prec",16,5,440101,172,0.824,0.05,0.08
"adaptive_loso_signflip","n16_v128","kenergy_prec",16,5,440101,173,0.144,0.05,0.08
"adaptive_loso_signflip","n16_v128","kenergy_prec",16,5,440101,174,0.444,0.05,0.08
"adaptive_loso_signflip","n16_v128","kenergy_prec",16,5,440101,175,0.126,0.05,0.08
"adaptive_loso_signflip","n16_v128","kenergy_prec",16,5,440101,176,0.174,0.05,0.08
"adaptive_loso_signflip","n16_v128","kenergy_prec",16,5,440101,177,0.716,0.05,0.08
"adaptive_loso_signflip","n16_v128","kenergy_prec",16,5,440101,178,0.994,0.05,0.08
"adaptive_loso_signflip","n16_v128","kenergy_prec",16,5,440101,179,0.586,0.05,0.08
"adaptive_loso_signflip","n16_v128","kenergy_prec",16,5,440101,180,0.256,0.05,0.08
"adaptive_loso_signflip","n16_v128","kenergy_prec",16,5,440101,181,0.786,0.05,0.08
"adaptive_loso_signflip","n16_v128","kenergy_prec",16,5,440101,182,0.154,0.05,0.08
"adaptive_loso_signflip","n16_v128","kenergy_prec",16,5,440101,183,0.54,0.05,0.08
"adaptive_loso_signflip","n16_v128","kenergy_prec",16,5,440101,184,0.422,0.05,0.08
"adaptive_loso_signflip","n16_v128","kenergy_prec",16,5,440101,185,0.23,0.05,0.08
"adaptive_loso_signflip","n16_v128","kenergy_prec",16,5,440101,186,0.166,0.05,0.08
"adaptive_loso_signflip","n16_v128","kenergy_prec",16,5,440101,187,0.812,0.05,0.08
"adaptive_loso_signflip","n16_v128","kenergy_prec",16,5,440101,188,0.862,0.05,0.08
"adaptive_loso_signflip","n16_v128","kenergy_prec",16,5,440101,189,0.872,0.05,0.08
"adaptive_loso_signflip","n16_v128","kenergy_prec",16,5,440101,190,0.624,0.05,0.08
"adaptive_loso_signflip","n16_v128","kenergy_prec",16,5,440101,191,0.16,0.05,0.08
"adaptive_loso_signflip","n16_v128","kenergy_prec",16,5,440101,192,0.854,0.05,0.08
"adaptive_loso_signflip","n16_v128","kenergy_prec",16,5,440101,193,0.864,0.05,0.08
"adaptive_loso_signflip","n16_v128","kenergy_prec",16,5,440101,194,0.99,0.05,0.08
"adaptive_loso_signflip","n16_v128","kenergy_prec",16,5,440101,195,0.846,0.05,0.08
"adaptive_loso_signflip","n16_v128","kenergy_prec",16,5,440101,196,0.636,0.05,0.08
"adaptive_loso_signflip","n16_v128","kenergy_prec",16,5,440101,197,0.204,0.05,0.08
"adaptive_loso_signflip","n16_v128","kenergy_prec",16,5,440101,198,0.068,0.05,0.08
"adaptive_loso_signflip","n16_v128","kenergy_prec",16,5,440101,199,0.044,0.05,0.08
"adaptive_loso_signflip","n16_v128","kenergy_prec",16,5,440101,200,0.428,0.05,0.08
