"scenario","seed","signal","noise","missingness","method","subspace_angle_deg","inverse_count_correlation","contrast_error","interval_covered","null_reject","null_p","high_count_influence","empty_cell_fraction"
1,73101,"null","iid","mcar","legacy",NA,0.0634469573316173,NA,0,1,0.034,0.0647802048169695,0.134259259259259
1,73101,"null","iid","mcar","count",NA,0.0449454388551189,NA,0,1,0.034,0.0971555571843582,0.134259259259259
1,73101,"null","iid","mcar","explicit_precision",NA,0.0473671573081936,NA,0,1,0.034,0.0974778793091886,0.134259259259259
1,73101,"null","iid","mcar","random_effects",NA,0.0449454388551189,NA,0,1,0.034,0.0971555571843582,0.134259259259259
1,73101,"null","iid","mcar","iid_analytic",NA,0.0517054211838773,NA,0,1,0.034,0.0647802048169695,0.134259259259259
1,73101,"null","iid","mcar","covariance_analytic",NA,0.051705421183877,NA,0,1,0.034,0.0647802048169695,0.134259259259259
1,73101,"null","iid","mcar","split_half",NA,0.451050961757958,NA,1,1,0.034,0.259681736212586,0.134259259259259
1,73102,"null","iid","mcar","legacy",NA,0.0852441553082591,NA,0,0,0.668,0.0656454574836928,0.144444444444444
1,73102,"null","iid","mcar","count",NA,0.0995062700327909,NA,0,0,0.668,0.100547688819199,0.144444444444444
1,73102,"null","iid","mcar","explicit_precision",NA,0.102425242539971,NA,0,0,0.668,0.100523318160345,0.144444444444444
1,73102,"null","iid","mcar","random_effects",NA,0.0995062700327909,NA,0,0,0.668,0.100547688819199,0.144444444444444
1,73102,"null","iid","mcar","iid_analytic",NA,0.159565999459609,NA,1,0,0.668,0.0656454574836928,0.144444444444444
1,73102,"null","iid","mcar","covariance_analytic",NA,0.159565999459608,NA,1,0,0.668,0.0656454574836928,0.144444444444444
1,73102,"null","iid","mcar","split_half",NA,0.0941737041197767,NA,1,0,0.668,0.260634794222394,0.144444444444444
1,73103,"null","iid","mcar","legacy",NA,0.542786558432,NA,0,0,0.106,0.0659659403777051,0.147222222222222
1,73103,"null","iid","mcar","count",NA,0.563839258196943,NA,0,0,0.106,0.101533175705473,0.147222222222222
1,73103,"null","iid","mcar","explicit_precision",NA,0.555832127278876,NA,0,0,0.106,0.102113482900117,0.147222222222222
1,73103,"null","iid","mcar","random_effects",NA,0.563839258196943,NA,0,0,0.106,0.101533175705473,0.147222222222222
1,73103,"null","iid","mcar","iid_analytic",NA,0.509888493370223,NA,1,0,0.106,0.0659659403777051,0.147222222222222
1,73103,"null","iid","mcar","covariance_analytic",NA,0.509888493370223,NA,1,0,0.106,0.0659659403777051,0.147222222222222
1,73103,"null","iid","mcar","split_half",NA,0.0370322272379128,NA,1,0,0.106,0.25941165200664,0.147222222222222
1,73104,"null","iid","mcar","legacy",NA,0.197953008702307,NA,0,0,0.947,0.0651462086388557,0.139814814814815
1,73104,"null","iid","mcar","count",NA,0.222167536024575,NA,0,0,0.947,0.101260019643723,0.139814814814815
1,73104,"null","iid","mcar","explicit_precision",NA,0.220229401052133,NA,0,0,0.947,0.101692849074565,0.139814814814815
1,73104,"null","iid","mcar","random_effects",NA,0.222167536024575,NA,0,0,0.947,0.101260019643723,0.139814814814815
1,73104,"null","iid","mcar","iid_analytic",NA,0.217086469969269,NA,1,0,0.947,0.0651462086388557,0.139814814814815
1,73104,"null","iid","mcar","covariance_analytic",NA,0.217086469969269,NA,1,0,0.947,0.0651462086388557,0.139814814814815
1,73104,"null","iid","mcar","split_half",NA,0.158849866495733,NA,1,0,0.947,0.261225712176692,0.139814814814815
1,73105,"null","iid","mcar","legacy",NA,0.247683208156785,NA,0,0,0.284,0.0652052563449622,0.140740740740741
1,73105,"null","iid","mcar","count",NA,0.161637207038257,NA,0,0,0.284,0.100056853732396,0.140740740740741
1,73105,"null","iid","mcar","explicit_precision",NA,0.157839610142506,NA,0,0,0.284,0.100016918797441,0.140740740740741
1,73105,"null","iid","mcar","random_effects",NA,0.161637207038257,NA,0,0,0.284,0.100056853732396,0.140740740740741
1,73105,"null","iid","mcar","iid_analytic",NA,0.229934001393064,NA,1,0,0.284,0.0652052563449622,0.140740740740741
1,73105,"null","iid","mcar","covariance_analytic",NA,0.229934001393063,NA,1,0,0.284,0.0652052563449622,0.140740740740741
1,73105,"null","iid","mcar","split_half",NA,0.11302059373824,NA,1,0,0.284,0.26637416094205,0.140740740740741
1,73106,"null","iid","mcar","legacy",NA,0.303683239965954,NA,0,0,0.168,0.0648083656539539,0.135185185185185
1,73106,"null","iid","mcar","count",NA,0.285911078656255,NA,0,0,0.168,0.0982868063724176,0.135185185185185
1,73106,"null","iid","mcar","explicit_precision",NA,0.285171393768067,NA,0,0,0.168,0.098565106539572,0.135185185185185
1,73106,"null","iid","mcar","random_effects",NA,0.285911078656255,NA,0,0,0.168,0.0982868063724176,0.135185185185185
1,73106,"null","iid","mcar","iid_analytic",NA,0.315736634935589,NA,0,0,0.168,0.0648083656539539,0.135185185185185
1,73106,"null","iid","mcar","covariance_analytic",NA,0.315736634935588,NA,0,0,0.168,0.0648083656539539,0.135185185185185
1,73106,"null","iid","mcar","split_half",NA,0.292201367525583,NA,1,0,0.168,0.244781493826828,0.135185185185185
1,73107,"null","iid","mcar","legacy",NA,0.154703571732289,NA,0,0,0.384,0.065549300916948,0.14537037037037
1,73107,"null","iid","mcar","count",NA,0.166888341017707,NA,0,0,0.384,0.098737315415527,0.14537037037037
1,73107,"null","iid","mcar","explicit_precision",NA,0.170759328357937,NA,0,0,0.384,0.0994690331225565,0.14537037037037
1,73107,"null","iid","mcar","random_effects",NA,0.166888341017707,NA,0,0,0.384,0.098737315415527,0.14537037037037
1,73107,"null","iid","mcar","iid_analytic",NA,0.239857361294062,NA,1,0,0.384,0.065549300916948,0.14537037037037
1,73107,"null","iid","mcar","covariance_analytic",NA,0.239857361294062,NA,1,0,0.384,0.065549300916948,0.14537037037037
1,73107,"null","iid","mcar","split_half",NA,0.242817719229304,NA,1,0,0.384,0.271518951105953,0.14537037037037
1,73108,"null","iid","mcar","legacy",NA,0.273954412036794,NA,0,0,0.778,0.0652475547328489,0.141666666666667
1,73108,"null","iid","mcar","count",NA,0.321897214361908,NA,0,0,0.778,0.0978323479812149,0.141666666666667
1,73108,"null","iid","mcar","explicit_precision",NA,0.322798181580561,NA,0,0,0.778,0.0988145414954143,0.141666666666667
1,73108,"null","iid","mcar","random_effects",NA,0.321897214361908,NA,0,0,0.778,0.0978323479812149,0.141666666666667
1,73108,"null","iid","mcar","iid_analytic",NA,0.228176612583546,NA,1,0,0.778,0.0652475547328489,0.141666666666667
1,73108,"null","iid","mcar","covariance_analytic",NA,0.228176612583546,NA,1,0,0.778,0.0652475547328489,0.141666666666667
1,73108,"null","iid","mcar","split_half",NA,0.420810082036225,NA,1,0,0.778,0.246485715098403,0.141666666666667
1,73109,"null","iid","mcar","legacy",NA,0.19090408770499,NA,0,0,0.934,0.067357385261797,0.165740740740741
1,73109,"null","iid","mcar","count",NA,0.195273642070024,NA,0,0,0.934,0.106053000009496,0.165740740740741
1,73109,"null","iid","mcar","explicit_precision",NA,0.194488036099038,NA,0,0,0.934,0.10685020356487,0.165740740740741
1,73109,"null","iid","mcar","random_effects",NA,0.195273642070024,NA,0,0,0.934,0.106053000009496,0.165740740740741
1,73109,"null","iid","mcar","iid_analytic",NA,0.235851778583785,NA,1,0,0.934,0.067357385261797,0.165740740740741
1,73109,"null","iid","mcar","covariance_analytic",NA,0.235851778583785,NA,1,0,0.934,0.067357385261797,0.165740740740741
1,73109,"null","iid","mcar","split_half",NA,0.0424164232519744,NA,1,0,0.934,0.277648049212012,0.165740740740741
1,73110,"null","iid","mcar","legacy",NA,0.288011233779135,NA,0,0,0.773,0.065912324331442,0.14537037037037
1,73110,"null","iid","mcar","count",NA,0.330031973935685,NA,0,0,0.773,0.098894480797232,0.14537037037037
1,73110,"null","iid","mcar","explicit_precision",NA,0.331952719129218,NA,0,0,0.773,0.099633464621432,0.14537037037037
1,73110,"null","iid","mcar","random_effects",NA,0.330031973935685,NA,0,0,0.773,0.098894480797232,0.14537037037037
1,73110,"null","iid","mcar","iid_analytic",NA,0.341478225525346,NA,1,0,0.773,0.065912324331442,0.14537037037037
1,73110,"null","iid","mcar","covariance_analytic",NA,0.341478225525346,NA,1,0,0.773,0.065912324331442,0.14537037037037
1,73110,"null","iid","mcar","split_half",NA,0.175703443840486,NA,1,0,0.773,0.295112541072059,0.14537037037037
1,73111,"null","iid","mcar","legacy",NA,0.12081914593248,NA,0,0,0.754,0.0651134840105428,0.139814814814815
1,73111,"null","iid","mcar","count",NA,0.147004949183795,NA,0,0,0.754,0.097454865475899,0.139814814814815
1,73111,"null","iid","mcar","explicit_precision",NA,0.153263488639116,NA,0,0,0.754,0.0977906266434978,0.139814814814815
1,73111,"null","iid","mcar","random_effects",NA,0.147004949183795,NA,0,0,0.754,0.097454865475899,0.139814814814815
1,73111,"null","iid","mcar","iid_analytic",NA,0.0578793268400835,NA,1,0,0.754,0.0651134840105428,0.139814814814815
1,73111,"null","iid","mcar","covariance_analytic",NA,0.0578793268400836,NA,1,0,0.754,0.0651134840105428,0.139814814814815
1,73111,"null","iid","mcar","split_half",NA,0.0497886330259779,NA,1,0,0.754,0.253880675465838,0.139814814814815
1,73112,"null","iid","mcar","legacy",NA,0.147991874438849,NA,0,0,0.569,0.0656965991524815,0.148148148148148
1,73112,"null","iid","mcar","count",NA,0.0825468536096447,NA,0,0,0.569,0.104359881103828,0.148148148148148
1,73112,"null","iid","mcar","explicit_precision",NA,0.0785465700082788,NA,0,0,0.569,0.103383135063009,0.148148148148148
1,73112,"null","iid","mcar","random_effects",NA,0.0825468536096447,NA,0,0,0.569,0.104359881103828,0.148148148148148
1,73112,"null","iid","mcar","iid_analytic",NA,0.104592470007927,NA,1,0,0.569,0.0656965991524815,0.148148148148148
1,73112,"null","iid","mcar","covariance_analytic",NA,0.104592470007926,NA,1,0,0.569,0.0656965991524815,0.148148148148148
1,73112,"null","iid","mcar","split_half",NA,0.384171857430775,NA,1,0,0.569,0.279822251362416,0.148148148148148
1,73113,"null","iid","mcar","legacy",NA,0.528684105916564,NA,0,0,0.442,0.0643665457636046,0.130555555555556
1,73113,"null","iid","mcar","count",NA,0.556898758623087,NA,0,0,0.442,0.102761163123459,0.130555555555556
1,73113,"null","iid","mcar","explicit_precision",NA,0.556593453285277,NA,0,0,0.442,0.102851120770141,0.130555555555556
1,73113,"null","iid","mcar","random_effects",NA,0.556898758623087,NA,0,0,0.442,0.102761163123459,0.130555555555556
1,73113,"null","iid","mcar","iid_analytic",NA,0.46035035919598,NA,1,0,0.442,0.0643665457636046,0.130555555555556
1,73113,"null","iid","mcar","covariance_analytic",NA,0.460350359195979,NA,1,0,0.442,0.0643665457636046,0.130555555555556
1,73113,"null","iid","mcar","split_half",NA,0.250508121494873,NA,0,0,0.442,0.280029203068868,0.130555555555556
1,73114,"null","iid","mcar","legacy",NA,0.010734074497576,NA,0,0,0.119,0.0643232121908592,0.12962962962963
1,73114,"null","iid","mcar","count",NA,0.0105208222786228,NA,0,0,0.119,0.10092341768141,0.12962962962963
1,73114,"null","iid","mcar","explicit_precision",NA,0.00962775747772447,NA,0,0,0.119,0.101394285329859,0.12962962962963
1,73114,"null","iid","mcar","random_effects",NA,0.0105208222786228,NA,0,0,0.119,0.10092341768141,0.12962962962963
1,73114,"null","iid","mcar","iid_analytic",NA,0.0360084058190639,NA,1,0,0.119,0.0643232121908592,0.12962962962963
1,73114,"null","iid","mcar","covariance_analytic",NA,0.0360084058190639,NA,1,0,0.119,0.0643232121908592,0.12962962962963
1,73114,"null","iid","mcar","split_half",NA,0.313680895822046,NA,0,0,0.119,0.250886468598256,0.12962962962963
1,73115,"null","iid","mcar","legacy",NA,0.0532719798410088,NA,0,0,0.897,0.0648396837367426,0.136111111111111
1,73115,"null","iid","mcar","count",NA,0.007752383178375,NA,0,0,0.897,0.096177603025918,0.136111111111111
1,73115,"null","iid","mcar","explicit_precision",NA,0.0127421035591847,NA,0,0,0.897,0.0969142603182427,0.136111111111111
1,73115,"null","iid","mcar","random_effects",NA,0.007752383178375,NA,0,0,0.897,0.096177603025918,0.136111111111111
1,73115,"null","iid","mcar","iid_analytic",NA,0.0451878162699413,NA,1,0,0.897,0.0648396837367426,0.136111111111111
1,73115,"null","iid","mcar","covariance_analytic",NA,0.045187816269941,NA,1,0,0.897,0.0648396837367426,0.136111111111111
1,73115,"null","iid","mcar","split_half",NA,0.0189612381830044,NA,1,0,0.897,0.251323469676469,0.136111111111111
1,73116,"null","iid","mcar","legacy",NA,0.166082874036759,NA,0,0,0.126,0.0640650362709186,0.125925925925926
1,73116,"null","iid","mcar","count",NA,0.221063042874406,NA,0,0,0.126,0.0986409939497557,0.125925925925926
1,73116,"null","iid","mcar","explicit_precision",NA,0.221278906892121,NA,0,0,0.126,0.10005606029505,0.125925925925926
1,73116,"null","iid","mcar","random_effects",NA,0.221063042874406,NA,0,0,0.126,0.0986409939497557,0.125925925925926
1,73116,"null","iid","mcar","iid_analytic",NA,0.104203420867524,NA,1,0,0.126,0.0640650362709186,0.125925925925926
1,73116,"null","iid","mcar","covariance_analytic",NA,0.104203420867524,NA,1,0,0.126,0.0640650362709186,0.125925925925926
1,73116,"null","iid","mcar","split_half",NA,0.0316425868666806,NA,1,0,0.126,0.239126779383572,0.125925925925926
1,73117,"null","iid","mcar","legacy",NA,0.0076167212026905,NA,0,0,0.729,0.0644969804160981,0.131481481481481
1,73117,"null","iid","mcar","count",NA,0.0348240328234533,NA,0,0,0.729,0.0964888112829241,0.131481481481481
1,73117,"null","iid","mcar","explicit_precision",NA,0.0179057205583647,NA,0,0,0.729,0.0974739598299312,0.131481481481481
1,73117,"null","iid","mcar","random_effects",NA,0.0348240328234533,NA,0,0,0.729,0.0964888112829241,0.131481481481481
1,73117,"null","iid","mcar","iid_analytic",NA,0.125834220181403,NA,1,0,0.729,0.0644969804160981,0.131481481481481
1,73117,"null","iid","mcar","covariance_analytic",NA,0.125834220181403,NA,1,0,0.729,0.0644969804160981,0.131481481481481
1,73117,"null","iid","mcar","split_half",NA,0.159475006332886,NA,1,0,0.729,0.2608298264737,0.131481481481481
1,73118,"null","iid","mcar","legacy",NA,0.103920560260609,NA,0,0,0.404,0.0653969029336676,0.142592592592593
1,73118,"null","iid","mcar","count",NA,0.0949852088920217,NA,0,0,0.404,0.100166638840258,0.142592592592593
1,73118,"null","iid","mcar","explicit_precision",NA,0.0999375348488791,NA,0,0,0.404,0.100038038018942,0.142592592592593
1,73118,"null","iid","mcar","random_effects",NA,0.0949852088920217,NA,0,0,0.404,0.100166638840258,0.142592592592593
1,73118,"null","iid","mcar","iid_analytic",NA,0.00194314481380502,NA,1,0,0.404,0.0653969029336676,0.142592592592593
1,73118,"null","iid","mcar","covariance_analytic",NA,0.00194314481380499,NA,1,0,0.404,0.0653969029336676,0.142592592592593
1,73118,"null","iid","mcar","split_half",NA,0.0489831599730647,NA,1,0,0.404,0.263314533814697,0.142592592592593
1,73119,"null","iid","mcar","legacy",NA,0.200629437501168,NA,0,0,0.352,0.0653278298498887,0.140740740740741
1,73119,"null","iid","mcar","count",NA,0.108346266553926,NA,0,0,0.352,0.0958074629321428,0.140740740740741
1,73119,"null","iid","mcar","explicit_precision",NA,0.10149816333126,NA,0,0,0.352,0.0959766008125214,0.140740740740741
1,73119,"null","iid","mcar","random_effects",NA,0.108346266553926,NA,0,0,0.352,0.0958074629321428,0.140740740740741
1,73119,"null","iid","mcar","iid_analytic",NA,0.0146672831187702,NA,1,0,0.352,0.0653278298498887,0.140740740740741
1,73119,"null","iid","mcar","covariance_analytic",NA,0.0146672831187702,NA,1,0,0.352,0.0653278298498887,0.140740740740741
1,73119,"null","iid","mcar","split_half",NA,0.35146291005326,NA,1,0,0.352,0.265539349757486,0.140740740740741
1,73120,"null","iid","mcar","legacy",NA,0.237753926405198,NA,0,0,0.956,0.0662930043812397,0.153703703703704
1,73120,"null","iid","mcar","count",NA,0.245649043978126,NA,0,0,0.956,0.100829313734277,0.153703703703704
1,73120,"null","iid","mcar","explicit_precision",NA,0.256706941664515,NA,0,0,0.956,0.102003110623074,0.153703703703704
1,73120,"null","iid","mcar","random_effects",NA,0.245649043978126,NA,0,0,0.956,0.100829313734277,0.153703703703704
1,73120,"null","iid","mcar","iid_analytic",NA,0.0425839898911483,NA,1,0,0.956,0.0662930043812397,0.153703703703704
1,73120,"null","iid","mcar","covariance_analytic",NA,0.0425839898911488,NA,1,0,0.956,0.0662930043812397,0.153703703703704
1,73120,"null","iid","mcar","split_half",NA,0.150386792992441,NA,1,0,0.956,0.249081321285029,0.153703703703704
2,73101,"null","heteroscedastic","response","legacy",NA,0.634726365701713,NA,0,0,0.608,0.0695257778713661,0.177777777777778
2,73101,"null","heteroscedastic","response","count",NA,0.63069293419168,NA,0,0,0.608,0.105137301720705,0.177777777777778
2,73101,"null","heteroscedastic","response","explicit_precision",NA,0.632733950564271,NA,0,0,0.608,0.105049783702657,0.177777777777778
2,73101,"null","heteroscedastic","response","random_effects",NA,0.63069293419168,NA,0,0,0.608,0.105137301720705,0.177777777777778
2,73101,"null","heteroscedastic","response","iid_analytic",NA,0.58621347880181,NA,1,0,0.608,0.0695257778713661,0.177777777777778
2,73101,"null","heteroscedastic","response","covariance_analytic",NA,0.264272368343335,NA,1,0,0.608,0.0695257778713661,0.177777777777778
2,73101,"null","heteroscedastic","response","split_half",NA,0.50619636995842,NA,1,0,0.608,0.278756690086806,0.177777777777778
2,73102,"null","heteroscedastic","response","legacy",NA,0.479281180612458,NA,0,0,0.075,0.0687774779686544,0.168518518518519
2,73102,"null","heteroscedastic","response","count",NA,0.51153150233895,NA,0,0,0.075,0.100269866067719,0.168518518518519
2,73102,"null","heteroscedastic","response","explicit_precision",NA,0.512144493042611,NA,0,0,0.075,0.102276620728441,0.168518518518519
2,73102,"null","heteroscedastic","response","random_effects",NA,0.51153150233895,NA,0,0,0.075,0.100269866067719,0.168518518518519
2,73102,"null","heteroscedastic","response","iid_analytic",NA,0.419447111116776,NA,1,0,0.075,0.0687774779686544,0.168518518518519
2,73102,"null","heteroscedastic","response","covariance_analytic",NA,0.0268680158199286,NA,1,0,0.075,0.0687774779686544,0.168518518518519
2,73102,"null","heteroscedastic","response","split_half",NA,0.0844380754044942,NA,1,0,0.075,0.285034398534161,0.168518518518519
2,73103,"null","heteroscedastic","response","legacy",NA,0.489270411569281,NA,0,0,0.571,0.0687198000800942,0.169444444444444
2,73103,"null","heteroscedastic","response","count",NA,0.532705310759709,NA,0,0,0.571,0.10475189353488,0.169444444444444
2,73103,"null","heteroscedastic","response","explicit_precision",NA,0.533965533267314,NA,0,0,0.571,0.106767816612286,0.169444444444444
2,73103,"null","heteroscedastic","response","random_effects",NA,0.532705310759709,NA,0,0,0.571,0.10475189353488,0.169444444444444
2,73103,"null","heteroscedastic","response","iid_analytic",NA,0.505201345556383,NA,1,0,0.571,0.0687198000800942,0.169444444444444
2,73103,"null","heteroscedastic","response","covariance_analytic",NA,0.418062427362983,NA,1,0,0.571,0.0687198000800942,0.169444444444444
2,73103,"null","heteroscedastic","response","split_half",NA,0.519451570527584,NA,1,0,0.571,0.277486054203183,0.169444444444444
2,73104,"null","heteroscedastic","response","legacy",NA,0.588842932471244,NA,0,0,0.408,0.068962920249685,0.169444444444444
2,73104,"null","heteroscedastic","response","count",NA,0.599564572497966,NA,0,0,0.408,0.104417401808721,0.169444444444444
2,73104,"null","heteroscedastic","response","explicit_precision",NA,0.596479032217348,NA,0,0,0.408,0.105949589572976,0.169444444444444
2,73104,"null","heteroscedastic","response","random_effects",NA,0.599564572497966,NA,0,0,0.408,0.104417401808721,0.169444444444444
2,73104,"null","heteroscedastic","response","iid_analytic",NA,0.572520997906157,NA,1,0,0.408,0.068962920249685,0.169444444444444
2,73104,"null","heteroscedastic","response","covariance_analytic",NA,0.128645709653142,NA,1,0,0.408,0.068962920249685,0.169444444444444
2,73104,"null","heteroscedastic","response","split_half",NA,0.34155599285076,NA,1,0,0.408,0.289489352566995,0.169444444444444
2,73105,"null","heteroscedastic","response","legacy",NA,0.500459353138026,NA,0,0,0.552,0.066989770850065,0.15
2,73105,"null","heteroscedastic","response","count",NA,0.497928975975446,NA,0,0,0.552,0.100243067185536,0.15
2,73105,"null","heteroscedastic","response","explicit_precision",NA,0.502808208067501,NA,0,0,0.552,0.10053266848893,0.15
2,73105,"null","heteroscedastic","response","random_effects",NA,0.497928975975446,NA,0,0,0.552,0.100243067185536,0.15
2,73105,"null","heteroscedastic","response","iid_analytic",NA,0.444134536313646,NA,1,0,0.552,0.066989770850065,0.15
2,73105,"null","heteroscedastic","response","covariance_analytic",NA,0.0688441037834072,NA,1,0,0.552,0.066989770850065,0.15
2,73105,"null","heteroscedastic","response","split_half",NA,0.140760104461554,NA,1,0,0.552,0.273029316500265,0.15
2,73106,"null","heteroscedastic","response","legacy",NA,0.418256097397985,NA,0,0,0.712,0.0695629588276647,0.177777777777778
2,73106,"null","heteroscedastic","response","count",NA,0.412278644041422,NA,0,0,0.712,0.105633526545601,0.177777777777778
2,73106,"null","heteroscedastic","response","explicit_precision",NA,0.41016811566477,NA,0,0,0.712,0.106019219045079,0.177777777777778
2,73106,"null","heteroscedastic","response","random_effects",NA,0.412278644041422,NA,0,0,0.712,0.105633526545601,0.177777777777778
2,73106,"null","heteroscedastic","response","iid_analytic",NA,0.400560034995176,NA,1,0,0.712,0.0695629588276647,0.177777777777778
2,73106,"null","heteroscedastic","response","covariance_analytic",NA,0.0978350085653504,NA,1,0,0.712,0.0695629588276647,0.177777777777778
2,73106,"null","heteroscedastic","response","split_half",NA,0.0885166608494509,NA,1,0,0.712,0.288248429318365,0.177777777777778
2,73107,"null","heteroscedastic","response","legacy",NA,0.454059174725445,NA,0,0,0.332,0.0688641872833049,0.168518518518519
2,73107,"null","heteroscedastic","response","count",NA,0.427114588031892,NA,0,0,0.332,0.107846039627502,0.168518518518519
2,73107,"null","heteroscedastic","response","explicit_precision",NA,0.429410984323885,NA,0,0,0.332,0.107559756201293,0.168518518518519
2,73107,"null","heteroscedastic","response","random_effects",NA,0.427114588031892,NA,0,0,0.332,0.107846039627502,0.168518518518519
2,73107,"null","heteroscedastic","response","iid_analytic",NA,0.500030917437501,NA,1,0,0.332,0.0688641872833049,0.168518518518519
2,73107,"null","heteroscedastic","response","covariance_analytic",NA,0.255920719723522,NA,1,0,0.332,0.0688641872833049,0.168518518518519
2,73107,"null","heteroscedastic","response","split_half",NA,0.15022710280537,NA,1,0,0.332,0.292686202476389,0.168518518518519
2,73108,"null","heteroscedastic","response","legacy",NA,0.540428764856763,NA,0,0,0.462,0.068091113679349,0.160185185185185
2,73108,"null","heteroscedastic","response","count",NA,0.562882311520375,NA,0,0,0.462,0.102444985185888,0.160185185185185
2,73108,"null","heteroscedastic","response","explicit_precision",NA,0.567401619788726,NA,0,0,0.462,0.103356886558201,0.160185185185185
2,73108,"null","heteroscedastic","response","random_effects",NA,0.562882311520375,NA,0,0,0.462,0.102444985185888,0.160185185185185
2,73108,"null","heteroscedastic","response","iid_analytic",NA,0.461189759720006,NA,1,0,0.462,0.068091113679349,0.160185185185185
2,73108,"null","heteroscedastic","response","covariance_analytic",NA,0.134301709202653,NA,1,0,0.462,0.068091113679349,0.160185185185185
2,73108,"null","heteroscedastic","response","split_half",NA,0.235207690626727,NA,1,0,0.462,0.288127915650907,0.160185185185185
2,73109,"null","heteroscedastic","response","legacy",NA,0.427390776513322,NA,0,0,0.543,0.067189670351435,0.156481481481481
2,73109,"null","heteroscedastic","response","count",NA,0.444845845109916,NA,0,0,0.543,0.100084907051667,0.156481481481481
2,73109,"null","heteroscedastic","response","explicit_precision",NA,0.448380682660913,NA,0,0,0.543,0.100883360210711,0.156481481481481
2,73109,"null","heteroscedastic","response","random_effects",NA,0.444845845109916,NA,0,0,0.543,0.100084907051667,0.156481481481481
2,73109,"null","heteroscedastic","response","iid_analytic",NA,0.532840408191922,NA,1,0,0.543,0.067189670351435,0.156481481481481
2,73109,"null","heteroscedastic","response","covariance_analytic",NA,0.304036632477284,NA,1,0,0.543,0.067189670351435,0.156481481481481
2,73109,"null","heteroscedastic","response","split_half",NA,0.185805396076476,NA,1,0,0.543,0.269804492148573,0.156481481481481
2,73110,"null","heteroscedastic","response","legacy",NA,0.258378584336104,NA,0,0,0.349,0.0676941563338622,0.156481481481481
2,73110,"null","heteroscedastic","response","count",NA,0.279480656783395,NA,0,0,0.349,0.104093034508216,0.156481481481481
2,73110,"null","heteroscedastic","response","explicit_precision",NA,0.278829515736396,NA,0,0,0.349,0.104085759147491,0.156481481481481
2,73110,"null","heteroscedastic","response","random_effects",NA,0.279480656783395,NA,0,0,0.349,0.104093034508216,0.156481481481481
2,73110,"null","heteroscedastic","response","iid_analytic",NA,0.314307292752186,NA,1,0,0.349,0.0676941563338622,0.156481481481481
2,73110,"null","heteroscedastic","response","covariance_analytic",NA,0.392497415938583,NA,1,0,0.349,0.0676941563338622,0.156481481481481
2,73110,"null","heteroscedastic","response","split_half",NA,0.00320747715122993,NA,1,0,0.349,0.265387285434586,0.156481481481481
2,73111,"null","heteroscedastic","response","legacy",NA,0.30399501164036,NA,0,0,0.19,0.0690999033646092,0.176851851851852
2,73111,"null","heteroscedastic","response","count",NA,0.296512097886952,NA,0,0,0.19,0.110399339708655,0.176851851851852
2,73111,"null","heteroscedastic","response","explicit_precision",NA,0.297414474888595,NA,0,0,0.19,0.11005577793214,0.176851851851852
2,73111,"null","heteroscedastic","response","random_effects",NA,0.296512097886952,NA,0,0,0.19,0.110399339708655,0.176851851851852
2,73111,"null","heteroscedastic","response","iid_analytic",NA,0.47925788908397,NA,1,0,0.19,0.0690999033646092,0.176851851851852
2,73111,"null","heteroscedastic","response","covariance_analytic",NA,0.0516160222345976,NA,0,0,0.19,0.0690999033646092,0.176851851851852
2,73111,"null","heteroscedastic","response","split_half",NA,0.377043201399836,NA,1,0,0.19,0.278417405453498,0.176851851851852
2,73112,"null","heteroscedastic","response","legacy",NA,0.600971619674481,NA,0,0,0.634,0.0688444085870556,0.169444444444444
2,73112,"null","heteroscedastic","response","count",NA,0.558476426715718,NA,0,0,0.634,0.0993525857424251,0.169444444444444
2,73112,"null","heteroscedastic","response","explicit_precision",NA,0.555240858756287,NA,0,0,0.634,0.10008553426454,0.169444444444444
2,73112,"null","heteroscedastic","response","random_effects",NA,0.558476426715718,NA,0,0,0.634,0.0993525857424251,0.169444444444444
2,73112,"null","heteroscedastic","response","iid_analytic",NA,0.534984511084287,NA,1,0,0.634,0.0688444085870556,0.169444444444444
2,73112,"null","heteroscedastic","response","covariance_analytic",NA,0.135528468758004,NA,1,0,0.634,0.0688444085870556,0.169444444444444
2,73112,"null","heteroscedastic","response","split_half",NA,0.0456577900090161,NA,1,0,0.634,0.265980586292259,0.169444444444444
2,73113,"null","heteroscedastic","response","legacy",NA,0.33234812795996,NA,0,0,0.532,0.0674198704345763,0.155555555555556
2,73113,"null","heteroscedastic","response","count",NA,0.313343575915197,NA,0,0,0.532,0.102028296240864,0.155555555555556
2,73113,"null","heteroscedastic","response","explicit_precision",NA,0.318922716362013,NA,0,0,0.532,0.102867779062426,0.155555555555556
2,73113,"null","heteroscedastic","response","random_effects",NA,0.313343575915197,NA,0,0,0.532,0.102028296240864,0.155555555555556
2,73113,"null","heteroscedastic","response","iid_analytic",NA,0.458734349241373,NA,1,0,0.532,0.0674198704345763,0.155555555555556
2,73113,"null","heteroscedastic","response","covariance_analytic",NA,0.314179120346352,NA,1,0,0.532,0.0674198704345763,0.155555555555556
2,73113,"null","heteroscedastic","response","split_half",NA,0.306867261734949,NA,1,0,0.532,0.28485826070593,0.155555555555556
2,73114,"null","heteroscedastic","response","legacy",NA,0.345099301379436,NA,0,1,0.004,0.0691051432227903,0.162037037037037
2,73114,"null","heteroscedastic","response","count",NA,0.395479369693382,NA,0,1,0.004,0.104971664601643,0.162037037037037
2,73114,"null","heteroscedastic","response","explicit_precision",NA,0.394973595107669,NA,0,1,0.004,0.105891815324734,0.162037037037037
2,73114,"null","heteroscedastic","response","random_effects",NA,0.395479369693382,NA,0,1,0.004,0.104971664601643,0.162037037037037
2,73114,"null","heteroscedastic","response","iid_analytic",NA,0.424652930256477,NA,1,1,0.004,0.0691051432227903,0.162037037037037
2,73114,"null","heteroscedastic","response","covariance_analytic",NA,0.0929219231505137,NA,1,1,0.004,0.0691051432227903,0.162037037037037
2,73114,"null","heteroscedastic","response","split_half",NA,0.123279321547514,NA,1,1,0.004,0.281346191582246,0.162037037037037
2,73115,"null","heteroscedastic","response","legacy",NA,0.51218653502675,NA,0,0,0.579,0.0697072127219186,0.180555555555556
2,73115,"null","heteroscedastic","response","count",NA,0.560657679549807,NA,0,0,0.579,0.109564235848074,0.180555555555556
2,73115,"null","heteroscedastic","response","explicit_precision",NA,0.56017965830124,NA,0,0,0.579,0.109109047616822,0.180555555555556
2,73115,"null","heteroscedastic","response","random_effects",NA,0.560657679549807,NA,0,0,0.579,0.109564235848074,0.180555555555556
2,73115,"null","heteroscedastic","response","iid_analytic",NA,0.479281471855045,NA,1,0,0.579,0.0697072127219186,0.180555555555556
2,73115,"null","heteroscedastic","response","covariance_analytic",NA,0.0348958963360618,NA,1,0,0.579,0.0697072127219186,0.180555555555556
2,73115,"null","heteroscedastic","response","split_half",NA,0.388568947368462,NA,1,0,0.579,0.279402765190173,0.180555555555556
2,73116,"null","heteroscedastic","response","legacy",NA,0.527865381671771,NA,0,0,0.814,0.0692657886775534,0.175925925925926
2,73116,"null","heteroscedastic","response","count",NA,0.553868698604949,NA,0,0,0.814,0.102945537653004,0.175925925925926
2,73116,"null","heteroscedastic","response","explicit_precision",NA,0.549012872699366,NA,0,0,0.814,0.103202018133444,0.175925925925926
2,73116,"null","heteroscedastic","response","random_effects",NA,0.553868698604949,NA,0,0,0.814,0.102945537653004,0.175925925925926
2,73116,"null","heteroscedastic","response","iid_analytic",NA,0.49464516608325,NA,1,0,0.814,0.0692657886775534,0.175925925925926
2,73116,"null","heteroscedastic","response","covariance_analytic",NA,0.0901444892394612,NA,1,0,0.814,0.0692657886775534,0.175925925925926
2,73116,"null","heteroscedastic","response","split_half",NA,0.428452947212835,NA,1,0,0.814,0.272438971513392,0.175925925925926
2,73117,"null","heteroscedastic","response","legacy",NA,0.575218277476609,NA,0,0,0.097,0.0683784652167005,0.171296296296296
2,73117,"null","heteroscedastic","response","count",NA,0.587013739108409,NA,0,0,0.097,0.105103484677578,0.171296296296296
2,73117,"null","heteroscedastic","response","explicit_precision",NA,0.585059591980266,NA,0,0,0.097,0.104946421415209,0.171296296296296
2,73117,"null","heteroscedastic","response","random_effects",NA,0.587013739108409,NA,0,0,0.097,0.105103484677578,0.171296296296296
2,73117,"null","heteroscedastic","response","iid_analytic",NA,0.592961325852117,NA,0,0,0.097,0.0683784652167005,0.171296296296296
2,73117,"null","heteroscedastic","response","covariance_analytic",NA,0.248669582361142,NA,1,0,0.097,0.0683784652167005,0.171296296296296
2,73117,"null","heteroscedastic","response","split_half",NA,0.427388673139724,NA,1,0,0.097,0.27017236828685,0.171296296296296
2,73118,"null","heteroscedastic","response","legacy",NA,0.468462963088694,NA,0,0,0.418,0.0678353944530415,0.160185185185185
2,73118,"null","heteroscedastic","response","count",NA,0.454036513078201,NA,0,0,0.418,0.10314055391064,0.160185185185185
2,73118,"null","heteroscedastic","response","explicit_precision",NA,0.455522715867198,NA,0,0,0.418,0.103474458228794,0.160185185185185
2,73118,"null","heteroscedastic","response","random_effects",NA,0.454036513078201,NA,0,0,0.418,0.10314055391064,0.160185185185185
2,73118,"null","heteroscedastic","response","iid_analytic",NA,0.430394457987293,NA,1,0,0.418,0.0678353944530415,0.160185185185185
2,73118,"null","heteroscedastic","response","covariance_analytic",NA,0.0676628335768897,NA,1,0,0.418,0.0678353944530415,0.160185185185185
2,73118,"null","heteroscedastic","response","split_half",NA,0.442721287554245,NA,1,0,0.418,0.279771857038575,0.160185185185185
2,73119,"null","heteroscedastic","response","legacy",NA,0.593016690101794,NA,0,0,0.767,0.0668455577646754,0.15462962962963
2,73119,"null","heteroscedastic","response","count",NA,0.579762972662799,NA,0,0,0.767,0.0978597860785349,0.15462962962963
2,73119,"null","heteroscedastic","response","explicit_precision",NA,0.582203877314898,NA,0,0,0.767,0.0985875046087395,0.15462962962963
2,73119,"null","heteroscedastic","response","random_effects",NA,0.579762972662799,NA,0,0,0.767,0.0978597860785349,0.15462962962963
2,73119,"null","heteroscedastic","response","iid_analytic",NA,0.608073962889657,NA,0,0,0.767,0.0668455577646754,0.15462962962963
2,73119,"null","heteroscedastic","response","covariance_analytic",NA,0.231107491595791,NA,0,0,0.767,0.0668455577646754,0.15462962962963
2,73119,"null","heteroscedastic","response","split_half",NA,0.390285435302511,NA,1,0,0.767,0.264350978686719,0.15462962962963
2,73120,"null","heteroscedastic","response","legacy",NA,0.520678547949087,NA,0,0,0.068,0.068497797137503,0.169444444444444
2,73120,"null","heteroscedastic","response","count",NA,0.539137311847594,NA,0,0,0.068,0.101704652592535,0.169444444444444
2,73120,"null","heteroscedastic","response","explicit_precision",NA,0.537410408931217,NA,0,0,0.068,0.102055488622953,0.169444444444444
2,73120,"null","heteroscedastic","response","random_effects",NA,0.539137311847594,NA,0,0,0.068,0.101704652592535,0.169444444444444
2,73120,"null","heteroscedastic","response","iid_analytic",NA,0.575714953726693,NA,1,0,0.068,0.068497797137503,0.169444444444444
2,73120,"null","heteroscedastic","response","covariance_analytic",NA,0.307765116173114,NA,1,0,0.068,0.068497797137503,0.169444444444444
2,73120,"null","heteroscedastic","response","split_half",NA,0.098995654266412,NA,1,0,0.068,0.266048606968715,0.169444444444444
3,73101,"ordinal","iid","mcar","legacy",88.0668892031241,0.0678152135659117,1.21483974905715,0,0,0.001,0.0653916508328273,0.138888888888889
3,73101,"ordinal","iid","mcar","count",86.8458613206376,0.0235884175871684,1.15464228482211,0,0,0.001,0.104776536251389,0.138888888888889
3,73101,"ordinal","iid","mcar","explicit_precision",87.1264637959939,0.005029020751132,1.15974804732229,0,0,0.001,0.103721248552315,0.138888888888889
3,73101,"ordinal","iid","mcar","random_effects",86.8458613206376,0.0235884175871684,1.15464228482211,0,0,0.001,0.104776536251389,0.138888888888889
3,73101,"ordinal","iid","mcar","iid_analytic",19.9609170981759,0.125562478017958,-0.0679205215251234,0,0,0.001,0.0653916508328273,0.138888888888889
3,73101,"ordinal","iid","mcar","covariance_analytic",19.960917098176,0.125562478017957,-0.0679205215251235,0,0,0.001,0.0653916508328273,0.138888888888889
3,73101,"ordinal","iid","mcar","split_half",78.8663862935472,0.262056964143096,1.27391471570033,1,0,0.001,0.260775900661466,0.138888888888889
3,73102,"ordinal","iid","mcar","legacy",70.3830893333903,0.535546111464607,1.18413882891459,0,0,0.001,0.0660695581651464,0.149074074074074
3,73102,"ordinal","iid","mcar","count",67.8978202806623,0.556789054349717,1.07977988538605,0,0,0.001,0.102577167998538,0.149074074074074
3,73102,"ordinal","iid","mcar","explicit_precision",67.709755820717,0.55722437878178,1.07659113620011,0,0,0.001,0.104154605745371,0.149074074074074
3,73102,"ordinal","iid","mcar","random_effects",67.8978202806623,0.556789054349717,1.07977988538605,0,0,0.001,0.102577167998538,0.149074074074074
3,73102,"ordinal","iid","mcar","iid_analytic",42.506852016318,0.532192803016904,0.00154369770944888,1,0,0.001,0.0660695581651464,0.149074074074074
3,73102,"ordinal","iid","mcar","covariance_analytic",42.506852016318,0.532192803016904,0.00154369770944879,1,0,0.001,0.0660695581651464,0.149074074074074
3,73102,"ordinal","iid","mcar","split_half",38.5688517568458,0.549175651081229,1.11465350949227,1,0,0.001,0.245108680310194,0.149074074074074
3,73103,"ordinal","iid","mcar","legacy",85.8362989921468,0.0924064190469694,1.18008763215854,0,0,0.001,0.0643116632822515,0.127777777777778
3,73103,"ordinal","iid","mcar","count",87.4549137554841,0.0132393475355789,1.1180303643702,0,0,0.001,0.099247575471642,0.127777777777778
3,73103,"ordinal","iid","mcar","explicit_precision",87.3401814238177,0.00268897256293871,1.11422324749647,0,0,0.001,0.0987959000883717,0.127777777777778
3,73103,"ordinal","iid","mcar","random_effects",87.4549137554841,0.0132393475355789,1.1180303643702,0,0,0.001,0.099247575471642,0.127777777777778
3,73103,"ordinal","iid","mcar","iid_analytic",82.9808432382554,0.0996152303829333,-0.179464448924897,1,0,0.001,0.0643116632822515,0.127777777777778
3,73103,"ordinal","iid","mcar","covariance_analytic",82.9808432382554,0.0996152303829336,-0.179464448924896,1,0,0.001,0.0643116632822515,0.127777777777778
3,73103,"ordinal","iid","mcar","split_half",81.0419306267147,0.279503953541564,0.955869230032511,1,0,0.001,0.26255244439845,0.127777777777778
3,73104,"ordinal","iid","mcar","legacy",80.9153581761111,0.246664450883788,1.27640330679039,0,0,0.001,0.0649556815733286,0.135185185185185
3,73104,"ordinal","iid","mcar","count",80.2282488212463,0.322901979745056,1.18588376015587,0,0,0.001,0.100928691329693,0.135185185185185
3,73104,"ordinal","iid","mcar","explicit_precision",80.212141605003,0.323020829389452,1.18067649585009,0,0,0.001,0.101416635457053,0.135185185185185
3,73104,"ordinal","iid","mcar","random_effects",80.2282488212463,0.322901979745056,1.18588376015587,0,0,0.001,0.100928691329693,0.135185185185185
3,73104,"ordinal","iid","mcar","iid_analytic",25.4373971527997,0.298193971496616,-0.0567675908186641,1,0,0.001,0.0649556815733286,0.135185185185185
3,73104,"ordinal","iid","mcar","covariance_analytic",25.4373971527997,0.298193971496616,-0.0567675908186643,1,0,0.001,0.0649556815733286,0.135185185185185
3,73104,"ordinal","iid","mcar","split_half",42.1739538890799,0.648130347797119,2.0788917261022,1,0,0.001,0.272035234022872,0.135185185185185
3,73105,"ordinal","iid","mcar","legacy",54.4820914131085,0.77481883889987,2.10879791833296,0,0,0.001,0.0648057225998402,0.131481481481481
3,73105,"ordinal","iid","mcar","count",59.9902557518592,0.790583076569361,1.92801875072205,0,0,0.001,0.10140959635552,0.131481481481481
3,73105,"ordinal","iid","mcar","explicit_precision",60.3640090151126,0.790215834087106,1.92253270629449,0,0,0.001,0.102504534584869,0.131481481481481
3,73105,"ordinal","iid","mcar","random_effects",59.9902557518592,0.790583076569361,1.92801875072205,0,0,0.001,0.10140959635552,0.131481481481481
3,73105,"ordinal","iid","mcar","iid_analytic",14.0811972890581,0.187701715474303,0.885980766491555,1,0,0.001,0.0648057225998402,0.131481481481481
3,73105,"ordinal","iid","mcar","covariance_analytic",14.0811972890581,0.187701715474303,0.885980766491555,1,0,0.001,0.0648057225998402,0.131481481481481
3,73105,"ordinal","iid","mcar","split_half",61.708061636589,0.553151107196132,3.14402976726065,1,0,0.001,0.262328563141134,0.131481481481481
3,73106,"ordinal","iid","mcar","legacy",82.7841374125346,0.367845413986735,1.3525937754769,0,0,0.001,0.0642152224137518,0.127777777777778
3,73106,"ordinal","iid","mcar","count",81.5110437991403,0.443966615924142,1.29093670636848,0,0,0.001,0.0983761419759141,0.127777777777778
3,73106,"ordinal","iid","mcar","explicit_precision",81.3319354573908,0.45221383901476,1.30016446518386,0,0,0.001,0.0984684066764818,0.127777777777778
3,73106,"ordinal","iid","mcar","random_effects",81.5110437991403,0.443966615924142,1.29093670636848,0,0,0.001,0.0983761419759141,0.127777777777778
3,73106,"ordinal","iid","mcar","iid_analytic",23.4655323248607,0.083687117656533,-0.0286251000714098,1,0,0.001,0.0642152224137518,0.127777777777778
3,73106,"ordinal","iid","mcar","covariance_analytic",23.4655323248607,0.0836871176565331,-0.0286251000714096,1,0,0.001,0.0642152224137518,0.127777777777778
3,73106,"ordinal","iid","mcar","split_half",73.4819989569135,0.381722188402156,1.1709746499376,1,0,0.001,0.246258891734408,0.127777777777778
3,73107,"ordinal","iid","mcar","legacy",86.2587853050884,0.119963467016404,1.36697087130333,0,0,0.001,0.0647945994637171,0.134259259259259
3,73107,"ordinal","iid","mcar","count",84.4061442207335,0.211826566051911,1.34920045307348,0,0,0.001,0.0973265606143095,0.134259259259259
3,73107,"ordinal","iid","mcar","explicit_precision",84.680733367955,0.195521936376853,1.35300265472075,0,0,0.001,0.0974103880757543,0.134259259259259
3,73107,"ordinal","iid","mcar","random_effects",84.4061442207335,0.211826566051911,1.34920045307348,0,0,0.001,0.0973265606143095,0.134259259259259
3,73107,"ordinal","iid","mcar","iid_analytic",17.8785410775202,0.192829553375631,0.0750909296001196,1,0,0.001,0.0647945994637171,0.134259259259259
3,73107,"ordinal","iid","mcar","covariance_analytic",17.8785410775202,0.192829553375632,0.0750909296001197,1,0,0.001,0.0647945994637171,0.134259259259259
3,73107,"ordinal","iid","mcar","split_half",24.7849393747431,0.0824245441683522,1.78997649398058,1,0,0.001,0.267994455764177,0.134259259259259
3,73108,"ordinal","iid","mcar","legacy",78.8018768123836,0.275108503611224,0.850273943442939,0,0,0.001,0.0663997522085757,0.15462962962963
3,73108,"ordinal","iid","mcar","count",79.6009255062304,0.223113047852469,0.826984515886566,0,0,0.001,0.100336531050869,0.15462962962963
3,73108,"ordinal","iid","mcar","explicit_precision",79.6087988546327,0.223882867676714,0.831705515686699,0,0,0.001,0.101127828792442,0.15462962962963
3,73108,"ordinal","iid","mcar","random_effects",79.6009255062304,0.223113047852469,0.826984515886566,0,0,0.001,0.100336531050869,0.15462962962963
3,73108,"ordinal","iid","mcar","iid_analytic",43.680332274618,0.448844087901754,-0.401926515239045,0,0,0.001,0.0663997522085757,0.15462962962963
3,73108,"ordinal","iid","mcar","covariance_analytic",43.680332274618,0.448844087901754,-0.401926515239045,0,0,0.001,0.0663997522085757,0.15462962962963
3,73108,"ordinal","iid","mcar","split_half",50.6444607829769,0.548546687354118,1.01941758861634,0,0,0.001,0.27196714989436,0.15462962962963
3,73109,"ordinal","iid","mcar","legacy",89.5897122266654,0.229925033143924,1.19608721687884,0,0,0.001,0.064005467571644,0.125925925925926
3,73109,"ordinal","iid","mcar","count",88.4712738251338,0.113860240179399,1.13844738520616,0,0,0.001,0.0941390378215881,0.125925925925926
3,73109,"ordinal","iid","mcar","explicit_precision",88.633244106924,0.121907084494921,1.14102147969101,0,0,0.001,0.0946143712251401,0.125925925925926
3,73109,"ordinal","iid","mcar","random_effects",88.4712738251338,0.113860240179399,1.13844738520616,0,0,0.001,0.0941390378215881,0.125925925925926
3,73109,"ordinal","iid","mcar","iid_analytic",48.8402593611975,0.265893519618251,-0.190575851561583,0,0,0.001,0.064005467571644,0.125925925925926
3,73109,"ordinal","iid","mcar","covariance_analytic",48.8402593611975,0.265893519618252,-0.190575851561583,0,0,0.001,0.064005467571644,0.125925925925926
3,73109,"ordinal","iid","mcar","split_half",74.8917908160592,0.200569720818528,0.885442735563528,0,0,0.001,0.249518784926808,0.125925925925926
3,73110,"ordinal","iid","mcar","legacy",81.5498096375648,0.0991705104311204,1.1530594971492,0,0,0.001,0.0658245050156815,0.144444444444444
3,73110,"ordinal","iid","mcar","count",79.7088956060175,0.153903831195216,1.06461165810945,0,0,0.001,0.0981955568948863,0.144444444444444
3,73110,"ordinal","iid","mcar","explicit_precision",79.7460352887479,0.153196483327451,1.06760162175954,0,0,0.001,0.0977007774012069,0.144444444444444
3,73110,"ordinal","iid","mcar","random_effects",79.7088956060175,0.153903831195216,1.06461165810945,0,0,0.001,0.0981955568948863,0.144444444444444
3,73110,"ordinal","iid","mcar","iid_analytic",53.2330321526269,0.224181960731566,-0.172734150229149,0,0,0.001,0.0658245050156815,0.144444444444444
3,73110,"ordinal","iid","mcar","covariance_analytic",53.233032152627,0.224181960731565,-0.172734150229149,0,0,0.001,0.0658245050156815,0.144444444444444
3,73110,"ordinal","iid","mcar","split_half",89.7368515773522,0.106933158404899,1.72734241111109,0,0,0.001,0.267099539050171,0.144444444444444
3,73111,"ordinal","iid","mcar","legacy",89.0376103108443,0.110466993086091,1.2209999823683,0,0,0.001,0.064014999162058,0.126851851851852
3,73111,"ordinal","iid","mcar","count",88.9184049936967,0.0564167708792027,1.2030216864526,0,0,0.001,0.0955446147536115,0.126851851851852
3,73111,"ordinal","iid","mcar","explicit_precision",88.9261372242723,0.0570164894382792,1.2024638407661,0,0,0.001,0.0962294647297347,0.126851851851852
3,73111,"ordinal","iid","mcar","random_effects",88.9184049936967,0.0564167708792027,1.2030216864526,0,0,0.001,0.0955446147536115,0.126851851851852
3,73111,"ordinal","iid","mcar","iid_analytic",44.1106187953768,0.128497348515943,-0.140779325635278,0,0,0.001,0.064014999162058,0.126851851851852
3,73111,"ordinal","iid","mcar","covariance_analytic",44.1106187953768,0.128497348515943,-0.140779325635278,0,0,0.001,0.064014999162058,0.126851851851852
3,73111,"ordinal","iid","mcar","split_half",80.0609621724785,0.284197743239268,1.27743401042485,1,0,0.001,0.260509941102862,0.126851851851852
3,73112,"ordinal","iid","mcar","legacy",85.3491072633183,0.200512077229637,1.28037785868784,0,0,0.001,0.0662548780195839,0.15462962962963
3,73112,"ordinal","iid","mcar","count",86.8574907890409,0.119194511632887,1.19454346974534,0,0,0.001,0.1051857249007,0.15462962962963
3,73112,"ordinal","iid","mcar","explicit_precision",86.710701243092,0.123410180714336,1.20137460682304,0,0,0.001,0.105380231592296,0.15462962962963
3,73112,"ordinal","iid","mcar","random_effects",86.8574907890409,0.119194511632887,1.19454346974534,0,0,0.001,0.1051857249007,0.15462962962963
3,73112,"ordinal","iid","mcar","iid_analytic",40.2237409350117,0.337438697709386,-0.213012203598905,0,0,0.001,0.0662548780195839,0.15462962962963
3,73112,"ordinal","iid","mcar","covariance_analytic",40.2237409350115,0.337438697709382,-0.213012203598905,0,0,0.001,0.0662548780195839,0.15462962962963
3,73112,"ordinal","iid","mcar","split_half",83.6533253816664,0.181814371334477,0.560329057052373,1,0,0.001,0.291733379723088,0.15462962962963
3,73113,"ordinal","iid","mcar","legacy",86.7670678690646,0.307624845765767,1.4116663675844,0,0,0.001,0.0644049890741067,0.128703703703704
3,73113,"ordinal","iid","mcar","count",86.0834065088888,0.333438970365638,1.32616625618542,0,0,0.001,0.105725825482508,0.128703703703704
3,73113,"ordinal","iid","mcar","explicit_precision",86.05607193108,0.33347924556099,1.3182795861785,0,0,0.001,0.10600118257619,0.128703703703704
3,73113,"ordinal","iid","mcar","random_effects",86.0834065088888,0.333438970365638,1.32616625618542,0,0,0.001,0.105725825482508,0.128703703703704
3,73113,"ordinal","iid","mcar","iid_analytic",31.6202300510966,0.304090465096968,0.110545071070971,1,0,0.001,0.0644049890741067,0.128703703703704
3,73113,"ordinal","iid","mcar","covariance_analytic",31.6202300510966,0.304090465096968,0.110545071070971,1,0,0.001,0.0644049890741067,0.128703703703704
3,73113,"ordinal","iid","mcar","split_half",68.6847278614349,0.370133509873016,1.67987428785382,1,0,0.001,0.281316442129181,0.128703703703704
3,73114,"ordinal","iid","mcar","legacy",87.9083627307485,0.139737910989111,1.24070212016432,0,0,0.001,0.0655711771888242,0.144444444444444
3,73114,"ordinal","iid","mcar","count",89.6066513875805,0.268901895194316,1.18591187812386,0,0,0.001,0.106211924537732,0.144444444444444
3,73114,"ordinal","iid","mcar","explicit_precision",89.4296498287509,0.260830511397819,1.19234930994493,0,0,0.001,0.10665760169403,0.144444444444444
3,73114,"ordinal","iid","mcar","random_effects",89.6066513875805,0.268901895194316,1.18591187812386,0,0,0.001,0.106211924537732,0.144444444444444
3,73114,"ordinal","iid","mcar","iid_analytic",22.3633117178318,0.271099219147843,-0.159115835972851,1,0,0.001,0.0655711771888242,0.144444444444444
3,73114,"ordinal","iid","mcar","covariance_analytic",22.3633117178318,0.271099219147844,-0.159115835972851,1,0,0.001,0.0655711771888242,0.144444444444444
3,73114,"ordinal","iid","mcar","split_half",76.0747448098126,0.273375104802735,1.21521005513367,1,0,0.001,0.266458348329739,0.144444444444444
3,73115,"ordinal","iid","mcar","legacy",88.5621341946175,0.287164629064638,1.30845060591218,0,0,0.001,0.0654953733630204,0.144444444444444
3,73115,"ordinal","iid","mcar","count",87.1092459748906,0.37265224709527,1.19626235972686,0,0,0.001,0.101901268376213,0.144444444444444
3,73115,"ordinal","iid","mcar","explicit_precision",86.8782826864682,0.383096555730228,1.19973712666823,0,0,0.001,0.10188444175673,0.144444444444444
3,73115,"ordinal","iid","mcar","random_effects",87.1092459748906,0.37265224709527,1.19626235972686,0,0,0.001,0.101901268376213,0.144444444444444
3,73115,"ordinal","iid","mcar","iid_analytic",29.4493066991627,0.188876942235081,-0.0303889563006451,1,0,0.001,0.0654953733630204,0.144444444444444
3,73115,"ordinal","iid","mcar","covariance_analytic",29.4493066991627,0.188876942235082,-0.030388956300645,1,0,0.001,0.0654953733630204,0.144444444444444
3,73115,"ordinal","iid","mcar","split_half",89.5751645698112,0.13028603764343,0.760820624420436,1,0,0.001,0.251439965367859,0.144444444444444
3,73116,"ordinal","iid","mcar","legacy",82.6813646043703,0.580862251146431,0.961408784432862,0,0,0.001,0.0647261725202902,0.133333333333333
3,73116,"ordinal","iid","mcar","count",80.6095752783175,0.612667812224691,0.898288370085164,0,0,0.001,0.0990643493024256,0.133333333333333
3,73116,"ordinal","iid","mcar","explicit_precision",80.512369915016,0.612224728946727,0.898356721858189,0,0,0.001,0.099556867876247,0.133333333333333
3,73116,"ordinal","iid","mcar","random_effects",80.6095752783175,0.612667812224691,0.898288370085164,0,0,0.001,0.0990643493024256,0.133333333333333
3,73116,"ordinal","iid","mcar","iid_analytic",38.7293578871487,0.318074734364919,-0.447094789305932,0,0,0.001,0.0647261725202902,0.133333333333333
3,73116,"ordinal","iid","mcar","covariance_analytic",38.7293578871487,0.318074734364919,-0.447094789305932,0,0,0.001,0.0647261725202902,0.133333333333333
3,73116,"ordinal","iid","mcar","split_half",74.8975621536567,0.167203112883736,0.270954631618837,0,0,0.001,0.282024904702062,0.133333333333333
3,73117,"ordinal","iid","mcar","legacy",83.0928540705506,0.439078501185436,1.33666908162597,0,0,0.001,0.0644303041729512,0.131481481481481
3,73117,"ordinal","iid","mcar","count",82.9437116543988,0.441242939900833,1.26763829662068,0,0,0.001,0.0979685542168326,0.131481481481481
3,73117,"ordinal","iid","mcar","explicit_precision",82.8599823961471,0.445426392422542,1.26811078244575,0,0,0.001,0.0986864314432438,0.131481481481481
3,73117,"ordinal","iid","mcar","random_effects",82.9437116543988,0.441242939900833,1.26763829662068,0,0,0.001,0.0979685542168326,0.131481481481481
3,73117,"ordinal","iid","mcar","iid_analytic",33.3575214730491,0.0539844083066202,-0.13284666643031,0,0,0.001,0.0644303041729512,0.131481481481481
3,73117,"ordinal","iid","mcar","covariance_analytic",33.3575214730491,0.0539844083066199,-0.13284666643031,0,0,0.001,0.0644303041729512,0.131481481481481
3,73117,"ordinal","iid","mcar","split_half",43.7745719793242,0.436649001442665,1.51855783660657,1,0,0.001,0.244017984196056,0.131481481481481
3,73118,"ordinal","iid","mcar","legacy",83.8529533853287,0.191803258722309,1.22842990773764,0,0,0.001,0.0656392776613365,0.142592592592593
3,73118,"ordinal","iid","mcar","count",82.1837530090779,0.25367042011638,1.17141245646068,0,0,0.001,0.102287309736776,0.142592592592593
3,73118,"ordinal","iid","mcar","explicit_precision",82.1772401838538,0.257736085828595,1.17426224116826,0,0,0.001,0.102862246663962,0.142592592592593
3,73118,"ordinal","iid","mcar","random_effects",82.1837530090779,0.25367042011638,1.17141245646068,0,0,0.001,0.102287309736776,0.142592592592593
3,73118,"ordinal","iid","mcar","iid_analytic",22.5572914815851,0.116187613594772,-0.0949288255534581,0,0,0.001,0.0656392776613365,0.142592592592593
3,73118,"ordinal","iid","mcar","covariance_analytic",22.5572914815851,0.116187613594775,-0.0949288255534582,0,0,0.001,0.0656392776613365,0.142592592592593
3,73118,"ordinal","iid","mcar","split_half",52.72880955457,0.20123688071147,0.522103183505732,0,0,0.001,0.256212602058914,0.142592592592593
3,73119,"ordinal","iid","mcar","legacy",84.3056656935741,0.273114144258035,1.16245353708072,0,0,0.001,0.0655881904043669,0.143518518518519
3,73119,"ordinal","iid","mcar","count",83.7056774481824,0.298041103916833,1.08961341925844,0,0,0.001,0.0977989593166332,0.143518518518519
3,73119,"ordinal","iid","mcar","explicit_precision",83.833887827679,0.292570045972908,1.08129480315996,0,0,0.001,0.0988927342535881,0.143518518518519
3,73119,"ordinal","iid","mcar","random_effects",83.7056774481824,0.298041103916833,1.08961341925844,0,0,0.001,0.0977989593166332,0.143518518518519
3,73119,"ordinal","iid","mcar","iid_analytic",31.4822015863347,0.0564639095795614,-0.189166673450098,1,0,0.001,0.0655881904043669,0.143518518518519
3,73119,"ordinal","iid","mcar","covariance_analytic",31.4822015863347,0.0564639095795623,-0.189166673450098,1,0,0.001,0.0655881904043669,0.143518518518519
3,73119,"ordinal","iid","mcar","split_half",87.7468922234134,0.025325806191081,1.13421114864161,1,0,0.001,0.256602867852076,0.143518518518519
3,73120,"ordinal","iid","mcar","legacy",81.2992842762266,0.474701088021545,1.27234023902249,0,0,0.001,0.0666484563911034,0.158333333333333
3,73120,"ordinal","iid","mcar","count",80.2938958075289,0.529494403056742,1.20152041242062,0,0,0.001,0.103980029506795,0.158333333333333
3,73120,"ordinal","iid","mcar","explicit_precision",80.2588439930645,0.536262593368286,1.2092900718937,0,0,0.001,0.103551970349146,0.158333333333333
3,73120,"ordinal","iid","mcar","random_effects",80.2938958075289,0.529494403056742,1.20152041242062,0,0,0.001,0.103980029506795,0.158333333333333
3,73120,"ordinal","iid","mcar","iid_analytic",29.6719636878787,0.571920933000958,0.0670150561600244,1,0,0.001,0.0666484563911034,0.158333333333333
3,73120,"ordinal","iid","mcar","covariance_analytic",29.6719636878787,0.571920933000958,0.0670150561600245,1,0,0.001,0.0666484563911034,0.158333333333333
3,73120,"ordinal","iid","mcar","split_half",84.0232888996755,0.226142020336776,0.930652456831124,1,0,0.001,0.299336511751092,0.158333333333333
4,73101,"ordinal","heteroscedastic","response","legacy",81.4859276056101,0.608470952351804,3.13578700027167,0,0,0.001,0.0691950723568371,0.17037037037037
4,73101,"ordinal","heteroscedastic","response","count",80.6776131727172,0.630227583410982,2.96590071221492,0,0,0.001,0.100428014525123,0.17037037037037
4,73101,"ordinal","heteroscedastic","response","explicit_precision",80.5811339435248,0.630201772491555,2.98137696169254,0,0,0.001,0.102029223991664,0.17037037037037
4,73101,"ordinal","heteroscedastic","response","random_effects",80.6776131727172,0.630227583410982,2.96590071221492,0,0,0.001,0.100428014525123,0.17037037037037
4,73101,"ordinal","heteroscedastic","response","iid_analytic",56.8358076705544,0.71787624254835,0.709960946811792,1,0,0.001,0.0691950723568371,0.17037037037037
4,73101,"ordinal","heteroscedastic","response","covariance_analytic",40.9407250993853,0.429597187965047,0.269960813504737,1,0,0.001,0.0691950723568371,0.17037037037037
4,73101,"ordinal","heteroscedastic","response","split_half",82.6944255399065,0.227981442190073,3.166786761952,1,0,0.001,0.30399045352933,0.17037037037037
4,73102,"ordinal","heteroscedastic","response","legacy",80.3071532566603,0.628468173411912,3.19603821956404,0,0,0.001,0.0682007725390078,0.163888888888889
4,73102,"ordinal","heteroscedastic","response","count",80.7587988747913,0.619755502347445,2.83572650216825,0,0,0.001,0.0990945985014113,0.163888888888889
4,73102,"ordinal","heteroscedastic","response","explicit_precision",80.827753391931,0.617620839417712,2.81690516150087,0,0,0.001,0.100725794673563,0.163888888888889
4,73102,"ordinal","heteroscedastic","response","random_effects",80.7587988747913,0.619755502347445,2.83572650216825,0,0,0.001,0.0990945985014113,0.163888888888889
4,73102,"ordinal","heteroscedastic","response","iid_analytic",58.5401798994929,0.559138275223488,0.791879921470672,1,0,0.001,0.0682007725390078,0.163888888888889
4,73102,"ordinal","heteroscedastic","response","covariance_analytic",48.981487220273,0.377904657512935,0.409237636277761,1,0,0.001,0.0682007725390078,0.163888888888889
4,73102,"ordinal","heteroscedastic","response","split_half",69.4195049569242,0.344079062022167,2.58322994181154,1,0,0.001,0.274325865356678,0.163888888888889
4,73103,"ordinal","heteroscedastic","response","legacy",78.7291272525972,0.660401644629662,3.67785923006191,0,0,0.001,0.0666194929797871,0.150925925925926
4,73103,"ordinal","heteroscedastic","response","count",77.6506296845324,0.659390954588542,3.59097109060387,0,0,0.001,0.0994680692141272,0.150925925925926
4,73103,"ordinal","heteroscedastic","response","explicit_precision",77.4559795075642,0.659385863848526,3.59679064676764,0,0,0.001,0.100656233303513,0.150925925925926
4,73103,"ordinal","heteroscedastic","response","random_effects",77.6506296845324,0.659390954588542,3.59097109060387,0,0,0.001,0.0994680692141272,0.150925925925926
4,73103,"ordinal","heteroscedastic","response","iid_analytic",58.5266878444044,0.714714005592936,0.954701200835648,1,0,0.001,0.0666194929797871,0.150925925925926
4,73103,"ordinal","heteroscedastic","response","covariance_analytic",60.1796181563732,0.221462237905964,0.482016631962649,1,0,0.001,0.0666194929797871,0.150925925925926
4,73103,"ordinal","heteroscedastic","response","split_half",82.7942588919049,0.282777414823425,2.00603505536063,1,0,0.001,0.263009181103935,0.150925925925926
4,73104,"ordinal","heteroscedastic","response","legacy",79.9982442946074,0.588823590973593,3.32605413915124,0,0,0.001,0.0681979159185042,0.162037037037037
4,73104,"ordinal","heteroscedastic","response","count",79.5661150969886,0.577944012525578,3.14873121037211,0,0,0.001,0.104869113215356,0.162037037037037
4,73104,"ordinal","heteroscedastic","response","explicit_precision",79.5203009949397,0.577983819612139,3.15281171315302,0,0,0.001,0.10488738884024,0.162037037037037
4,73104,"ordinal","heteroscedastic","response","random_effects",79.5661150969886,0.577944012525578,3.14873121037211,0,0,0.001,0.104869113215356,0.162037037037037
4,73104,"ordinal","heteroscedastic","response","iid_analytic",57.0667651558147,0.672572584161221,0.98257072571189,1,0,0.001,0.0681979159185042,0.162037037037037
4,73104,"ordinal","heteroscedastic","response","covariance_analytic",83.4254240199108,0.227219347050075,0.56947016782159,1,0,0.001,0.0681979159185042,0.162037037037037
4,73104,"ordinal","heteroscedastic","response","split_half",79.3158209366217,0.548778498290313,3.17202250721267,1,0,0.001,0.275830653165673,0.162037037037037
4,73105,"ordinal","heteroscedastic","response","legacy",86.187122273116,0.553661670895578,2.64132133741795,0,0,0.001,0.0678246508393567,0.161111111111111
4,73105,"ordinal","heteroscedastic","response","count",86.7082507400773,0.53138488070146,2.52342124292258,0,0,0.001,0.10417177414163,0.161111111111111
4,73105,"ordinal","heteroscedastic","response","explicit_precision",86.6489807795544,0.531206331479428,2.53123828049645,0,0,0.001,0.103719416571679,0.161111111111111
4,73105,"ordinal","heteroscedastic","response","random_effects",86.7082507400773,0.53138488070146,2.52342124292258,0,0,0.001,0.10417177414163,0.161111111111111
4,73105,"ordinal","heteroscedastic","response","iid_analytic",59.0041941568313,0.558170211416257,0.277034288154738,1,0,0.001,0.0678246508393567,0.161111111111111
4,73105,"ordinal","heteroscedastic","response","covariance_analytic",33.1897126352495,0.643577994339959,-0.22094505361039,1,0,0.001,0.0678246508393567,0.161111111111111
4,73105,"ordinal","heteroscedastic","response","split_half",75.2049365247674,0.335864631692307,1.93066346428957,1,0,0.001,0.262038045616001,0.161111111111111
4,73106,"ordinal","heteroscedastic","response","legacy",82.2180082041263,0.596206263246305,2.66390354026821,0,0,0.001,0.0667909269379858,0.151851851851852
4,73106,"ordinal","heteroscedastic","response","count",81.6259727858964,0.617521268221824,2.5904445148364,0,0,0.001,0.101259145109951,0.151851851851852
4,73106,"ordinal","heteroscedastic","response","explicit_precision",81.5894545880376,0.619364351613704,2.59964267604435,0,0,0.001,0.102073751454174,0.151851851851852
4,73106,"ordinal","heteroscedastic","response","random_effects",81.6259727858964,0.617521268221824,2.5904445148364,0,0,0.001,0.101259145109951,0.151851851851852
4,73106,"ordinal","heteroscedastic","response","iid_analytic",47.9690329666672,0.605614966030805,0.244687318800875,1,0,0.001,0.0667909269379858,0.151851851851852
4,73106,"ordinal","heteroscedastic","response","covariance_analytic",32.5673391045685,0.324443343820408,-0.173968236485804,1,0,0.001,0.0667909269379858,0.151851851851852
4,73106,"ordinal","heteroscedastic","response","split_half",65.1023237327313,0.212017964195172,3.34056702143075,1,0,0.001,0.249218747333982,0.151851851851852
4,73107,"ordinal","heteroscedastic","response","legacy",85.8536433073798,0.236811710396691,2.34854911055855,0,0,0.001,0.0674862991039462,0.158333333333333
4,73107,"ordinal","heteroscedastic","response","count",84.6043988039152,0.246732355901125,2.26812532922389,0,0,0.001,0.0991417855867136,0.158333333333333
4,73107,"ordinal","heteroscedastic","response","explicit_precision",84.5212638854902,0.252805938413921,2.28294018639567,0,0,0.001,0.0995144806436776,0.158333333333333
4,73107,"ordinal","heteroscedastic","response","random_effects",84.6043988039152,0.246732355901125,2.26812532922389,0,0,0.001,0.0991417855867136,0.158333333333333
4,73107,"ordinal","heteroscedastic","response","iid_analytic",62.4135425772628,0.281227559057804,-0.0954314144113465,1,0,0.001,0.0674862991039462,0.158333333333333
4,73107,"ordinal","heteroscedastic","response","covariance_analytic",39.8810981023474,0.386040258462515,-0.529246043379276,1,0,0.001,0.0674862991039462,0.158333333333333
4,73107,"ordinal","heteroscedastic","response","split_half",48.5710656988053,0.139446605110589,3.17984997685166,0,0,0.001,0.285519969353706,0.158333333333333
4,73108,"ordinal","heteroscedastic","response","legacy",71.8933105420506,0.662042082452528,3.28018877143026,0,0,0.001,0.0673489759151524,0.159259259259259
4,73108,"ordinal","heteroscedastic","response","count",72.1081407347847,0.66322254327302,3.15357363969574,0,0,0.001,0.102540164622401,0.159259259259259
4,73108,"ordinal","heteroscedastic","response","explicit_precision",71.979671192573,0.663421035424664,3.18483444905017,0,0,0.001,0.104350780400362,0.159259259259259
4,73108,"ordinal","heteroscedastic","response","random_effects",72.1081407347847,0.66322254327302,3.15357363969574,0,0,0.001,0.102540164622401,0.159259259259259
4,73108,"ordinal","heteroscedastic","response","iid_analytic",52.2277220457093,0.660705987506735,0.80193933931063,1,0,0.001,0.0673489759151524,0.159259259259259
4,73108,"ordinal","heteroscedastic","response","covariance_analytic",52.9546048710466,0.268138805375584,0.359776303332354,1,0,0.001,0.0673489759151524,0.159259259259259
4,73108,"ordinal","heteroscedastic","response","split_half",89.0556625209951,0.184321143374872,2.01954595912171,1,0,0.001,0.271662920559868,0.159259259259259
4,73109,"ordinal","heteroscedastic","response","legacy",85.4334323873791,0.263028913147976,2.05804958476281,0,0,0.001,0.0697424484556838,0.178703703703704
4,73109,"ordinal","heteroscedastic","response","count",85.0907247691703,0.252287352608885,1.96849019169162,0,0,0.001,0.105020338011016,0.178703703703704
4,73109,"ordinal","heteroscedastic","response","explicit_precision",85.0167255795585,0.25418734267865,1.97772166074322,0,0,0.001,0.105518071415667,0.178703703703704
4,73109,"ordinal","heteroscedastic","response","random_effects",85.0907247691703,0.252287352608885,1.96849019169162,0,0,0.001,0.105020338011016,0.178703703703704
4,73109,"ordinal","heteroscedastic","response","iid_analytic",79.445996056183,0.407928418879637,-0.343364242434841,0,0,0.001,0.0697424484556838,0.178703703703704
4,73109,"ordinal","heteroscedastic","response","covariance_analytic",44.0559839355083,0.525748180841797,-0.803626099055638,0,0,0.001,0.0697424484556838,0.178703703703704
4,73109,"ordinal","heteroscedastic","response","split_half",77.3617632424704,0.023479475018167,0.241710607322971,0,0,0.001,0.259407339816051,0.178703703703704
4,73110,"ordinal","heteroscedastic","response","legacy",74.9356488319397,0.600675992228268,3.25756179303356,0,0,0.001,0.0670185424597189,0.15462962962963
4,73110,"ordinal","heteroscedastic","response","count",74.7183002915448,0.604559330460829,3.15891819230999,0,0,0.001,0.0982311609357782,0.15462962962963
4,73110,"ordinal","heteroscedastic","response","explicit_precision",74.5655870414202,0.606905626385761,3.17105067872377,0,0,0.001,0.0993619304663905,0.15462962962963
4,73110,"ordinal","heteroscedastic","response","random_effects",74.7183002915448,0.604559330460829,3.15891819230999,0,0,0.001,0.0982311609357782,0.15462962962963
4,73110,"ordinal","heteroscedastic","response","iid_analytic",49.145484300818,0.5774424997031,0.714963662672451,1,0,0.001,0.0670185424597189,0.15462962962963
4,73110,"ordinal","heteroscedastic","response","covariance_analytic",41.2414798161811,0.101821036895649,0.259622254663235,1,0,0.001,0.0670185424597189,0.15462962962963
4,73110,"ordinal","heteroscedastic","response","split_half",60.1034410906545,0.345163570199634,3.97384276043954,1,0,0.001,0.247900538418525,0.15462962962963
4,73111,"ordinal","heteroscedastic","response","legacy",83.4404894764625,0.565076070233771,2.55008696528613,0,0,0.001,0.0665839702236761,0.150925925925926
4,73111,"ordinal","heteroscedastic","response","count",83.4765050576719,0.568947146963661,2.38717946468449,0,0,0.001,0.106475638890064,0.150925925925926
4,73111,"ordinal","heteroscedastic","response","explicit_precision",83.4071278256307,0.579181503575183,2.37807801245164,0,0,0.001,0.106219631681923,0.150925925925926
4,73111,"ordinal","heteroscedastic","response","random_effects",83.4765050576719,0.568947146963661,2.38717946468449,0,0,0.001,0.106475638890064,0.150925925925926
4,73111,"ordinal","heteroscedastic","response","iid_analytic",56.658468843327,0.625837908710805,0.172497727800521,1,0,0.001,0.0665839702236761,0.150925925925926
4,73111,"ordinal","heteroscedastic","response","covariance_analytic",45.3786190581549,0.479495893275932,-0.255142591514025,0,0,0.001,0.0665839702236761,0.150925925925926
4,73111,"ordinal","heteroscedastic","response","split_half",88.0603382095301,0.15560664008979,1.06702497511009,1,0,0.001,0.242389307113463,0.150925925925926
4,73112,"ordinal","heteroscedastic","response","legacy",80.7856182592239,0.696850331139267,3.05910813089066,0,0,0.001,0.067999191712427,0.15462962962963
4,73112,"ordinal","heteroscedastic","response","count",80.6875929363244,0.686634647320287,2.92889134246194,0,0,0.001,0.103201731203012,0.15462962962963
4,73112,"ordinal","heteroscedastic","response","explicit_precision",80.7409088584023,0.684579284778397,2.94427806964411,0,0,0.001,0.104350182865917,0.15462962962963
4,73112,"ordinal","heteroscedastic","response","random_effects",80.6875929363244,0.686634647320287,2.92889134246194,0,0,0.001,0.103201731203012,0.15462962962963
4,73112,"ordinal","heteroscedastic","response","iid_analytic",55.9095263026236,0.60471236640713,0.765836191009505,1,0,0.001,0.067999191712427,0.15462962962963
4,73112,"ordinal","heteroscedastic","response","covariance_analytic",37.8688781307316,0.426891025474283,0.284185176792999,1,0,0.001,0.067999191712427,0.15462962962963
4,73112,"ordinal","heteroscedastic","response","split_half",78.260755220227,0.466676684349141,3.89172419625348,1,0,0.001,0.261393524848303,0.15462962962963
4,73113,"ordinal","heteroscedastic","response","legacy",81.240131258323,0.566302862476792,2.64315248117608,0,0,0.001,0.0679193505296447,0.164814814814815
4,73113,"ordinal","heteroscedastic","response","count",79.9941865440556,0.57978494747814,2.55295691443233,0,0,0.001,0.104374482490296,0.164814814814815
4,73113,"ordinal","heteroscedastic","response","explicit_precision",79.848366560799,0.579132825516476,2.57733998920363,0,0,0.001,0.104653074822284,0.164814814814815
4,73113,"ordinal","heteroscedastic","response","random_effects",79.9941865440556,0.57978494747814,2.55295691443233,0,0,0.001,0.104374482490296,0.164814814814815
4,73113,"ordinal","heteroscedastic","response","iid_analytic",51.6422466714425,0.562136411935576,0.123571404446266,1,0,0.001,0.0679193505296447,0.164814814814815
4,73113,"ordinal","heteroscedastic","response","covariance_analytic",38.6336320069809,0.358228477940392,-0.303553047203356,0,0,0.001,0.0679193505296447,0.164814814814815
4,73113,"ordinal","heteroscedastic","response","split_half",70.772957384746,0.572283788490495,3.69393567740114,0,0,0.001,0.261780944010727,0.164814814814815
4,73114,"ordinal","heteroscedastic","response","legacy",83.0603053100938,0.599256116522538,3.42932398008585,0,0,0.001,0.0669802147743324,0.152777777777778
4,73114,"ordinal","heteroscedastic","response","count",82.6548824703003,0.627953102985686,3.31687567959424,0,0,0.001,0.101982356007155,0.152777777777778
4,73114,"ordinal","heteroscedastic","response","explicit_precision",82.6803671561826,0.62537993470561,3.31254132784091,0,0,0.001,0.101578249690086,0.152777777777778
4,73114,"ordinal","heteroscedastic","response","random_effects",82.6548824703003,0.627953102985686,3.31687567959424,0,0,0.001,0.101982356007155,0.152777777777778
4,73114,"ordinal","heteroscedastic","response","iid_analytic",59.8074314358124,0.575622029744825,0.803378118094207,1,0,0.001,0.0669802147743324,0.152777777777778
4,73114,"ordinal","heteroscedastic","response","covariance_analytic",36.3324939966436,0.576873042267327,0.296742230241677,1,0,0.001,0.0669802147743324,0.152777777777778
4,73114,"ordinal","heteroscedastic","response","split_half",85.8342528956087,0.288269950871767,1.09852058214637,1,0,0.001,0.26035521319968,0.152777777777778
4,73115,"ordinal","heteroscedastic","response","legacy",73.4920411986707,0.591950196235719,3.16137680066582,0,0,0.001,0.0675684650317003,0.158333333333333
4,73115,"ordinal","heteroscedastic","response","count",72.843399980313,0.591863499231544,3.0164337607904,0,0,0.001,0.101683897789586,0.158333333333333
4,73115,"ordinal","heteroscedastic","response","explicit_precision",72.9283937936836,0.591178695638384,3.00729421046566,0,0,0.001,0.101141558001403,0.158333333333333
4,73115,"ordinal","heteroscedastic","response","random_effects",72.843399980313,0.591863499231544,3.0164337607904,0,0,0.001,0.101683897789586,0.158333333333333
4,73115,"ordinal","heteroscedastic","response","iid_analytic",56.4082464976,0.56237538581402,0.82145011938876,1,0,0.001,0.0675684650317003,0.158333333333333
4,73115,"ordinal","heteroscedastic","response","covariance_analytic",60.956895538531,0.343724543363553,0.385689026501284,1,0,0.001,0.0675684650317003,0.158333333333333
4,73115,"ordinal","heteroscedastic","response","split_half",65.9732552606365,0.538508224870072,3.15912502409002,1,0,0.001,0.236956892912889,0.158333333333333
4,73116,"ordinal","heteroscedastic","response","legacy",84.8347035723051,0.549848797249437,2.25706061574829,0,0,0.001,0.0682912797986327,0.162962962962963
4,73116,"ordinal","heteroscedastic","response","count",84.1068903444936,0.56951952290692,2.10249525081504,0,0,0.001,0.10093319533952,0.162962962962963
4,73116,"ordinal","heteroscedastic","response","explicit_precision",84.1232522134224,0.570555677258929,2.09674905209214,0,0,0.001,0.101223488875648,0.162962962962963
4,73116,"ordinal","heteroscedastic","response","random_effects",84.1068903444936,0.56951952290692,2.10249525081504,0,0,0.001,0.10093319533952,0.162962962962963
4,73116,"ordinal","heteroscedastic","response","iid_analytic",49.9111569273492,0.457812760541312,-0.00646247251690424,1,0,0.001,0.0682912797986327,0.162962962962963
4,73116,"ordinal","heteroscedastic","response","covariance_analytic",23.6539494643665,0.443366490231832,-0.434274110021563,0,0,0.001,0.0682912797986327,0.162962962962963
4,73116,"ordinal","heteroscedastic","response","split_half",81.7254488994054,0.213915080958766,0.365038908644908,1,0,0.001,0.259982918837248,0.162962962962963
4,73117,"ordinal","heteroscedastic","response","legacy",85.9454621179241,0.484920899937018,2.69563930935342,0,0,0.001,0.0678161734779382,0.160185185185185
4,73117,"ordinal","heteroscedastic","response","count",85.6362164511077,0.516471790180353,2.55518497081909,0,0,0.001,0.100088014218579,0.160185185185185
4,73117,"ordinal","heteroscedastic","response","explicit_precision",85.8823571382413,0.506448131926033,2.5461071466161,0,0,0.001,0.101538242018291,0.160185185185185
4,73117,"ordinal","heteroscedastic","response","random_effects",85.6362164511077,0.516471790180353,2.55518497081909,0,0,0.001,0.100088014218579,0.160185185185185
4,73117,"ordinal","heteroscedastic","response","iid_analytic",59.807727673162,0.359356930746091,0.0153356630413168,1,0,0.001,0.0678161734779382,0.160185185185185
4,73117,"ordinal","heteroscedastic","response","covariance_analytic",27.9961290122991,0.619590557007027,-0.462006001232689,0,0,0.001,0.0678161734779382,0.160185185185185
4,73117,"ordinal","heteroscedastic","response","split_half",77.8702208762771,0.163488886173819,1.38821958440982,1,0,0.001,0.278232232197285,0.160185185185185
4,73118,"ordinal","heteroscedastic","response","legacy",79.7417849002644,0.539477481675056,3.61308663817402,0,0,0.001,0.0674110366757426,0.157407407407407
4,73118,"ordinal","heteroscedastic","response","count",78.7231036523177,0.541174288333228,3.44435394344274,0,0,0.001,0.104700417828777,0.157407407407407
4,73118,"ordinal","heteroscedastic","response","explicit_precision",78.7479039503284,0.539604168603014,3.44346082144769,0,0,0.001,0.10565390156235,0.157407407407407
4,73118,"ordinal","heteroscedastic","response","random_effects",78.7231036523177,0.541174288333228,3.44435394344274,0,0,0.001,0.104700417828777,0.157407407407407
4,73118,"ordinal","heteroscedastic","response","iid_analytic",61.2989437228927,0.628896333428275,0.876251043886166,1,0,0.001,0.0674110366757426,0.157407407407407
4,73118,"ordinal","heteroscedastic","response","covariance_analytic",70.7540899282975,0.0120824399299668,0.417676480012066,1,0,0.001,0.0674110366757426,0.157407407407407
4,73118,"ordinal","heteroscedastic","response","split_half",89.0138214693333,0.0536350838978551,1.2623536740009,1,0,0.001,0.289093599255349,0.157407407407407
4,73119,"ordinal","heteroscedastic","response","legacy",84.7406381728396,0.506107416728745,2.10206852713273,0,0,0.001,0.0693744041905807,0.175925925925926
4,73119,"ordinal","heteroscedastic","response","count",85.1484208273219,0.481967415348372,1.98846362740712,0,0,0.001,0.106385730366214,0.175925925925926
4,73119,"ordinal","heteroscedastic","response","explicit_precision",85.0790530503257,0.483422550829271,2.00514017328036,0,0,0.001,0.106330241334516,0.175925925925926
4,73119,"ordinal","heteroscedastic","response","random_effects",85.1484208273219,0.481967415348372,1.98846362740712,0,0,0.001,0.106385730366214,0.175925925925926
4,73119,"ordinal","heteroscedastic","response","iid_analytic",61.6840690148451,0.420867268908167,-0.339891325272078,1,0,0.001,0.0693744041905807,0.175925925925926
4,73119,"ordinal","heteroscedastic","response","covariance_analytic",89.2505032093637,0.018995787441413,-0.806942040463959,0,0,0.001,0.0693744041905807,0.175925925925926
4,73119,"ordinal","heteroscedastic","response","split_half",88.6390381402445,0.143359847600065,-0.0751672936177269,1,0,0.001,0.287307467462784,0.175925925925926
4,73120,"ordinal","heteroscedastic","response","legacy",72.969377650798,0.641072634066594,3.06755090634761,0,0,0.001,0.0660449789861555,0.142592592592593
4,73120,"ordinal","heteroscedastic","response","count",72.0277651264169,0.649561613891633,2.91825707322903,0,0,0.001,0.0977677328634911,0.142592592592593
4,73120,"ordinal","heteroscedastic","response","explicit_precision",71.9116440649665,0.649373270137157,2.9299559055152,0,0,0.001,0.0980816395441557,0.142592592592593
4,73120,"ordinal","heteroscedastic","response","random_effects",72.0277651264169,0.649561613891633,2.91825707322903,0,0,0.001,0.0977677328634911,0.142592592592593
4,73120,"ordinal","heteroscedastic","response","iid_analytic",39.293826286686,0.640448087897653,0.807349834996363,1,0,0.001,0.0660449789861555,0.142592592592593
4,73120,"ordinal","heteroscedastic","response","covariance_analytic",23.0055641123455,0.363854565636327,0.450333197294687,1,0,0.001,0.0660449789861555,0.142592592592593
4,73120,"ordinal","heteroscedastic","response","split_half",56.317945275192,0.330932355059551,2.62758503799032,1,0,0.001,0.277500074925528,0.142592592592593
5,73101,"nonlinear","ar","mcar","legacy",75.1702568184522,0.220292309460013,1.28854141407669,0,0,0.113,0.0650935801671096,0.137962962962963
5,73101,"nonlinear","ar","mcar","count",75.2821202064831,0.179469739636304,1.20758884469844,0,0,0.113,0.10278107222948,0.137962962962963
5,73101,"nonlinear","ar","mcar","explicit_precision",75.3237561110171,0.200934664721846,1.21299977212835,0,0,0.113,0.0999579280008935,0.137962962962963
5,73101,"nonlinear","ar","mcar","random_effects",75.2821202064831,0.179469739636304,1.20758884469844,0,0,0.113,0.10278107222948,0.137962962962963
5,73101,"nonlinear","ar","mcar","iid_analytic",76.4530654218091,0.298078861858026,-0.194202361011119,1,0,0.113,0.0650935801671096,0.137962962962963
5,73101,"nonlinear","ar","mcar","covariance_analytic",28.7299993188949,0.253569532440632,0.197382422661948,0,0,0.889,0.0650935801671096,0.137962962962963
5,73101,"nonlinear","ar","mcar","split_half",75.3838279617188,0.250276175303474,0.701881553609125,1,0,0.113,0.26349564433061,0.137962962962963
5,73102,"nonlinear","ar","mcar","legacy",71.858398388969,0.145138642337503,1.39642760836295,0,0,0.38,0.0677536896654544,0.169444444444444
5,73102,"nonlinear","ar","mcar","count",72.1712270309835,0.144581556297504,1.31648460311008,0,0,0.38,0.102780215647298,0.169444444444444
5,73102,"nonlinear","ar","mcar","explicit_precision",72.1767912724807,0.14974793499196,1.33168864896413,0,0,0.38,0.0996931631047949,0.169444444444444
5,73102,"nonlinear","ar","mcar","random_effects",72.1712270309835,0.144581556297504,1.31648460311008,0,0,0.38,0.102780215647298,0.169444444444444
5,73102,"nonlinear","ar","mcar","iid_analytic",71.9855568212821,0.106529221795878,0.0255297165399072,1,0,0.38,0.0677536896654544,0.169444444444444
5,73102,"nonlinear","ar","mcar","covariance_analytic",35.0378426857183,0.269611806581705,0.0554059942930114,1,0,0.343,0.0677536896654544,0.169444444444444
5,73102,"nonlinear","ar","mcar","split_half",74.9292674039345,0.146198340431765,0.356027556832218,1,0,0.38,0.282652341040872,0.169444444444444
5,73103,"nonlinear","ar","mcar","legacy",76.8974594821712,0.0903909553168221,1.42281464374651,0,0,0.911,0.0657320647761824,0.144444444444444
5,73103,"nonlinear","ar","mcar","count",76.9847727788002,0.113800731723308,1.35607987351765,0,0,0.911,0.0993528902718376,0.144444444444444
5,73103,"nonlinear","ar","mcar","explicit_precision",77.0003464457126,0.111743531165219,1.35733063731452,0,0,0.911,0.0963864233417427,0.144444444444444
5,73103,"nonlinear","ar","mcar","random_effects",76.9847727788002,0.113800731723308,1.35607987351765,0,0,0.911,0.0993528902718376,0.144444444444444
5,73103,"nonlinear","ar","mcar","iid_analytic",77.1664066828805,0.100408308801816,-0.0345791219262823,1,0,0.911,0.0657320647761824,0.144444444444444
5,73103,"nonlinear","ar","mcar","covariance_analytic",83.9347487634983,0.148124853054222,-0.141397906016819,0,0,0.085,0.0657320647761824,0.144444444444444
5,73103,"nonlinear","ar","mcar","split_half",77.0811001539359,0.0638836513553262,1.27085679137132,1,0,0.911,0.256576135781092,0.144444444444444
5,73104,"nonlinear","ar","mcar","legacy",75.023882366622,0.231965699707977,1.26266173422052,0,0,0.732,0.066248369005722,0.152777777777778
5,73104,"nonlinear","ar","mcar","count",75.1121345618161,0.206251640245293,1.14585164086737,0,0,0.732,0.103430359787731,0.152777777777778
5,73104,"nonlinear","ar","mcar","explicit_precision",75.0997341405925,0.207003252808975,1.13849965739917,0,0,0.732,0.0999908916851923,0.152777777777778
5,73104,"nonlinear","ar","mcar","random_effects",75.1121345618161,0.206251640245293,1.14585164086737,0,0,0.732,0.103430359787731,0.152777777777778
5,73104,"nonlinear","ar","mcar","iid_analytic",75.1339863776469,0.243129778713604,-0.137986449249879,1,0,0.732,0.066248369005722,0.152777777777778
5,73104,"nonlinear","ar","mcar","covariance_analytic",69.4586383493778,0.0867195510850156,-0.0167227759080565,1,0,0.634,0.066248369005722,0.152777777777778
5,73104,"nonlinear","ar","mcar","split_half",74.6937803872694,0.158815776642969,-0.112506789597459,1,0,0.732,0.25923083506602,0.152777777777778
5,73105,"nonlinear","ar","mcar","legacy",74.9832500529695,0.389304059391066,0.821550808700331,0,0,0.796,0.0653566789963849,0.141666666666667
5,73105,"nonlinear","ar","mcar","count",74.8933826844205,0.36637664319104,0.780258792952507,0,0,0.796,0.0978752803884193,0.141666666666667
5,73105,"nonlinear","ar","mcar","explicit_precision",74.9591203924001,0.363122341658322,0.779717096637785,0,0,0.796,0.0953115245693482,0.141666666666667
5,73105,"nonlinear","ar","mcar","random_effects",74.8933826844205,0.36637664319104,0.780258792952507,0,0,0.796,0.0978752803884193,0.141666666666667
5,73105,"nonlinear","ar","mcar","iid_analytic",74.8774247135028,0.389140970506615,-0.475707031833558,0,0,0.796,0.0653566789963849,0.141666666666667
5,73105,"nonlinear","ar","mcar","covariance_analytic",34.8816317161035,0.0219667181040413,-0.0161673504367285,1,0,0.19,0.0653566789963849,0.141666666666667
5,73105,"nonlinear","ar","mcar","split_half",75.2913614657058,0.269138827262663,-0.423195589820745,0,0,0.796,0.251894230171971,0.141666666666667
5,73106,"nonlinear","ar","mcar","legacy",78.9739486525612,0.319059836570235,1.33621889062685,0,0,0.182,0.0655250754147813,0.144444444444444
5,73106,"nonlinear","ar","mcar","count",79.2565157376267,0.323415109755336,1.30395435368293,0,0,0.182,0.101533908599309,0.144444444444444
5,73106,"nonlinear","ar","mcar","explicit_precision",79.3311641743387,0.322574064767676,1.31599036127149,0,0,0.182,0.097565432764277,0.144444444444444
5,73106,"nonlinear","ar","mcar","random_effects",79.2565157376267,0.323415109755336,1.30395435368293,0,0,0.182,0.101533908599309,0.144444444444444
5,73106,"nonlinear","ar","mcar","iid_analytic",79.8842699947882,0.316851094650843,0.0257438577035686,1,0,0.182,0.0655250754147813,0.144444444444444
5,73106,"nonlinear","ar","mcar","covariance_analytic",39.1287984129191,0.0331549501294539,-0.0544082059129542,1,0,0.294,0.0655250754147813,0.144444444444444
5,73106,"nonlinear","ar","mcar","split_half",79.4978546102811,0.479880103567501,0.768066735046585,1,0,0.182,0.265259798134704,0.144444444444444
5,73107,"nonlinear","ar","mcar","legacy",76.2468235617869,0.435886073972799,1.15727658224764,0,0,0.067,0.0658315975963035,0.15
5,73107,"nonlinear","ar","mcar","count",76.2727118609483,0.431715392963598,1.1309227003402,0,0,0.067,0.0985644745935957,0.15
5,73107,"nonlinear","ar","mcar","explicit_precision",76.2778525047516,0.432753732516935,1.1381107849364,0,0,0.067,0.0962209119941101,0.15
5,73107,"nonlinear","ar","mcar","random_effects",76.2727118609483,0.431715392963598,1.1309227003402,0,0,0.067,0.0985644745935957,0.15
5,73107,"nonlinear","ar","mcar","iid_analytic",76.504817432787,0.446502326864153,-0.0994086447887718,1,0,0.067,0.0658315975963035,0.15
5,73107,"nonlinear","ar","mcar","covariance_analytic",37.0251574722876,0.209638099520668,-0.0422203515535672,1,0,0.194,0.0658315975963035,0.15
5,73107,"nonlinear","ar","mcar","split_half",73.7541535611554,0.246750993689515,1.33896128546437,1,0,0.067,0.253385131525537,0.15
5,73108,"nonlinear","ar","mcar","legacy",75.223123857574,0.277552769034891,1.19176149339996,0,0,0.485,0.0655817589273472,0.141666666666667
5,73108,"nonlinear","ar","mcar","count",75.2918961248291,0.24472209723071,1.11927028945412,0,0,0.485,0.102779798848512,0.141666666666667
5,73108,"nonlinear","ar","mcar","explicit_precision",75.2690994462477,0.24227103417218,1.12037913157439,0,0,0.485,0.100044916564814,0.141666666666667
5,73108,"nonlinear","ar","mcar","random_effects",75.2918961248291,0.24472209723071,1.11927028945412,0,0,0.485,0.102779798848512,0.141666666666667
5,73108,"nonlinear","ar","mcar","iid_analytic",75.2651790557584,0.285429258725118,-0.180288574793322,1,0,0.485,0.0655817589273472,0.141666666666667
5,73108,"nonlinear","ar","mcar","covariance_analytic",36.2695245609082,0.0245043243404757,-0.0672210857479319,1,0,0.338,0.0655817589273472,0.141666666666667
5,73108,"nonlinear","ar","mcar","split_half",79.2352951125656,0.211433668886173,0.845351084957466,1,0,0.485,0.263616215114524,0.141666666666667
5,73109,"nonlinear","ar","mcar","legacy",77.811622313707,0.344508473277999,1.11781903131044,0,0,0.446,0.0644915786827552,0.132407407407407
5,73109,"nonlinear","ar","mcar","count",77.8446860235113,0.329104345570987,1.0562253166015,0,0,0.446,0.0974706558984029,0.132407407407407
5,73109,"nonlinear","ar","mcar","explicit_precision",77.839693115219,0.327851170080885,1.06470435448182,0,0,0.446,0.0945283084134044,0.132407407407407
5,73109,"nonlinear","ar","mcar","random_effects",77.8446860235113,0.329104345570987,1.0562253166015,0,0,0.446,0.0974706558984029,0.132407407407407
5,73109,"nonlinear","ar","mcar","iid_analytic",78.0101199716454,0.345207723655792,-0.224160528167921,1,0,0.446,0.0644915786827552,0.132407407407407
5,73109,"nonlinear","ar","mcar","covariance_analytic",40.5539516765627,0.0434275037946586,-0.0234737968737485,1,0,0.753,0.0644915786827552,0.132407407407407
5,73109,"nonlinear","ar","mcar","split_half",78.2696403337862,0.34218544726814,-0.010446799593808,1,0,0.446,0.259422205244826,0.132407407407407
5,73110,"nonlinear","ar","mcar","legacy",77.4068030318511,0.332285076815797,1.74131374193899,0,0,0.325,0.0652582058464411,0.141666666666667
5,73110,"nonlinear","ar","mcar","count",77.6098372979889,0.301182537599764,1.65227814160115,0,0,0.325,0.0975404269385432,0.141666666666667
5,73110,"nonlinear","ar","mcar","explicit_precision",77.4824443380277,0.297405676956553,1.66603776906139,0,0,0.325,0.0933826998894714,0.141666666666667
5,73110,"nonlinear","ar","mcar","random_effects",77.6098372979889,0.301182537599764,1.65227814160115,0,0,0.325,0.0975404269385432,0.141666666666667
5,73110,"nonlinear","ar","mcar","iid_analytic",78.2013791099506,0.311856651412942,0.343516680651548,1,0,0.325,0.0652582058464411,0.141666666666667
5,73110,"nonlinear","ar","mcar","covariance_analytic",47.4920121263919,0.12141306189219,0.0775795399791867,1,0,0.163,0.0652582058464411,0.141666666666667
5,73110,"nonlinear","ar","mcar","split_half",78.1006500640024,0.167689289982687,1.67658744509008,1,0,0.325,0.250799718501129,0.141666666666667
5,73111,"nonlinear","ar","mcar","legacy",76.2751428555079,0.35162638575132,1.20199916555455,0,0,0.311,0.0660747531335767,0.151851851851852
5,73111,"nonlinear","ar","mcar","count",76.1943288070594,0.329899140457793,1.07556478238453,0,0,0.311,0.101199152865656,0.151851851851852
5,73111,"nonlinear","ar","mcar","explicit_precision",76.065387750912,0.320554207583255,1.07185974908907,0,0,0.311,0.0995409174174119,0.151851851851852
5,73111,"nonlinear","ar","mcar","random_effects",76.1943288070594,0.329899140457793,1.07556478238453,0,0,0.311,0.101199152865656,0.151851851851852
5,73111,"nonlinear","ar","mcar","iid_analytic",76.0110320350572,0.366839048277765,-0.181856101827243,1,0,0.311,0.0660747531335767,0.151851851851852
5,73111,"nonlinear","ar","mcar","covariance_analytic",27.1615797153571,0.03974996258902,-0.196617665828164,0,0,0.842,0.0660747531335767,0.151851851851852
5,73111,"nonlinear","ar","mcar","split_half",75.2432192517076,0.0669148064289197,1.05768178355163,1,0,0.311,0.253984334723347,0.151851851851852
5,73112,"nonlinear","ar","mcar","legacy",74.9362539302725,0.341455000016184,1.12821239669853,0,0,0.127,0.0661157048289401,0.152777777777778
5,73112,"nonlinear","ar","mcar","count",74.9809842064731,0.313747192652368,1.09012909671614,0,0,0.127,0.0963638605093993,0.152777777777778
5,73112,"nonlinear","ar","mcar","explicit_precision",74.9304854468529,0.318763052161342,1.09557307655235,0,0,0.127,0.0935791047290975,0.152777777777778
5,73112,"nonlinear","ar","mcar","random_effects",74.9809842064731,0.313747192652368,1.09012909671614,0,0,0.127,0.0963638605093993,0.152777777777778
5,73112,"nonlinear","ar","mcar","iid_analytic",75.0065152871117,0.334226827671069,-0.21037587945998,1,0,0.127,0.0661157048289401,0.152777777777778
5,73112,"nonlinear","ar","mcar","covariance_analytic",36.0422204233682,0.156237279116014,-0.101520068162882,0,0,0.742,0.0661157048289401,0.152777777777778
5,73112,"nonlinear","ar","mcar","split_half",78.1901966515327,0.424820913058846,0.748519854274805,1,0,0.127,0.272055984119583,0.152777777777778
5,73113,"nonlinear","ar","mcar","legacy",77.5498791379666,0.0318933547767166,1.38000709155095,0,0,0.54,0.0663278837175896,0.155555555555556
5,73113,"nonlinear","ar","mcar","count",78.0680504097886,0.0687010062172767,1.31518072140611,0,0,0.54,0.0967765325528896,0.155555555555556
5,73113,"nonlinear","ar","mcar","explicit_precision",78.0762393422631,0.0765933730867252,1.32849810680413,0,0,0.54,0.094003264577487,0.155555555555556
5,73113,"nonlinear","ar","mcar","random_effects",78.0680504097886,0.0687010062172767,1.31518072140611,0,0,0.54,0.0967765325528896,0.155555555555556
5,73113,"nonlinear","ar","mcar","iid_analytic",77.8942753617031,0.0164126413764974,-0.141203936141408,1,0,0.54,0.0663278837175896,0.155555555555556
5,73113,"nonlinear","ar","mcar","covariance_analytic",75.1641370292036,0.124682767637762,-0.00730571212715503,1,0,0.994,0.0663278837175896,0.155555555555556
5,73113,"nonlinear","ar","mcar","split_half",80.1636312969119,0.163651654690756,0.355944589231286,1,0,0.54,0.284990042013674,0.155555555555556
5,73114,"nonlinear","ar","mcar","legacy",75.2254090629611,0.380441104376531,1.44957108836233,0,0,0.365,0.0649098192112898,0.132407407407407
5,73114,"nonlinear","ar","mcar","count",75.0616810096588,0.375540870803393,1.35230870031832,0,0,0.365,0.101220340783433,0.132407407407407
5,73114,"nonlinear","ar","mcar","explicit_precision",75.0868769927403,0.376083799212773,1.35515498886107,0,0,0.365,0.0981623639529766,0.132407407407407
5,73114,"nonlinear","ar","mcar","random_effects",75.0616810096588,0.375540870803393,1.35230870031832,0,0,0.365,0.101220340783433,0.132407407407407
5,73114,"nonlinear","ar","mcar","iid_analytic",75.3577470290882,0.400408054484837,0.0473044225359699,1,0,0.365,0.0649098192112898,0.132407407407407
5,73114,"nonlinear","ar","mcar","covariance_analytic",51.3033154688556,0.0157476828219472,0.0898918575813993,1,0,0.498,0.0649098192112898,0.132407407407407
5,73114,"nonlinear","ar","mcar","split_half",72.1278153151786,0.389257077707582,0.967303459760646,1,0,0.365,0.261912403053034,0.132407407407407
5,73115,"nonlinear","ar","mcar","legacy",75.5596217895991,0.262302679465912,1.71629750402489,0,0,0.536,0.0643972530737237,0.128703703703704
5,73115,"nonlinear","ar","mcar","count",75.5800845022574,0.20945673978102,1.6085837366683,0,0,0.536,0.100354418774158,0.128703703703704
5,73115,"nonlinear","ar","mcar","explicit_precision",75.5107948571283,0.215777450317929,1.60874595894767,0,0,0.536,0.097530585940751,0.128703703703704
5,73115,"nonlinear","ar","mcar","random_effects",75.5800845022574,0.20945673978102,1.6085837366683,0,0,0.536,0.100354418774158,0.128703703703704
5,73115,"nonlinear","ar","mcar","iid_analytic",76.0208393693251,0.274803153569537,0.146002691640674,1,0,0.536,0.0643972530737237,0.128703703703704
5,73115,"nonlinear","ar","mcar","covariance_analytic",37.4328696590054,0.0191611929491935,0.0776920363792487,1,0,0.909,0.0643972530737237,0.128703703703704
5,73115,"nonlinear","ar","mcar","split_half",74.1064425483632,0.419196295874879,0.797054233912446,0,0,0.536,0.251223730978963,0.128703703703704
5,73116,"nonlinear","ar","mcar","legacy",78.1191890378994,0.0231431802611212,1.24034598696602,0,0,0.635,0.0651796542237719,0.136111111111111
5,73116,"nonlinear","ar","mcar","count",78.3205682109799,0.0468729578499693,1.082612377044,0,0,0.635,0.107946942325112,0.136111111111111
5,73116,"nonlinear","ar","mcar","explicit_precision",78.3125435422606,0.0409636082084956,1.07679061232429,0,0,0.635,0.10646454382929,0.136111111111111
5,73116,"nonlinear","ar","mcar","random_effects",78.3205682109799,0.0468729578499693,1.082612377044,0,0,0.635,0.107946942325112,0.136111111111111
5,73116,"nonlinear","ar","mcar","iid_analytic",78.801994940376,0.0160667782292847,-0.200891160169615,1,0,0.635,0.0651796542237719,0.136111111111111
5,73116,"nonlinear","ar","mcar","covariance_analytic",69.8543183697418,0.198170208115136,-0.167483109056584,0,0,0.224,0.0651796542237719,0.136111111111111
5,73116,"nonlinear","ar","mcar","split_half",78.1363387612422,0.126022444388897,0.977548993343157,1,0,0.635,0.245365093065469,0.136111111111111
5,73117,"nonlinear","ar","mcar","legacy",76.7110956279585,0.4344644583703,1.14519113309445,0,0,0.197,0.0660639646301411,0.15
5,73117,"nonlinear","ar","mcar","count",76.7561775560246,0.453354903432769,1.10707703605538,0,0,0.197,0.099462034309761,0.15
5,73117,"nonlinear","ar","mcar","explicit_precision",76.6809033198295,0.450365645495179,1.11400755592308,0,0,0.197,0.0975724042201403,0.15
5,73117,"nonlinear","ar","mcar","random_effects",76.7561775560246,0.453354903432769,1.10707703605538,0,0,0.197,0.099462034309761,0.15
5,73117,"nonlinear","ar","mcar","iid_analytic",77.1707682103713,0.443683324341305,-0.18665203529975,0,0,0.197,0.0660639646301411,0.15
5,73117,"nonlinear","ar","mcar","covariance_analytic",20.0744881102004,0.296343200844231,-0.101289116642633,1,0,0.612,0.0660639646301411,0.15
5,73117,"nonlinear","ar","mcar","split_half",79.7041948582896,0.36964087488316,1.57032414904116,1,0,0.197,0.267773720277699,0.15
5,73118,"nonlinear","ar","mcar","legacy",78.0617394776147,0.350093333735353,1.42019998912897,0,0,0.18,0.0660979584141349,0.150925925925926
5,73118,"nonlinear","ar","mcar","count",78.3746838364492,0.384079982667959,1.29894079298297,0,0,0.18,0.100040976302236,0.150925925925926
5,73118,"nonlinear","ar","mcar","explicit_precision",78.3772866959563,0.390398968163295,1.31454917873812,0,0,0.18,0.0980491742126395,0.150925925925926
5,73118,"nonlinear","ar","mcar","random_effects",78.3746838364492,0.384079982667959,1.29894079298297,0,0,0.18,0.100040976302236,0.150925925925926
5,73118,"nonlinear","ar","mcar","iid_analytic",78.3070929578076,0.368078382925353,-0.126603266308653,1,0,0.18,0.0660979584141349,0.150925925925926
5,73118,"nonlinear","ar","mcar","covariance_analytic",32.676866110469,0.0407143325976264,-0.00818697973620249,1,0,0.497,0.0660979584141349,0.150925925925926
5,73118,"nonlinear","ar","mcar","split_half",83.1720852983132,0.409355712290787,1.34770584056588,1,0,0.18,0.247629821281128,0.150925925925926
5,73119,"nonlinear","ar","mcar","legacy",74.4759024336815,0.287344791739761,1.52797905357972,0,0,0.518,0.0662318522980288,0.153703703703704
5,73119,"nonlinear","ar","mcar","count",74.3901774996019,0.280839303638606,1.45831995556631,0,0,0.518,0.102354043171511,0.153703703703704
5,73119,"nonlinear","ar","mcar","explicit_precision",74.3847844395029,0.286000260537275,1.4682231343617,0,0,0.518,0.0990282363078972,0.153703703703704
5,73119,"nonlinear","ar","mcar","random_effects",74.3901774996019,0.280839303638606,1.45831995556631,0,0,0.518,0.102354043171511,0.153703703703704
5,73119,"nonlinear","ar","mcar","iid_analytic",74.3706162977286,0.291121917763012,0.170611752683467,1,0,0.518,0.0662318522980288,0.153703703703704
5,73119,"nonlinear","ar","mcar","covariance_analytic",44.2516469491501,0.0229663357028873,-0.0313195002125485,1,0,0.202,0.0662318522980288,0.153703703703704
5,73119,"nonlinear","ar","mcar","split_half",74.5969332286682,0.214616777699989,1.1217957699996,1,0,0.518,0.244923064028836,0.153703703703704
5,73120,"nonlinear","ar","mcar","legacy",75.0756622772418,0.0461968814267018,1.33710976798901,0,0,0.167,0.0657572900955254,0.148148148148148
5,73120,"nonlinear","ar","mcar","count",74.8568182751598,0.0445402272868134,1.272944433756,0,0,0.167,0.107120439169586,0.148148148148148
5,73120,"nonlinear","ar","mcar","explicit_precision",74.8599957850294,0.0514885934547313,1.27292308918114,0,0,0.167,0.106514969038774,0.148148148148148
5,73120,"nonlinear","ar","mcar","random_effects",74.8568182751598,0.0445402272868134,1.272944433756,0,0,0.167,0.107120439169586,0.148148148148148
5,73120,"nonlinear","ar","mcar","iid_analytic",75.3445865667705,0.0339009872826115,-0.00982261765381598,1,0,0.167,0.0657572900955254,0.148148148148148
5,73120,"nonlinear","ar","mcar","covariance_analytic",27.4917708276155,0.187943234022097,0.124304267833575,0,0,0.063,0.0657572900955254,0.148148148148148
5,73120,"nonlinear","ar","mcar","split_half",74.1228827455189,0.0604534986713689,1.77519270515007,1,0,0.167,0.264424503880676,0.148148148148148
6,73101,"interaction","ar","response","legacy",88.0752197108932,0.639820356310955,1.37052953047862,0,0,0.183,0.0679924460071519,0.155555555555556
6,73101,"interaction","ar","response","count",88.5359844584744,0.63621364339094,1.2810344609085,0,0,0.183,0.106655512018799,0.155555555555556
6,73101,"interaction","ar","response","explicit_precision",88.4905946784708,0.633659695998381,1.2864119077947,0,0,0.183,0.105093853075776,0.155555555555556
6,73101,"interaction","ar","response","random_effects",88.5359844584744,0.63621364339094,1.2810344609085,0,0,0.183,0.106655512018799,0.155555555555556
6,73101,"interaction","ar","response","iid_analytic",87.8651653832559,0.587757972426703,-0.0244731329372557,1,0,0.183,0.0679924460071519,0.155555555555556
6,73101,"interaction","ar","response","covariance_analytic",61.2075773860915,0.337246945452248,0.0393209354103276,1,0,0.13,0.0679924460071519,0.155555555555556
6,73101,"interaction","ar","response","split_half",89.3656099889526,0.493466577846391,0.242254147656068,1,0,0.183,0.270467808756768,0.155555555555556
6,73102,"interaction","ar","response","legacy",85.5358931772541,0.371052321517026,1.97134667763294,0,0,0.99,0.0684136016488958,0.17037037037037
6,73102,"interaction","ar","response","count",85.879506172228,0.374890160712842,1.85063170465405,0,0,0.99,0.100748634026577,0.17037037037037
6,73102,"interaction","ar","response","explicit_precision",85.8489098641541,0.373410911785941,1.86105064607602,0,0,0.99,0.0996099971002437,0.17037037037037
6,73102,"interaction","ar","response","random_effects",85.879506172228,0.374890160712842,1.85063170465405,0,0,0.99,0.100748634026577,0.17037037037037
6,73102,"interaction","ar","response","iid_analytic",84.9665787958768,0.29694780400947,0.548341435886032,0,0,0.99,0.0684136016488958,0.17037037037037
6,73102,"interaction","ar","response","covariance_analytic",62.3560751645297,0.0259136523042101,0.137319393008124,0,0,0.92,0.0684136016488958,0.17037037037037
6,73102,"interaction","ar","response","split_half",84.9591876152957,0.0324964913612123,1.15939715807597,1,0,0.99,0.254276320475621,0.17037037037037
6,73103,"interaction","ar","response","legacy",86.3210914285548,0.4218603252396,1.31713017760677,0,0,0.591,0.0674519339592869,0.155555555555556
6,73103,"interaction","ar","response","count",86.4571132747333,0.402110647123852,1.2287069455103,0,0,0.591,0.100503857007376,0.155555555555556
6,73103,"interaction","ar","response","explicit_precision",86.4524569936023,0.403483907578724,1.24425202780099,0,0,0.591,0.0974532028390858,0.155555555555556
6,73103,"interaction","ar","response","random_effects",86.4571132747333,0.402110647123852,1.2287069455103,0,0,0.591,0.100503857007376,0.155555555555556
6,73103,"interaction","ar","response","iid_analytic",86.0318122087109,0.357493243793238,0.0354639156162682,1,0,0.591,0.0674519339592869,0.155555555555556
6,73103,"interaction","ar","response","covariance_analytic",74.8741616407099,0.171715682576082,-0.12203707601341,1,0,0.091,0.0674519339592869,0.155555555555556
6,73103,"interaction","ar","response","split_half",83.5297362256962,0.180879435891609,0.630471502705866,1,0,0.591,0.257973572246862,0.155555555555556
6,73104,"interaction","ar","response","legacy",88.2307548607383,0.425899146895675,1.52414807681429,0,0,0.993,0.0692304930907872,0.180555555555556
6,73104,"interaction","ar","response","count",88.4226888787939,0.452610518247317,1.44722727700314,0,0,0.993,0.102881768332158,0.180555555555556
6,73104,"interaction","ar","response","explicit_precision",88.3788147312322,0.445279100942789,1.45046773539786,0,0,0.993,0.0993572599893792,0.180555555555556
6,73104,"interaction","ar","response","random_effects",88.4226888787939,0.452610518247317,1.44722727700314,0,0,0.993,0.102881768332158,0.180555555555556
6,73104,"interaction","ar","response","iid_analytic",88.1567421664447,0.338134228560022,0.243565322426016,0,0,0.993,0.0692304930907872,0.180555555555556
6,73104,"interaction","ar","response","covariance_analytic",60.1424570734279,0.062163839073431,0.23036231135011,0,0,0.583,0.0692304930907872,0.180555555555556
6,73104,"interaction","ar","response","split_half",86.4880010039317,0.10158960873788,0.63506666392533,1,0,0.993,0.277072028959599,0.180555555555556
6,73105,"interaction","ar","response","legacy",87.3882553968843,0.508856072379431,1.08237703345833,0,0,0.717,0.0648790125996008,0.12962962962963
6,73105,"interaction","ar","response","count",87.2592431930517,0.483752743931959,1.00112614068988,0,0,0.717,0.100165183192103,0.12962962962963
6,73105,"interaction","ar","response","explicit_precision",87.2407446951995,0.486482977179362,1.00928404032004,0,0,0.717,0.0994437185702943,0.12962962962963
6,73105,"interaction","ar","response","random_effects",87.2592431930517,0.483752743931959,1.00112614068988,0,0,0.717,0.100165183192103,0.12962962962963
6,73105,"interaction","ar","response","iid_analytic",87.2263564776668,0.498692437317184,-0.168240942165595,1,0,0.717,0.0648790125996008,0.12962962962963
6,73105,"interaction","ar","response","covariance_analytic",76.6317272264221,0.272031214305387,-0.071908738232113,1,0,0.807,0.0648790125996008,0.12962962962963
6,73105,"interaction","ar","response","split_half",85.594805396633,0.405041441230263,0.132162768497467,1,0,0.717,0.241393753019552,0.12962962962963
6,73106,"interaction","ar","response","legacy",88.5577329900687,0.422593629187002,1.3266387914379,0,0,0.427,0.0679804033112857,0.167592592592593
6,73106,"interaction","ar","response","count",88.6218963862324,0.420118886928225,1.19910810897976,0,0,0.427,0.107042914184536,0.167592592592593
6,73106,"interaction","ar","response","explicit_precision",88.5653766340001,0.422737966868626,1.18605895634091,0,0,0.427,0.104883757401738,0.167592592592593
6,73106,"interaction","ar","response","random_effects",88.6218963862324,0.420118886928225,1.19910810897976,0,0,0.427,0.107042914184536,0.167592592592593
6,73106,"interaction","ar","response","iid_analytic",88.3021489237805,0.388796048281954,-0.0938297483010348,1,0,0.427,0.0679804033112857,0.167592592592593
6,73106,"interaction","ar","response","covariance_analytic",87.2752757124096,0.0181719804847187,-0.0663527420763514,1,0,0.997,0.0679804033112857,0.167592592592593
6,73106,"interaction","ar","response","split_half",89.673025644335,0.205958917569336,0.712814296794352,1,0,0.427,0.268676691608903,0.167592592592593
6,73107,"interaction","ar","response","legacy",88.6861602312868,0.36872059550123,1.18865862970765,0,0,0.474,0.0685974034135799,0.169444444444444
6,73107,"interaction","ar","response","count",88.4987291019033,0.382155552881645,1.13186997600476,0,0,0.474,0.102045487576833,0.169444444444444
6,73107,"interaction","ar","response","explicit_precision",88.4213535299619,0.384181232403443,1.13423738061451,0,0,0.474,0.098405932031791,0.169444444444444
6,73107,"interaction","ar","response","random_effects",88.4987291019033,0.382155552881645,1.13186997600476,0,0,0.474,0.102045487576833,0.169444444444444
6,73107,"interaction","ar","response","iid_analytic",88.7462696168256,0.280346466504771,-0.11790609868934,1,0,0.474,0.0685974034135799,0.169444444444444
6,73107,"interaction","ar","response","covariance_analytic",68.3106235426553,0.397762763840615,-0.00858539795234477,1,0,0.334,0.0685974034135799,0.169444444444444
6,73107,"interaction","ar","response","split_half",84.8474768456333,0.295108770604985,1.35824098114404,1,0,0.474,0.282059604777815,0.169444444444444
6,73108,"interaction","ar","response","legacy",89.6599060247539,0.335959615966751,1.51786629994588,0,0,0.885,0.0677054359039653,0.157407407407407
6,73108,"interaction","ar","response","count",89.2213936132648,0.332520824766407,1.48140729206276,0,0,0.885,0.102246285104201,0.157407407407407
6,73108,"interaction","ar","response","explicit_precision",89.3138262019694,0.336084994144105,1.46818531820071,0,0,0.885,0.0984895637077647,0.157407407407407
6,73108,"interaction","ar","response","random_effects",89.2213936132648,0.332520824766407,1.48140729206276,0,0,0.885,0.102246285104201,0.157407407407407
6,73108,"interaction","ar","response","iid_analytic",89.3622500340626,0.192396673698294,0.107720688374771,1,0,0.885,0.0677054359039653,0.157407407407407
6,73108,"interaction","ar","response","covariance_analytic",55.4418579512533,0.0983489042084984,-0.0104554302085423,1,0,0.555,0.0677054359039653,0.157407407407407
6,73108,"interaction","ar","response","split_half",87.0355546379998,0.0311513746481009,1.49266790611434,1,0,0.885,0.254171139679923,0.157407407407407
6,73109,"interaction","ar","response","legacy",89.7074377637904,0.369597479903218,1.37325585474373,0,0,0.71,0.069579777520954,0.175
6,73109,"interaction","ar","response","count",89.769117826363,0.34827225454614,1.30359316165907,0,0,0.71,0.104271674618583,0.175
6,73109,"interaction","ar","response","explicit_precision",89.7514951237832,0.351666332618715,1.30788027553967,0,0,0.71,0.101127233533199,0.175
6,73109,"interaction","ar","response","random_effects",89.769117826363,0.34827225454614,1.30359316165907,0,0,0.71,0.104271674618583,0.175
6,73109,"interaction","ar","response","iid_analytic",89.8929601669307,0.281948688936214,0.0278282236360086,1,0,0.71,0.069579777520954,0.175
6,73109,"interaction","ar","response","covariance_analytic",81.2979253975376,0.161583844031129,0.0861615668754093,1,0,0.683,0.069579777520954,0.175
6,73109,"interaction","ar","response","split_half",88.6569062970517,0.0628968994229795,0.391650010246081,1,0,0.71,0.274526118581561,0.175
6,73110,"interaction","ar","response","legacy",87.2358098679727,0.449687978094959,1.2990205378727,0,0,0.306,0.0675086541998307,0.156481481481481
6,73110,"interaction","ar","response","count",87.2958836189399,0.43943094275657,1.26627791440373,0,0,0.306,0.105067018370225,0.156481481481481
6,73110,"interaction","ar","response","explicit_precision",87.2586112072084,0.437025106009043,1.26602134376372,0,0,0.306,0.103342391062801,0.156481481481481
6,73110,"interaction","ar","response","random_effects",87.2958836189399,0.43943094275657,1.26627791440373,0,0,0.306,0.105067018370225,0.156481481481481
6,73110,"interaction","ar","response","iid_analytic",87.212828014365,0.346195835982136,-0.106127807364443,1,0,0.306,0.0675086541998307,0.156481481481481
6,73110,"interaction","ar","response","covariance_analytic",86.0249744313777,0.194771067701323,0.0511667902724673,1,0,0.443,0.0675086541998307,0.156481481481481
6,73110,"interaction","ar","response","split_half",83.3477662344972,0.342551357411864,1.44855574659864,1,0,0.306,0.280295473882223,0.156481481481481
6,73111,"interaction","ar","response","legacy",87.6991862841577,0.238695038743873,1.4754006311949,0,0,0.241,0.0679948251639428,0.160185185185185
6,73111,"interaction","ar","response","count",87.7039559114571,0.233010925715914,1.44167477775522,0,0,0.241,0.105372500574485,0.160185185185185
6,73111,"interaction","ar","response","explicit_precision",87.6912444621252,0.23976787850316,1.43766108011527,0,0,0.241,0.104092638680277,0.160185185185185
6,73111,"interaction","ar","response","random_effects",87.7039559114571,0.233010925715914,1.44167477775522,0,0,0.241,0.105372500574485,0.160185185185185
6,73111,"interaction","ar","response","iid_analytic",87.3751097251668,0.162444272744284,0.0897779106133546,1,0,0.241,0.0679948251639428,0.160185185185185
6,73111,"interaction","ar","response","covariance_analytic",79.1523523752227,0.0348273330808207,0.0407610240861335,1,0,0.33,0.0679948251639428,0.160185185185185
6,73111,"interaction","ar","response","split_half",89.0528130668077,0.286930481354336,1.09815794462953,1,0,0.241,0.287185851349577,0.160185185185185
6,73112,"interaction","ar","response","legacy",89.4354071467602,0.538768779725255,1.33099236596908,0,0,0.683,0.0670499856896916,0.157407407407407
6,73112,"interaction","ar","response","count",89.5934693078754,0.543233177785492,1.29549204578107,0,0,0.683,0.0992513781530493,0.157407407407407
6,73112,"interaction","ar","response","explicit_precision",89.5574216639546,0.546244966672326,1.28891912055666,0,0,0.683,0.0967944515899847,0.157407407407407
6,73112,"interaction","ar","response","random_effects",89.5934693078754,0.543233177785492,1.29549204578107,0,0,0.683,0.0992513781530493,0.157407407407407
6,73112,"interaction","ar","response","iid_analytic",89.3113994132494,0.526763191266852,-0.118924490524862,1,0,0.683,0.0670499856896916,0.157407407407407
6,73112,"interaction","ar","response","covariance_analytic",72.9040729254354,0.206063046768496,-0.0799068121728893,1,0,0.397,0.0670499856896916,0.157407407407407
6,73112,"interaction","ar","response","split_half",88.1624269412109,0.430462546220925,0.596764504377021,1,0,0.683,0.246110635481916,0.157407407407407
6,73113,"interaction","ar","response","legacy",89.2058636721743,0.43867510913576,1.31379178640951,0,0,0.665,0.0682780767707238,0.161111111111111
6,73113,"interaction","ar","response","count",88.9058804997332,0.463613090708094,1.25273673342827,0,0,0.665,0.100151919824181,0.161111111111111
6,73113,"interaction","ar","response","explicit_precision",89.0387797174126,0.464379791859397,1.25752718020089,0,0,0.665,0.0973169128485433,0.161111111111111
6,73113,"interaction","ar","response","random_effects",88.9058804997332,0.463613090708094,1.25273673342827,0,0,0.665,0.100151919824181,0.161111111111111
6,73113,"interaction","ar","response","iid_analytic",89.5840978856272,0.380500074180627,-0.0996967018174244,1,0,0.665,0.0682780767707238,0.161111111111111
6,73113,"interaction","ar","response","covariance_analytic",75.5695983846949,0.226427168969214,-0.125258558810568,1,0,0.409,0.0682780767707238,0.161111111111111
6,73113,"interaction","ar","response","split_half",81.6789066936346,0.3061532219998,0.996290686623021,1,0,0.665,0.273076998923295,0.161111111111111
6,73114,"interaction","ar","response","legacy",88.4543532414718,0.588436851909076,1.40591997450244,0,0,0.217,0.0649194677871148,0.12962962962963
6,73114,"interaction","ar","response","count",88.5991584240497,0.587494016241601,1.34170418711081,0,0,0.217,0.0986626356081847,0.12962962962963
6,73114,"interaction","ar","response","explicit_precision",88.5488092324933,0.584747531665858,1.34882016953504,0,0,0.217,0.0970951136827921,0.12962962962963
6,73114,"interaction","ar","response","random_effects",88.5991584240497,0.587494016241601,1.34170418711081,0,0,0.217,0.0986626356081847,0.12962962962963
6,73114,"interaction","ar","response","iid_analytic",88.4381162287025,0.570331898042246,0.0740310265136952,1,0,0.217,0.0649194677871148,0.12962962962963
6,73114,"interaction","ar","response","covariance_analytic",53.2706729806199,0.349568001784466,0.092352380272995,1,0,0.218,0.0649194677871148,0.12962962962963
6,73114,"interaction","ar","response","split_half",89.3915671662163,0.237631875061326,0.343399632293124,1,0,0.217,0.279063279708139,0.12962962962963
6,73115,"interaction","ar","response","legacy",89.0658062329087,0.483693566251346,1.42842345740672,0,0,0.408,0.0662851092262857,0.143518518518519
6,73115,"interaction","ar","response","count",89.2136282766482,0.466979134374681,1.37089407357879,0,0,0.408,0.101709538307152,0.143518518518519
6,73115,"interaction","ar","response","explicit_precision",89.1862220856403,0.470908726607598,1.38081430623073,0,0,0.408,0.0999460337355997,0.143518518518519
6,73115,"interaction","ar","response","random_effects",89.2136282766482,0.466979134374681,1.37089407357879,0,0,0.408,0.101709538307152,0.143518518518519
6,73115,"interaction","ar","response","iid_analytic",89.279290493336,0.4470215486553,0.0128970755486189,1,0,0.408,0.0662851092262857,0.143518518518519
6,73115,"interaction","ar","response","covariance_analytic",68.1849947882634,0.167161968195665,0.0223675746974849,1,0,0.047,0.0662851092262857,0.143518518518519
6,73115,"interaction","ar","response","split_half",87.719912000173,0.197530629449163,1.11614103413728,1,0,0.408,0.282481916131878,0.143518518518519
6,73116,"interaction","ar","response","legacy",88.1488522634681,0.461662559484724,1.05959624523643,0,0,0.458,0.0669364295834884,0.15
6,73116,"interaction","ar","response","count",87.9811530979398,0.482588259217586,0.99824296191868,0,0,0.458,0.102250433019418,0.15
6,73116,"interaction","ar","response","explicit_precision",87.9590826672578,0.478371557567954,1.00174826758091,0,0,0.458,0.0996173177541452,0.15
6,73116,"interaction","ar","response","random_effects",87.9811530979398,0.482588259217586,0.99824296191868,0,0,0.458,0.102250433019418,0.15
6,73116,"interaction","ar","response","iid_analytic",88.2122117935178,0.383870720891374,-0.267148708740726,0,0,0.458,0.0669364295834884,0.15
6,73116,"interaction","ar","response","covariance_analytic",74.2720727503208,0.0931440856413188,-0.113283240445064,1,0,0.506,0.0669364295834884,0.15
6,73116,"interaction","ar","response","split_half",86.1225915506139,0.246133090534158,0.144685689487865,1,0,0.458,0.254455759855942,0.15
6,73117,"interaction","ar","response","legacy",89.4632897371391,0.422557219061147,1.40953208747612,0,0,0.375,0.0676563142739613,0.156481481481481
6,73117,"interaction","ar","response","count",89.3658701867255,0.431671715427185,1.34465726259517,0,0,0.375,0.103530251316238,0.156481481481481
6,73117,"interaction","ar","response","explicit_precision",89.3699324742896,0.428138760179541,1.35349625677845,0,0,0.375,0.100373942818918,0.156481481481481
6,73117,"interaction","ar","response","random_effects",89.3658701867255,0.431671715427185,1.34465726259517,0,0,0.375,0.103530251316238,0.156481481481481
6,73117,"interaction","ar","response","iid_analytic",89.6385182187672,0.384326824494687,0.117347660790917,1,0,0.375,0.0676563142739613,0.156481481481481
6,73117,"interaction","ar","response","covariance_analytic",74.7170666270785,0.159069675809658,0.0250572886595799,1,0,0.824,0.0676563142739613,0.156481481481481
6,73117,"interaction","ar","response","split_half",89.844538194832,0.456258964898199,0.677965151316379,0,0,0.375,0.271107648885358,0.156481481481481
6,73118,"interaction","ar","response","legacy",87.6705507448839,0.43545311076307,1.22706871892573,0,0,0.742,0.0674999156616804,0.162037037037037
6,73118,"interaction","ar","response","count",87.6542055683168,0.429870804874831,1.18916028940333,0,0,0.742,0.0970267895298477,0.162037037037037
6,73118,"interaction","ar","response","explicit_precision",87.6706919563529,0.434185298329331,1.19811636394096,0,0,0.742,0.0953425654269098,0.162037037037037
6,73118,"interaction","ar","response","random_effects",87.6542055683168,0.429870804874831,1.18916028940333,0,0,0.742,0.0970267895298477,0.162037037037037
6,73118,"interaction","ar","response","iid_analytic",87.5737487845946,0.380984634823453,-0.129341141755069,1,0,0.742,0.0674999156616804,0.162037037037037
6,73118,"interaction","ar","response","covariance_analytic",86.7184117391665,0.443701224756225,0.0277892271656294,1,0,0.478,0.0674999156616804,0.162037037037037
6,73118,"interaction","ar","response","split_half",87.3955340605874,0.13955200872756,0.419798869427184,1,0,0.742,0.250293271548822,0.162037037037037
6,73119,"interaction","ar","response","legacy",89.6038540849707,0.628277778014331,1.61311071717742,0,0,0.56,0.0668072491234256,0.151851851851852
6,73119,"interaction","ar","response","count",89.4229853258187,0.618568041954762,1.5380823691508,0,0,0.56,0.100443427026855,0.151851851851852
6,73119,"interaction","ar","response","explicit_precision",89.4842693242798,0.620805224576329,1.54932565521293,0,0,0.56,0.0990936198791297,0.151851851851852
6,73119,"interaction","ar","response","random_effects",89.4229853258187,0.618568041954762,1.5380823691508,0,0,0.56,0.100443427026855,0.151851851851852
6,73119,"interaction","ar","response","iid_analytic",89.4610564384192,0.634505383588802,0.265520668051904,0,0,0.56,0.0668072491234256,0.151851851851852
6,73119,"interaction","ar","response","covariance_analytic",86.9815758648957,0.101324001002693,0.134028379653788,1,0,0.73,0.0668072491234256,0.151851851851852
6,73119,"interaction","ar","response","split_half",87.730837685796,0.43254334121802,1.06111250729005,0,0,0.56,0.268354286992341,0.151851851851852
6,73120,"interaction","ar","response","legacy",88.9090734384178,0.269566527438131,1.18762405281191,0,0,0.147,0.0672552665199724,0.156481481481481
6,73120,"interaction","ar","response","count",88.7112882095246,0.24800640317272,1.10987657289829,0,0,0.147,0.107438597894275,0.156481481481481
6,73120,"interaction","ar","response","explicit_precision",88.7154609679342,0.248710635330498,1.11953989137227,0,0,0.147,0.105089115651384,0.156481481481481
6,73120,"interaction","ar","response","random_effects",88.7112882095246,0.24800640317272,1.10987657289829,0,0,0.147,0.107438597894275,0.156481481481481
6,73120,"interaction","ar","response","iid_analytic",88.8402526469718,0.14399320221449,-0.137881377978998,1,0,0.147,0.0672552665199724,0.156481481481481
6,73120,"interaction","ar","response","covariance_analytic",77.9627459685216,0.10886072908872,-0.0500487044504175,1,0,0.785,0.0672552665199724,0.156481481481481
6,73120,"interaction","ar","response","split_half",83.9040385137261,0.0398731437542243,-0.083267790727191,1,0,0.147,0.282886804669347,0.156481481481481
7,73101,"low_rank","unequal_precision","mcar","legacy",74.8548165753214,0.484936556258661,3.49125857450806,0,0,0.001,0.0658336325983385,0.149074074074074
7,73101,"low_rank","unequal_precision","mcar","count",73.5142141361147,0.510097848767122,3.45888639355194,0,0,0.001,0.102832053279674,0.149074074074074
7,73101,"low_rank","unequal_precision","mcar","explicit_precision",84.7349542680816,0.550741951587726,1.81086217194452,0,0,0.001,0.196141006485657,0.149074074074074
7,73101,"low_rank","unequal_precision","mcar","random_effects",73.4748559370117,0.510748318901222,3.46296642716583,0,0,0.001,0.102736988715866,0.149074074074074
7,73101,"low_rank","unequal_precision","mcar","iid_analytic",66.4902938751983,0.50014056195823,0.602119017038233,1,0,0.001,0.0658336325983385,0.149074074074074
7,73101,"low_rank","unequal_precision","mcar","covariance_analytic",78.7891541990251,0.264148241495681,0.31299301347767,1,0,0.001,0.0658336325983385,0.149074074074074
7,73101,"low_rank","unequal_precision","mcar","split_half",85.0934243216086,0.105142744156272,1.94955580286045,1,0,0.001,0.259768121762941,0.149074074074074
7,73102,"low_rank","unequal_precision","mcar","legacy",77.673575909492,0.316596637179566,3.08282895434922,0,0,0.001,0.0655061169767052,0.142592592592593
7,73102,"low_rank","unequal_precision","mcar","count",73.6348698439326,0.378681091522664,2.90942562494807,0,0,0.001,0.109875737613173,0.142592592592593
7,73102,"low_rank","unequal_precision","mcar","explicit_precision",77.8951461135105,0.253667851799131,1.59006454482627,0,0,0.001,0.207687699499343,0.142592592592593
7,73102,"low_rank","unequal_precision","mcar","random_effects",74.0260207655734,0.378469367180131,2.90760052337245,0,0,0.001,0.109773754043474,0.142592592592593
7,73102,"low_rank","unequal_precision","mcar","iid_analytic",86.2860141496787,0.376879159117375,-0.01043543246305,1,0,0.001,0.0655061169767052,0.142592592592593
7,73102,"low_rank","unequal_precision","mcar","covariance_analytic",77.007319263724,0.079464147300753,-0.332067475325906,1,0,0.001,0.0655061169767052,0.142592592592593
7,73102,"low_rank","unequal_precision","mcar","split_half",75.6569303800097,0.0739428553244366,0.997350201329577,1,0,0.001,0.250100378086332,0.142592592592593
7,73103,"low_rank","unequal_precision","mcar","legacy",85.044666265197,0.375008931031359,5.02646224475706,0,0,0.001,0.0651131997087879,0.137037037037037
7,73103,"low_rank","unequal_precision","mcar","count",88.3937490082857,0.335232930876665,4.88436891926578,0,0,0.001,0.0980855838945017,0.137037037037037
7,73103,"low_rank","unequal_precision","mcar","explicit_precision",61.5968099660759,0.602984350310363,2.51869104540765,0,0,0.001,0.187995883643266,0.137037037037037
7,73103,"low_rank","unequal_precision","mcar","random_effects",88.3937490082857,0.335232930876665,4.88436891926578,0,0,0.001,0.0980855838945017,0.137037037037037
7,73103,"low_rank","unequal_precision","mcar","iid_analytic",50.6127068135714,0.289339021297087,1.79724098936689,0,0,0.001,0.0651131997087879,0.137037037037037
7,73103,"low_rank","unequal_precision","mcar","covariance_analytic",41.13312757322,0.463318174056816,1.52460199949062,0,0,0.001,0.0651131997087879,0.137037037037037
7,73103,"low_rank","unequal_precision","mcar","split_half",88.7583869053077,0.295223301358076,1.82564462900361,1,0,0.001,0.246333242900404,0.137037037037037
7,73104,"low_rank","unequal_precision","mcar","legacy",81.3202518764397,0.120755854081455,2.29426058536751,0,0,0.001,0.0668525279187044,0.159259259259259
7,73104,"low_rank","unequal_precision","mcar","count",81.1665632473072,0.0901513926544011,2.24039475570305,0,0,0.001,0.124917659194639,0.159259259259259
7,73104,"low_rank","unequal_precision","mcar","explicit_precision",79.215297148688,0.201414170495335,1.32354818057943,0,0,0.001,0.224882681887233,0.159259259259259
7,73104,"low_rank","unequal_precision","mcar","random_effects",81.1665632473072,0.0901513926544011,2.24039475570305,0,0,0.001,0.124917659194639,0.159259259259259
7,73104,"low_rank","unequal_precision","mcar","iid_analytic",69.8240032848274,0.150171570838318,-0.471745762538496,1,0,0.001,0.0668525279187044,0.159259259259259
7,73104,"low_rank","unequal_precision","mcar","covariance_analytic",89.2943354956697,0.278433893133831,-0.738804381607703,0,0,0.001,0.0668525279187044,0.159259259259259
7,73104,"low_rank","unequal_precision","mcar","split_half",89.0618822015682,0.0966238582474065,-0.488269431995445,0,0,0.001,0.266985589980828,0.159259259259259
7,73105,"low_rank","unequal_precision","mcar","legacy",83.0401247144235,0.348697712153209,2.93654929576343,0,0,0.001,0.0677599293408117,0.17037037037037
7,73105,"low_rank","unequal_precision","mcar","count",81.2938607725952,0.411988530722018,2.41816303998396,0,0,0.001,0.148778739027513,0.17037037037037
7,73105,"low_rank","unequal_precision","mcar","explicit_precision",75.7706507034735,0.519694307341876,1.26598977245576,0,0,0.001,0.273881262211285,0.17037037037037
7,73105,"low_rank","unequal_precision","mcar","random_effects",81.2938607725952,0.411988530722018,2.41816303998396,0,0,0.001,0.148778739027513,0.17037037037037
7,73105,"low_rank","unequal_precision","mcar","iid_analytic",89.4295084482028,0.352703539555762,-0.13543898887648,0,0,0.001,0.0677599293408117,0.17037037037037
7,73105,"low_rank","unequal_precision","mcar","covariance_analytic",63.531210675291,0.245708725253703,-0.296233056582345,0,0,0.001,0.0677599293408117,0.17037037037037
7,73105,"low_rank","unequal_precision","mcar","split_half",80.9895661583847,0.0526041300611421,-0.372246429679921,1,0,0.001,0.260304552355534,0.17037037037037
7,73106,"low_rank","unequal_precision","mcar","legacy",75.82797589993,0.404259694342307,3.2409970923867,0,0,0.001,0.0668340510252275,0.158333333333333
7,73106,"low_rank","unequal_precision","mcar","count",74.4974828788574,0.496937294690997,2.88255118497147,0,0,0.001,0.134522144301781,0.158333333333333
7,73106,"low_rank","unequal_precision","mcar","explicit_precision",77.0073857438701,0.476251263496161,1.42726043600372,0,0,0.001,0.21923673900416,0.158333333333333
7,73106,"low_rank","unequal_precision","mcar","random_effects",74.4974828788574,0.496937294690997,2.88255118497147,0,0,0.001,0.134522144301781,0.158333333333333
7,73106,"low_rank","unequal_precision","mcar","iid_analytic",88.3487198118903,0.527247195445189,0.275056556160312,1,0,0.001,0.0668340510252275,0.158333333333333
7,73106,"low_rank","unequal_precision","mcar","covariance_analytic",89.2740843497293,0.413468762427586,-0.00820278192174954,1,0,0.001,0.0668340510252275,0.158333333333333
7,73106,"low_rank","unequal_precision","mcar","split_half",78.8245636640718,0.192790591740025,1.47781952953213,1,0,0.001,0.259030909001477,0.158333333333333
7,73107,"low_rank","unequal_precision","mcar","legacy",89.5978867529733,0.421496290443704,2.40993102970247,0,0,0.001,0.0661217078128843,0.151851851851852
7,73107,"low_rank","unequal_precision","mcar","count",87.4771629507159,0.435300802072407,2.42383244325251,0,0,0.001,0.12611602039393,0.151851851851852
7,73107,"low_rank","unequal_precision","mcar","explicit_precision",81.7117577380444,0.518295753375205,1.44302122795768,0,0,0.001,0.193076889307108,0.151851851851852
7,73107,"low_rank","unequal_precision","mcar","random_effects",87.4771629507159,0.435300802072407,2.42383244325251,0,0,0.001,0.12611602039393,0.151851851851852
7,73107,"low_rank","unequal_precision","mcar","iid_analytic",88.1299366375035,0.425649732938272,-0.500046578720964,1,0,0.001,0.0661217078128843,0.151851851851852
7,73107,"low_rank","unequal_precision","mcar","covariance_analytic",88.1822327490505,0.0121274418442749,-0.766544838996526,0,0,0.001,0.0661217078128843,0.151851851851852
7,73107,"low_rank","unequal_precision","mcar","split_half",69.81942981911,0.187115240679432,-1.44716729535103,1,0,0.001,0.26219157954281,0.151851851851852
7,73108,"low_rank","unequal_precision","mcar","legacy",73.6066472403145,0.658235184074267,2.9767517075209,0,0,0.001,0.0647227336933219,0.131481481481481
7,73108,"low_rank","unequal_precision","mcar","count",77.1687692839495,0.681843991788574,2.86661155100315,0,0,0.001,0.112611732325405,0.131481481481481
7,73108,"low_rank","unequal_precision","mcar","explicit_precision",76.2882074788067,0.635613553603906,1.45140061148347,0,0,0.001,0.190916840464934,0.131481481481481
7,73108,"low_rank","unequal_precision","mcar","random_effects",77.1687692839495,0.681843991788574,2.86661155100315,0,0,0.001,0.112611732325405,0.131481481481481
7,73108,"low_rank","unequal_precision","mcar","iid_analytic",69.3790983861391,0.552366148509416,0.160978356207681,1,0,0.001,0.0647227336933219,0.131481481481481
7,73108,"low_rank","unequal_precision","mcar","covariance_analytic",78.0377651519494,0.402814240161688,-0.0896917407010092,1,0,0.001,0.0647227336933219,0.131481481481481
7,73108,"low_rank","unequal_precision","mcar","split_half",73.8994737606851,0.445492763297323,5.04464490712621,1,0,0.001,0.250613174427266,0.131481481481481
7,73109,"low_rank","unequal_precision","mcar","legacy",79.3469917345791,0.416598345120215,2.86271072921448,0,0,0.001,0.064073310948311,0.126851851851852
7,73109,"low_rank","unequal_precision","mcar","count",80.2423875162765,0.392742904036556,2.6142869112655,0,0,0.001,0.107941550430589,0.126851851851852
7,73109,"low_rank","unequal_precision","mcar","explicit_precision",73.0334183037581,0.429383208702769,1.502407844115,0,0,0.001,0.176020228575072,0.126851851851852
7,73109,"low_rank","unequal_precision","mcar","random_effects",80.2423875162765,0.392742904036556,2.6142869112655,0,0,0.001,0.107941550430589,0.126851851851852
7,73109,"low_rank","unequal_precision","mcar","iid_analytic",67.7358272607029,0.315693946983801,0.150901069069173,1,0,0.001,0.064073310948311,0.126851851851852
7,73109,"low_rank","unequal_precision","mcar","covariance_analytic",67.2963881905604,0.0334318623625852,-0.0932137120260788,1,0,0.001,0.064073310948311,0.126851851851852
7,73109,"low_rank","unequal_precision","mcar","split_half",77.0527968634277,0.192685605937056,2.19290606218678,1,0,0.001,0.232917854232034,0.126851851851852
7,73110,"low_rank","unequal_precision","mcar","legacy",82.9832143428198,0.320195684014634,3.13512786332042,0,0,0.001,0.064688779357897,0.132407407407407
7,73110,"low_rank","unequal_precision","mcar","count",80.6372210448604,0.369522637859614,2.75089592951085,0,0,0.001,0.13215520234015,0.132407407407407
7,73110,"low_rank","unequal_precision","mcar","explicit_precision",80.1513773223683,0.226196669109963,1.39456964963859,0,0,0.001,0.169138545081459,0.132407407407407
7,73110,"low_rank","unequal_precision","mcar","random_effects",80.6372210448604,0.369522637859614,2.75089592951085,0,0,0.001,0.13215520234015,0.132407407407407
7,73110,"low_rank","unequal_precision","mcar","iid_analytic",75.281843632187,0.234144121400777,0.202768915188199,1,0,0.001,0.064688779357897,0.132407407407407
7,73110,"low_rank","unequal_precision","mcar","covariance_analytic",55.3888293938236,0.326242893032665,-0.041840341034387,1,0,0.001,0.064688779357897,0.132407407407407
7,73110,"low_rank","unequal_precision","mcar","split_half",87.3147208944586,0.00793482739642577,1.21165487243038,1,0,0.001,0.232538221243332,0.132407407407407
7,73111,"low_rank","unequal_precision","mcar","legacy",85.3934568554305,0.217376350248392,2.27396764631562,0,0,0.001,0.064146451315569,0.125925925925926
7,73111,"low_rank","unequal_precision","mcar","count",86.1253122392179,0.227221100029697,2.2081099042273,0,0,0.001,0.106746616850673,0.125925925925926
7,73111,"low_rank","unequal_precision","mcar","explicit_precision",78.9924001722022,0.502069498354786,1.40490149160241,0,0,0.001,0.191848997577128,0.125925925925926
7,73111,"low_rank","unequal_precision","mcar","random_effects",86.1253122392179,0.227221100029697,2.2081099042273,0,0,0.001,0.106746616850673,0.125925925925926
7,73111,"low_rank","unequal_precision","mcar","iid_analytic",79.3127632136937,0.399998220269722,-0.847923152218012,0,0,0.001,0.064146451315569,0.125925925925926
7,73111,"low_rank","unequal_precision","mcar","covariance_analytic",62.9794049834393,0.0988522423578289,-1.13365468629264,0,0,0.001,0.064146451315569,0.125925925925926
7,73111,"low_rank","unequal_precision","mcar","split_half",81.3537710553829,0.266472098000857,1.2966786424411,0,0,0.001,0.24906238060952,0.125925925925926
7,73112,"low_rank","unequal_precision","mcar","legacy",76.4720229715904,0.595161701852243,3.40602152998778,0,0,0.001,0.0655291154923508,0.14537037037037
7,73112,"low_rank","unequal_precision","mcar","count",76.8058320266656,0.599327373329614,3.35244355640613,0,0,0.001,0.118415084801678,0.14537037037037
7,73112,"low_rank","unequal_precision","mcar","explicit_precision",80.8243010843217,0.554298059415745,1.47391155701313,0,0,0.001,0.176984671506849,0.14537037037037
7,73112,"low_rank","unequal_precision","mcar","random_effects",76.8058320266656,0.599327373329614,3.35244355640613,0,0,0.001,0.118415084801678,0.14537037037037
7,73112,"low_rank","unequal_precision","mcar","iid_analytic",56.8314775885143,0.531637416196192,0.470711488726598,1,0,0.001,0.0655291154923508,0.14537037037037
7,73112,"low_rank","unequal_precision","mcar","covariance_analytic",60.8419143704723,0.015785486298585,0.219765665197653,1,0,0.001,0.0655291154923508,0.14537037037037
7,73112,"low_rank","unequal_precision","mcar","split_half",75.9641709776541,0.33860596889234,1.86451571423266,1,0,0.001,0.25568944668246,0.14537037037037
7,73113,"low_rank","unequal_precision","mcar","legacy",83.9976530236832,0.386085150587393,3.58926266139719,0,0,0.001,0.0640970426632191,0.126851851851852
7,73113,"low_rank","unequal_precision","mcar","count",78.1766128526305,0.543161014212729,3.25316270656184,0,0,0.001,0.134032400653046,0.126851851851852
7,73113,"low_rank","unequal_precision","mcar","explicit_precision",78.4061550297983,0.582198477298112,1.45470161805222,0,0,0.001,0.232029182062129,0.126851851851852
7,73113,"low_rank","unequal_precision","mcar","random_effects",78.2332010575701,0.542715545088227,3.24675153114015,0,0,0.001,0.133735812015697,0.126851851851852
7,73113,"low_rank","unequal_precision","mcar","iid_analytic",71.0555773929571,0.48927938359071,0.430561143983903,1,0,0.001,0.0640970426632191,0.126851851851852
7,73113,"low_rank","unequal_precision","mcar","covariance_analytic",64.4948994483617,0.272812218133665,0.152351094146058,1,0,0.001,0.0640970426632191,0.126851851851852
7,73113,"low_rank","unequal_precision","mcar","split_half",80.504327036118,0.44783786035525,3.62036496681449,1,0,0.001,0.265211153837016,0.126851851851852
7,73114,"low_rank","unequal_precision","mcar","legacy",80.2992032721258,0.213267466894199,2.66175231332611,0,0,0.001,0.0646219085924968,0.133333333333333
7,73114,"low_rank","unequal_precision","mcar","count",79.7487318302182,0.246326063747686,2.39436902046679,0,0,0.001,0.107409452957725,0.133333333333333
7,73114,"low_rank","unequal_precision","mcar","explicit_precision",72.9110447794282,0.424249282931444,1.50573627942157,0,0,0.001,0.200367541689581,0.133333333333333
7,73114,"low_rank","unequal_precision","mcar","random_effects",79.7487318302182,0.246326063747686,2.39436902046679,0,0,0.001,0.107409452957725,0.133333333333333
7,73114,"low_rank","unequal_precision","mcar","iid_analytic",68.0295626939773,0.290569283427828,-0.236484506079813,1,0,0.001,0.0646219085924968,0.133333333333333
7,73114,"low_rank","unequal_precision","mcar","covariance_analytic",86.8422813061287,0.0657388747031462,-0.485995487681255,1,0,0.001,0.0646219085924968,0.133333333333333
7,73114,"low_rank","unequal_precision","mcar","split_half",77.2747200800098,0.345676109931903,2.25717818753117,1,0,0.001,0.257855641820636,0.133333333333333
7,73115,"low_rank","unequal_precision","mcar","legacy",76.9249697511457,0.529290384524608,2.51621142569123,0,0,0.001,0.0671289018715489,0.162962962962963
7,73115,"low_rank","unequal_precision","mcar","count",76.1928584297333,0.565899226386761,2.56892091142546,0,0,0.001,0.116288430797813,0.162962962962963
7,73115,"low_rank","unequal_precision","mcar","explicit_precision",81.6067903070621,0.464098313713207,1.33984605565604,0,0,0.001,0.168808389301405,0.162962962962963
7,73115,"low_rank","unequal_precision","mcar","random_effects",76.1928584297333,0.565899226386761,2.56892091142546,0,0,0.001,0.116288430797813,0.162962962962963
7,73115,"low_rank","unequal_precision","mcar","iid_analytic",66.7561703906519,0.440197280932148,0.025836976487494,1,0,0.001,0.0671289018715489,0.162962962962963
7,73115,"low_rank","unequal_precision","mcar","covariance_analytic",81.597367747468,0.172212328661567,-0.251194535419334,1,0,0.001,0.0671289018715489,0.162962962962963
7,73115,"low_rank","unequal_precision","mcar","split_half",87.4400976503483,0.357063644241462,1.55802592000372,0,0,0.001,0.255693337683388,0.162962962962963
7,73116,"low_rank","unequal_precision","mcar","legacy",82.2875605954279,0.399074861230248,3.31919769111558,0,0,0.001,0.0643909685086156,0.130555555555556
7,73116,"low_rank","unequal_precision","mcar","count",83.0131542894676,0.323627662253308,2.91062869117683,0,0,0.001,0.109574200723467,0.130555555555556
7,73116,"low_rank","unequal_precision","mcar","explicit_precision",83.3201638230122,0.539086470871082,1.78768561918283,0,0,0.001,0.171945834881754,0.130555555555556
7,73116,"low_rank","unequal_precision","mcar","random_effects",83.0131542894676,0.323627662253308,2.91062869117683,0,0,0.001,0.109574200723467,0.130555555555556
7,73116,"low_rank","unequal_precision","mcar","iid_analytic",75.9795330230311,0.574570729839929,0.45620319888698,1,0,0.001,0.0643909685086156,0.130555555555556
7,73116,"low_rank","unequal_precision","mcar","covariance_analytic",80.5469426189187,0.470497294016811,0.224844834529252,1,0,0.001,0.0643909685086156,0.130555555555556
7,73116,"low_rank","unequal_precision","mcar","split_half",76.9103325490475,0.0136420770263622,1.71662699188693,1,0,0.001,0.255961847150869,0.130555555555556
7,73117,"low_rank","unequal_precision","mcar","legacy",85.43303059906,0.568539090096203,3.93281193313826,0,0,0.001,0.0656309553736024,0.14537037037037
7,73117,"low_rank","unequal_precision","mcar","count",87.8894203565456,0.567070184877127,3.35701530604609,0,0,0.001,0.112892411121051,0.14537037037037
7,73117,"low_rank","unequal_precision","mcar","explicit_precision",87.9595185731761,0.624348690927645,1.51460474553903,0,0,0.001,0.203612499397074,0.14537037037037
7,73117,"low_rank","unequal_precision","mcar","random_effects",87.8615454514113,0.567239134623953,3.36361074678665,0,0,0.001,0.112845107860458,0.14537037037037
7,73117,"low_rank","unequal_precision","mcar","iid_analytic",88.1616497977346,0.525385417908636,0.963913797550997,1,0,0.001,0.0656309553736024,0.14537037037037
7,73117,"low_rank","unequal_precision","mcar","covariance_analytic",86.6838313940092,0.456585899114676,0.688836612281332,1,0,0.001,0.0656309553736024,0.14537037037037
7,73117,"low_rank","unequal_precision","mcar","split_half",77.7817562605007,0.492140952823891,7.6563259514876,1,0,0.001,0.252353876391734,0.14537037037037
7,73118,"low_rank","unequal_precision","mcar","legacy",72.4321831924753,0.593180701985025,2.9742974526721,0,0,0.001,0.0659269583901937,0.149074074074074
7,73118,"low_rank","unequal_precision","mcar","count",71.790657961856,0.619054684305938,2.80345627056562,0,0,0.001,0.102880668072842,0.149074074074074
7,73118,"low_rank","unequal_precision","mcar","explicit_precision",74.7847238696355,0.675389844314089,1.22255930873354,0,0,0.001,0.202049092939443,0.149074074074074
7,73118,"low_rank","unequal_precision","mcar","random_effects",71.790657961856,0.619054684305938,2.80345627056562,0,0,0.001,0.102880668072842,0.149074074074074
7,73118,"low_rank","unequal_precision","mcar","iid_analytic",76.2697059722601,0.393690576472589,0.074668268839281,1,0,0.001,0.0659269583901937,0.149074074074074
7,73118,"low_rank","unequal_precision","mcar","covariance_analytic",75.9114321699076,0.13126985709337,-0.170355701308401,1,0,0.001,0.0659269583901937,0.149074074074074
7,73118,"low_rank","unequal_precision","mcar","split_half",83.1279574722083,0.148132951970342,1.88663572919023,1,0,0.001,0.253396150436578,0.149074074074074
7,73119,"low_rank","unequal_precision","mcar","legacy",88.7657632956756,0.459577337265384,3.9836661490574,0,0,0.001,0.0645137093298858,0.130555555555556
7,73119,"low_rank","unequal_precision","mcar","count",86.4592766193097,0.511630048902208,3.62707549046061,0,0,0.001,0.117148503086713,0.130555555555556
7,73119,"low_rank","unequal_precision","mcar","explicit_precision",84.8896725441525,0.611095269967717,1.75360186364921,0,0,0.001,0.24339947083019,0.130555555555556
7,73119,"low_rank","unequal_precision","mcar","random_effects",86.4592766193097,0.511630048902208,3.62707549046061,0,0,0.001,0.117148503086713,0.130555555555556
7,73119,"low_rank","unequal_precision","mcar","iid_analytic",84.5793452588517,0.487991490106552,1.04565348972486,1,0,0.001,0.0645137093298858,0.130555555555556
7,73119,"low_rank","unequal_precision","mcar","covariance_analytic",78.6934963031817,0.480887165075606,0.748080820277343,1,0,0.001,0.0645137093298858,0.130555555555556
7,73119,"low_rank","unequal_precision","mcar","split_half",70.2755174444691,0.206443743639154,2.53856339343872,1,0,0.001,0.246842465173698,0.130555555555556
7,73120,"low_rank","unequal_precision","mcar","legacy",79.0380212651579,0.487351363074725,2.61969710060804,0,0,0.001,0.0642813450166391,0.128703703703704
7,73120,"low_rank","unequal_precision","mcar","count",77.0541991964903,0.533952116596502,2.61079976848877,0,0,0.001,0.113072003922253,0.128703703703704
7,73120,"low_rank","unequal_precision","mcar","explicit_precision",74.2122327525377,0.568068569542767,1.55776195212588,0,0,0.001,0.210432491066015,0.128703703703704
7,73120,"low_rank","unequal_precision","mcar","random_effects",77.0541991964903,0.533952116596502,2.61079976848877,0,0,0.001,0.113072003922253,0.128703703703704
7,73120,"low_rank","unequal_precision","mcar","iid_analytic",75.7442680787774,0.356377560893753,-0.0581749289369731,1,0,0.001,0.0642813450166391,0.128703703703704
7,73120,"low_rank","unequal_precision","mcar","covariance_analytic",72.888986072111,0.0870791515363727,-0.372395335712701,0,0,0.001,0.0642813450166391,0.128703703703704
7,73120,"low_rank","unequal_precision","mcar","split_half",78.631643859317,0.389663356324655,2.36013907403551,1,0,0.001,0.266478802568388,0.128703703703704
8,73101,"ordinal","unequal_precision","response","legacy",81.5281971683418,0.350861324079591,6.47022226670058,0,0,0.001,0.0699315580933228,0.17962962962963
8,73101,"ordinal","unequal_precision","response","count",80.5078674664003,0.410125366780523,6.27142572749328,0,0,0.001,0.107820291445028,0.17962962962963
8,73101,"ordinal","unequal_precision","response","explicit_precision",79.0742740751099,0.555678963509474,3.07770322169276,0,0,0.001,0.204566657823656,0.17962962962963
8,73101,"ordinal","unequal_precision","response","random_effects",80.5078674664003,0.410125366780523,6.27142572749328,0,0,0.001,0.107820291445028,0.17962962962963
8,73101,"ordinal","unequal_precision","response","iid_analytic",59.6687488043774,0.31557822607826,2.24633340285937,1,0,0.001,0.0699315580933228,0.17962962962963
8,73101,"ordinal","unequal_precision","response","covariance_analytic",84.2997112113766,0.118495521339908,1.57960497048194,1,0,0.001,0.0699315580933228,0.17962962962963
8,73101,"ordinal","unequal_precision","response","split_half",72.0609319535792,0.264734310528346,6.36174811915879,1,0,0.001,0.289296001557563,0.17962962962963
8,73102,"ordinal","unequal_precision","response","legacy",88.8984831462795,0.346817488448178,4.5716638199836,0,0,0.001,0.0682301617228088,0.162962962962963
8,73102,"ordinal","unequal_precision","response","count",87.387998019841,0.392769276511067,4.49442951523395,0,0,0.001,0.110371713909322,0.162962962962963
8,73102,"ordinal","unequal_precision","response","explicit_precision",88.8510195015668,0.244707186600698,2.32793104246104,0,0,0.001,0.194073974835394,0.162962962962963
8,73102,"ordinal","unequal_precision","response","random_effects",87.387998019841,0.392769276511067,4.49442951523395,0,0,0.001,0.110371713909322,0.162962962962963
8,73102,"ordinal","unequal_precision","response","iid_analytic",73.2865230949987,0.50873216257174,0.606514198393778,1,0,0.001,0.0682301617228088,0.162962962962963
8,73102,"ordinal","unequal_precision","response","covariance_analytic",58.8548883485398,0.142123644456019,0.176855523561048,1,0,0.001,0.0682301617228088,0.162962962962963
8,73102,"ordinal","unequal_precision","response","split_half",66.4271929922265,0.248597545806308,1.89208983052965,1,0,0.001,0.261150981879841,0.162962962962963
8,73103,"ordinal","unequal_precision","response","legacy",86.0406893228804,0.147061706306212,5.35999187986234,0,0,0.001,0.0687644177717707,0.167592592592593
8,73103,"ordinal","unequal_precision","response","count",86.6307642011141,0.170654385436838,4.82270935555742,0,0,0.001,0.106589960736335,0.167592592592593
8,73103,"ordinal","unequal_precision","response","explicit_precision",86.025783436055,0.465622639885886,2.15166868014648,0,0,0.001,0.211666011225116,0.167592592592593
8,73103,"ordinal","unequal_precision","response","random_effects",86.6262690615015,0.170483146839119,4.82120105582013,0,0,0.001,0.106536781381083,0.167592592592593
8,73103,"ordinal","unequal_precision","response","iid_analytic",82.0391024930793,0.169950597322816,1.16061543753319,1,0,0.001,0.0687644177717707,0.167592592592593
8,73103,"ordinal","unequal_precision","response","covariance_analytic",70.6573241695804,0.0477976399740873,0.579953667660521,1,0,0.001,0.0687644177717707,0.167592592592593
8,73103,"ordinal","unequal_precision","response","split_half",82.072793302732,0.121660638629899,2.45695216736334,1,0,0.001,0.262294097148487,0.167592592592593
8,73104,"ordinal","unequal_precision","response","legacy",85.7993665520981,0.342744011361543,4.47793576264695,0,0,0.001,0.0677165808048161,0.162037037037037
8,73104,"ordinal","unequal_precision","response","count",86.5777946406185,0.386037943699149,4.09245293900497,0,0,0.001,0.124948247711693,0.162037037037037
8,73104,"ordinal","unequal_precision","response","explicit_precision",88.797489539111,0.47437639752852,2.05318771043314,0,0,0.001,0.185259543230137,0.162037037037037
8,73104,"ordinal","unequal_precision","response","random_effects",86.5777946406185,0.386037943699149,4.09245293900497,0,0,0.001,0.124948247711693,0.162037037037037
8,73104,"ordinal","unequal_precision","response","iid_analytic",81.6499289913643,0.556097233532863,0.749491569397553,1,0,0.001,0.0677165808048161,0.162037037037037
8,73104,"ordinal","unequal_precision","response","covariance_analytic",63.0479331390967,0.131149137019972,0.311833044468849,1,0,0.001,0.0677165808048161,0.162037037037037
8,73104,"ordinal","unequal_precision","response","split_half",76.7266314503002,0.055996860184466,4.90491827186925,1,0,0.001,0.26151175664652,0.162037037037037
8,73105,"ordinal","unequal_precision","response","legacy",87.881755660682,0.264878920498157,3.1042748678445,0,0,0.001,0.0703111417449653,0.182407407407407
8,73105,"ordinal","unequal_precision","response","count",88.9023467854715,0.329535379326616,3.21378133245062,0,0,0.001,0.11210213508641,0.182407407407407
8,73105,"ordinal","unequal_precision","response","explicit_precision",89.0504516612517,0.319889212900194,1.80277771360028,0,0,0.001,0.215801855663871,0.182407407407407
8,73105,"ordinal","unequal_precision","response","random_effects",88.9023467854715,0.329535379326616,3.21378133245062,0,0,0.001,0.11210213508641,0.182407407407407
8,73105,"ordinal","unequal_precision","response","iid_analytic",76.8095245278851,0.47310845133453,-0.814753680717621,1,0,0.001,0.0703111417449653,0.182407407407407
8,73105,"ordinal","unequal_precision","response","covariance_analytic",73.580713937839,0.0208241369109314,-1.36273809559786,0,0,0.001,0.0703111417449653,0.182407407407407
8,73105,"ordinal","unequal_precision","response","split_half",73.2365887306689,0.0761226595872479,-0.113373773822376,1,0,0.001,0.273513471339208,0.182407407407407
8,73106,"ordinal","unequal_precision","response","legacy",80.0103385960956,0.0197383216659875,3.33036633885793,0,0,0.001,0.0669006646947823,0.148148148148148
8,73106,"ordinal","unequal_precision","response","count",82.0223761326844,0.0648139097482531,3.15029464235694,0,0,0.001,0.118171105144686,0.148148148148148
8,73106,"ordinal","unequal_precision","response","explicit_precision",81.5227613495165,0.0392244388406056,1.92975757435677,0,0,0.001,0.233228065871574,0.148148148148148
8,73106,"ordinal","unequal_precision","response","random_effects",82.0541531622557,0.0668279644682722,3.1535625767607,0,0,0.001,0.117882090225307,0.148148148148148
8,73106,"ordinal","unequal_precision","response","iid_analytic",88.2589577693034,0.156523188492484,-0.780868923527242,0,0,0.001,0.0669006646947823,0.148148148148148
8,73106,"ordinal","unequal_precision","response","covariance_analytic",57.7327847389137,0.262254074256754,-1.25752980414357,0,0,0.001,0.0669006646947823,0.148148148148148
8,73106,"ordinal","unequal_precision","response","split_half",77.4309055834354,0.0699185556072301,2.3615520182475,1,0,0.001,0.254292182901408,0.148148148148148
8,73107,"ordinal","unequal_precision","response","legacy",82.8145079288864,0.255109981460639,3.79705269436206,0,0,0.001,0.0701632449794214,0.176851851851852
8,73107,"ordinal","unequal_precision","response","count",81.7290766344024,0.278560804048464,3.67830578685179,0,0,0.001,0.119149051555371,0.176851851851852
8,73107,"ordinal","unequal_precision","response","explicit_precision",81.0779340078755,0.431160907891602,2.34611989951665,0,0,0.001,0.23693263187665,0.176851851851852
8,73107,"ordinal","unequal_precision","response","random_effects",81.7290766344024,0.278560804048464,3.67830578685179,0,0,0.001,0.119149051555371,0.176851851851852
8,73107,"ordinal","unequal_precision","response","iid_analytic",62.149278538024,0.2788575375022,0.131397970870992,1,0,0.001,0.0701632449794214,0.176851851851852
8,73107,"ordinal","unequal_precision","response","covariance_analytic",79.8178238569231,0.00670585769569313,-0.371580724687357,1,0,0.001,0.0701632449794214,0.176851851851852
8,73107,"ordinal","unequal_precision","response","split_half",87.6738710437767,0.0224264848549471,0.0401389845602902,1,0,0.001,0.274281638577548,0.176851851851852
8,73108,"ordinal","unequal_precision","response","legacy",84.385600461883,0.479354465885171,4.32535909499157,0,0,0.001,0.065212211535741,0.132407407407407
8,73108,"ordinal","unequal_precision","response","count",81.9414819140145,0.62080237176331,3.86402355096425,0,0,0.001,0.148738777698172,0.132407407407407
8,73108,"ordinal","unequal_precision","response","explicit_precision",78.5942655102617,0.723158846703985,1.99694749291934,0,0,0.001,0.192472097519172,0.132407407407407
8,73108,"ordinal","unequal_precision","response","random_effects",81.9414819140145,0.62080237176331,3.86402355096425,0,0,0.001,0.148738777698172,0.132407407407407
8,73108,"ordinal","unequal_precision","response","iid_analytic",59.5967359253624,0.463780496231321,0.697383024490263,1,0,0.001,0.065212211535741,0.132407407407407
8,73108,"ordinal","unequal_precision","response","covariance_analytic",61.6028947086724,0.221868646170093,0.328879709380642,1,0,0.001,0.065212211535741,0.132407407407407
8,73108,"ordinal","unequal_precision","response","split_half",84.1954710904831,0.0628747649344869,2.14124084530837,1,0,0.001,0.238419361907349,0.132407407407407
8,73109,"ordinal","unequal_precision","response","legacy",80.9417115830505,0.0214408831085412,2.75447995292861,0,0,0.001,0.0677116483734131,0.155555555555556
8,73109,"ordinal","unequal_precision","response","count",82.0118520033581,0.118713923831005,2.29024015941008,0,0,0.001,0.138432930909257,0.155555555555556
8,73109,"ordinal","unequal_precision","response","explicit_precision",75.0477752623722,0.299727440056447,1.55455068773369,0,0,0.001,0.1890406264608,0.155555555555556
8,73109,"ordinal","unequal_precision","response","random_effects",82.0118520033581,0.118713923831005,2.29024015941008,0,0,0.001,0.138432930909257,0.155555555555556
8,73109,"ordinal","unequal_precision","response","iid_analytic",85.5266508822838,0.375659274221022,-0.635413520221126,0,0,0.001,0.0677116483734131,0.155555555555556
8,73109,"ordinal","unequal_precision","response","covariance_analytic",58.3541110081129,0.366269059677706,-1.10018569138487,0,0,0.001,0.0677116483734131,0.155555555555556
8,73109,"ordinal","unequal_precision","response","split_half",78.9459605179918,0.0136630159326425,2.11231616530363,0,0,0.001,0.265619014809856,0.155555555555556
8,73110,"ordinal","unequal_precision","response","legacy",89.8160873188384,0.369893463014316,3.88095157029775,0,0,0.001,0.067560933075639,0.159259259259259
8,73110,"ordinal","unequal_precision","response","count",89.6892058600985,0.399208417848171,3.67647699507277,0,0,0.001,0.173534765234615,0.159259259259259
8,73110,"ordinal","unequal_precision","response","explicit_precision",89.1351193137884,0.398628962462751,2.48995539980342,0,0,0.001,0.224264424463024,0.159259259259259
8,73110,"ordinal","unequal_precision","response","random_effects",89.6892058600985,0.399208417848171,3.67647699507277,0,0,0.001,0.173534765234615,0.159259259259259
8,73110,"ordinal","unequal_precision","response","iid_analytic",74.8389313485821,0.415771831522569,0.160961069107215,1,0,0.001,0.067560933075639,0.159259259259259
8,73110,"ordinal","unequal_precision","response","covariance_analytic",72.1870734298631,0.0968562442287099,-0.370049413982871,1,0,0.001,0.067560933075639,0.159259259259259
8,73110,"ordinal","unequal_precision","response","split_half",83.9668909139302,0.218061208404597,2.89907601809859,1,0,0.001,0.267137413559341,0.159259259259259
8,73111,"ordinal","unequal_precision","response","legacy",86.4819654054427,0.239943498323217,3.45980371032238,0,0,0.001,0.0672800334197393,0.159259259259259
8,73111,"ordinal","unequal_precision","response","count",85.8242123022968,0.187851145740883,3.13539304281743,0,0,0.001,0.108257774070306,0.159259259259259
8,73111,"ordinal","unequal_precision","response","explicit_precision",80.0147953296858,0.0326621288632494,1.9241776525842,0,0,0.001,0.227980226284228,0.159259259259259
8,73111,"ordinal","unequal_precision","response","random_effects",85.8242123022968,0.187851145740883,3.13539304281743,0,0,0.001,0.108257774070306,0.159259259259259
8,73111,"ordinal","unequal_precision","response","iid_analytic",81.6304546930534,0.358346318855389,-0.424788002849201,1,0,0.001,0.0672800334197393,0.159259259259259
8,73111,"ordinal","unequal_precision","response","covariance_analytic",60.9647008036881,0.24067119130671,-0.922320563705614,1,0,0.001,0.0672800334197393,0.159259259259259
8,73111,"ordinal","unequal_precision","response","split_half",71.7361806831917,0.0749474879395605,1.35596939028781,0,0,0.001,0.292298141072719,0.159259259259259
8,73112,"ordinal","unequal_precision","response","legacy",87.3027249909025,0.346009567305879,5.83525055030966,0,0,0.001,0.0699828425931367,0.181481481481481
8,73112,"ordinal","unequal_precision","response","count",85.3405055687307,0.423460010508417,5.6408919179232,0,0,0.001,0.159927544473521,0.181481481481481
8,73112,"ordinal","unequal_precision","response","explicit_precision",78.1246389961866,0.608758109514396,3.15315069302429,0,0,0.001,0.223372257468466,0.181481481481481
8,73112,"ordinal","unequal_precision","response","random_effects",85.3686444871936,0.422277300940243,5.63500845401508,0,0,0.001,0.159852025594888,0.181481481481481
8,73112,"ordinal","unequal_precision","response","iid_analytic",59.6381107328061,0.480101334120364,1.56776897711476,1,0,0.001,0.0699828425931367,0.181481481481481
8,73112,"ordinal","unequal_precision","response","covariance_analytic",42.1782207289265,0.329696656752693,1.01177754671042,1,0,0.001,0.0699828425931367,0.181481481481481
8,73112,"ordinal","unequal_precision","response","split_half",60.7195924896162,0.476289980265104,8.42318244520626,1,0,0.001,0.274598636351346,0.181481481481481
8,73113,"ordinal","unequal_precision","response","legacy",88.2857378107977,0.389067719048191,2.99316634268165,0,0,0.001,0.0685606903989257,0.168518518518519
8,73113,"ordinal","unequal_precision","response","count",87.678179131678,0.420946929290104,2.63134579383608,0,0,0.001,0.127373807936422,0.168518518518519
8,73113,"ordinal","unequal_precision","response","explicit_precision",80.0288004432293,0.572973387012279,1.79741513453547,0,0,0.001,0.216536735408262,0.168518518518519
8,73113,"ordinal","unequal_precision","response","random_effects",87.678179131678,0.420946929290104,2.63134579383608,0,0,0.001,0.127373807936422,0.168518518518519
8,73113,"ordinal","unequal_precision","response","iid_analytic",74.5154440762747,0.278211981077035,-0.806085825430929,0,0,0.001,0.0685606903989257,0.168518518518519
8,73113,"ordinal","unequal_precision","response","covariance_analytic",79.1329275937061,0.0795091585830747,-1.29088022364082,0,0,0.001,0.0685606903989257,0.168518518518519
8,73113,"ordinal","unequal_precision","response","split_half",81.8713558417181,0.243476319176373,-1.31539508623511,0,0,0.001,0.270175258452173,0.168518518518519
8,73114,"ordinal","unequal_precision","response","legacy",88.4241647079567,0.522034870785811,4.2552950703138,0,0,0.001,0.0675960273386744,0.161111111111111
8,73114,"ordinal","unequal_precision","response","count",86.915615794374,0.573188634150927,3.87945234990247,0,0,0.001,0.120191496892094,0.161111111111111
8,73114,"ordinal","unequal_precision","response","explicit_precision",86.2279923802104,0.651854932219961,2.01570349359693,0,0,0.001,0.198222776939602,0.161111111111111
8,73114,"ordinal","unequal_precision","response","random_effects",86.915615794374,0.573188634150927,3.87945234990247,0,0,0.001,0.120191496892094,0.161111111111111
8,73114,"ordinal","unequal_precision","response","iid_analytic",72.2779781476402,0.561618659246207,0.0263314289688431,1,0,0.001,0.0675960273386744,0.161111111111111
8,73114,"ordinal","unequal_precision","response","covariance_analytic",66.2100726542648,0.0795122216964721,-0.47568218725483,0,0,0.001,0.0675960273386744,0.161111111111111
8,73114,"ordinal","unequal_precision","response","split_half",86.2231632843517,0.0361356180332501,2.37937163704551,0,0,0.001,0.267844904846073,0.161111111111111
8,73115,"ordinal","unequal_precision","response","legacy",75.5346012696561,0.303215186450162,3.89976973531649,0,0,0.001,0.0668292478218949,0.150925925925926
8,73115,"ordinal","unequal_precision","response","count",75.7336984620997,0.269698201456785,3.32682279706716,0,0,0.001,0.123204431801598,0.150925925925926
8,73115,"ordinal","unequal_precision","response","explicit_precision",80.8458198543436,0.1403535770605,1.81702017831056,0,0,0.001,0.239109118404288,0.150925925925926
8,73115,"ordinal","unequal_precision","response","random_effects",75.7900392860042,0.268366545656448,3.33126985376471,0,0,0.001,0.122888421125678,0.150925925925926
8,73115,"ordinal","unequal_precision","response","iid_analytic",60.0809711880981,0.25906527033285,0.217665242695491,1,0,0.001,0.0668292478218949,0.150925925925926
8,73115,"ordinal","unequal_precision","response","covariance_analytic",38.8639908621821,0.439484600905108,-0.246997102820895,1,0,0.001,0.0668292478218949,0.150925925925926
8,73115,"ordinal","unequal_precision","response","split_half",75.073768458362,0.0977308952099354,0.0476154347928814,0,0,0.001,0.265590578603904,0.150925925925926
8,73116,"ordinal","unequal_precision","response","legacy",86.2997631592005,0.48993814287738,3.01792856420827,0,0,0.001,0.0670258676508677,0.15
8,73116,"ordinal","unequal_precision","response","count",85.2629922189404,0.568237668901133,3.01064985300896,0,0,0.001,0.118524168456058,0.15
8,73116,"ordinal","unequal_precision","response","explicit_precision",80.254001061199,0.625851607389777,1.77621604011445,0,0,0.001,0.222256023328068,0.15
8,73116,"ordinal","unequal_precision","response","random_effects",85.2629922189404,0.568237668901133,3.01064985300896,0,0,0.001,0.118524168456058,0.15
8,73116,"ordinal","unequal_precision","response","iid_analytic",88.9292666503371,0.324181135787451,-0.546971215746015,0,0,0.001,0.0670258676508677,0.15
8,73116,"ordinal","unequal_precision","response","covariance_analytic",87.0757272558867,0.187853127041223,-1.01733521284002,0,0,0.001,0.0670258676508677,0.15
8,73116,"ordinal","unequal_precision","response","split_half",88.5069175614191,0.261708948218972,3.08133308451942,0,0,0.001,0.283661342486091,0.15
8,73117,"ordinal","unequal_precision","response","legacy",87.6704810592649,0.420989786341262,5.52007932341676,0,0,0.001,0.0680155941553,0.160185185185185
8,73117,"ordinal","unequal_precision","response","count",86.371021629546,0.446215370869234,5.1203013455907,0,0,0.001,0.115064484730796,0.160185185185185
8,73117,"ordinal","unequal_precision","response","explicit_precision",88.8109657797928,0.323189694663441,2.09453874972106,0,0,0.001,0.233981372308819,0.160185185185185
8,73117,"ordinal","unequal_precision","response","random_effects",86.371021629546,0.446215370869234,5.1203013455907,0,0,0.001,0.115064484730796,0.160185185185185
8,73117,"ordinal","unequal_precision","response","iid_analytic",74.2906227621905,0.49653274321666,1.34408461682782,1,0,0.001,0.0680155941553,0.160185185185185
8,73117,"ordinal","unequal_precision","response","covariance_analytic",74.2021241850504,0.0343513958618539,0.738081923522326,1,0,0.001,0.0680155941553,0.160185185185185
8,73117,"ordinal","unequal_precision","response","split_half",86.0410119035309,0.276399872635704,4.04445594833624,1,0,0.001,0.270899515504302,0.160185185185185
8,73118,"ordinal","unequal_precision","response","legacy",85.9316867429769,0.259919130846639,4.39134922449583,0,0,0.001,0.0674973270193858,0.155555555555556
8,73118,"ordinal","unequal_precision","response","count",86.6618996220531,0.267981904175112,4.03478776182097,0,0,0.001,0.117722782183015,0.155555555555556
8,73118,"ordinal","unequal_precision","response","explicit_precision",86.7550111005257,0.279005102502694,2.24795137902596,0,0,0.001,0.239899099559525,0.155555555555556
8,73118,"ordinal","unequal_precision","response","random_effects",86.6618996220531,0.267981904175112,4.03478776182097,0,0,0.001,0.117722782183015,0.155555555555556
8,73118,"ordinal","unequal_precision","response","iid_analytic",70.9273107464542,0.483792038980438,0.236482611953829,1,0,0.001,0.0674973270193858,0.155555555555556
8,73118,"ordinal","unequal_precision","response","covariance_analytic",44.0035036180803,0.373262167941186,-0.219446105188262,1,0,0.001,0.0674973270193858,0.155555555555556
8,73118,"ordinal","unequal_precision","response","split_half",75.199710298786,0.534559594310776,6.94592399737503,1,0,0.001,0.271207322277396,0.155555555555556
8,73119,"ordinal","unequal_precision","response","legacy",85.3224052446184,0.0136501963837689,3.65934868205709,0,0,0.002,0.06706559235971,0.156481481481481
8,73119,"ordinal","unequal_precision","response","count",84.8928372373806,0.00158078014295949,3.16814503665415,0,0,0.002,0.116454267219614,0.156481481481481
8,73119,"ordinal","unequal_precision","response","explicit_precision",89.9273601337202,0.29650087936342,1.84825055426184,0,0,0.002,0.210410785582839,0.156481481481481
8,73119,"ordinal","unequal_precision","response","random_effects",84.8784854367329,0.00212030792975361,3.16570109585853,0,0,0.002,0.116333533527659,0.156481481481481
8,73119,"ordinal","unequal_precision","response","iid_analytic",81.84200381382,0.108245810817941,-0.376099020856652,1,0,0.002,0.06706559235971,0.156481481481481
8,73119,"ordinal","unequal_precision","response","covariance_analytic",77.359637612896,0.0666886686796365,-0.819169897703119,1,0,0.002,0.06706559235971,0.156481481481481
8,73119,"ordinal","unequal_precision","response","split_half",88.2106965259878,0.15568466434613,1.36658531776813,0,0,0.002,0.261979100328703,0.156481481481481
8,73120,"ordinal","unequal_precision","response","legacy",88.2520229407873,0.258590004709125,3.54115810761879,0,0,0.001,0.0675950465656348,0.155555555555556
8,73120,"ordinal","unequal_precision","response","count",89.7707941549569,0.359858365588836,3.22764312757255,0,0,0.001,0.127965682617304,0.155555555555556
8,73120,"ordinal","unequal_precision","response","explicit_precision",87.935296278147,0.232240460518907,1.7900579307854,0,0,0.001,0.19883339412306,0.155555555555556
8,73120,"ordinal","unequal_precision","response","random_effects",89.7707941549569,0.359858365588836,3.22764312757255,0,0,0.001,0.127965682617304,0.155555555555556
8,73120,"ordinal","unequal_precision","response","iid_analytic",58.9751802024533,0.206455315659344,-0.422584634206121,0,0,0.001,0.0675950465656348,0.155555555555556
8,73120,"ordinal","unequal_precision","response","covariance_analytic",85.431368487476,0.136974409634364,-0.919544373458283,0,0,0.001,0.0675950465656348,0.155555555555556
8,73120,"ordinal","unequal_precision","response","split_half",89.210216198459,0.111383021126631,1.92660881399578,0,0,0.001,0.278260838879257,0.155555555555556
9,73101,"nonlinear","heteroscedastic","response","legacy",75.0095342178677,0.525243729667212,2.64172622835454,0,0,0.453,0.0665232439129498,0.14537037037037
9,73101,"nonlinear","heteroscedastic","response","count",75.0736357140497,0.575036632583168,2.50763383573208,0,0,0.453,0.098485407208627,0.14537037037037
9,73101,"nonlinear","heteroscedastic","response","explicit_precision",74.9904302245788,0.574092058638321,2.48728522368115,0,0,0.453,0.100111600745537,0.14537037037037
9,73101,"nonlinear","heteroscedastic","response","random_effects",75.0736357140497,0.575036632583168,2.50763383573208,0,0,0.453,0.098485407208627,0.14537037037037
9,73101,"nonlinear","heteroscedastic","response","iid_analytic",86.2306938878449,0.462884115630752,0.191760018467729,1,0,0.453,0.0665232439129498,0.14537037037037
9,73101,"nonlinear","heteroscedastic","response","covariance_analytic",78.3432933020495,0.294955550076666,-0.264272276334583,1,0,0.453,0.0665232439129498,0.14537037037037
9,73101,"nonlinear","heteroscedastic","response","split_half",70.7309318942188,0.0902968270386821,2.41899846177727,1,0,0.453,0.287285570969909,0.14537037037037
9,73102,"nonlinear","heteroscedastic","response","legacy",76.0712385844391,0.376012996305426,2.61625720493627,0,0,0.862,0.0679479004111357,0.166666666666667
9,73102,"nonlinear","heteroscedastic","response","count",76.040959229923,0.371149529005062,2.44894102408586,0,0,0.862,0.106729040092113,0.166666666666667
9,73102,"nonlinear","heteroscedastic","response","explicit_precision",76.1502906467882,0.373542030990272,2.44739389316794,0,0,0.862,0.106068340022319,0.166666666666667
9,73102,"nonlinear","heteroscedastic","response","random_effects",76.040959229923,0.371149529005062,2.44894102408586,0,0,0.862,0.106729040092113,0.166666666666667
9,73102,"nonlinear","heteroscedastic","response","iid_analytic",87.6231540782231,0.329946732344264,-0.00267722176199103,1,0,0.862,0.0679479004111357,0.166666666666667
9,73102,"nonlinear","heteroscedastic","response","covariance_analytic",73.6160282976286,0.00115426427042978,-0.441434862990694,1,0,0.862,0.0679479004111357,0.166666666666667
9,73102,"nonlinear","heteroscedastic","response","split_half",75.2840242187605,0.226418659170979,1.28177298200591,1,0,0.862,0.269710388982959,0.166666666666667
9,73103,"nonlinear","heteroscedastic","response","legacy",73.202344036043,0.307807350500908,3.05815785945368,0,0,0.588,0.0666294108941168,0.151851851851852
9,73103,"nonlinear","heteroscedastic","response","count",72.8129806097543,0.308255761261022,2.91793309482468,0,0,0.588,0.100342336092932,0.151851851851852
9,73103,"nonlinear","heteroscedastic","response","explicit_precision",72.6905082800881,0.304053434630742,2.90823025739771,0,0,0.588,0.102493871328581,0.151851851851852
9,73103,"nonlinear","heteroscedastic","response","random_effects",72.8129806097543,0.308255761261022,2.91793309482468,0,0,0.588,0.100342336092932,0.151851851851852
9,73103,"nonlinear","heteroscedastic","response","iid_analytic",80.8404913282993,0.368571069767625,0.563377021558837,1,0,0.588,0.0666294108941168,0.151851851851852
9,73103,"nonlinear","heteroscedastic","response","covariance_analytic",77.6728723765812,0.11866183568512,0.144613516097143,1,0,0.588,0.0666294108941168,0.151851851851852
9,73103,"nonlinear","heteroscedastic","response","split_half",74.6013201167169,0.137233605010682,0.397814786903365,1,0,0.588,0.271783485936828,0.151851851851852
9,73104,"nonlinear","heteroscedastic","response","legacy",75.4368639324032,0.491296194774702,2.57487889224626,0,0,0.162,0.0671992114639173,0.157407407407407
9,73104,"nonlinear","heteroscedastic","response","count",74.8514580045927,0.475519774541011,2.42473077202872,0,0,0.162,0.0997513828490507,0.157407407407407
9,73104,"nonlinear","heteroscedastic","response","explicit_precision",74.9999486200666,0.480141039527006,2.43288077821927,0,0,0.162,0.100180568342281,0.157407407407407
9,73104,"nonlinear","heteroscedastic","response","random_effects",74.8514580045927,0.475519774541011,2.42473077202872,0,0,0.162,0.0997513828490507,0.157407407407407
9,73104,"nonlinear","heteroscedastic","response","iid_analytic",84.0992822599777,0.592429440078825,0.47228778358006,1,0,0.162,0.0671992114639173,0.157407407407407
9,73104,"nonlinear","heteroscedastic","response","covariance_analytic",87.9166384569553,0.114868653224479,0.0630029058110253,1,0,0.162,0.0671992114639173,0.157407407407407
9,73104,"nonlinear","heteroscedastic","response","split_half",65.5088903213998,0.204704648385934,1.73324167887934,1,0,0.162,0.252291214326287,0.157407407407407
9,73105,"nonlinear","heteroscedastic","response","legacy",74.0290949256322,0.391391662653564,2.57999360202784,0,0,0.648,0.0688603050000109,0.174074074074074
9,73105,"nonlinear","heteroscedastic","response","count",74.833893511819,0.382495270780584,2.51280794755516,0,0,0.648,0.102034236386518,0.174074074074074
9,73105,"nonlinear","heteroscedastic","response","explicit_precision",74.8779892737282,0.38074347646294,2.51443755662934,0,0,0.648,0.102264884068005,0.174074074074074
9,73105,"nonlinear","heteroscedastic","response","random_effects",74.833893511819,0.382495270780584,2.51280794755516,0,0,0.648,0.102034236386518,0.174074074074074
9,73105,"nonlinear","heteroscedastic","response","iid_analytic",80.6171385238171,0.436433827957773,0.095201745251259,1,0,0.648,0.0688603050000109,0.174074074074074
9,73105,"nonlinear","heteroscedastic","response","covariance_analytic",48.6904368812618,0.019366075738766,-0.403207709819349,1,0,0.648,0.0688603050000109,0.174074074074074
9,73105,"nonlinear","heteroscedastic","response","split_half",86.919359392109,0.252060541753391,-0.285142552412052,1,0,0.648,0.289967571330191,0.174074074074074
9,73106,"nonlinear","heteroscedastic","response","legacy",74.569607442928,0.5830425215656,3.08269024754779,0,0,0.022,0.0678267130473013,0.157407407407407
9,73106,"nonlinear","heteroscedastic","response","count",74.7279718845763,0.582740785033954,3.03128525265913,0,0,0.022,0.100346447965775,0.157407407407407
9,73106,"nonlinear","heteroscedastic","response","explicit_precision",74.832395255316,0.580002646509218,3.023376410191,0,0,0.022,0.100176596675535,0.157407407407407
9,73106,"nonlinear","heteroscedastic","response","random_effects",74.7279718845763,0.582740785033954,3.03128525265913,0,0,0.022,0.100346447965775,0.157407407407407
9,73106,"nonlinear","heteroscedastic","response","iid_analytic",83.8798834601445,0.552235517056739,0.782124964660506,0,0,0.022,0.0678267130473013,0.157407407407407
9,73106,"nonlinear","heteroscedastic","response","covariance_analytic",88.7976411067714,0.163588790308614,0.33027882411507,1,0,0.022,0.0678267130473013,0.157407407407407
9,73106,"nonlinear","heteroscedastic","response","split_half",78.56807570266,0.263557361547572,0.836143585528072,1,0,0.022,0.289214297776788,0.157407407407407
9,73107,"nonlinear","heteroscedastic","response","legacy",76.9458169095938,0.548025859217833,3.1224557478195,0,0,0.072,0.0690673759791407,0.171296296296296
9,73107,"nonlinear","heteroscedastic","response","count",76.5148842359986,0.513629212638908,2.96466461763478,0,0,0.072,0.105308510709638,0.171296296296296
9,73107,"nonlinear","heteroscedastic","response","explicit_precision",76.65862442535,0.516722896938568,2.98309341235296,0,0,0.072,0.105161522914919,0.171296296296296
9,73107,"nonlinear","heteroscedastic","response","random_effects",76.5148842359986,0.513629212638908,2.96466461763478,0,0,0.072,0.105308510709638,0.171296296296296
9,73107,"nonlinear","heteroscedastic","response","iid_analytic",84.931840302728,0.644195413202909,0.76275479733114,1,0,0.072,0.0690673759791407,0.171296296296296
9,73107,"nonlinear","heteroscedastic","response","covariance_analytic",79.4779198386644,0.293001542222406,0.247347415288172,1,0,0.072,0.0690673759791407,0.171296296296296
9,73107,"nonlinear","heteroscedastic","response","split_half",82.6411838113604,0.120425848001319,0.446261366432039,1,0,0.072,0.30530143157439,0.171296296296296
9,73108,"nonlinear","heteroscedastic","response","legacy",74.9040452632317,0.64924533928779,3.44286103858372,0,0,0.18,0.0665341847694789,0.151851851851852
9,73108,"nonlinear","heteroscedastic","response","count",74.8325491373929,0.660423887540481,3.25788767469895,0,0,0.18,0.103726329810624,0.151851851851852
9,73108,"nonlinear","heteroscedastic","response","explicit_precision",74.7780615821034,0.660403249173305,3.23766612477171,0,0,0.18,0.103849256930967,0.151851851851852
9,73108,"nonlinear","heteroscedastic","response","random_effects",74.8325491373929,0.660423887540481,3.25788767469895,0,0,0.18,0.103726329810624,0.151851851851852
9,73108,"nonlinear","heteroscedastic","response","iid_analytic",77.056827013055,0.638574420932719,0.891959667145384,0,0,0.18,0.0665341847694789,0.151851851851852
9,73108,"nonlinear","heteroscedastic","response","covariance_analytic",74.2355987637701,0.119077018816828,0.418776004926092,1,0,0.18,0.0665341847694789,0.151851851851852
9,73108,"nonlinear","heteroscedastic","response","split_half",72.4286374857753,0.190361728209144,3.44728995716468,1,0,0.18,0.265400353024948,0.151851851851852
9,73109,"nonlinear","heteroscedastic","response","legacy",72.8830785499104,0.509627564372204,3.5569889220198,0,0,0.102,0.069520543454367,0.181481481481481
9,73109,"nonlinear","heteroscedastic","response","count",72.6481295036607,0.510833364992891,3.4022356567782,0,0,0.102,0.11103935354447,0.181481481481481
9,73109,"nonlinear","heteroscedastic","response","explicit_precision",72.7746885815195,0.516061084518515,3.40946428132892,0,0,0.102,0.111142315781549,0.181481481481481
9,73109,"nonlinear","heteroscedastic","response","random_effects",72.6481295036607,0.510833364992891,3.4022356567782,0,0,0.102,0.11103935354447,0.181481481481481
9,73109,"nonlinear","heteroscedastic","response","iid_analytic",75.1712615969939,0.561188050341101,1.16956273660617,0,0,0.102,0.069520543454367,0.181481481481481
9,73109,"nonlinear","heteroscedastic","response","covariance_analytic",67.4890244177136,0.15853535377414,0.750321014130732,0,0,0.102,0.069520543454367,0.181481481481481
9,73109,"nonlinear","heteroscedastic","response","split_half",65.4215745489894,0.136648561796716,0.909810416251646,0,0,0.102,0.280077803375511,0.181481481481481
9,73110,"nonlinear","heteroscedastic","response","legacy",81.6807136295142,0.666242641675966,2.51122052797685,0,0,0.295,0.066329185520362,0.147222222222222
9,73110,"nonlinear","heteroscedastic","response","count",82.1335660496566,0.676566251390278,2.40543959838429,0,0,0.295,0.0990422224839127,0.147222222222222
9,73110,"nonlinear","heteroscedastic","response","explicit_precision",82.1001545852073,0.67760881287782,2.39361513735084,0,0,0.295,0.0999828028491204,0.147222222222222
9,73110,"nonlinear","heteroscedastic","response","random_effects",82.1335660496566,0.676566251390278,2.40543959838429,0,0,0.295,0.0990422224839127,0.147222222222222
9,73110,"nonlinear","heteroscedastic","response","iid_analytic",88.5280397637997,0.629269671145937,0.160566665511812,1,0,0.295,0.066329185520362,0.147222222222222
9,73110,"nonlinear","heteroscedastic","response","covariance_analytic",83.9995589481748,0.197367920359693,-0.228369936146327,1,0,0.295,0.066329185520362,0.147222222222222
9,73110,"nonlinear","heteroscedastic","response","split_half",82.824213486213,0.385486902947207,2.27737155184665,1,0,0.295,0.273062635941411,0.147222222222222
9,73111,"nonlinear","heteroscedastic","response","legacy",76.6594903241202,0.582896619731743,2.50763072436989,0,0,0.686,0.0671227370124429,0.150925925925926
9,73111,"nonlinear","heteroscedastic","response","count",76.9645256380363,0.575465761676978,2.43971550468349,0,0,0.686,0.0976737698728797,0.150925925925926
9,73111,"nonlinear","heteroscedastic","response","explicit_precision",76.9753966127852,0.574058378680017,2.44432620777762,0,0,0.686,0.0984487465087733,0.150925925925926
9,73111,"nonlinear","heteroscedastic","response","random_effects",76.9645256380363,0.575465761676978,2.43971550468349,0,0,0.686,0.0976737698728797,0.150925925925926
9,73111,"nonlinear","heteroscedastic","response","iid_analytic",85.1227621222852,0.492961352962366,-0.0733338606165076,1,0,0.686,0.0671227370124429,0.150925925925926
9,73111,"nonlinear","heteroscedastic","response","covariance_analytic",64.899781775699,0.00975464114089667,-0.578020465322938,1,0,0.686,0.0671227370124429,0.150925925925926
9,73111,"nonlinear","heteroscedastic","response","split_half",84.6278516062988,0.316969945996901,0.320632752401673,1,0,0.686,0.262592849622721,0.150925925925926
9,73112,"nonlinear","heteroscedastic","response","legacy",76.0129411860672,0.530048078125869,2.43304300020394,0,0,0.91,0.0672713424919307,0.157407407407407
9,73112,"nonlinear","heteroscedastic","response","count",76.1819126197489,0.568092363888691,2.38513318303701,0,0,0.91,0.0986530349385676,0.157407407407407
9,73112,"nonlinear","heteroscedastic","response","explicit_precision",76.2751287990448,0.570683823678327,2.38585587136898,0,0,0.91,0.0991989972364743,0.157407407407407
9,73112,"nonlinear","heteroscedastic","response","random_effects",76.1819126197489,0.568092363888691,2.38513318303701,0,0,0.91,0.0986530349385676,0.157407407407407
9,73112,"nonlinear","heteroscedastic","response","iid_analytic",84.6796611496821,0.546839439263698,0.00372957717236016,1,0,0.91,0.0672713424919307,0.157407407407407
9,73112,"nonlinear","heteroscedastic","response","covariance_analytic",87.7479401198835,0.256420996904841,-0.449121954797772,1,0,0.91,0.0672713424919307,0.157407407407407
9,73112,"nonlinear","heteroscedastic","response","split_half",68.6706817579507,0.203175037627527,1.69638628639608,1,0,0.91,0.26909624035628,0.157407407407407
9,73113,"nonlinear","heteroscedastic","response","legacy",74.3025536629045,0.472647019711567,2.76145350404864,0,0,0.99,0.0668001687854629,0.147222222222222
9,73113,"nonlinear","heteroscedastic","response","count",74.8989403942299,0.484062277819082,2.6257073027954,0,0,0.99,0.0986642178570005,0.147222222222222
9,73113,"nonlinear","heteroscedastic","response","explicit_precision",74.8262648027796,0.477787778324967,2.61215178540346,0,0,0.99,0.0987251702744731,0.147222222222222
9,73113,"nonlinear","heteroscedastic","response","random_effects",74.8989403942299,0.484062277819082,2.6257073027954,0,0,0.99,0.0986642178570005,0.147222222222222
9,73113,"nonlinear","heteroscedastic","response","iid_analytic",76.4330905702744,0.433846855614256,0.285145493701705,1,0,0.99,0.0668001687854629,0.147222222222222
9,73113,"nonlinear","heteroscedastic","response","covariance_analytic",84.7880020681344,0.108636643150173,-0.152304280463703,1,0,0.99,0.0668001687854629,0.147222222222222
9,73113,"nonlinear","heteroscedastic","response","split_half",72.4976182618454,0.159933048427572,2.68538436922734,1,0,0.99,0.280464672716381,0.147222222222222
9,73114,"nonlinear","heteroscedastic","response","legacy",79.9095155013045,0.580049397490851,3.39607451296518,0,0,0.43,0.0669946543108308,0.155555555555556
9,73114,"nonlinear","heteroscedastic","response","count",79.3664882961667,0.580204477044656,3.18430896060843,0,0,0.43,0.102493682278462,0.155555555555556
9,73114,"nonlinear","heteroscedastic","response","explicit_precision",79.3817537348139,0.579130952351947,3.18660109580235,0,0,0.43,0.10403525211557,0.155555555555556
9,73114,"nonlinear","heteroscedastic","response","random_effects",79.3664882961667,0.580204477044656,3.18430896060843,0,0,0.43,0.102493682278462,0.155555555555556
9,73114,"nonlinear","heteroscedastic","response","iid_analytic",81.7804256981013,0.536012764737989,0.910677916486703,0,0,0.43,0.0669946543108308,0.155555555555556
9,73114,"nonlinear","heteroscedastic","response","covariance_analytic",89.1287741184421,0.30460319388443,0.48130382810505,1,0,0.43,0.0669946543108308,0.155555555555556
9,73114,"nonlinear","heteroscedastic","response","split_half",89.6342661018328,0.296068163433892,2.0907255757457,1,0,0.43,0.285826798383485,0.155555555555556
9,73115,"nonlinear","heteroscedastic","response","legacy",73.244660327341,0.526653591051027,2.69915148564155,0,0,0.835,0.0668377741539506,0.148148148148148
9,73115,"nonlinear","heteroscedastic","response","count",73.5063671823845,0.529527231798929,2.57857590048106,0,0,0.835,0.0992653706036013,0.148148148148148
9,73115,"nonlinear","heteroscedastic","response","explicit_precision",73.5917208899968,0.526312181796764,2.57375435750542,0,0,0.835,0.100241619164165,0.148148148148148
9,73115,"nonlinear","heteroscedastic","response","random_effects",73.5063671823845,0.529527231798929,2.57857590048106,0,0,0.835,0.0992653706036013,0.148148148148148
9,73115,"nonlinear","heteroscedastic","response","iid_analytic",77.1728264331461,0.563540114249644,0.491241849749827,1,0,0.835,0.0668377741539506,0.148148148148148
9,73115,"nonlinear","heteroscedastic","response","covariance_analytic",86.4094735665987,0.239251850166159,0.135012945758468,1,0,0.835,0.0668377741539506,0.148148148148148
9,73115,"nonlinear","heteroscedastic","response","split_half",65.8693933251853,0.169761689826899,1.79605209146353,0,0,0.835,0.267446002420844,0.148148148148148
9,73116,"nonlinear","heteroscedastic","response","legacy",76.9001797188505,0.376436474103302,2.78834964440343,0,0,0.873,0.0675699708787944,0.158333333333333
9,73116,"nonlinear","heteroscedastic","response","count",77.3463349042072,0.423409590943898,2.71495865719443,0,0,0.873,0.101421936695018,0.158333333333333
9,73116,"nonlinear","heteroscedastic","response","explicit_precision",77.1599959090155,0.418357074937535,2.70765514741855,0,0,0.873,0.102079016462718,0.158333333333333
9,73116,"nonlinear","heteroscedastic","response","random_effects",77.3463349042072,0.423409590943898,2.71495865719443,0,0,0.873,0.101421936695018,0.158333333333333
9,73116,"nonlinear","heteroscedastic","response","iid_analytic",58.2538847660214,0.436423613883964,0.168535451652941,1,0,0.873,0.0675699708787944,0.158333333333333
9,73116,"nonlinear","heteroscedastic","response","covariance_analytic",57.4406682758412,0.379122965579464,-0.260373978243261,1,0,0.873,0.0675699708787944,0.158333333333333
9,73116,"nonlinear","heteroscedastic","response","split_half",85.6209167553052,0.216394456395066,0.822522132089701,1,0,0.873,0.28381648696376,0.158333333333333
9,73117,"nonlinear","heteroscedastic","response","legacy",72.861884190452,0.566282204448955,2.89014696319777,0,0,0.07,0.0670114798055974,0.15462962962963
9,73117,"nonlinear","heteroscedastic","response","count",73.3080014671636,0.564679443882798,2.83420554271838,0,0,0.07,0.104863477061332,0.15462962962963
9,73117,"nonlinear","heteroscedastic","response","explicit_precision",73.3545581309598,0.568648265473792,2.84542215063452,0,0,0.07,0.10644889816525,0.15462962962963
9,73117,"nonlinear","heteroscedastic","response","random_effects",73.3080014671636,0.564679443882798,2.83420554271838,0,0,0.07,0.104863477061332,0.15462962962963
9,73117,"nonlinear","heteroscedastic","response","iid_analytic",79.1488036392362,0.602926293821929,0.348789021519504,1,0,0.07,0.0670114798055974,0.15462962962963
9,73117,"nonlinear","heteroscedastic","response","covariance_analytic",35.7484428068255,0.222080750603981,-0.139748201470114,1,0,0.07,0.0670114798055974,0.15462962962963
9,73117,"nonlinear","heteroscedastic","response","split_half",69.4814854417331,0.265951068684321,1.42464912659298,1,0,0.07,0.266436715390505,0.15462962962963
9,73118,"nonlinear","heteroscedastic","response","legacy",74.3444769698749,0.429986075902045,2.78606274610401,0,0,0.42,0.0670035370403017,0.155555555555556
9,73118,"nonlinear","heteroscedastic","response","count",74.2472202528474,0.420409396500199,2.67826658497623,0,0,0.42,0.108613921395039,0.155555555555556
9,73118,"nonlinear","heteroscedastic","response","explicit_precision",74.3342300822787,0.422129902601688,2.68686161315327,0,0,0.42,0.108009643406917,0.155555555555556
9,73118,"nonlinear","heteroscedastic","response","random_effects",74.2472202528474,0.420409396500199,2.67826658497623,0,0,0.42,0.108613921395039,0.155555555555556
9,73118,"nonlinear","heteroscedastic","response","iid_analytic",78.6204934432239,0.370135796805308,0.384649368269406,1,0,0.42,0.0670035370403017,0.155555555555556
9,73118,"nonlinear","heteroscedastic","response","covariance_analytic",46.7411727069017,0.203025807961916,-0.0258953204121161,1,0,0.42,0.0670035370403017,0.155555555555556
9,73118,"nonlinear","heteroscedastic","response","split_half",60.8007886502507,0.0399719822828897,0.800906912061045,1,0,0.42,0.285501526980497,0.155555555555556
9,73119,"nonlinear","heteroscedastic","response","legacy",69.0840014577712,0.364967230649152,2.81365188053304,0,0,0.017,0.067935822347587,0.163888888888889
9,73119,"nonlinear","heteroscedastic","response","count",69.3065418140286,0.367784129931944,2.65693145839201,0,0,0.017,0.101300987493466,0.163888888888889
9,73119,"nonlinear","heteroscedastic","response","explicit_precision",69.2734927872171,0.366237434023074,2.65565693876559,0,0,0.017,0.102068426776636,0.163888888888889
9,73119,"nonlinear","heteroscedastic","response","random_effects",69.3065418140286,0.367784129931944,2.65693145839201,0,0,0.017,0.101300987493466,0.163888888888889
9,73119,"nonlinear","heteroscedastic","response","iid_analytic",64.3255829242735,0.388511079165439,0.17024006918602,1,0,0.017,0.067935822347587,0.163888888888889
9,73119,"nonlinear","heteroscedastic","response","covariance_analytic",67.2280529067156,0.0840279318589092,-0.280590289899401,1,0,0.017,0.067935822347587,0.163888888888889
9,73119,"nonlinear","heteroscedastic","response","split_half",63.7675739435577,0.235749185487046,0.371704830678213,1,0,0.017,0.284358950256918,0.163888888888889
9,73120,"nonlinear","heteroscedastic","response","legacy",75.4973981710674,0.447793746531347,2.7951057423261,0,0,0.752,0.0662327174459527,0.147222222222222
9,73120,"nonlinear","heteroscedastic","response","count",75.0615536945225,0.445805624828649,2.65067469204232,0,0,0.752,0.0997670613976996,0.147222222222222
9,73120,"nonlinear","heteroscedastic","response","explicit_precision",75.1576272122954,0.447346237297228,2.667937139499,0,0,0.752,0.0995553389480397,0.147222222222222
9,73120,"nonlinear","heteroscedastic","response","random_effects",75.0615536945225,0.445805624828649,2.65067469204232,0,0,0.752,0.0997670613976996,0.147222222222222
9,73120,"nonlinear","heteroscedastic","response","iid_analytic",86.1961759022378,0.535891476571682,0.324178677090482,1,0,0.752,0.0662327174459527,0.147222222222222
9,73120,"nonlinear","heteroscedastic","response","covariance_analytic",88.0601800990007,0.277017113764096,-0.105387847592914,1,0,0.752,0.0662327174459527,0.147222222222222
9,73120,"nonlinear","heteroscedastic","response","split_half",72.6193919774291,0.0159817068373639,1.6253332426361,1,0,0.752,0.266551316632896,0.147222222222222
10,73101,"low_rank","ar","mcar","legacy",88.1613238323171,0.226225969886684,0.976486158739105,0,0,0.001,0.0671042669204434,0.161111111111111
10,73101,"low_rank","ar","mcar","count",88.0741916159916,0.225526224156434,0.903634142132958,0,0,0.001,0.100912114954351,0.161111111111111
10,73101,"low_rank","ar","mcar","explicit_precision",88.2378622500353,0.228077452894281,0.89886257193371,0,0,0.001,0.0986662414956721,0.161111111111111
10,73101,"low_rank","ar","mcar","random_effects",88.0741916159916,0.225526224156434,0.903634142132958,0,0,0.001,0.100912114954351,0.161111111111111
10,73101,"low_rank","ar","mcar","iid_analytic",89.6055308204258,0.235007185139261,-0.0794905453243307,1,0,0.001,0.0671042669204434,0.161111111111111
10,73101,"low_rank","ar","mcar","covariance_analytic",49.4630832322517,0.181403315202309,0.0644206364832798,1,0,0.001,0.0671042669204434,0.161111111111111
10,73101,"low_rank","ar","mcar","split_half",83.4843550025863,0.212860613180068,0.670304187627823,1,0,0.001,0.25988906769411,0.161111111111111
10,73102,"low_rank","ar","mcar","legacy",81.0914360492703,0.307812063094848,0.88287146267085,0,0,0.001,0.0646300785271374,0.133333333333333
10,73102,"low_rank","ar","mcar","count",80.7631344898522,0.326328635673264,0.789391745249586,0,0,0.001,0.103674358624516,0.133333333333333
10,73102,"low_rank","ar","mcar","explicit_precision",80.8180781265884,0.314714230938246,0.795012362325014,0,0,0.001,0.101763578052509,0.133333333333333
10,73102,"low_rank","ar","mcar","random_effects",80.7631344898522,0.326328635673264,0.789391745249586,0,0,0.001,0.103674358624516,0.133333333333333
10,73102,"low_rank","ar","mcar","iid_analytic",81.298939132887,0.359100726896098,-0.0172945351261666,1,0,0.001,0.0646300785271374,0.133333333333333
10,73102,"low_rank","ar","mcar","covariance_analytic",26.1911840122972,0.609094784055485,-0.0341692698434994,1,0,0.001,0.0646300785271374,0.133333333333333
10,73102,"low_rank","ar","mcar","split_half",81.5082612418996,0.322275734028872,0.590469967480085,1,0,0.001,0.252868848872885,0.133333333333333
10,73103,"low_rank","ar","mcar","legacy",86.7758511113414,0.187441638405423,0.703767260555849,0,0,0.001,0.0658239663386722,0.147222222222222
10,73103,"low_rank","ar","mcar","count",86.881177250592,0.171832416243663,0.623227926777907,0,0,0.001,0.0984589779839515,0.147222222222222
10,73103,"low_rank","ar","mcar","explicit_precision",86.797555139032,0.168494513316287,0.62303206728229,0,0,0.001,0.0956772459375708,0.147222222222222
10,73103,"low_rank","ar","mcar","random_effects",86.881177250592,0.171832416243663,0.623227926777907,0,0,0.001,0.0984589779839515,0.147222222222222
10,73103,"low_rank","ar","mcar","iid_analytic",86.4597093074559,0.20376077732243,-0.295517514749778,0,0,0.001,0.0658239663386722,0.147222222222222
10,73103,"low_rank","ar","mcar","covariance_analytic",23.0519895477013,0.275137470884895,-0.195645258338014,0,0,0.001,0.0658239663386722,0.147222222222222
10,73103,"low_rank","ar","mcar","split_half",73.3203639217203,0.479158164219081,0.282572234888806,0,0,0.001,0.252208550282917,0.147222222222222
10,73104,"low_rank","ar","mcar","legacy",80.7714254697389,0.468449123975652,0.931240272474885,0,0,0.001,0.0655244020685197,0.144444444444444
10,73104,"low_rank","ar","mcar","count",80.8386825507703,0.472965341619425,0.87522829358389,0,0,0.001,0.0964342194417444,0.144444444444444
10,73104,"low_rank","ar","mcar","explicit_precision",80.8492306003957,0.472485614842607,0.867324224133743,0,0,0.001,0.0967914990414225,0.144444444444444
10,73104,"low_rank","ar","mcar","random_effects",80.8386825507703,0.472965341619425,0.87522829358389,0,0,0.001,0.0964342194417444,0.144444444444444
10,73104,"low_rank","ar","mcar","iid_analytic",80.7150568787741,0.501934138225337,-0.107679546206996,0,0,0.001,0.0655244020685197,0.144444444444444
10,73104,"low_rank","ar","mcar","covariance_analytic",28.6717793563257,0.472315910449245,-0.0951503421105428,0,0,0.001,0.0655244020685197,0.144444444444444
10,73104,"low_rank","ar","mcar","split_half",75.9841148272616,0.45974865918452,0.783123548753924,1,0,0.001,0.246256056617167,0.144444444444444
10,73105,"low_rank","ar","mcar","legacy",81.9835531927246,0.0229907871950926,1.01418243124877,0,0,0.001,0.0647281775958247,0.134259259259259
10,73105,"low_rank","ar","mcar","count",81.6115145377304,0.0500997445331513,0.985120166167718,0,0,0.001,0.0975911857951356,0.134259259259259
10,73105,"low_rank","ar","mcar","explicit_precision",81.6745354167424,0.0650383309700753,1.00074351686589,0,0,0.001,0.0959683246794284,0.134259259259259
10,73105,"low_rank","ar","mcar","random_effects",81.6115145377304,0.0500997445331513,0.985120166167718,0,0,0.001,0.0975911857951356,0.134259259259259
10,73105,"low_rank","ar","mcar","iid_analytic",80.9051124647171,0.046675143244007,0.0789202096069211,1,0,0.001,0.0647281775958247,0.134259259259259
10,73105,"low_rank","ar","mcar","covariance_analytic",23.6513509379361,0.172516898580562,0.0437748676831163,0,0,0.001,0.0647281775958247,0.134259259259259
10,73105,"low_rank","ar","mcar","split_half",73.7800712986894,0.144053939648351,1.60022396325649,1,0,0.001,0.26068855472639,0.134259259259259
10,73106,"low_rank","ar","mcar","legacy",86.5996021716302,0.324005269237053,1.24052024798508,0,0,0.001,0.0656075256442903,0.146296296296296
10,73106,"low_rank","ar","mcar","count",83.2219424952385,0.367666085194322,1.17898783569212,0,0,0.001,0.098215142982288,0.146296296296296
10,73106,"low_rank","ar","mcar","explicit_precision",82.896567058381,0.364188026725048,1.18571569275287,0,0,0.001,0.0954806732826695,0.146296296296296
10,73106,"low_rank","ar","mcar","random_effects",83.2219424952385,0.367666085194322,1.17898783569212,0,0,0.001,0.098215142982288,0.146296296296296
10,73106,"low_rank","ar","mcar","iid_analytic",85.7419855231243,0.373635638872147,0.228644474387011,1,0,0.001,0.0656075256442903,0.146296296296296
10,73106,"low_rank","ar","mcar","covariance_analytic",21.0862094818159,0.209105648756932,0.131181268518049,1,0,0.001,0.0656075256442903,0.146296296296296
10,73106,"low_rank","ar","mcar","split_half",76.9848804788318,0.18920147155077,0.918730416366158,1,0,0.001,0.247916738659453,0.146296296296296
10,73107,"low_rank","ar","mcar","legacy",80.8505236360104,0.0193758529043522,0.774814861452936,0,0,0.001,0.0637979123273241,0.123148148148148
10,73107,"low_rank","ar","mcar","count",80.7690846027406,0.0497303764378797,0.746144997340381,0,0,0.001,0.095668488473253,0.123148148148148
10,73107,"low_rank","ar","mcar","explicit_precision",80.7950937931616,0.0527834328906507,0.743051014157793,0,0,0.001,0.0935678280687498,0.123148148148148
10,73107,"low_rank","ar","mcar","random_effects",80.7690846027406,0.0497303764378797,0.746144997340381,0,0,0.001,0.095668488473253,0.123148148148148
10,73107,"low_rank","ar","mcar","iid_analytic",79.1918621116036,0.00212423414516094,-0.211162201207666,0,0,0.001,0.0637979123273241,0.123148148148148
10,73107,"low_rank","ar","mcar","covariance_analytic",22.6828429576414,0.148232770584217,-0.205118517556192,0,0,0.001,0.0637979123273241,0.123148148148148
10,73107,"low_rank","ar","mcar","split_half",81.3548189764472,0.0523639646303028,0.346681531764499,0,0,0.001,0.252975688929166,0.123148148148148
10,73108,"low_rank","ar","mcar","legacy",78.2747747345948,0.235668610334946,0.851624647117085,0,0,0.001,0.0649784229931289,0.137037037037037
10,73108,"low_rank","ar","mcar","count",78.3879424027743,0.234770287735662,0.77059056491685,0,0,0.001,0.098453557574702,0.137037037037037
10,73108,"low_rank","ar","mcar","explicit_precision",78.2365219042119,0.241601603827477,0.765894006851866,0,0,0.001,0.095719913294943,0.137037037037037
10,73108,"low_rank","ar","mcar","random_effects",78.3879424027743,0.234770287735662,0.77059056491685,0,0,0.001,0.098453557574702,0.137037037037037
10,73108,"low_rank","ar","mcar","iid_analytic",80.5800445334014,0.253409071876689,-0.0799609504695891,1,0,0.001,0.0649784229931289,0.137037037037037
10,73108,"low_rank","ar","mcar","covariance_analytic",19.8354474535817,0.0137245260499611,-0.0334974208446065,0,0,0.001,0.0649784229931289,0.137037037037037
10,73108,"low_rank","ar","mcar","split_half",83.2408517335416,0.192775308609205,1.27738461822264,1,0,0.001,0.256002208565543,0.137037037037037
10,73109,"low_rank","ar","mcar","legacy",85.1790389475928,0.015952848520882,0.765485212359877,0,0,0.001,0.0650471519221519,0.137962962962963
10,73109,"low_rank","ar","mcar","count",85.2480962650138,0.038004438427971,0.702925773441723,0,0,0.001,0.0942305074247481,0.137962962962963
10,73109,"low_rank","ar","mcar","explicit_precision",85.1622669756965,0.0431271781563524,0.711377397023778,0,0,0.001,0.0926465143843768,0.137962962962963
10,73109,"low_rank","ar","mcar","random_effects",85.2480962650138,0.038004438427971,0.702925773441723,0,0,0.001,0.0942305074247481,0.137962962962963
10,73109,"low_rank","ar","mcar","iid_analytic",84.8752300190556,0.0327271932019821,-0.192130192669154,0,0,0.001,0.0650471519221519,0.137962962962963
10,73109,"low_rank","ar","mcar","covariance_analytic",31.743440527751,0.312609653589219,-0.123302456033802,0,0,0.001,0.0650471519221519,0.137962962962963
10,73109,"low_rank","ar","mcar","split_half",86.8779717612902,0.341603398302337,1.15901200144247,0,0,0.001,0.251118603415134,0.137962962962963
10,73110,"low_rank","ar","mcar","legacy",81.8220310334276,0.0347000893045253,1.06131094475916,0,0,0.001,0.0665696231872702,0.15462962962963
10,73110,"low_rank","ar","mcar","count",81.7393261540239,0.0298220181892814,1.01784650119251,0,0,0.001,0.0998752597980946,0.15462962962963
10,73110,"low_rank","ar","mcar","explicit_precision",81.8381517231361,0.043358721035112,1.02734874100583,0,0,0.001,0.0973733033528749,0.15462962962963
10,73110,"low_rank","ar","mcar","random_effects",81.7393261540239,0.0298220181892814,1.01784650119251,0,0,0.001,0.0998752597980946,0.15462962962963
10,73110,"low_rank","ar","mcar","iid_analytic",81.7760969594496,0.0444888849980344,0.00563830267869959,1,0,0.001,0.0665696231872702,0.15462962962963
10,73110,"low_rank","ar","mcar","covariance_analytic",27.4896529321699,0.164047039371603,-0.0810617522258289,0,0,0.001,0.0665696231872702,0.15462962962963
10,73110,"low_rank","ar","mcar","split_half",82.48985641198,0.11154926467857,0.205500258003619,1,0,0.001,0.25187586259319,0.15462962962963
10,73111,"low_rank","ar","mcar","legacy",79.2364320254119,0.126705830128191,0.959463652817358,0,0,0.001,0.066319998084704,0.153703703703704
10,73111,"low_rank","ar","mcar","count",80.2133728893651,0.140006770529508,0.934155830759572,0,0,0.001,0.103944372340192,0.153703703703704
10,73111,"low_rank","ar","mcar","explicit_precision",80.1019164808773,0.138904755107868,0.942409720942603,0,0,0.001,0.101592199349071,0.153703703703704
10,73111,"low_rank","ar","mcar","random_effects",80.2133728893651,0.140006770529508,0.934155830759572,0,0,0.001,0.103944372340192,0.153703703703704
10,73111,"low_rank","ar","mcar","iid_analytic",79.0043918999759,0.126974980886742,0.0148445418982593,1,0,0.001,0.066319998084704,0.153703703703704
10,73111,"low_rank","ar","mcar","covariance_analytic",24.5840964713079,0.390895545563135,-0.0364172767797722,0,0,0.001,0.066319998084704,0.153703703703704
10,73111,"low_rank","ar","mcar","split_half",74.7420260866291,0.246535751797277,1.04005488811053,1,0,0.001,0.275438824520932,0.153703703703704
10,73112,"low_rank","ar","mcar","legacy",87.2829523381612,0.370636438293978,1.08500603907792,0,0,0.001,0.0658024369421428,0.147222222222222
10,73112,"low_rank","ar","mcar","count",86.5595318503348,0.371012797857096,1.03160169493071,0,0,0.001,0.105265698711698,0.147222222222222
10,73112,"low_rank","ar","mcar","explicit_precision",86.2784732478395,0.360113487105286,1.04906487016085,0,0,0.001,0.10411843725343,0.147222222222222
10,73112,"low_rank","ar","mcar","random_effects",86.5595318503348,0.371012797857096,1.03160169493071,0,0,0.001,0.105265698711698,0.147222222222222
10,73112,"low_rank","ar","mcar","iid_analytic",85.9330729637697,0.370705831012918,0.0639917125476745,1,0,0.001,0.0658024369421428,0.147222222222222
10,73112,"low_rank","ar","mcar","covariance_analytic",16.2461181873527,0.223339965322943,0.139581544738469,1,0,0.001,0.0658024369421428,0.147222222222222
10,73112,"low_rank","ar","mcar","split_half",81.8219132788315,0.564521363914236,1.75261560360828,1,0,0.001,0.262498764581555,0.147222222222222
10,73113,"low_rank","ar","mcar","legacy",87.9872479295139,0.390937506900105,1.06579302417034,0,0,0.001,0.0636832339773516,0.121296296296296
10,73113,"low_rank","ar","mcar","count",84.6982064405713,0.359494797458825,1.01999970487816,0,0,0.001,0.0967836374603028,0.121296296296296
10,73113,"low_rank","ar","mcar","explicit_precision",84.350049431469,0.360000965420921,1.0214403059958,0,0,0.001,0.0957109362503928,0.121296296296296
10,73113,"low_rank","ar","mcar","random_effects",84.6982064405713,0.359494797458825,1.01999970487816,0,0,0.001,0.0967836374603028,0.121296296296296
10,73113,"low_rank","ar","mcar","iid_analytic",83.1490489735525,0.404403231447405,0.112578988448683,1,0,0.001,0.0636832339773516,0.121296296296296
10,73113,"low_rank","ar","mcar","covariance_analytic",22.5623655692068,0.43146708001734,0.132114109822716,1,0,0.001,0.0636832339773516,0.121296296296296
10,73113,"low_rank","ar","mcar","split_half",89.1406798490532,0.032047089529034,0.56771407944732,1,0,0.001,0.243689530073569,0.121296296296296
10,73114,"low_rank","ar","mcar","legacy",89.4386642495806,0.0505120679239246,0.855668697638407,0,0,0.001,0.0645330119227178,0.12962962962963
10,73114,"low_rank","ar","mcar","count",89.7470102459614,0.0503859160958043,0.773666082365002,0,0,0.001,0.0990126768945787,0.12962962962963
10,73114,"low_rank","ar","mcar","explicit_precision",89.6923937555103,0.0469630590239806,0.779085194354875,0,0,0.001,0.0968778401377668,0.12962962962963
10,73114,"low_rank","ar","mcar","random_effects",89.7470102459614,0.0503859160958043,0.773666082365002,0,0,0.001,0.0990126768945787,0.12962962962963
10,73114,"low_rank","ar","mcar","iid_analytic",86.8082753533936,0.0696726395394082,-0.136962357973479,0,0,0.001,0.0645330119227178,0.12962962962963
10,73114,"low_rank","ar","mcar","covariance_analytic",26.3124748230511,0.0626915217709974,-0.0632673342518435,0,0,0.001,0.0645330119227178,0.12962962962963
10,73114,"low_rank","ar","mcar","split_half",86.0857468970656,0.388935720048007,0.61896424426443,0,0,0.001,0.234664281266572,0.12962962962963
10,73115,"low_rank","ar","mcar","legacy",86.7858396075198,0.515838039310849,0.793723517889197,0,0,0.001,0.0654216072598426,0.142592592592593
10,73115,"low_rank","ar","mcar","count",87.5634938431298,0.545194172937572,0.782301624544524,0,0,0.001,0.102129042721362,0.142592592592593
10,73115,"low_rank","ar","mcar","explicit_precision",87.8408919796465,0.538973365262193,0.791422158065864,0,0,0.001,0.0992989356817744,0.142592592592593
10,73115,"low_rank","ar","mcar","random_effects",87.5634938431298,0.545194172937572,0.782301624544524,0,0,0.001,0.102129042721362,0.142592592592593
10,73115,"low_rank","ar","mcar","iid_analytic",89.9834477810696,0.55252782756211,-0.169894571405733,0,0,0.001,0.0654216072598426,0.142592592592593
10,73115,"low_rank","ar","mcar","covariance_analytic",16.7897922373052,0.318454054151016,-0.147129383315812,0,0,0.001,0.0654216072598426,0.142592592592593
10,73115,"low_rank","ar","mcar","split_half",72.1998344322855,0.540280871406252,1.5361293451115,1,0,0.001,0.25454438770395,0.142592592592593
10,73116,"low_rank","ar","mcar","legacy",82.7726438272868,0.00700799830370649,0.949319627781174,0,0,0.001,0.0647285244711715,0.134259259259259
10,73116,"low_rank","ar","mcar","count",82.094572040124,0.0122585696323618,0.947262818297223,0,0,0.001,0.0989972664542134,0.134259259259259
10,73116,"low_rank","ar","mcar","explicit_precision",82.1208928711818,0.0115740333774121,0.944002935878533,0,0,0.001,0.0953678587010776,0.134259259259259
10,73116,"low_rank","ar","mcar","random_effects",82.094572040124,0.0122585696323618,0.947262818297223,0,0,0.001,0.0989972664542134,0.134259259259259
10,73116,"low_rank","ar","mcar","iid_analytic",82.0168341804668,0.0130150721427608,-0.0384167968951706,1,0,0.001,0.0647285244711715,0.134259259259259
10,73116,"low_rank","ar","mcar","covariance_analytic",25.6270495862553,0.0218244773554242,-0.0401065203126733,0,0,0.001,0.0647285244711715,0.134259259259259
10,73116,"low_rank","ar","mcar","split_half",87.0842496968267,0.161904073356981,0.0970510414097158,1,0,0.001,0.241240366848148,0.134259259259259
10,73117,"low_rank","ar","mcar","legacy",85.0238495294766,0.185097471732909,0.993569314869651,0,0,0.001,0.0649423765232589,0.138888888888889
10,73117,"low_rank","ar","mcar","count",85.3819431065222,0.177014849553034,0.943578656422617,0,0,0.001,0.098086904292624,0.138888888888889
10,73117,"low_rank","ar","mcar","explicit_precision",85.8162657211712,0.184929731420068,0.936911391834281,0,0,0.001,0.0951811198311549,0.138888888888889
10,73117,"low_rank","ar","mcar","random_effects",85.3819431065222,0.177014849553034,0.943578656422617,0,0,0.001,0.098086904292624,0.138888888888889
10,73117,"low_rank","ar","mcar","iid_analytic",81.262633641179,0.156805627167607,-0.000270914339674877,1,0,0.001,0.0649423765232589,0.138888888888889
10,73117,"low_rank","ar","mcar","covariance_analytic",22.158522220011,0.0286976122690491,-0.0562840714704858,0,0,0.001,0.0649423765232589,0.138888888888889
10,73117,"low_rank","ar","mcar","split_half",87.5960744971121,0.167610647504151,0.819458140375707,1,0,0.001,0.269847348851993,0.138888888888889
10,73118,"low_rank","ar","mcar","legacy",79.4147467837644,0.265040805482666,0.830899298956566,0,0,0.001,0.0648507266154325,0.136111111111111
10,73118,"low_rank","ar","mcar","count",79.8672822065067,0.225228827337375,0.79029520541713,0,0,0.001,0.101213380070507,0.136111111111111
10,73118,"low_rank","ar","mcar","explicit_precision",79.8569699937596,0.212537903608021,0.794794431929889,0,0,0.001,0.0988651599979333,0.136111111111111
10,73118,"low_rank","ar","mcar","random_effects",79.8672822065067,0.225228827337375,0.79029520541713,0,0,0.001,0.101213380070507,0.136111111111111
10,73118,"low_rank","ar","mcar","iid_analytic",80.5213791278813,0.262809231070556,-0.11671465464251,1,0,0.001,0.0648507266154325,0.136111111111111
10,73118,"low_rank","ar","mcar","covariance_analytic",24.3560890001447,0.145964238044779,0.123117204791277,1,0,0.001,0.0648507266154325,0.136111111111111
10,73118,"low_rank","ar","mcar","split_half",82.0315544542411,0.214521351754525,0.730546642974096,1,0,0.001,0.246809352155973,0.136111111111111
10,73119,"low_rank","ar","mcar","legacy",86.011047453744,0.545321488976513,1.25959017044166,0,0,0.001,0.0662544889750772,0.149074074074074
10,73119,"low_rank","ar","mcar","count",85.7914271102995,0.572719770402925,1.20381198022602,0,0,0.001,0.100171382798024,0.149074074074074
10,73119,"low_rank","ar","mcar","explicit_precision",85.5118129618697,0.579268076197486,1.21709024549369,0,0,0.001,0.0969757954936534,0.149074074074074
10,73119,"low_rank","ar","mcar","random_effects",85.7914271102995,0.572719770402925,1.20381198022602,0,0,0.001,0.100171382798024,0.149074074074074
10,73119,"low_rank","ar","mcar","iid_analytic",86.8991292520088,0.583920915142837,0.367146920105376,1,0,0.001,0.0662544889750772,0.149074074074074
10,73119,"low_rank","ar","mcar","covariance_analytic",21.5728263487659,0.0661706864816786,0.278388148125191,1,0,0.001,0.0662544889750772,0.149074074074074
10,73119,"low_rank","ar","mcar","split_half",89.0642690962463,0.564165839251993,1.91706778450255,1,0,0.001,0.26406207414868,0.149074074074074
10,73120,"low_rank","ar","mcar","legacy",88.4151548892796,0.342001151884782,0.9243550351508,0,0,0.001,0.0635036450477627,0.119444444444444
10,73120,"low_rank","ar","mcar","count",87.9303673505492,0.321609719680158,0.894762201714273,0,0,0.001,0.101785250183,0.119444444444444
10,73120,"low_rank","ar","mcar","explicit_precision",87.6541307965258,0.321918700659129,0.893555302147638,0,0,0.001,0.0998983393806857,0.119444444444444
10,73120,"low_rank","ar","mcar","random_effects",87.9303673505492,0.321609719680158,0.894762201714273,0,0,0.001,0.101785250183,0.119444444444444
10,73120,"low_rank","ar","mcar","iid_analytic",89.2096332608371,0.349264004094385,-0.0627232276946447,1,0,0.001,0.0635036450477627,0.119444444444444
10,73120,"low_rank","ar","mcar","covariance_analytic",19.4974747774707,0.264735537610443,0.0142902206545622,1,0,0.001,0.0635036450477627,0.119444444444444
10,73120,"low_rank","ar","mcar","split_half",80.8430123064255,0.0874359240412863,1.24801404413004,1,0,0.001,0.277143589659827,0.119444444444444
